system:index,NBR_amp,NBR_mean,NBR_pha,NDMI_amp,NDMI_mean,NDMI_pha,NDVI_amp,NDVI_mean,NDVI_pha,cls,elev,ptid,slope,.geo
0_0,0.10917764706717487,0.40809333,-2.9298205251609004,0.08769504132045332,0.17022535,-2.8784722175838637,0.09932539667280718,0.5807965,-2.975460108599694,1,75,0,3.157255,"{""type"":""MultiPoint"",""coordinates"":[]}"
1_0,0.06541412251802715,0.5137283,-3.0394859615751995,0.0511787454225052,0.2692229,3.071869188377406,0.0834828439629764,0.6610622,-3.1273998188368517,1,260,1,14.787485,"{""type"":""MultiPoint"",""coordinates"":[]}"
2_0,0.2086084846175,0.45707417,-2.6532940610451474,0.17521896795835015,0.16983204,-2.5721358884689494,0.16454972677448712,0.66662884,-2.7756912514621184,1,108,2,12.947868,"{""type"":""MultiPoint"",""coordinates"":[]}"
3_0,0.09828202332284669,0.66730535,2.9895735628121045,0.09792586567595343,0.37355244,2.881493323382474,0.07449577027696942,0.83499926,2.986097916541763,1,260,3,36.841244,"{""type"":""MultiPoint"",""coordinates"":[]}"
4_0,0.10361200748021811,0.50455743,-2.662027817035685,0.08865735282574887,0.24139494,-2.584732426681955,0.08342274229820726,0.5951988,-3.0378552714589446,1,39,4,6.5414863,"{""type"":""MultiPoint"",""coordinates"":[]}"
5_0,0.08603998649748948,0.5833855,-2.413275925831484,0.07210836796058659,0.28688517,-2.3843289936131544,0.07848562450834698,0.77798617,-2.5555583103466435,1,50,5,2.9568305,"{""type"":""MultiPoint"",""coordinates"":[]}"
6_0,0.0764416553663764,0.5745892,-3.0693361285336125,0.07075191342736499,0.29378173,-3.005860847165238,0.05581518409532143,0.7489119,-3.0419241057758435,1,331,6,29.211557,"{""type"":""MultiPoint"",""coordinates"":[]}"
7_0,0.11938192668297759,0.5714603,-2.7210414504489573,0.09365472974339231,0.27023542,-2.683490903698637,0.08751903364334616,0.8053456,-2.850870536493185,1,1028,7,45.98275,"{""type"":""MultiPoint"",""coordinates"":[]}"
8_0,0.1531304098211518,0.5801607,-2.7539721284470406,0.13439879841551328,0.2813642,-2.739515403803155,0.08379875170637402,0.8124108,-2.7118256271239143,1,798,8,18.983307,"{""type"":""MultiPoint"",""coordinates"":[]}"
9_0,0.08487012822748982,0.47486413,-2.805349723836358,0.06749662401283256,0.22508316,-2.8800975412652043,0.07827703147056624,0.6664345,-2.8618855710581403,1,164,9,11.38091,"{""type"":""MultiPoint"",""coordinates"":[]}"
10_0,0.07874327232553988,0.719676,2.577219013765263,0.0998187523449162,0.44262156,2.407106449176657,0.05335899842237596,0.87361044,2.4238875008234944,1,441,10,19.749758,"{""type"":""MultiPoint"",""coordinates"":[]}"
11_0,0.025726100111098563,0.67820656,-3.015056976335374,0.027827440839721555,0.38982698,3.127912012523145,0.02094769957311483,0.85129344,-2.8986206376351182,1,591,11,21.251123,"{""type"":""MultiPoint"",""coordinates"":[]}"
12_0,0.0715139131078782,0.6434221,-2.6870341686831125,0.06325823305756324,0.3418642,-2.767652088631042,0.06620395256868543,0.7997573,-2.496062509589062,1,161,12,12.340437,"{""type"":""MultiPoint"",""coordinates"":[]}"
13_0,0.07815255018915837,0.39547622,-2.9386064064087223,0.05643961939748255,0.1671484,-3.0111020051691497,0.09226559547645971,0.52479655,-2.9574715288615483,1,28,13,11.82959,"{""type"":""MultiPoint"",""coordinates"":[]}"
14_0,0.06181897186953802,0.6722036,-2.98390136697085,0.05687620341346215,0.37311786,-2.9573476635527367,0.036458677038265525,0.858061,3.1252930436436874,1,644,14,26.61895,"{""type"":""MultiPoint"",""coordinates"":[]}"
15_0,0.029164962149531726,0.12985021,-2.573930777791198,0.014589638736238142,0.02925756,-2.8868350353360226,0.03204140852261426,0.23117018,-2.6537375567743364,1,38,15,1.0056227,"{""type"":""MultiPoint"",""coordinates"":[]}"
16_0,0.1624971441061056,0.5578862,-2.7368862835990346,0.13891082333645807,0.27433166,-2.6252475935610278,0.13990349315089862,0.751464,-2.783899046701248,1,86,16,20.869555,"{""type"":""MultiPoint"",""coordinates"":[]}"
17_0,0.21299397491802388,0.5158966,-2.8153038900073377,0.1818339296293887,0.2199888,-2.776821195511945,0.16797757028469726,0.7208322,-2.9421460232056384,1,111,17,2.7348604,"{""type"":""MultiPoint"",""coordinates"":[]}"
18_0,0.0721819379780836,0.49109778,-2.6334088763584518,0.06206244352166854,0.23051761,-2.6379820309147948,0.041307626977416474,0.7021228,-2.8230572305252837,1,1065,18,16.424856,"{""type"":""MultiPoint"",""coordinates"":[]}"
19_0,0.15265833048335975,0.49721223,-2.722972189963606,0.1340320592479475,0.21430318,-2.654038103669182,0.1097243013806795,0.70753103,-2.877082935411942,1,102,19,10.79629,"{""type"":""MultiPoint"",""coordinates"":[]}"
20_0,0.1084300111604427,0.23499846,-2.5226301219165994,0.0833061702040441,0.07441921,-2.5568856831181153,0.1056719450415285,0.41000938,-2.6203095918265227,1,78,20,5.517343,"{""type"":""MultiPoint"",""coordinates"":[]}"
21_0,0.13390701498644456,0.5244705,-2.680016649191387,0.11311593183082588,0.23078254,-2.561741765700531,0.12113401066021487,0.72811294,-2.750233189956677,1,94,21,19.840738,"{""type"":""MultiPoint"",""coordinates"":[]}"
22_0,0.0747979655244121,0.19624569,-2.607356140851024,0.05811910851934524,0.047556967,-2.3935708379657816,0.06713980156575525,0.4330111,-2.6124191727916695,1,77,22,3.7047918,"{""type"":""MultiPoint"",""coordinates"":[]}"
23_0,0.016403130711160268,0.28889614,-2.801218436196212,0.006269934317084118,0.13065483,-1.8129025975199302,0.018974598019847137,0.29412454,-2.15766956504603,1,19,23,3.0147915,"{""type"":""MultiPoint"",""coordinates"":[]}"
24_0,0.10031894264173116,0.52248794,-2.791194082954089,0.08337880013275191,0.27685675,-2.8256683780393295,0.08062719049004363,0.68459016,-3.0538571437829765,1,389,24,7.5772095,"{""type"":""MultiPoint"",""coordinates"":[]}"
25_0,0.06721963460204483,0.24294345,-2.0734123258450508,0.043746340254627335,0.07514016,-1.9258671462875652,0.04922498086390758,0.41854963,-2.2795811410436544,1,77,25,1.3688846,"{""type"":""MultiPoint"",""coordinates"":[]}"
26_0,0.13440227751572414,0.5814309,-2.846783981593125,0.12314629655571135,0.2912161,-2.8038601998200554,0.10348454606684102,0.7685181,-2.9543475858648076,1,146,26,15.336591,"{""type"":""MultiPoint"",""coordinates"":[]}"
27_0,0.11919054002071269,0.5435698,-2.461949850692061,0.10597084833781288,0.25726464,-2.347757950504292,0.10836563691687172,0.7197724,-2.642517755589266,1,54,27,7.0534635,"{""type"":""MultiPoint"",""coordinates"":[]}"
28_0,0.08333683961716205,0.61104983,-2.6396098617323926,0.07537404255028268,0.31682578,-2.4948530722396534,0.056966422271747516,0.81804806,-2.82023972933157,1,1188,28,39.545265,"{""type"":""MultiPoint"",""coordinates"":[]}"
29_0,0.07038203092045073,0.2694434,-2.6609503942878856,0.0509309098982548,0.095494665,-2.6579014199931357,0.053397375822601914,0.48122916,-2.74509013196864,1,319,29,5.11007,"{""type"":""MultiPoint"",""coordinates"":[]}"
30_0,0.06702561538705308,0.69291157,-2.8229174412362763,0.05164993846548945,0.41921273,3.0865839851376977,0.08229395958772931,0.8280638,-2.5715623251935016,1,1842,30,45.308453,"{""type"":""MultiPoint"",""coordinates"":[]}"
31_0,0.0916657740592711,0.5964938,-3.0963169745307666,0.08181817717351765,0.30631444,3.1306875544679116,0.08379274396887176,0.75252396,-3.0312117822138926,1,41,31,1.006301,"{""type"":""MultiPoint"",""coordinates"":[]}"
32_0,0.13596777381356073,0.59653336,-2.7891081082479356,0.11769223455731541,0.28966802,-2.7776303287455084,0.10015405088263564,0.80151844,-2.7513044531551616,1,335,32,18.757355,"{""type"":""MultiPoint"",""coordinates"":[]}"
33_0,0.0697654322412279,0.31741285,-2.950855124412288,0.056269199532867464,0.14575356,-3.0216440422475395,0.046836899789798374,0.5038036,-2.892288505910852,1,323,33,2.1101215,"{""type"":""MultiPoint"",""coordinates"":[]}"
34_0,0.12251428637385918,0.54501784,-2.722226270226825,0.1057388244024354,0.2587379,-2.722298005773078,0.0880558980322431,0.7571511,-2.7295040449049965,1,917,34,34.924534,"{""type"":""MultiPoint"",""coordinates"":[]}"
35_0,0.09303575957444006,0.56627864,-2.8408238758261426,0.07891994401314653,0.29248512,-2.850052113804911,0.0757746049605759,0.75501364,-2.970382974310574,1,124,35,7.6009045,"{""type"":""MultiPoint"",""coordinates"":[]}"
36_0,0.13559542883484543,0.48103812,-2.688388343771708,0.10684187990838745,0.22653751,-2.6467299361411962,0.12459380210401107,0.6287047,-2.793799546530461,1,44,36,3.537858,"{""type"":""MultiPoint"",""coordinates"":[]}"
37_0,0.14241659907230333,0.53269035,-2.657247254059807,0.12270482182082243,0.24600734,-2.612677018780486,0.10567835661704032,0.73021626,-2.753650513950347,1,116,37,8.167522,"{""type"":""MultiPoint"",""coordinates"":[]}"
38_0,0.09746348917642163,0.3791428,-2.597286899044895,0.08037930163220555,0.16474536,-2.6972209823436706,0.10523182466331618,0.53279364,-2.567642097156112,1,75,38,19.690609,"{""type"":""MultiPoint"",""coordinates"":[]}"
39_0,0.13895060580518115,0.59599197,-2.7551033010772485,0.11862998433426396,0.28535265,-2.721978018139356,0.09993554008561477,0.8158077,-2.808466557576827,1,570,39,20.646053,"{""type"":""MultiPoint"",""coordinates"":[]}"
40_0,0.08598104275762182,0.4356177,-3.0068003061310247,0.07182647016106022,0.21153277,-3.0258437511254024,0.08840341165491711,0.59974176,-3.0522507251069984,1,57,40,4.4236927,"{""type"":""MultiPoint"",""coordinates"":[]}"
41_0,0.13328788818057843,0.55761486,-2.4164964416765766,0.11808675538546812,0.26048154,-2.3545423848733655,0.10991236882735624,0.771374,-2.5282777222382764,1,845,41,38.386726,"{""type"":""MultiPoint"",""coordinates"":[]}"
42_0,0.18924850226246293,0.5437475,-2.8936838769086917,0.17534201749088182,0.2639995,-2.813963122841799,0.09278502296893636,0.7756926,-2.8605178415658385,1,530,42,22.199705,"{""type"":""MultiPoint"",""coordinates"":[]}"
43_0,0.1078475752341214,0.59807074,-3.097621311623686,0.08926695486464434,0.30194262,-3.1090401761673525,0.09476867261237527,0.7849262,3.1072781607661395,1,332,43,8.163085,"{""type"":""MultiPoint"",""coordinates"":[]}"
44_0,0.09973331259643545,0.50316256,-2.6515292737639493,0.0853530979147676,0.22757046,-2.581216940988833,0.08807172569116153,0.6532195,-2.924590151372662,1,208,44,4.214716,"{""type"":""MultiPoint"",""coordinates"":[]}"
45_0,0.15933065756873188,0.53482676,-2.8534587217053082,0.1344940564840841,0.24327098,-2.7402266835120144,0.13332209635088121,0.74731404,-2.9758336271702555,1,95,45,10.135768,"{""type"":""MultiPoint"",""coordinates"":[]}"
46_0,0.09301611424989381,0.31554788,-2.6702566403362717,0.06767219792975548,0.11585248,-2.6085730344563043,0.07780272266919928,0.47405916,-2.98827593750649,1,89,46,5.897284,"{""type"":""MultiPoint"",""coordinates"":[]}"
47_0,0.07457402720863648,0.6360522,-2.923188270193978,0.06491229017061631,0.33847314,-2.9400568566596847,0.07318550604780902,0.80151093,-3.0045032222498875,1,116,47,14.744606,"{""type"":""MultiPoint"",""coordinates"":[]}"
48_0,0.176280423634783,0.5447015,-2.861262297693875,0.15862298899557944,0.2509973,-2.8026433564087436,0.13499700321866873,0.7321527,-3.000011267235484,1,80,48,15.445535,"{""type"":""MultiPoint"",""coordinates"":[]}"
49_0,0.05416283385655368,0.30795828,-2.74295720876177,0.031028014878688254,0.12717463,-2.7522230836092736,0.06404761997108846,0.50452656,-2.8010357222994986,1,328,49,2.7802885,"{""type"":""MultiPoint"",""coordinates"":[]}"
50_0,0.09451660171833999,0.46090657,-2.8111181248500836,0.07405631402652524,0.20574616,-2.8758339945266957,0.07632774463941848,0.6725296,-2.949632328526945,1,112,50,8.463142,"{""type"":""MultiPoint"",""coordinates"":[]}"
51_0,0.09462027123980997,0.43712872,-2.9563329056906875,0.07427370000816673,0.20776615,-2.9229084965266936,0.09023535911767078,0.62413603,-2.9376403158917217,1,269,51,16.327707,"{""type"":""MultiPoint"",""coordinates"":[]}"
52_0,0.11041866047606831,0.5801368,-2.986913711472996,0.09549098188550315,0.28784546,-2.995152450811526,0.09531768657305127,0.7909551,-2.9860892468728735,1,287,52,30.095423,"{""type"":""MultiPoint"",""coordinates"":[]}"
53_0,0.07213122231797622,0.662606,3.0020579226226807,0.06337057975772187,0.37939534,2.8966300363707695,0.03767802078816395,0.8353234,3.1396040907546525,1,476,53,23.437845,"{""type"":""MultiPoint"",""coordinates"":[]}"
54_0,0.0897666343068079,0.5789796,-2.5187085143650663,0.06466869421530531,0.28584936,-2.552420346131675,0.08896583005546689,0.7407943,-2.2262834765255337,1,72,54,20.235958,"{""type"":""MultiPoint"",""coordinates"":[]}"
55_0,0.05524821747720733,0.6548684,-2.9795133243738587,0.05698803616796381,0.35572413,-3.080427351154664,0.03438441799618686,0.8004115,3.0793266568988735,1,218,55,30.906776,"{""type"":""MultiPoint"",""coordinates"":[]}"
56_0,0.12827342099193575,0.4293604,-2.5786771011431897,0.10796487950769086,0.17633782,-2.441728742653722,0.11706075118615347,0.62579554,-2.694948178578285,1,128,56,12.910494,"{""type"":""MultiPoint"",""coordinates"":[]}"
57_0,0.1438294220773086,0.56682134,-2.823127235615996,0.12170366183949508,0.2765571,-2.7609109619549823,0.12543477363641242,0.75570107,-2.9051498764631334,1,197,57,23.951721,"{""type"":""MultiPoint"",""coordinates"":[]}"
58_0,0.14476262560227993,0.33668947,-2.417079322926612,0.109769457203917,0.12620945,-2.4985412607335418,0.12433515242553754,0.53722227,-2.482133417149757,1,168,58,32.668106,"{""type"":""MultiPoint"",""coordinates"":[]}"
59_0,0.0421310242439478,0.6985666,2.5167358066543097,0.06304747240829751,0.41688338,2.1856906186736764,0.02452269500001998,0.82797486,1.3908148997620393,1,214,59,23.91641,"{""type"":""MultiPoint"",""coordinates"":[]}"
60_0,0.06869355671580596,0.54942274,2.79068940962004,0.08842278341457425,0.3249207,2.3305623858912115,0.05618355370152239,0.7325287,2.827618945457585,1,1243,60,25.654516,"{""type"":""MultiPoint"",""coordinates"":[]}"
61_0,0.029458592474309597,0.10428206,-2.64906386522641,0.010183347910133127,0.007202574,-2.772379807527054,0.03636813293447135,0.20005237,3.0304467785189306,1,3,61,0.92740995,"{""type"":""MultiPoint"",""coordinates"":[]}"
62_0,0.21088938343631458,0.39722148,-2.6285275311404823,0.17064689818309053,0.12756343,-2.6251707260588084,0.16865482196473533,0.6130705,-2.6893997156072373,1,100,62,16.8354,"{""type"":""MultiPoint"",""coordinates"":[]}"
63_0,0.10443988918344375,0.41881904,-3.0277335163227783,0.0778580459556473,0.18176901,-3.1336412031460648,0.09952019426403397,0.58935183,-3.0275797847328034,1,66,63,0.92740995,"{""type"":""MultiPoint"",""coordinates"":[]}"
64_0,0.09884404984201203,0.6401402,-3.0203748069198144,0.09489414574434937,0.34350002,-3.0644452453871645,0.0694673243252114,0.82820547,3.1187594034927653,1,586,64,24.643185,"{""type"":""MultiPoint"",""coordinates"":[]}"
65_0,0.07216004751105405,0.30317384,-2.6347170716917616,0.05724131445369114,0.12504761,-2.538813884036979,0.05390994174176745,0.415427,-2.272050006797432,1,568,65,11.172455,"{""type"":""MultiPoint"",""coordinates"":[]}"
66_0,0.03327512328042802,0.70696247,1.8124896474625734,0.04710170037516254,0.44085523,1.8587286454683793,0.038206392955790654,0.8305759,1.327223136500803,1,211,66,31.779028,"{""type"":""MultiPoint"",""coordinates"":[]}"
67_0,0.1142685550781275,0.40315732,-2.91573625066954,0.09010794369544446,0.1791683,-2.9741897472078804,0.1153816960561658,0.52743644,-2.9573003248373033,1,34,67,8.791728,"{""type"":""MultiPoint"",""coordinates"":[]}"
68_0,0.1683996112630946,0.3737926,-2.472354688080859,0.12646236315541518,0.14824322,-2.4293796778592642,0.161027755980502,0.5314812,-2.5792550737453306,1,52,68,13.953636,"{""type"":""MultiPoint"",""coordinates"":[]}"
69_0,0.12648923952702879,0.31719542,-2.568149704143422,0.09817157718539184,0.1106712,-2.569467824863618,0.11560199854255887,0.5712251,-2.66339124283249,1,202,69,17.649961,"{""type"":""MultiPoint"",""coordinates"":[]}"
70_0,0.0455555321360019,0.37160993,2.8908502596942336,0.03760544123982959,0.19854727,2.585914714047457,0.03607262376416391,0.503293,2.853602189907939,1,20,70,4.1131682,"{""type"":""MultiPoint"",""coordinates"":[]}"
71_0,0.09654164583097219,0.67096126,3.1149789213081838,0.1007651060841415,0.38705418,3.1103266199868993,0.04619878594023223,0.8484131,2.829979761596472,1,303,71,24.1952,"{""type"":""MultiPoint"",""coordinates"":[]}"
72_0,0.06816338080688486,0.631798,3.113016017698158,0.07240377817793782,0.33054975,2.777671297966582,0.04336977136915411,0.84514695,-3.0290153081833235,1,985,72,10.2872,"{""type"":""MultiPoint"",""coordinates"":[]}"
73_0,0.17622518685410477,0.44414824,-2.8223128770731707,0.14729997688716562,0.19170882,-2.8518106584160074,0.1699353736580094,0.6322289,-2.878086993287019,1,73,73,9.694885,"{""type"":""MultiPoint"",""coordinates"":[]}"
74_0,0.06659643812372523,0.6532634,-2.9175022681692973,0.06515412782308823,0.35557663,-2.938919699893812,0.06474288025565167,0.8068658,-2.9308142015306444,1,128,74,18.136007,"{""type"":""MultiPoint"",""coordinates"":[]}"
75_0,0.06925829886080861,0.6515933,-3.1082726843396595,0.06479490950504485,0.35055545,3.0198880491032085,0.0715213632009009,0.8052293,-3.0290460683621814,1,94,75,6.1253643,"{""type"":""MultiPoint"",""coordinates"":[]}"
76_0,0.13183994128328702,0.44796824,-2.641750544146846,0.10604468846917205,0.19205457,-2.63233656177934,0.10808970793012802,0.6600024,-2.830910666793266,1,138,76,9.7114315,"{""type"":""MultiPoint"",""coordinates"":[]}"
77_0,0.13055899256577613,0.5582824,-2.799521356179272,0.11966740005780732,0.27369207,-2.787782472664501,0.10670441769633415,0.7472796,-2.8962680557827065,1,152,77,24.880886,"{""type"":""MultiPoint"",""coordinates"":[]}"
78_0,0.1550057449035505,0.46370348,-2.584029782336921,0.12363921610069781,0.19796313,-2.5161555244937617,0.15420380459923472,0.6489259,-2.716845169484886,1,171,78,24.273468,"{""type"":""MultiPoint"",""coordinates"":[]}"
79_0,0.164593180403709,0.49747527,-2.7385464479443486,0.13483322551104165,0.20874299,-2.6827810926865494,0.13468510339813936,0.68904704,-2.8219850289834625,1,201,79,24.935148,"{""type"":""MultiPoint"",""coordinates"":[]}"
80_0,0.11139949595160034,0.35298166,-3.025012508323995,0.08463159046117867,0.14039521,-3.076471374579601,0.1009653479637113,0.52027583,-3.0839919530848525,1,58,80,3.8382921,"{""type"":""MultiPoint"",""coordinates"":[]}"
81_0,0.09859414026267563,0.49094433,-2.6050230078725227,0.07929276515327802,0.23093289,-2.542377299873021,0.101025439486611,0.69968045,-2.7885051406779984,1,60,81,2.2177942,"{""type"":""MultiPoint"",""coordinates"":[]}"
82_0,0.12354442829960408,0.33687326,-2.2065688424718557,0.08547461981995019,0.100463875,-2.0974183549765426,0.0954176573814571,0.5615333,-2.3491183402680544,1,148,82,4.428047,"{""type"":""MultiPoint"",""coordinates"":[]}"
83_0,0.18152353227128243,0.5520739,-2.9017912817970655,0.15668336135402622,0.2553685,-2.8033084188769495,0.13836214954725476,0.7772217,-2.984806603225687,1,205,83,16.272879,"{""type"":""MultiPoint"",""coordinates"":[]}"
84_0,0.1779475620671262,0.52935636,-2.7007821171750277,0.1583947122005649,0.23235914,-2.6211375847043175,0.15089174545782133,0.711937,-2.871120584798723,1,67,84,11.443861,"{""type"":""MultiPoint"",""coordinates"":[]}"
85_0,0.09794170498292913,0.31642592,-3.0784950754878415,0.06514846929234992,0.12390891,-2.9393594073522924,0.06813255951617156,0.55709964,2.8375807602816474,1,445,85,4.0999627,"{""type"":""MultiPoint"",""coordinates"":[]}"
86_0,0.1495666102652372,0.5816883,-2.9231288748787696,0.13170131387171752,0.2888052,-2.931366445748823,0.09163528717403145,0.802447,-2.9524020005766474,1,846,86,28.714415,"{""type"":""MultiPoint"",""coordinates"":[]}"
87_0,0.08149913459543703,0.53937584,-2.64825817307293,0.06389377617695083,0.2681553,-2.5828464269724685,0.08013285996657644,0.7228096,-2.766677196028014,1,339,87,4.887454,"{""type"":""MultiPoint"",""coordinates"":[]}"
88_0,0.08813216236888131,0.60082126,2.955449865982306,0.09243627237030103,0.33495697,2.9088856227435476,0.0785257090340944,0.718168,2.926858241045422,1,11,88,4.1033545,"{""type"":""MultiPoint"",""coordinates"":[]}"
89_0,0.14658268709182332,0.44947758,-2.704902611534191,0.12560537574812547,0.1889715,-2.6629924067275494,0.12582826952173476,0.668238,-2.841108293865386,1,73,89,12.748973,"{""type"":""MultiPoint"",""coordinates"":[]}"
90_0,0.15761004291652017,0.4488344,-2.6252926930227094,0.11989925463188127,0.1921182,-2.622198051665791,0.1393524444376689,0.66531265,-2.72371497617775,1,102,90,8.160231,"{""type"":""MultiPoint"",""coordinates"":[]}"
91_0,0.02871847062022673,0.5061226,-3.135365720660067,0.017127731992306966,0.23714355,2.759157878148928,0.031885098430833266,0.71066517,-2.8393865337353774,1,120,91,5.465615,"{""type"":""MultiPoint"",""coordinates"":[]}"
92_0,0.1244830500028238,0.3354289,-2.5075368102304747,0.10021708609031414,0.12302124,-2.45231401444629,0.11075158052284138,0.5472748,-2.7471606963435384,1,109,92,7.642911,"{""type"":""MultiPoint"",""coordinates"":[]}"
93_0,0.07006707201294243,0.6828553,3.135331851485329,0.07431513973471042,0.3997677,3.006564566160759,0.05595857805181832,0.84531087,3.1068620834276133,1,206,93,36.459404,"{""type"":""MultiPoint"",""coordinates"":[]}"
94_0,0.040981226667110814,0.48122305,-2.241351642595456,0.011355092669338583,0.22934364,-1.8867273090255803,0.07467385706952645,0.58429414,-2.5608473299509615,1,250,94,5.111409,"{""type"":""MultiPoint"",""coordinates"":[]}"
95_0,0.11403715177662418,0.41857985,-2.957280635048117,0.0928841136551734,0.1798259,-2.94684269746361,0.09942952275109533,0.5804891,-3.1278209991556665,1,92,95,6.464861,"{""type"":""MultiPoint"",""coordinates"":[]}"
96_0,0.1649290018230238,0.4377354,-2.5639191841298863,0.12881496014734023,0.18209392,-2.5085504416677544,0.151707749530843,0.6223673,-2.5902515997522624,1,90,96,11.814151,"{""type"":""MultiPoint"",""coordinates"":[]}"
97_0,0.18663060765051417,0.5388218,-3.132730357614604,0.17812829076082135,0.2481293,-3.1295271579228525,0.14810812927510564,0.72239834,-3.0700284576867922,1,22,97,8.880602,"{""type"":""MultiPoint"",""coordinates"":[]}"
98_0,0.05703682312207442,0.62424475,-2.753867898398687,0.04969966824866614,0.32057524,-2.8037581152426685,0.05909545769647762,0.80094826,-2.9635955084662324,1,95,98,16.398233,"{""type"":""MultiPoint"",""coordinates"":[]}"
99_0,0.08362415535371696,0.40595862,-3.025197891194823,0.05830809652291819,0.16896287,-3.0367821057278626,0.07949418655285523,0.5633255,-3.086591382294544,1,74,99,3.157249,"{""type"":""MultiPoint"",""coordinates"":[]}"
100_0,0.05491461107095367,0.1784258,-2.818292913669862,0.03152470083815984,0.013309139,-2.9297281359753833,0.056639189050205485,0.36955625,-3.034117930525367,1,92,100,3.018742,"{""type"":""MultiPoint"",""coordinates"":[]}"
101_0,0.23368615655324915,0.4215965,-2.5855847580058975,0.19488729665302865,0.15557288,-2.5077591233677943,0.17569578065108862,0.6553005,-2.7967402961308214,1,108,101,15.002776,"{""type"":""MultiPoint"",""coordinates"":[]}"
102_0,0.0765371653703488,0.6923433,3.0370656253803694,0.07953297624786694,0.4142697,2.90618666603272,0.044677705690747055,0.8261666,2.8601944731286584,1,104,102,6.297651,"{""type"":""MultiPoint"",""coordinates"":[]}"
103_0,0.061504177997232054,0.60079026,-3.021793478773645,0.06051844438897363,0.32963473,-3.0272655547203287,0.056536057014183703,0.7584905,3.116687729113293,1,260,103,8.211345,"{""type"":""MultiPoint"",""coordinates"":[]}"
104_0,0.07389589855892571,0.68751484,-2.9790548898599134,0.07240517273898738,0.3941206,-2.999550099929307,0.06935675169387195,0.8361431,-2.9627529006228466,1,77,104,12.046296,"{""type"":""MultiPoint"",""coordinates"":[]}"
105_0,0.033026563685965175,0.24627066,-2.765981483639348,0.016181225509052682,0.075969845,-3.0605861465911595,0.05083379800755118,0.35757858,-2.9638381349502754,1,88,105,9.701662,"{""type"":""MultiPoint"",""coordinates"":[]}"
106_0,0.1985584214590701,0.42879778,-2.4955284917838885,0.16256127279219199,0.16559814,-2.4248109873257997,0.17245050535293371,0.6295442,-2.611535201302594,1,115,106,15.505551,"{""type"":""MultiPoint"",""coordinates"":[]}"
107_0,0.11325576673880841,0.53948903,-2.6033628222608955,0.09633045565064095,0.25005054,-2.527785552671893,0.10136343505101536,0.7193414,-2.749567034504331,1,52,107,4.7722535,"{""type"":""MultiPoint"",""coordinates"":[]}"
108_0,0.04949691602528703,0.20851868,-2.2947709094150417,0.03532614152887504,0.03152258,-2.3426293594340075,0.02709976102121081,0.17666018,-2.1440116706194594,1,6,108,2.7802885,"{""type"":""MultiPoint"",""coordinates"":[]}"
109_0,0.20150403027695352,0.3452797,-2.576680215370857,0.16049179921110399,0.11076126,-2.530364849109228,0.17973709881154176,0.55275106,-2.6696058815753076,1,103,109,17.927635,"{""type"":""MultiPoint"",""coordinates"":[]}"
110_0,0.0863468803560933,0.5838578,-2.926579526177903,0.08046916652349956,0.30331832,-2.9208469763388676,0.10685036174612063,0.7079958,-2.9427555190408143,1,175,110,31.199507,"{""type"":""MultiPoint"",""coordinates"":[]}"
111_0,0.11602133805807797,0.5293707,-2.6013675471050934,0.09861008333316552,0.23446019,-2.450162733164965,0.10497560513484172,0.72689253,-2.758630525041125,1,91,111,6.0918946,"{""type"":""MultiPoint"",""coordinates"":[]}"
112_0,0.04031717392722456,0.5595996,-2.9624888816957924,0.0368749976738026,0.30411437,-2.9364381201346226,0.04448447623784412,0.71955496,-2.8332883723766247,1,130,112,3.0283613,"{""type"":""MultiPoint"",""coordinates"":[]}"
113_0,0.09288774371976037,0.63473535,-2.9832353014781114,0.09436892961246195,0.3517455,-3.01465331733131,0.06377892214792356,0.7940008,-3.012667149741299,1,39,113,5.506481,"{""type"":""MultiPoint"",""coordinates"":[]}"
114_0,0.03844793088302418,0.16495232,-2.1100781794242964,0.022950592492658982,0.018815953,-2.0290246353046646,0.03149954136361654,0.30370125,-1.9461170224815263,1,171,114,1.8543341,"{""type"":""MultiPoint"",""coordinates"":[]}"
115_0,0.16418652532418693,0.3720418,-2.4573841677726995,0.12218906472846239,0.152021,-2.497673066948171,0.15360008622082189,0.543786,-2.5296123713359635,1,36,115,1.3678783,"{""type"":""MultiPoint"",""coordinates"":[]}"
116_0,0.08133050986194297,0.5759443,-2.684041007512369,0.0629191635962475,0.28560585,-2.6968427952816603,0.06422338673959865,0.760488,-2.639623136765139,1,656,116,45.1225,"{""type"":""MultiPoint"",""coordinates"":[]}"
117_0,0.11426856521604661,0.36842948,-2.819520212211479,0.09176525885241267,0.15282305,-2.9375119427020975,0.10508196376126329,0.49976495,-2.9516901753307705,1,58,117,2.7346559,"{""type"":""MultiPoint"",""coordinates"":[]}"
118_0,0.06908023394671513,0.6591258,-3.0880244200690234,0.06405932924824356,0.36351398,-3.081043437138484,0.049039625623243835,0.8462604,2.978382936379568,1,956,118,20.58335,"{""type"":""MultiPoint"",""coordinates"":[]}"
119_0,0.08665031503724324,0.631121,-2.7690214687423436,0.07870690770183207,0.32412168,-2.7814287838442926,0.051032021255973864,0.84374505,-2.713534806410137,1,548,119,28.10766,"{""type"":""MultiPoint"",""coordinates"":[]}"
120_0,0.06754273114709596,0.63192,2.887221305308211,0.05968877470310461,0.36033383,2.741578342800727,0.10012615821509327,0.77517277,3.1195054280604153,1,214,120,29.834785,"{""type"":""MultiPoint"",""coordinates"":[]}"
121_0,0.14120012848667468,0.54436344,-2.5661591153002616,0.12364769453283382,0.24260415,-2.4518262460709224,0.12329676948970655,0.75547147,-2.7085990315725055,1,93,121,6.815514,"{""type"":""MultiPoint"",""coordinates"":[]}"
122_0,0.18889612358693544,0.4062824,-2.66345367177692,0.1467044682008162,0.14962804,-2.612293996577324,0.14479372325836173,0.66937345,-2.776757949110476,1,538,122,47.53455,"{""type"":""MultiPoint"",""coordinates"":[]}"
123_0,0.08006501085271156,0.5072435,-2.681613459348214,0.06197927439695826,0.24570975,-2.671084727910625,0.07523621054485097,0.6329267,-2.6831243067782267,1,45,123,9.026991,"{""type"":""MultiPoint"",""coordinates"":[]}"
124_0,0.035333772899418754,0.23665528,-2.605117425588066,0.02022552765368727,0.08782241,-2.6879474707586395,0.013567208947076557,0.20718186,1.156399619239762,1,10,124,8.436573,"{""type"":""MultiPoint"",""coordinates"":[]}"
125_0,0.2074763423643733,0.29228446,-2.6012114729585836,0.1584996273115045,0.07473883,-2.5545649583223087,0.16699361134446614,0.5064517,-2.7121487519486758,1,84,125,17.555233,"{""type"":""MultiPoint"",""coordinates"":[]}"
126_0,0.06511548886725897,0.6299021,-2.936535198561079,0.05644610375879451,0.33424446,-2.9484984379224346,0.0614392436962808,0.7949555,-2.8905057919698063,1,103,126,14.909984,"{""type"":""MultiPoint"",""coordinates"":[]}"
127_0,0.07689217597870748,0.29344922,-3.085494485779474,0.054381600385927514,0.12277213,-2.9720095162562967,0.07950932236205026,0.46885854,-3.06827659288764,1,100,127,6.8352413,"{""type"":""MultiPoint"",""coordinates"":[]}"
128_0,0.08448042123542343,0.6278822,-2.933732483622736,0.07528389179540623,0.31182075,-2.929171457575104,0.045248035847738025,0.8690052,-2.9469230751625,1,841,128,33.773243,"{""type"":""MultiPoint"",""coordinates"":[]}"
129_0,0.19296515002464337,0.34413362,-2.4847654565009636,0.15161946617805222,0.13268296,-2.5141362599485158,0.17220905678838247,0.52102596,-2.575836207957568,1,124,129,10.126432,"{""type"":""MultiPoint"",""coordinates"":[]}"
130_0,0.024334271206185323,0.65813863,2.3533152055233275,0.026224730970681575,0.3586206,1.9564860447013708,0.029247569974107813,0.81076515,2.248652349848027,1,689,130,46.478935,"{""type"":""MultiPoint"",""coordinates"":[]}"
131_0,0.11050270398647352,0.45393887,-2.9373990342214706,0.08838823148724503,0.20357886,-2.8622567014977576,0.12330818202962017,0.61274827,-2.987620117743021,1,52,131,11.518169,"{""type"":""MultiPoint"",""coordinates"":[]}"
132_0,0.07945881099982506,0.5188846,-2.872204356010967,0.062665735207197,0.26845613,-2.944705962638708,0.07902614886370433,0.6744584,-3.0220716754685224,1,115,132,15.565512,"{""type"":""MultiPoint"",""coordinates"":[]}"
133_0,0.16427974168223808,0.50703716,-2.4184622349633167,0.13141651977391725,0.22228241,-2.373940689792185,0.1261832677173346,0.70931816,-2.5050596602822583,1,899,133,27.438364,"{""type"":""MultiPoint"",""coordinates"":[]}"
134_0,0.05847030058734795,0.44399327,2.7348945233160222,0.040093990822919194,0.21359354,2.7485554514829063,0.08582493038968834,0.59994006,2.7215338853449333,1,42,134,1.3679821,"{""type"":""MultiPoint"",""coordinates"":[]}"
135_0,0.050278523885404706,0.6535994,-2.752643601781672,0.05740195109001076,0.3661438,3.0331271378597457,0.04387041487896062,0.83458614,-2.6769367191048206,1,289,135,26.55816,"{""type"":""MultiPoint"",""coordinates"":[]}"
136_0,0.10740944019359662,0.48598468,-2.5963203569327034,0.08941385524207109,0.23515931,-2.6709148570620598,0.10271145939203673,0.5976944,-2.449799189509755,1,149,136,22.625914,"{""type"":""MultiPoint"",""coordinates"":[]}"
137_0,0.07188971392383901,0.53119123,-2.600133196347645,0.052467611195388696,0.25179097,-2.759013177946852,0.07068762576997305,0.70482594,-2.69686052045771,1,75,137,2.2164183,"{""type"":""MultiPoint"",""coordinates"":[]}"
138_0,0.02982275551594373,0.43123764,2.396192354420335,0.0259624799454513,0.19554852,2.6228639842498866,0.024313597426940167,0.6359826,1.7086343076062194,1,238,138,8.2036085,"{""type"":""MultiPoint"",""coordinates"":[]}"
139_0,0.09068018428478633,0.48433435,3.121179789038296,0.07432655339787393,0.22570331,3.0981401158943638,0.07787672834718166,0.659063,3.0803841397222422,1,214,139,2.217519,"{""type"":""MultiPoint"",""coordinates"":[]}"
140_0,0.05267929361746678,0.15232755,-2.5322358122547532,0.03430317228360465,0.024249917,-2.5330024300849288,0.04642578470336989,0.29454646,3.066507745138267,1,80,140,5.349087,"{""type"":""MultiPoint"",""coordinates"":[]}"
141_0,0.13434456359087488,0.603424,-3.0482213035590147,0.120053162968549,0.32316455,-2.981869945937882,0.11711684377708213,0.7769144,3.1043466602439924,1,110,141,26.869755,"{""type"":""MultiPoint"",""coordinates"":[]}"
142_0,0.18785724659926656,0.5073165,-2.651751606200187,0.15368098758367837,0.21955197,-2.59002272651665,0.144550046613979,0.7196532,-2.7080745075300676,1,474,142,48.175316,"{""type"":""MultiPoint"",""coordinates"":[]}"
143_0,0.14461722713198144,0.50874436,-2.8797337484648766,0.11845255658258412,0.24602056,-2.861995316049906,0.12209083242759683,0.7011157,-2.9412172425566823,1,76,143,6.1188707,"{""type"":""MultiPoint"",""coordinates"":[]}"
144_0,0.061870069366971904,0.6463545,-3.025876530250819,0.06276601845546265,0.339577,-3.0323712528047286,0.03656488602866939,0.84192735,-2.9569952227918685,1,576,144,14.552589,"{""type"":""MultiPoint"",""coordinates"":[]}"
145_0,0.014554145188299564,0.62794095,-3.0611815689590385,0.01931007073848688,0.34237015,2.7227294048350488,0.022341429498174796,0.78761363,-3.050617238440271,1,305,145,16.690393,"{""type"":""MultiPoint"",""coordinates"":[]}"
146_0,0.12408359375693244,0.51798296,-2.490468958877027,0.10504555990622215,0.24254516,-2.4274685742217423,0.092767116886669,0.7022765,-2.6005661919271303,1,75,146,10.945556,"{""type"":""MultiPoint"",""coordinates"":[]}"
147_0,0.05483769400904934,0.56523424,2.97947733543629,0.04563462603801455,0.31408992,2.90433538063293,0.04239863402519361,0.66852957,2.470936715180672,1,122,147,31.596561,"{""type"":""MultiPoint"",""coordinates"":[]}"
148_0,0.062292570776456065,0.5875265,-3.0719401471941326,0.050157074525904365,0.30281028,-3.1361823855018462,0.06098808260350812,0.76142424,-2.906332200964409,1,87,148,6.2369413,"{""type"":""MultiPoint"",""coordinates"":[]}"
149_0,0.09027974765375321,0.72199553,2.956356861696279,0.11389694220577441,0.43776417,2.9191399135587086,0.05912666738042912,0.8489082,2.985403563104469,1,376,149,17.358597,"{""type"":""MultiPoint"",""coordinates"":[]}"
150_0,0.0956309928036191,0.4304005,-2.84630691906288,0.07765119043122601,0.19772226,-2.9474489349149056,0.09482279940401633,0.5914346,-2.894630849945817,1,64,150,16.680386,"{""type"":""MultiPoint"",""coordinates"":[]}"
151_0,0.15550117582701461,0.35905072,-2.7045125946961166,0.11997093927362107,0.14081311,-2.6742408034259237,0.1406895925894845,0.50213605,-2.8320933573429987,1,65,151,5.896499,"{""type"":""MultiPoint"",""coordinates"":[]}"
152_0,0.07790272207841831,0.66953,-2.6172134505724087,0.06606707670643197,0.38347802,-2.574108127018091,0.08250204812237331,0.7873986,-2.719155555643008,1,68,152,7.2498913,"{""type"":""MultiPoint"",""coordinates"":[]}"
153_0,0.15266884483681847,0.5151546,-2.680582090519409,0.12771730474679938,0.21506311,-2.649855536539096,0.12767897982335283,0.73784834,-2.7745295433881116,1,106,153,9.176052,"{""type"":""MultiPoint"",""coordinates"":[]}"
154_0,0.10656599026329289,0.52509534,-2.9243086244524377,0.08654965822266603,0.2526023,-2.9413314242741446,0.09609917188913941,0.7081453,-3.0130690369720887,1,368,154,16.775564,"{""type"":""MultiPoint"",""coordinates"":[]}"
155_0,0.06818836631482002,0.23879486,-2.8463774472881322,0.05071464732477081,0.0865016,-2.7524555960289705,0.06556851642137156,0.4435663,-3.030894349654651,1,398,155,2.2182431,"{""type"":""MultiPoint"",""coordinates"":[]}"
156_0,0.11291545146807533,0.46982732,-2.7017546716000425,0.09614851232094493,0.21202908,-2.649146882425104,0.0893063133859876,0.63520306,-2.7350456995853856,1,368,156,6.0962768,"{""type"":""MultiPoint"",""coordinates"":[]}"
157_0,0.047457864541545006,0.205506,3.0216742853825522,0.02982061580175275,0.060140174,2.9947402569657844,0.03909958163483987,0.35844946,3.111471812520811,1,60,157,7.4456043,"{""type"":""MultiPoint"",""coordinates"":[]}"
158_0,0.05147005055819644,0.62057894,-2.691014131069974,0.05142557048157052,0.34302652,-2.8351875615375453,0.04080013297484835,0.7611958,-2.3960235687005413,1,55,158,23.444674,"{""type"":""MultiPoint"",""coordinates"":[]}"
159_0,0.07760497226259852,0.52391225,2.6116008612454222,0.07792484836513805,0.2719345,2.429873770404025,0.047021917498035797,0.6693947,2.5007930535061744,1,981,159,36.04714,"{""type"":""MultiPoint"",""coordinates"":[]}"
160_0,0.05001590300595869,0.6603929,-3.076015487347477,0.03803073921033486,0.368506,-3.0363002763086975,0.03913052396566637,0.8259646,3.0916192886469673,1,405,160,32.958477,"{""type"":""MultiPoint"",""coordinates"":[]}"
161_0,0.0559760140610407,0.6308625,3.035615831302638,0.055862005249151435,0.3641973,2.8120823918598887,0.08432024837778143,0.7679262,3.095154797621687,1,297,161,28.181978,"{""type"":""MultiPoint"",""coordinates"":[]}"
162_0,0.1973668996553019,0.48179016,-2.5916032606566803,0.16703435135418904,0.21324149,-2.5681720721533177,0.13692574904501803,0.6964126,-2.6231803551296404,1,510,162,28.852997,"{""type"":""MultiPoint"",""coordinates"":[]}"
163_0,0.04915669415993784,0.099220015,-2.647816018116498,0.033287446037087894,-0.01883855,-2.6005247130119375,0.049041615224242774,0.32299322,-3.074920168952613,1,291,163,17.379993,"{""type"":""MultiPoint"",""coordinates"":[]}"
164_0,0.06566612627895958,0.4351589,-2.7342420068255078,0.05482351873616512,0.20842688,-2.7982191491631228,0.04913173405582547,0.63771087,-2.9812167615962055,1,118,164,2.1107466,"{""type"":""MultiPoint"",""coordinates"":[]}"
165_0,0.06972663655487173,0.375133,-2.7227313361289,0.05579243444957358,0.15786856,-2.7556688312948183,0.05135930758634606,0.61512434,-2.892469127880286,1,68,165,6.2294807,"{""type"":""MultiPoint"",""coordinates"":[]}"
166_0,0.17547569600074145,0.41339308,-2.535608100531488,0.13857066848534697,0.17536801,-2.4999707230256476,0.16840453037684044,0.57224846,-2.5919687006870817,1,107,166,20.335316,"{""type"":""MultiPoint"",""coordinates"":[]}"
167_0,0.03307814345963858,0.69252306,2.8342476958782568,0.026236421465711965,0.39409485,2.9059998051736913,0.01593526797626082,0.877425,2.2903677713644996,1,572,167,21.407404,"{""type"":""MultiPoint"",""coordinates"":[]}"
168_0,0.04517215017104865,0.66860586,-2.6151287354196064,0.03921763769364778,0.36546212,-2.980068032068527,0.0398724715597855,0.84393555,-2.755692033070193,1,898,168,26.7045,"{""type"":""MultiPoint"",""coordinates"":[]}"
169_0,0.14824458855653494,0.43546155,-2.5768112388755418,0.11321246488221234,0.1954741,-2.580001656754256,0.12650936042688252,0.6102148,-2.662537352251588,1,49,169,6.8352985,"{""type"":""MultiPoint"",""coordinates"":[]}"
170_0,0.1290414551942423,0.5479267,-2.643372337118458,0.11773774983034689,0.25444245,-2.506686635831124,0.12845178540837418,0.74799854,-2.831884944605596,1,149,170,19.672615,"{""type"":""MultiPoint"",""coordinates"":[]}"
171_0,0.12440105724625145,0.46662012,-2.678013164899329,0.10384160671780726,0.20422132,-2.661511532940562,0.10431545623448071,0.6622333,-2.846155046388498,1,89,171,14.479755,"{""type"":""MultiPoint"",""coordinates"":[]}"
172_0,0.05093640114373472,0.6449299,-2.867188410041285,0.05081046610900489,0.36425096,-3.0973174852778427,0.030043752241109736,0.8011652,-2.748630120461389,1,352,172,24.846146,"{""type"":""MultiPoint"",""coordinates"":[]}"
173_0,0.03560424942823628,0.6521617,2.3169731088506302,0.036611971402551235,0.36750576,2.3352759543514003,0.036550247185472506,0.81008166,1.7328721510152547,1,211,173,14.6529875,"{""type"":""MultiPoint"",""coordinates"":[]}"
174_0,0.07428335588083257,0.6850715,-2.887884800095048,0.07205195585478379,0.3919132,-2.8808349858819304,0.0697086670396465,0.8233859,-2.8911200036506313,1,119,174,5.8984733,"{""type"":""MultiPoint"",""coordinates"":[]}"
175_0,0.10954810337700908,0.41968364,-3.0064738658448027,0.09043519259657017,0.17121959,-2.9998559382025856,0.1094526149324065,0.6067224,-3.0428571871025007,1,69,175,3.5404599,"{""type"":""MultiPoint"",""coordinates"":[]}"
176_0,0.052163500959437954,0.18941255,-2.357586865081483,0.028200891485587617,0.054005425,-2.4613955908726943,0.05849565108543411,0.3180268,-2.6430922033140254,1,46,176,1.3687025,"{""type"":""MultiPoint"",""coordinates"":[]}"
177_0,0.12362512245868829,0.5758598,-2.664239286372242,0.11530560573130669,0.2741339,-2.6503189334693738,0.11007690327466363,0.7546427,-2.7653356543151744,1,52,177,4.734644,"{""type"":""MultiPoint"",""coordinates"":[]}"
178_0,0.13488373457128494,0.554595,-2.6899555608334946,0.12150595537892515,0.25241017,-2.5875844355104807,0.1153560004328387,0.7448058,-2.718208327395947,1,94,178,18.793774,"{""type"":""MultiPoint"",""coordinates"":[]}"
179_0,0.06651727574119556,0.66156733,-2.8385205579478114,0.058107982266401036,0.3494342,-2.871925619204882,0.037028179051860705,0.87202954,-3.0374346135082453,1,755,179,21.251213,"{""type"":""MultiPoint"",""coordinates"":[]}"
180_0,0.17127470007807777,0.50635225,-2.48830251282561,0.143029277817805,0.2154905,-2.3923190370289933,0.14766476261829228,0.7143866,-2.5981231110579808,1,76,180,9.496762,"{""type"":""MultiPoint"",""coordinates"":[]}"
181_0,0.11346969822649995,0.4383508,-2.781540429499205,0.0859833549546659,0.2014776,-2.8849915408576132,0.12498053447138825,0.5918689,-2.6968990732688356,1,216,181,23.90597,"{""type"":""MultiPoint"",""coordinates"":[]}"
182_0,0.18305581411608807,0.45621395,-2.5791739653411785,0.14727580192126882,0.2024719,-2.5227718739344565,0.1538930412275696,0.64291716,-2.7011997577070623,1,41,182,10.520353,"{""type"":""MultiPoint"",""coordinates"":[]}"
183_0,0.09104308322967963,0.63746715,-2.99314305943266,0.09041590779080184,0.34696743,-3.1220056942684304,0.09370852459100971,0.7714044,-2.7654421330842207,1,384,183,17.964403,"{""type"":""MultiPoint"",""coordinates"":[]}"
184_0,0.0940533661893265,0.33759996,-2.798995718751066,0.08390074427819681,0.13900682,-2.8311878856861883,0.07379603690056465,0.42989656,-2.941193000176405,1,194,184,24.496763,"{""type"":""MultiPoint"",""coordinates"":[]}"
185_0,0.02920818306051244,0.14752154,2.9946064334646776,0.012397050962888186,0.025919344,3.1341448845650755,0.0270623272081508,0.2190237,3.0479896124100745,1,46,185,0.92740995,"{""type"":""MultiPoint"",""coordinates"":[]}"
186_0,0.08290633708733251,0.4621087,-2.870962495033086,0.06428359093935762,0.21117346,-2.8055094116274364,0.1236556698134266,0.6302287,-2.8926875664399523,1,52,186,9.696833,"{""type"":""MultiPoint"",""coordinates"":[]}"
187_0,0.07204701261694998,0.30548713,-2.810849775699472,0.04905936018454086,0.12991677,-2.927348593775506,0.06654030074438975,0.45054665,-3.0559515843974814,1,63,187,2.956092,"{""type"":""MultiPoint"",""coordinates"":[]}"
188_0,0.12521745769529574,0.53994286,-2.9554053438742653,0.11180605217130864,0.25273222,-2.91004806074152,0.12943014286304658,0.69479525,-3.048231116894368,1,58,188,17.563433,"{""type"":""MultiPoint"",""coordinates"":[]}"
189_0,0.02652715684381607,0.71383077,2.660421885828113,0.02989416475584399,0.42490256,2.505255029242411,0.023606546198231614,0.85713136,2.518776174138381,1,662,189,11.061891,"{""type"":""MultiPoint"",""coordinates"":[]}"
190_0,0.04303660054291311,0.31232214,3.0216589202491706,0.03709310640727855,0.1499727,2.845735653070954,0.05122577819377663,0.33299732,-2.6276279959027518,1,65,190,1.0016876,"{""type"":""MultiPoint"",""coordinates"":[]}"
191_0,0.03238773727080253,0.6635463,2.8931345764558047,0.03588752888527172,0.37585512,2.8565438677090778,0.020363733961498716,0.8389439,2.7627637453788294,1,412,191,28.800991,"{""type"":""MultiPoint"",""coordinates"":[]}"
192_0,0.04861570032145186,0.21713358,-2.994015896601475,0.035321360455765366,0.065963954,-2.9715567537442653,0.0578438739672777,0.42995346,-3.0083297011909824,1,84,192,5.7341046,"{""type"":""MultiPoint"",""coordinates"":[]}"
193_0,0.10918942231188186,0.46502694,-2.6191056604503498,0.08666843226256113,0.2115744,-2.624593455054641,0.09306306875788961,0.64809424,-2.8044760414091607,1,78,193,4.1265984,"{""type"":""MultiPoint"",""coordinates"":[]}"
194_0,0.10618990538705218,0.5289046,-2.97318901940639,0.08952047573883819,0.2802855,-2.9997774803469115,0.0953013302900774,0.6949053,-2.938030822287713,1,294,194,13.361476,"{""type"":""MultiPoint"",""coordinates"":[]}"
195_0,0.07988952180259806,0.51557684,-2.701059149656928,0.05719980063990731,0.2632265,-2.716254422229838,0.07594729426607509,0.6545967,-2.7543768919117464,1,223,195,2.0152655,"{""type"":""MultiPoint"",""coordinates"":[]}"
196_0,0.14709840363894988,0.48634323,-2.727008196480512,0.12234187425636096,0.21509513,-2.7111063727252076,0.10991995545122712,0.7049898,-2.7028604636494395,1,457,196,40.84833,"{""type"":""MultiPoint"",""coordinates"":[]}"
197_0,0.09451695878695582,0.37790522,-2.2988411421433805,0.0726831649545374,0.17692547,-2.4561900358678557,0.09748467692467934,0.569924,-2.3526410197542416,1,1222,197,38.104366,"{""type"":""MultiPoint"",""coordinates"":[]}"
198_0,0.13005033175543332,0.49501643,-2.7240268578163236,0.1197161620766886,0.22038287,-2.5231959255371383,0.11673720679446964,0.71479636,-2.8608342506289715,1,81,198,11.691674,"{""type"":""MultiPoint"",""coordinates"":[]}"
199_0,0.11315174416495935,0.57584834,-2.8112129140014193,0.1092911458606972,0.28088987,-2.7186929849822112,0.09878384009401633,0.7770034,-2.8309422981817733,1,834,199,37.444504,"{""type"":""MultiPoint"",""coordinates"":[]}"
200_0,0.1280871245944194,0.6175088,-2.784172393981402,0.11240385757507133,0.30889323,-2.7037917129765217,0.10064965887940366,0.8272792,-2.8139599678245126,1,488,200,26.746868,"{""type"":""MultiPoint"",""coordinates"":[]}"
201_0,0.14635722029163248,0.54321194,-2.7995931454909635,0.13128348819387353,0.24799414,-2.615263119346221,0.13894317263677988,0.7430681,-3.031687570321852,1,130,201,18.86818,"{""type"":""MultiPoint"",""coordinates"":[]}"
202_0,0.07391158756199859,0.33171013,-2.9933314961867055,0.05575718791462426,0.10263241,-3.124377835097493,0.07786210678175062,0.5562387,-2.916052161913275,1,367,202,8.063426,"{""type"":""MultiPoint"",""coordinates"":[]}"
203_0,0.09990199117970247,0.51068115,-2.6109424828740173,0.08525649802887537,0.24990544,-2.568115262752539,0.09630888616996151,0.68068916,-2.8064453068121367,1,79,203,2.2157671,"{""type"":""MultiPoint"",""coordinates"":[]}"
204_0,0.06953987158051426,0.5892526,-2.9869455785005945,0.06029207028879287,0.31512803,-3.1403650296266195,0.07190479086567418,0.72879654,-2.9578299534503736,1,61,204,7.0797124,"{""type"":""MultiPoint"",""coordinates"":[]}"
205_0,0.036883646623202,0.09660701,-2.2426952990151303,0.02581208433475803,-0.052265473,-1.9278416797490803,0.018303936885958202,0.30002794,-2.2469074067092274,1,324,205,0.92740995,"{""type"":""MultiPoint"",""coordinates"":[]}"
206_0,0.10960237195273426,0.53678894,-2.75617652932623,0.09071300879805538,0.27046773,-2.7892770515953367,0.10603076995540471,0.689071,-2.774859539066426,1,50,206,9.023844,"{""type"":""MultiPoint"",""coordinates"":[]}"
207_0,0.06812282974457658,0.54150915,-2.954791951076631,0.05933946549809481,0.26640213,-2.9728574961142895,0.07151214361724761,0.68474424,-2.9148677065939337,1,62,207,11.282538,"{""type"":""MultiPoint"",""coordinates"":[]}"
208_0,0.13101270542458526,0.41461876,-2.769241283302224,0.10308664867176016,0.17236994,-2.682509255258328,0.08192446340391862,0.6212783,-3.088047002791806,1,454,208,6.5414844,"{""type"":""MultiPoint"",""coordinates"":[]}"
209_0,0.10536448997320162,0.53548926,-2.953625454516039,0.08592091556420238,0.26505265,-2.9148113199869234,0.10634661560937236,0.6803483,-3.100034416495438,1,41,209,7.0913625,"{""type"":""MultiPoint"",""coordinates"":[]}"
210_0,0.03606369302070319,0.5843466,3.0695377639392674,0.034103740081394496,0.33480027,3.03090132773895,0.01970396995636057,0.74320006,2.3684702837136467,1,68,210,3.13856,"{""type"":""MultiPoint"",""coordinates"":[]}"
211_0,0.10396773056628522,0.42868328,2.8382965523076726,0.07917984624943554,0.17187609,2.639679781392629,0.0924482865701107,0.60281706,2.950654432166284,1,58,211,8.903024,"{""type"":""MultiPoint"",""coordinates"":[]}"
212_0,0.18676734751104834,0.55094993,-2.717991232382155,0.15207087180637444,0.25584653,-2.659075056203642,0.13826479948456302,0.77786684,-2.7886160071990975,1,583,212,37.123478,"{""type"":""MultiPoint"",""coordinates"":[]}"
213_0,0.061371393958999106,0.6245983,-3.0622861475588796,0.05233986222119133,0.33547887,-2.9160343188008886,0.05896446926340621,0.7926553,2.945717218233975,1,411,213,20.953434,"{""type"":""MultiPoint"",""coordinates"":[]}"
214_0,0.18504307068464618,0.5226904,-2.644793411214132,0.16289831886152897,0.23235248,-2.5547414458539803,0.16252898512138075,0.7269936,-2.8390513380914966,1,189,214,9.248261,"{""type"":""MultiPoint"",""coordinates"":[]}"
215_0,0.03132037455732672,0.12306638,-3.0080961967733955,0.015754590946599655,0.0029724822,-2.9514648496681595,0.015041586674986823,0.22486682,-3.1321395885617314,1,57,215,3.8381608,"{""type"":""MultiPoint"",""coordinates"":[]}"
216_0,0.07900486837926374,0.48668572,-2.82926896004853,0.06655345621698541,0.24152216,-2.9243144383992363,0.09039097819904851,0.64504784,-2.9444659950219894,1,70,216,4.7732882,"{""type"":""MultiPoint"",""coordinates"":[]}"
217_0,0.125769411482982,0.47567984,-2.985599296054272,0.109456872069292,0.20287836,-2.8885218398007217,0.11485385843670777,0.6235746,-3.117157471872583,1,54,217,10.007872,"{""type"":""MultiPoint"",""coordinates"":[]}"
218_0,0.06292546083658847,0.24175018,-2.738626307284042,0.04224680440362194,0.094942264,-2.884853826993427,0.0662472325573462,0.33082372,3.035462391523792,1,65,218,4.881837,"{""type"":""MultiPoint"",""coordinates"":[]}"
219_0,0.1453554188391205,0.5346164,-2.782764980129815,0.12099990797531428,0.23365915,-2.6485712903425216,0.11515152750321851,0.7723804,-2.845455873252704,1,542,219,24.546652,"{""type"":""MultiPoint"",""coordinates"":[]}"
220_0,0.1354118335198954,0.5059462,-2.8361527232135577,0.11633452577156983,0.23580201,-2.864820529426552,0.12571596505658478,0.68022156,-2.8356506818650566,1,69,220,19.429098,"{""type"":""MultiPoint"",""coordinates"":[]}"
221_0,0.02827395517925969,0.6951408,-3.0717785323891853,0.025858553595894347,0.4071884,3.0091284585066944,0.028704416160144713,0.8666746,2.9764678939617397,1,654,221,30.775412,"{""type"":""MultiPoint"",""coordinates"":[]}"
222_0,0.12586819611763853,0.51067096,-2.654112844248514,0.10781263004881407,0.23501447,-2.5952704937490285,0.11961912061499023,0.70007104,-2.8006500706825417,1,256,222,28.752504,"{""type"":""MultiPoint"",""coordinates"":[]}"
223_0,0.1123023750799617,0.5294248,-2.5141644922118207,0.08710206589120859,0.2708573,-2.5149548109393036,0.10038898648518699,0.7286432,-2.6141024179405363,1,355,223,0.92740995,"{""type"":""MultiPoint"",""coordinates"":[]}"
224_0,0.08449085187795294,0.569863,-3.1157879536287476,0.07137597950797875,0.29760227,3.0913483946956766,0.08668584318368319,0.7365601,3.133642552259941,1,284,224,14.088285,"{""type"":""MultiPoint"",""coordinates"":[]}"
225_0,0.018807559670757312,0.19395477,2.7995877685884154,0.009608756114130576,0.065646425,2.873084105782747,0.01806903614150471,0.10412819,-0.384045116352199,1,26,225,1.8543341,"{""type"":""MultiPoint"",""coordinates"":[]}"
226_0,0.12208665181631025,0.46375358,2.8170599564649574,0.0887635879612241,0.21591571,2.9120266896002978,0.14076631798536024,0.6105557,2.860303421972521,1,173,226,11.555153,"{""type"":""MultiPoint"",""coordinates"":[]}"
227_0,0.07332911671907948,0.46602154,-2.7375649064522696,0.058287533955304296,0.21683696,-2.6126186018177995,0.08936884624135139,0.62726253,-2.9579872359945503,1,60,227,4.213738,"{""type"":""MultiPoint"",""coordinates"":[]}"
228_0,0.03851420839287001,0.707571,2.7289090582585263,0.047384739336384665,0.43127456,2.563445535008656,0.03144441509961971,0.84666073,2.7528634483542245,1,360,228,17.477285,"{""type"":""MultiPoint"",""coordinates"":[]}"
229_0,0.13392558323322612,0.49149582,-2.898897265485168,0.11969766777900157,0.22524938,-3.020756761807853,0.09531373683027253,0.7174717,-2.913651750508323,1,147,229,9.475586,"{""type"":""MultiPoint"",""coordinates"":[]}"
230_0,0.10638841198484655,0.39773074,-2.7929682077266254,0.0844366597854372,0.17769916,-2.801935700654346,0.07352516931280048,0.59861904,-2.9180783222299147,1,339,230,7.5735884,"{""type"":""MultiPoint"",""coordinates"":[]}"
231_0,0.07667317006082641,0.3706128,-2.771953093983027,0.06136995115055625,0.16058207,-2.75290026368223,0.055851635223735305,0.5528942,-2.8531567200278363,1,46,231,13.071451,"{""type"":""MultiPoint"",""coordinates"":[]}"
232_0,0.12769154742502634,0.42520452,-2.652700871531044,0.10342778483979902,0.17445892,-2.604750308728073,0.10145135477842071,0.6647578,-2.8151806271945254,1,110,232,8.161356,"{""type"":""MultiPoint"",""coordinates"":[]}"
233_0,0.09916035098796297,0.5777489,-3.0038007901836696,0.09505411716415947,0.30351782,2.986427049326777,0.05752382610219995,0.81223565,-3.00869438940135,1,720,233,25.372444,"{""type"":""MultiPoint"",""coordinates"":[]}"
234_0,0.09647823236322906,0.39746565,2.7183322269716226,0.08509115363160115,0.15714353,2.6307159904988553,0.08499865103524962,0.49773154,2.7381770763346314,1,176,234,16.130466,"{""type"":""MultiPoint"",""coordinates"":[]}"
235_0,0.054386249976170406,0.40637708,-2.9234743532333467,0.0375903243452793,0.18231447,-2.9566730314142378,0.07521395043307333,0.5740003,-3.0948238582153085,1,60,235,5.0427914,"{""type"":""MultiPoint"",""coordinates"":[]}"
236_0,0.03351273094612374,0.14183532,-2.328229030995994,0.021297649696993482,0.051271174,-2.7932487454963364,0.00806752868019869,0.22414811,0.44269993925855294,1,139,236,1.3679535,"{""type"":""MultiPoint"",""coordinates"":[]}"
237_0,0.0596895371609974,0.22918427,-2.7105121405148433,0.04187006982370958,0.08400192,-2.745628845870371,0.056641601855156536,0.3893899,-2.856848743655988,1,59,237,1.3667926,"{""type"":""MultiPoint"",""coordinates"":[]}"
238_0,0.0647718683473191,0.32897434,-2.9384977900596607,0.04515281658660504,0.13126501,3.0962399107855854,0.06334401453064603,0.4627685,-3.068507821172316,1,68,238,8.348226,"{""type"":""MultiPoint"",""coordinates"":[]}"
239_0,0.11368175749905411,0.53238916,-2.869136622946876,0.09472985110219614,0.24259122,-2.757603005675748,0.12152762145689348,0.713725,-2.9069720583236274,1,108,239,11.672618,"{""type"":""MultiPoint"",""coordinates"":[]}"
240_0,0.08601234036688273,0.5064356,-2.8673259680628203,0.06804506596613012,0.23525226,-2.7645204592397974,0.06739704178762244,0.67549366,-3.0839468387966535,1,1047,240,29.964497,"{""type"":""MultiPoint"",""coordinates"":[]}"
241_0,0.12317306127077313,0.58232296,-3.0046251845929492,0.1061058941165624,0.29753625,-3.0042234447975944,0.10305329097421519,0.7677138,-3.0663785715605467,1,122,241,11.167715,"{""type"":""MultiPoint"",""coordinates"":[]}"
242_0,0.1384347707551475,0.53404915,-2.600716635289413,0.11933551224021009,0.23310432,-2.5044075912697883,0.10745395900921464,0.756219,-2.740501402631307,1,123,242,9.248279,"{""type"":""MultiPoint"",""coordinates"":[]}"
243_0,0.05602356091568258,0.6342935,2.2473566302745516,0.061259541294155714,0.37544388,2.400767267323375,0.04715643581264968,0.8079457,2.12100675162642,2,2973,243,23.256231,"{""type"":""MultiPoint"",""coordinates"":[]}"
244_0,0.022707236711184426,0.6048203,-2.3311033237302805,0.019009849715797292,0.34162042,-2.4979139377378887,0.024456330619512103,0.8031468,2.4673721351557285,2,3021,244,18.49251,"{""type"":""MultiPoint"",""coordinates"":[]}"
245_0,0.04760071930659591,0.6204494,-2.8763371051894957,0.04314434812654041,0.36110076,-2.56022490310235,0.0458200076071262,0.78406346,2.9258972836514765,2,2513,245,18.890182,"{""type"":""MultiPoint"",""coordinates"":[]}"
246_0,0.04328382834160778,0.72229296,2.398245444194057,0.04655061596573541,0.45813817,2.5285044094389595,0.03760607278616975,0.84585094,2.098783502533213,2,2512,246,33.436913,"{""type"":""MultiPoint"",""coordinates"":[]}"
247_0,0.03751860499857688,0.6294948,3.0453742671556596,0.030390851984207774,0.3233305,3.0160666214623517,0.053482835040877336,0.837309,2.6352093445001694,2,1435,247,21.20889,"{""type"":""MultiPoint"",""coordinates"":[]}"
248_0,0.02775023973958481,0.6459121,2.4832675519389067,0.027080291329123984,0.35552296,2.616816147640163,0.03391813543917814,0.81311315,2.3004052347338764,2,2166,248,20.700485,"{""type"":""MultiPoint"",""coordinates"":[]}"
249_0,0.02049614069069044,0.66070116,-3.1246699334391823,0.02001564326760028,0.3836508,-2.632713824190877,0.055425498873675524,0.8126869,2.3170623296551893,2,3022,249,41.125603,"{""type"":""MultiPoint"",""coordinates"":[]}"
250_0,0.039245293620377486,0.60642815,-2.595278383372413,0.043197811205028795,0.32201698,-2.872462803774094,0.02425737481150805,0.8185218,2.7345335620981417,2,2295,250,32.499176,"{""type"":""MultiPoint"",""coordinates"":[]}"
251_0,0.05212537485578991,0.73800075,2.7669898153288264,0.0380755658963851,0.48614082,2.535624947147462,0.05697097326736096,0.8796261,2.687497875538115,2,1443,251,33.573563,"{""type"":""MultiPoint"",""coordinates"":[]}"
252_0,0.04134883271652003,0.6371434,2.9696969833997304,0.04483451884186441,0.382664,2.022766244124891,0.03992112096229146,0.79428816,2.7560117867942724,2,2504,252,33.958187,"{""type"":""MultiPoint"",""coordinates"":[]}"
253_0,0.036533415684903876,0.6703662,2.6421491214094277,0.04347974168565564,0.40258864,2.87306476332713,0.02851626904540827,0.8071482,2.5701288698075446,2,2697,253,38.552185,"{""type"":""MultiPoint"",""coordinates"":[]}"
254_0,0.024567184953864406,0.69205123,-2.497084784693918,0.016407866887238994,0.40185836,-2.931339305618964,0.01802740543259957,0.8485264,-2.8920994509106057,2,2056,254,33.59201,"{""type"":""MultiPoint"",""coordinates"":[]}"
255_0,0.047800862950449975,0.64361316,-2.809424874387711,0.046227173170719345,0.38448045,-2.8565663450167933,0.046910558629356953,0.8026614,-3.0815520488975467,2,2499,255,28.268978,"{""type"":""MultiPoint"",""coordinates"":[]}"
256_0,0.05322922990365686,0.7069755,2.5336097564246103,0.03728234803573212,0.44369182,2.736548785046,0.06882527829376875,0.82621056,2.381145328852968,2,3137,256,11.079224,"{""type"":""MultiPoint"",""coordinates"":[]}"
257_0,0.06021912338301636,0.63929135,-2.7313434196503046,0.048756559956758726,0.38105747,-2.7184105622398205,0.05109986994303704,0.80743235,-3.105874187198713,2,2846,257,32.04575,"{""type"":""MultiPoint"",""coordinates"":[]}"
258_0,0.038157465341647975,0.6828741,2.3697507108078346,0.034918969589793465,0.4196335,2.5708862013255738,0.05278983485232045,0.82622576,2.3442579077125627,2,3102,258,21.776154,"{""type"":""MultiPoint"",""coordinates"":[]}"
259_0,0.048512070364980696,0.65637887,2.5718079044507483,0.045469261981999014,0.36172506,2.676608335051151,0.050874943088455374,0.833308,2.6209952717790976,2,2288,259,7.607229,"{""type"":""MultiPoint"",""coordinates"":[]}"
260_0,0.032128600563343906,0.6827987,-3.006328509028303,0.0378498486396776,0.41073933,-2.877897110690146,0.039713963723872155,0.81979126,2.7174616576789146,2,2413,260,20.461662,"{""type"":""MultiPoint"",""coordinates"":[]}"
261_0,0.03622958968036424,0.6614488,2.9369148337374424,0.03331677318513184,0.38502848,3.017851298623389,0.04558114992252529,0.8166191,2.5666737675489664,2,2924,261,31.219059,"{""type"":""MultiPoint"",""coordinates"":[]}"
262_0,0.016860340836026867,0.62007535,-2.9005454751771507,0.023985004808325633,0.3672001,2.980719623105894,0.06270452067667759,0.78272796,2.4780016394552886,2,2919,262,35.58469,"{""type"":""MultiPoint"",""coordinates"":[]}"
263_0,0.02711908326874372,0.6462084,-2.9427740675450313,0.03326075967337084,0.36091948,-2.9502805200556788,0.03252849303107205,0.80453354,2.90509761422615,2,2521,263,41.602352,"{""type"":""MultiPoint"",""coordinates"":[]}"
264_0,0.06222933973823201,0.63693756,-2.8006229279477184,0.06623163621140858,0.36954355,-2.760855137985966,0.047487310296057246,0.81808555,-3.0097424268650332,2,2666,264,46.75337,"{""type"":""MultiPoint"",""coordinates"":[]}"
265_0,0.023493825830040085,0.6950881,2.7391072072118257,0.02636757805467037,0.42829534,2.4376596294297577,0.02362361599362359,0.8390807,-2.9845302448704003,2,1960,265,18.849504,"{""type"":""MultiPoint"",""coordinates"":[]}"
266_0,0.11415949406986083,0.62558556,-2.3978576529364095,0.09537633331316275,0.32717326,-2.2133353875048103,0.06628508039036256,0.83045214,-2.7137867116247025,2,2136,266,22.825352,"{""type"":""MultiPoint"",""coordinates"":[]}"
267_0,0.03750335644544673,0.65555245,2.9156742583269124,0.022317396740506337,0.3811081,2.4202415972093125,0.035890024999527335,0.8067108,3.136101484711038,2,2365,267,28.320679,"{""type"":""MultiPoint"",""coordinates"":[]}"
268_0,0.05195233883570124,0.60731643,2.8512344647639463,0.059955074385225904,0.33082205,2.571526288069154,0.054676325441344084,0.8133474,2.809408743575708,2,1029,268,25.560722,"{""type"":""MultiPoint"",""coordinates"":[]}"
269_0,0.007060024661340598,0.66273296,1.8500196101965714,0.03312741040047371,0.41937515,-2.9798240128176654,0.060442053855065195,0.81049335,2.2831899240782887,2,3030,269,47.207153,"{""type"":""MultiPoint"",""coordinates"":[]}"
270_0,0.0543754198692521,0.65709555,-2.5961359124013494,0.06695887212470149,0.3798321,-2.3072872021392246,0.04551244349802799,0.82653844,3.0596821346240333,2,2610,270,34.99763,"{""type"":""MultiPoint"",""coordinates"":[]}"
271_0,0.035926578662924,0.65958357,2.101183375588814,0.055731689223485766,0.42208964,2.253406771216445,0.054723682032653,0.81305885,2.061943273390378,2,3026,271,41.460625,"{""type"":""MultiPoint"",""coordinates"":[]}"
272_0,0.02392785419155937,0.6801486,2.781591137242057,0.04702148774265658,0.41800183,3.129320547628614,0.03732119503812692,0.7962484,3.0230554632502873,2,2444,272,37.844387,"{""type"":""MultiPoint"",""coordinates"":[]}"
273_0,0.04920238454547261,0.61441576,2.7565039187932108,0.03972214865605493,0.34014967,2.945926821620041,0.04749735426981122,0.770968,2.6764194056270623,2,2619,273,40.985184,"{""type"":""MultiPoint"",""coordinates"":[]}"
274_0,0.024068463142793924,0.65689623,2.0625875311972925,0.011629190066273894,0.41436258,2.312554269709178,0.03979658749260048,0.799043,2.516701318379609,2,2966,274,52.44833,"{""type"":""MultiPoint"",""coordinates"":[]}"
275_0,0.03609242678872004,0.6441693,2.640927199327375,0.0260425877216073,0.3692445,2.959098033613486,0.05067661730093722,0.808431,2.3718636518824923,2,2961,275,39.675255,"{""type"":""MultiPoint"",""coordinates"":[]}"
276_0,0.019761534373165603,0.62545717,3.1028255760374277,0.02089251956551462,0.33210638,-2.688522392285045,0.033463034235285564,0.8137018,2.6228625410026654,2,2575,276,24.103699,"{""type"":""MultiPoint"",""coordinates"":[]}"
277_0,0.032741145344091574,0.6357135,3.0502224309913593,0.027910027147420656,0.38062945,1.9188927963228888,0.040899583625089934,0.80968636,2.5254122358530933,2,2606,277,22.201797,"{""type"":""MultiPoint"",""coordinates"":[]}"
278_0,0.04892665570957832,0.60728276,2.7621446594643553,0.039689821250549887,0.33287215,2.9277968008538315,0.05143499774481875,0.80914295,2.5519888013155088,2,3010,278,40.06975,"{""type"":""MultiPoint"",""coordinates"":[]}"
279_0,0.021097494419516905,0.60726434,3.129398910337098,0.03077355608803496,0.33186734,-2.7396888840714424,0.04088152194836886,0.7920614,2.993610867607804,2,2303,279,37.7982,"{""type"":""MultiPoint"",""coordinates"":[]}"
280_0,0.029875646029188005,0.6924053,2.8912821879614987,0.03329390257454307,0.42085195,3.0340117537102436,0.03959877573146623,0.8323764,2.4410056213189835,2,2950,280,23.990263,"{""type"":""MultiPoint"",""coordinates"":[]}"
281_0,0.0578245247714051,0.6201325,2.602843862893713,0.05790908595560069,0.36179456,2.5347559974668927,0.07727531471659381,0.79504544,2.4071747299700768,2,2805,281,30.643805,"{""type"":""MultiPoint"",""coordinates"":[]}"
282_0,0.05245497623299597,0.5901765,-3.0213772538255,0.051095101554463035,0.30782458,-2.696695474552643,0.06590281827785377,0.78740895,2.84284091364028,2,2643,282,48.057823,"{""type"":""MultiPoint"",""coordinates"":[]}"
283_0,0.053968085055037196,0.60895944,-1.681181990341492,0.026871103405205942,0.3712108,2.814220749731607,0.0763233008595971,0.7562012,-2.3839768292098813,2,2336,283,52.21024,"{""type"":""MultiPoint"",""coordinates"":[]}"
284_0,0.02629005594779934,0.7224262,2.858966217981644,0.03055280519696556,0.4375559,2.6453142196335584,0.02590300579492566,0.8576182,2.951819815825833,2,2416,284,45.72762,"{""type"":""MultiPoint"",""coordinates"":[]}"
285_0,0.021137113566752266,0.66795814,2.251044208498612,0.05661988040066409,0.42320895,2.12492283912012,0.03822470937010179,0.83364695,2.3973863434290923,2,2380,285,40.620922,"{""type"":""MultiPoint"",""coordinates"":[]}"
286_0,0.03398803787897734,0.6612492,-2.764596855499459,0.05510000683460866,0.4357396,2.1348673993882707,0.043208037936379576,0.8038012,2.999830797254656,2,2496,286,21.564716,"{""type"":""MultiPoint"",""coordinates"":[]}"
287_0,0.03869952179283708,0.6143376,-3.126280063247779,0.03734570109222658,0.34459984,3.1362932688167247,0.05326518675070572,0.7917375,2.905207513666009,2,2517,287,39.0232,"{""type"":""MultiPoint"",""coordinates"":[]}"
288_0,0.05725007310246355,0.5490792,1.8964922051189093,0.055947280554723915,0.34311244,1.943315645028419,0.11502972524131784,0.7045201,2.0866198654075063,2,3207,288,24.66712,"{""type"":""MultiPoint"",""coordinates"":[]}"
289_0,0.03291213028025052,0.5935711,2.8406294891602886,0.07373611775904754,0.3565941,2.5083127396539044,0.06198892162026969,0.79367083,2.6096043244451606,2,2546,289,37.191986,"{""type"":""MultiPoint"",""coordinates"":[]}"
290_0,0.04537566390762567,0.6976317,2.3182800414287503,0.046851274657100046,0.4353543,2.1755745013927696,0.039397858956061196,0.8355132,2.195244158352012,2,2559,290,18.875965,"{""type"":""MultiPoint"",""coordinates"":[]}"
291_0,0.03322772893211117,0.66155803,2.5960172461192994,0.03441207463908923,0.40885136,2.818766536020583,0.05008598908332357,0.7956433,2.4242569762533943,2,3080,291,32.426373,"{""type"":""MultiPoint"",""coordinates"":[]}"
292_0,0.043259180999688784,0.5763442,-3.025743566936445,0.0346941412388893,0.36129725,-3.104991430150553,0.05896146805007329,0.75714415,2.8771898802734066,2,2821,292,64.19204,"{""type"":""MultiPoint"",""coordinates"":[]}"
293_0,0.03078599739612786,0.6312248,-2.9164179728102355,0.030042254958676518,0.33927825,-2.638635239684141,0.02819211104335967,0.8088147,2.8532536626509826,2,2486,293,27.83339,"{""type"":""MultiPoint"",""coordinates"":[]}"
294_0,0.04191292282662555,0.6804579,2.4239911957664058,0.030512618915431583,0.4052308,2.4475786582314605,0.038894859476455323,0.8179785,2.53023314064929,2,2671,294,42.457672,"{""type"":""MultiPoint"",""coordinates"":[]}"
295_0,0.0327163837075478,0.67198294,-2.596434247636357,0.031396681152217415,0.3878904,-2.836022295362389,0.02578440464825847,0.836001,-2.2385933629226598,2,2511,295,45.4219,"{""type"":""MultiPoint"",""coordinates"":[]}"
296_0,0.0508166722244309,0.63058984,1.8902292743697096,0.10041184512599367,0.3981717,2.038059404812194,0.04826782932078316,0.7930655,3.0599741013059583,2,2599,296,49.53139,"{""type"":""MultiPoint"",""coordinates"":[]}"
297_0,0.0011050805725785397,0.64602476,-3.020858643358216,0.027761291943945905,0.35305628,-1.9295984726694406,0.034609820320658534,0.8194621,1.9003321030159253,2,2317,297,4.4409328,"{""type"":""MultiPoint"",""coordinates"":[]}"
298_0,0.02413208223353852,0.6310216,2.728990017913118,0.02489596054117052,0.35622823,2.843346380601472,0.03836074540081907,0.8033063,2.340423580722089,2,3030,298,29.409277,"{""type"":""MultiPoint"",""coordinates"":[]}"
299_0,0.04122422877671087,0.65994954,-1.8690263555380973,0.01379654214664325,0.42355764,2.9673485153728354,0.047535028914235715,0.81964266,-3.083505694036866,2,2855,299,42.72234,"{""type"":""MultiPoint"",""coordinates"":[]}"
300_0,0.03329700467395052,0.64150935,-2.453592965737636,0.040679470913754685,0.36787987,-2.2848024641097533,0.025681332990313943,0.7843462,-2.7846913735450567,2,2235,300,11.675374,"{""type"":""MultiPoint"",""coordinates"":[]}"
301_0,0.024995631751149574,0.7385126,2.994216552653567,0.03939018269775809,0.47710717,2.49468395606065,0.041893017969662376,0.872273,2.8530822376696503,2,1793,301,15.963544,"{""type"":""MultiPoint"",""coordinates"":[]}"
302_0,0.051806243235602165,0.6648893,2.5559963979802247,0.0530335358324119,0.41802895,2.685378800345239,0.05990883015888456,0.8208418,2.3170072888986044,2,3381,302,33.8184,"{""type"":""MultiPoint"",""coordinates"":[]}"
303_0,0.03800058669873537,0.69418657,2.6434913881010718,0.04042556534558077,0.4289727,2.740293294010753,0.04473736085534327,0.8398155,2.7372493921242187,2,2898,303,35.689426,"{""type"":""MultiPoint"",""coordinates"":[]}"
304_0,0.04801993257880597,0.70584846,-3.124474302660872,0.04927651158617276,0.39991546,-3.050123157034191,0.056464987552208884,0.85144013,3.1387076247159937,2,561,304,34.293343,"{""type"":""MultiPoint"",""coordinates"":[]}"
305_0,0.029919485461175666,0.66463983,2.6071214830017424,0.01949687124564549,0.3550784,2.607161085219359,0.035691300953670214,0.8421244,2.457258168934852,2,1699,305,47.31928,"{""type"":""MultiPoint"",""coordinates"":[]}"
306_0,0.028812357547869098,0.71026266,2.467085093984559,0.03769648097539099,0.43812343,2.3453744095844984,0.03080905460516709,0.8653398,2.4455342051994586,2,2587,306,25.971302,"{""type"":""MultiPoint"",""coordinates"":[]}"
307_0,0.03388435261260017,0.6354024,2.342999085461487,0.030822232641357413,0.3654698,2.615202962300054,0.05546483529839317,0.8008212,2.246145009618506,2,3074,307,39.751022,"{""type"":""MultiPoint"",""coordinates"":[]}"
308_0,0.03146130091026409,0.649386,3.125587759631123,0.020283763539455397,0.34771678,-2.8135594261592933,0.05593892134290705,0.8140915,2.923781500223143,2,2377,308,34.1154,"{""type"":""MultiPoint"",""coordinates"":[]}"
309_0,0.040047390029579376,0.68545103,2.8215885326518535,0.053544231496845424,0.39762858,2.555573609059407,0.03744137402815806,0.8373088,2.7236036379026016,2,1956,309,37.68521,"{""type"":""MultiPoint"",""coordinates"":[]}"
310_0,0.05711180088987206,0.728406,3.1187883669739143,0.05537329091561785,0.42882234,-3.070033056431281,0.05281706433446037,0.86487454,3.0059218094350175,2,1101,310,24.589981,"{""type"":""MultiPoint"",""coordinates"":[]}"
311_0,0.03766115186866947,0.692494,3.0420233682596134,0.04951345833759831,0.44767523,2.4069846986300796,0.035784733173466754,0.8368905,2.835915331695503,2,2579,311,32.200436,"{""type"":""MultiPoint"",""coordinates"":[]}"
312_0,0.029534135526153103,0.6506919,2.904223876445221,0.027117901317589538,0.34733975,3.1105752158608424,0.03406207622484181,0.83384407,2.5076445209165406,2,2464,312,40.436844,"{""type"":""MultiPoint"",""coordinates"":[]}"
313_0,0.050690870827179685,0.6461994,3.0097950075292057,0.044502292579660166,0.36837956,3.0176273935335782,0.03119417157580581,0.82359684,2.8753538577050533,2,2407,313,46.68856,"{""type"":""MultiPoint"",""coordinates"":[]}"
314_0,0.032901181131930364,0.64331055,2.8136363224052836,0.02574632293140216,0.3695647,2.552258217168429,0.03991304929267082,0.80910563,2.525507623719584,2,2611,314,34.750927,"{""type"":""MultiPoint"",""coordinates"":[]}"
315_0,0.03492433595589614,0.6527884,-2.8081675388102534,0.03367120473830513,0.35817477,-2.826938477804713,0.02907564953607483,0.82592803,3.0377998906901817,2,2352,315,30.356134,"{""type"":""MultiPoint"",""coordinates"":[]}"
316_0,0.036053365984098945,0.62126684,2.3512266168118168,0.02357970938223442,0.33750317,2.44213954141075,0.04902994854889864,0.80593085,2.344404578299371,2,2382,316,36.557384,"{""type"":""MultiPoint"",""coordinates"":[]}"
317_0,0.04174379090713879,0.666078,2.804169156855907,0.03281662287443828,0.3911155,2.819164642734398,0.0370539103811045,0.82212645,2.593151818961361,2,2727,317,35.100254,"{""type"":""MultiPoint"",""coordinates"":[]}"
318_0,0.007495243249356236,0.6814562,2.867493995388026,0.03542509019681541,0.42678928,2.1675528764820364,0.02590692028008875,0.8123752,2.96426881313863,2,2418,318,30.38912,"{""type"":""MultiPoint"",""coordinates"":[]}"
319_0,0.043132111063829484,0.5624911,-2.9498097126915193,0.04547819637297167,0.32961082,2.141882290299694,0.03904551306103687,0.75767004,3.099483132068227,2,2873,319,39.08656,"{""type"":""MultiPoint"",""coordinates"":[]}"
320_0,0.03641127985268304,0.6160387,2.9734714525164767,0.025300997264821472,0.33782396,3.0335697232966,0.04210085567869315,0.79501,2.7514494569166668,2,2499,320,29.383896,"{""type"":""MultiPoint"",""coordinates"":[]}"
321_0,0.04340611487812418,0.6513318,2.533920232325376,0.027009005154301543,0.38502648,2.8937209375648134,0.042626342136517816,0.77992195,2.5390087296904054,2,2899,321,17.705065,"{""type"":""MultiPoint"",""coordinates"":[]}"
322_0,0.03793200390471915,0.7275396,2.709120617061144,0.039952981296171065,0.45348766,2.5968893819595653,0.03970108934689093,0.865967,2.846343937556089,2,2495,322,26.155333,"{""type"":""MultiPoint"",""coordinates"":[]}"
323_0,0.03633493448013257,0.68926406,2.749813620240984,0.03847200927165616,0.43548813,2.452205794036382,0.06068461309975388,0.8081126,2.4334651228676787,2,2883,323,39.5656,"{""type"":""MultiPoint"",""coordinates"":[]}"
324_0,0.08491677217293866,0.6167264,2.695247154243282,0.09975100410452649,0.34724993,2.5404391239365247,0.05581997743734127,0.8081162,2.9425170667980582,2,2418,324,38.23145,"{""type"":""MultiPoint"",""coordinates"":[]}"
325_0,0.031791581261792726,0.68048674,2.475660281918393,0.04149956610630166,0.43145522,2.348009208910434,0.04828358830758945,0.82917416,2.430967521216876,2,2923,325,10.070634,"{""type"":""MultiPoint"",""coordinates"":[]}"
326_0,0.04666879733786125,0.61909664,-2.7959589415527697,0.053156974695349336,0.3661857,2.7811257149166924,0.05063607206668134,0.7868674,-3.0809192687663707,2,2325,326,45.42081,"{""type"":""MultiPoint"",""coordinates"":[]}"
327_0,0.055123789173040165,0.6719884,2.7436893422183792,0.05691775810813226,0.40697333,2.3677525845094287,0.053124106196344625,0.8310682,-3.1135248178755055,2,1985,327,33.85016,"{""type"":""MultiPoint"",""coordinates"":[]}"
328_0,0.04164800720039251,0.6655124,2.3506004861693413,0.037031396870397484,0.371883,2.502544443721946,0.04808707541608571,0.82678604,2.405844641332899,2,2125,328,3.8418515,"{""type"":""MultiPoint"",""coordinates"":[]}"
329_0,0.038072039666887464,0.5889643,2.529658368363455,0.0499046302458576,0.34470823,2.3814129216624425,0.04831233541066204,0.76835203,2.263508687911032,2,2958,329,16.926573,"{""type"":""MultiPoint"",""coordinates"":[]}"
330_0,0.029074771217635218,0.6743483,-3.1411667752494905,0.02354947150615895,0.38055828,3.118859886768273,0.029086694786300722,0.8436323,2.989586262869892,2,2434,330,41.953922,"{""type"":""MultiPoint"",""coordinates"":[]}"
331_0,0.031970743441347545,0.6267556,-2.618248081166738,0.03407558439017972,0.33887395,-2.5027277138607067,0.03138519453319002,0.78350425,-2.7372679784643164,2,2295,331,29.46148,"{""type"":""MultiPoint"",""coordinates"":[]}"
332_0,0.02788345258092743,0.6648762,-2.8790968616156665,0.029799652377648932,0.36519817,3.137210458153107,0.025216227470789613,0.8375469,-2.8081147103960054,2,2040,332,13.523911,"{""type"":""MultiPoint"",""coordinates"":[]}"
333_0,0.03674075278412248,0.59424525,-2.897877835721183,0.03278786161236178,0.32271087,3.111366435732153,0.04776518599064401,0.7798293,3.0043346993631967,2,2190,333,23.028084,"{""type"":""MultiPoint"",""coordinates"":[]}"
334_0,0.05244668178429889,0.6804859,2.4906228538024724,0.05445372280367478,0.41842887,2.547769628325549,0.03803632479487135,0.8209017,2.4348966939935908,2,2336,334,28.554703,"{""type"":""MultiPoint"",""coordinates"":[]}"
335_0,0.05923328674430407,0.63201255,2.802556843672037,0.06004569470744641,0.36703828,2.6820963147977164,0.06436170689314445,0.7687368,2.556136873514252,2,2542,335,41.225967,"{""type"":""MultiPoint"",""coordinates"":[]}"
336_0,0.02731572803028638,0.6461511,-2.987637859116192,0.030973462062624708,0.38113612,3.0713625050408955,0.02930264954791717,0.8079967,2.8093379377657177,2,2682,336,34.911213,"{""type"":""MultiPoint"",""coordinates"":[]}"
337_0,0.02376841794137169,0.6984522,2.83793122589061,0.021673293579547517,0.41587546,3.0201422794791015,0.029708006596234442,0.8502546,2.7398959908315437,2,2601,337,19.893017,"{""type"":""MultiPoint"",""coordinates"":[]}"
338_0,0.032289851548636145,0.57646596,2.1360830472138623,0.06983540802631402,0.3551173,2.312278532638151,0.09209986758519197,0.78968793,2.165942878340659,2,3443,338,35.79432,"{""type"":""MultiPoint"",""coordinates"":[]}"
339_0,0.050627192050653094,0.5779332,2.8605875253705912,0.05546481303954353,0.3205111,-2.9557663130238954,0.07216059430212825,0.78482795,2.5962775494718726,2,2851,339,40.91276,"{""type"":""MultiPoint"",""coordinates"":[]}"
340_0,0.02569070446669402,0.645263,-3.079454267848633,0.026366021275410458,0.37117285,-2.749424199103137,0.0223448799966195,0.82657176,2.651609512342808,2,3005,340,43.91451,"{""type"":""MultiPoint"",""coordinates"":[]}"
341_0,0.032671501423173516,0.7071615,-2.9628561101541218,0.02518036095343652,0.41983473,-2.6806385527046968,0.03505152187263278,0.8473592,2.6253555069919963,2,2602,341,23.040722,"{""type"":""MultiPoint"",""coordinates"":[]}"
342_0,0.04631943986481585,0.680703,2.323689174471035,0.05117152015573433,0.41343144,2.2609729495441755,0.055733589516404225,0.8262778,2.2550528709133184,2,2868,342,32.680984,"{""type"":""MultiPoint"",""coordinates"":[]}"
343_0,0.0237548540208032,0.7377248,2.81597577460445,0.024621491105471228,0.45901477,2.5319304891299694,0.024417508352879994,0.85476005,2.9101328169619123,2,1841,343,20.588255,"{""type"":""MultiPoint"",""coordinates"":[]}"
344_0,0.04023372815656166,0.61746466,-2.5516532421700497,0.011970881618342569,0.35413823,-3.091056736953384,0.02446109896996746,0.7970781,2.971218881206692,2,2229,344,51.435368,"{""type"":""MultiPoint"",""coordinates"":[]}"
345_0,0.02582231168490041,0.6115021,3.0194847269182645,0.030678283498260628,0.34468254,2.562193301992956,0.04242440741496987,0.80689955,2.9438086356764757,2,2217,345,23.844767,"{""type"":""MultiPoint"",""coordinates"":[]}"
346_0,0.023789272679975722,0.7138088,-2.896864662808972,0.022365132443908073,0.44958386,-2.6250307544725437,0.02154903188135791,0.8493827,2.4965788640541997,2,3161,346,14.060589,"{""type"":""MultiPoint"",""coordinates"":[]}"
347_0,0.051744553417523785,0.66316,-2.568092669124824,0.04424492145451307,0.43582454,2.411292368432177,0.04255165583078774,0.7991571,-2.9578144447743875,2,2670,347,37.73723,"{""type"":""MultiPoint"",""coordinates"":[]}"
348_0,0.036597560357032155,0.21604314,-2.4083583364529924,0.036766355947522256,0.095454186,-2.2256841748958522,0.02790529412136503,0.218861,-2.8778947688628644,2,2794,348,48.70847,"{""type"":""MultiPoint"",""coordinates"":[]}"
349_0,0.04260540151440355,0.74421257,2.805915467014793,0.04228178498664457,0.47790986,2.737825009813763,0.0389314121389782,0.8699012,3.1042082454570674,2,1378,349,34.113773,"{""type"":""MultiPoint"",""coordinates"":[]}"
350_0,0.04460205253174042,0.58791,-2.4413983741798253,0.023319935695551738,0.3212904,-2.9029756493037686,0.034018070249178536,0.8269948,-2.990667583105396,2,1153,350,18.194218,"{""type"":""MultiPoint"",""coordinates"":[]}"
351_0,0.0324066212817365,0.6016566,2.9706939302536153,0.06736447155327649,0.3349911,2.9555648793229645,0.06833234444162083,0.80497706,3.0916079620693058,2,2337,351,29.26113,"{""type"":""MultiPoint"",""coordinates"":[]}"
352_0,0.04917286244292803,0.6730341,2.3396136722842886,0.05555916794315918,0.39788637,2.4327780161157584,0.04611413127389792,0.82708704,2.3047685909132762,2,2812,352,37.932053,"{""type"":""MultiPoint"",""coordinates"":[]}"
353_0,0.03586145084248832,0.7075994,2.566095409539745,0.033075413420778924,0.4367311,2.6030565643499632,0.04708082859403741,0.83580697,2.6685516946613563,2,2878,353,31.422506,"{""type"":""MultiPoint"",""coordinates"":[]}"
354_0,0.03604478569440215,0.6112151,2.8742212018745517,0.031346146696712346,0.32731757,2.9709174011080832,0.030678487997266274,0.792404,2.6528692189801144,2,2424,354,16.957869,"{""type"":""MultiPoint"",""coordinates"":[]}"
355_0,0.012858588793684764,0.6553647,-2.704622163161462,0.037659706456049796,0.4026195,2.317154097994854,0.02922743825219029,0.80480224,2.4871282484054515,2,2719,355,27.092276,"{""type"":""MultiPoint"",""coordinates"":[]}"
356_0,0.10689208655361325,0.5975877,-2.6555979869647652,0.09909000211473278,0.2872425,-2.4263085062466203,0.08297995737296215,0.79560417,-2.6840277199661378,2,873,356,18.395735,"{""type"":""MultiPoint"",""coordinates"":[]}"
357_0,0.03412281017836568,0.6994233,2.814284732134785,0.026801212440614654,0.43449634,2.886764137449978,0.03429708007656285,0.856837,2.4632461146739475,2,2751,357,20.6912,"{""type"":""MultiPoint"",""coordinates"":[]}"
358_0,0.03896177717870953,0.41663417,-2.5541148470718826,0.035942112177500166,0.20249043,-2.4388509019386726,0.02476226998738815,0.55691034,-1.721680254791937,2,2325,358,19.212013,"{""type"":""MultiPoint"",""coordinates"":[]}"
359_0,0.027593549635360738,0.658413,3.0444429659545618,0.034205042416209426,0.38709652,3.0990033541097866,0.04242878631648467,0.81243503,2.652221439606064,2,2813,359,39.553265,"{""type"":""MultiPoint"",""coordinates"":[]}"
360_0,0.03327089149989624,0.6592728,1.7740761674123198,0.05066575405575887,0.43103498,2.0394394005954917,0.06650391746377976,0.8138938,2.0526587941508367,2,2873,360,44.042557,"{""type"":""MultiPoint"",""coordinates"":[]}"
361_0,0.04200830582408705,0.69759536,-3.1105244947046566,0.03739272519236923,0.43974444,2.997363771457213,0.031645299905856496,0.82591665,-2.612376528002878,2,2458,361,35.101234,"{""type"":""MultiPoint"",""coordinates"":[]}"
362_0,0.042623133573686495,0.68915683,-2.7248438045180854,0.04198471346145591,0.40467334,-2.907725239685803,0.03555492903541974,0.8381257,-2.840580602287776,2,2381,362,38.105972,"{""type"":""MultiPoint"",""coordinates"":[]}"
363_0,0.007544425681237525,0.45635733,1.4442121550362796,0.020737005787818535,0.23260225,-3.065692505662429,0.04631547043484237,0.6610033,2.4053728502398077,2,3596,363,43.16256,"{""type"":""MultiPoint"",""coordinates"":[]}"
364_0,0.10051805698557853,0.56623536,-2.9011303986056345,0.09301741041535777,0.28414515,-2.8559508108696203,0.09264082023062313,0.7335262,-3.050424288511111,2,2816,364,23.683693,"{""type"":""MultiPoint"",""coordinates"":[]}"
365_0,0.01849913557943743,0.6676647,-2.6814438849411406,0.05352567496766719,0.36432925,-1.2490732228492485,0.036033371814619054,0.8399254,-3.1141045345340066,2,1080,365,32.885788,"{""type"":""MultiPoint"",""coordinates"":[]}"
366_0,0.07254663737593924,0.61781687,2.6756487515462557,0.07740299417383947,0.3454014,2.780004120502227,0.06578533910590922,0.78861386,2.4950241994739804,2,3084,366,23.178013,"{""type"":""MultiPoint"",""coordinates"":[]}"
367_0,0.07280068444188133,0.5686628,-2.7357791127212696,0.07449161500592125,0.28723884,-2.631343942058299,0.06305356955152316,0.7689955,-3.0419149044093357,2,2910,367,24.486536,"{""type"":""MultiPoint"",""coordinates"":[]}"
368_0,0.03944391204429266,0.68329316,2.6181604462206804,0.03135984555954078,0.40684342,2.853700644364633,0.05616710222628342,0.8131683,2.425514968556539,2,3028,368,30.416046,"{""type"":""MultiPoint"",""coordinates"":[]}"
369_0,0.05145702130673085,0.598847,2.3766126099584737,0.044447595134377696,0.34315214,2.5519991659079935,0.059888606591745996,0.758287,2.354704201487524,2,3244,369,40.155712,"{""type"":""MultiPoint"",""coordinates"":[]}"
370_0,0.05107864121227563,0.60529137,2.475570193154968,0.04458247545279126,0.3275878,2.713802526747617,0.05636554712212788,0.76894504,2.2876578055995287,2,2319,370,35.41475,"{""type"":""MultiPoint"",""coordinates"":[]}"
371_0,0.025304937246047994,0.6075476,2.879370131279016,0.016963871790319357,0.33133626,2.683887294937127,0.03102624547533041,0.77483696,2.7326862982539684,2,2755,371,32.687775,"{""type"":""MultiPoint"",""coordinates"":[]}"
372_0,0.07691312003832752,0.7243284,2.140894174622132,0.1077030843026236,0.48405373,2.0897389269163975,0.03060230758547022,0.8168202,2.7189566915012984,2,2640,372,44.18382,"{""type"":""MultiPoint"",""coordinates"":[]}"
373_0,0.026536087307218473,0.7027212,3.00504928779039,0.02108877685004044,0.4462575,3.0222982879736655,0.03509455771272319,0.8399039,2.760712561112452,2,3031,373,37.59512,"{""type"":""MultiPoint"",""coordinates"":[]}"
374_0,0.03655665291187648,0.65930825,2.895996364309682,0.03239528928832995,0.37333295,2.9188952761051343,0.03499757500536096,0.8476426,2.805702065415456,2,2474,374,24.645351,"{""type"":""MultiPoint"",""coordinates"":[]}"
375_0,0.0249768367064577,0.65079904,-2.4947957279048136,0.047266506947732954,0.3978672,2.5022356801239023,0.06373441577623414,0.8048471,2.771093347926032,2,2457,375,28.972282,"{""type"":""MultiPoint"",""coordinates"":[]}"
376_0,0.08699500636406184,0.5257538,2.5933270746826222,0.06531177234943732,0.26410738,2.7104144487248814,0.0645987487012912,0.73916095,2.6742490882015204,2,2993,376,28.096294,"{""type"":""MultiPoint"",""coordinates"":[]}"
377_0,0.026524925967802315,0.68063086,2.9124970743527574,0.043933224369722926,0.40219077,2.5119531698840323,0.015405337494158225,0.83239526,2.0794105268326746,2,2489,377,32.071312,"{""type"":""MultiPoint"",""coordinates"":[]}"
378_0,0.05212623170239324,0.6764436,2.3266438945951498,0.06997226439466642,0.4247234,2.3043649511841284,0.05220222485394497,0.81692785,2.26894243660853,2,2901,378,24.534203,"{""type"":""MultiPoint"",""coordinates"":[]}"
379_0,0.025024055121301365,0.6971164,2.916981516843751,0.02490933333995327,0.42096132,3.1269702531157106,0.03351036844294359,0.8323796,2.5921904943942247,2,2545,379,23.301228,"{""type"":""MultiPoint"",""coordinates"":[]}"
380_0,0.02517961532538368,0.7142187,-3.078076471890204,0.02358741364213609,0.45543715,2.9642646271351785,0.01769962963719949,0.8537469,3.0090232650437554,2,1807,380,8.528871,"{""type"":""MultiPoint"",""coordinates"":[]}"
381_0,0.03227121779330637,0.68405294,-2.7605934234328053,0.032742947248517076,0.42609325,-2.5555577841474397,0.03575071286126518,0.8326854,2.8630579391125783,2,2977,381,16.089428,"{""type"":""MultiPoint"",""coordinates"":[]}"
382_0,0.053737049708811366,0.6774779,2.8071573715085343,0.05573346588875338,0.41071752,2.847038938145963,0.04515361375572545,0.8265894,2.604906214193186,2,2747,382,30.08022,"{""type"":""MultiPoint"",""coordinates"":[]}"
383_0,0.050859057920267244,0.66298103,2.4540619509959107,0.05797595413499646,0.39530015,2.598963517778384,0.039567683186232376,0.81428534,2.3744309175226035,2,2679,383,17.863428,"{""type"":""MultiPoint"",""coordinates"":[]}"
384_0,0.08319898265109955,0.44086194,-3.062637724838995,0.07360584370150706,0.19224368,3.016843322367806,0.06688231702046456,0.6943013,2.9086509400708147,2,2970,384,30.71087,"{""type"":""MultiPoint"",""coordinates"":[]}"
385_0,0.04036316728582907,0.73342496,2.9762133567589255,0.03382371743414259,0.45485806,2.9056724382180446,0.04727458671331766,0.8620498,2.8497117096072997,2,637,385,19.960213,"{""type"":""MultiPoint"",""coordinates"":[]}"
386_0,0.04244397036462208,0.5121007,-2.1624292604394677,0.04086142752806011,0.2970728,-2.252429034312624,0.031663787335578716,0.68841314,-2.8991849664012883,2,3219,386,29.534676,"{""type"":""MultiPoint"",""coordinates"":[]}"
387_0,0.052576021150500064,0.59371895,2.719011102694057,0.05037362856055502,0.3418933,2.649309366446459,0.06710269291097033,0.7928239,2.426049752416651,2,2771,387,27.94642,"{""type"":""MultiPoint"",""coordinates"":[]}"
388_0,0.02902127344457474,0.634998,2.7989524448919534,0.021834294863872367,0.355555,2.8518849004555378,0.03818095223489328,0.8101667,2.3970085534578174,2,2266,388,14.973632,"{""type"":""MultiPoint"",""coordinates"":[]}"
389_0,0.05656178458891813,0.57527274,-2.8067959025429143,0.05467999354397495,0.2962078,-2.757663456954227,0.03304827152437795,0.7810368,3.0684019156410036,2,2672,389,32.08047,"{""type"":""MultiPoint"",""coordinates"":[]}"
390_0,0.06651765051903465,0.6536348,-2.650612990526172,0.06284227520501008,0.37749535,-2.5514524341773295,0.05443565206585748,0.8043468,-2.807458084581142,2,2557,390,36.187534,"{""type"":""MultiPoint"",""coordinates"":[]}"
391_0,0.02210272556565888,0.58826655,-2.2544568176968647,0.023568723597822663,0.321115,-2.0749617506843183,0.02249354376042065,0.7658786,2.8905020428078565,2,2654,391,25.57104,"{""type"":""MultiPoint"",""coordinates"":[]}"
392_0,0.03778803450391335,0.63867325,-2.9065566542060615,0.011980469903500197,0.37636855,2.588380612627268,0.03918002356614696,0.7953756,-2.376326154692813,2,2337,392,10.973845,"{""type"":""MultiPoint"",""coordinates"":[]}"
393_0,0.2286194658555064,0.5471619,-2.219677154952716,0.20788953404362703,0.24923545,-2.1394772172206213,0.13137785426411425,0.7876214,-2.3095113981169266,2,2245,393,34.384384,"{""type"":""MultiPoint"",""coordinates"":[]}"
394_0,0.029342643014791784,0.6554997,2.780656358278738,0.03531088612988801,0.40139306,2.799769909320357,0.04467790984440563,0.79913914,2.5495519085245197,2,2647,394,24.448944,"{""type"":""MultiPoint"",""coordinates"":[]}"
395_0,0.1410317069026646,0.57677805,-2.271114385902024,0.13128318235058145,0.27776062,-2.199702183088124,0.08137439886853357,0.79151744,-2.4051733107331574,2,2205,395,19.596474,"{""type"":""MultiPoint"",""coordinates"":[]}"
396_0,0.01726570558424199,0.76314455,2.5541486475916826,0.021694338262487817,0.49485114,2.5134896520637344,0.026106050215765862,0.87546957,2.636075080911391,2,2270,396,26.101217,"{""type"":""MultiPoint"",""coordinates"":[]}"
397_0,0.025685099360995355,0.65856934,2.3368143724969057,0.025115821057333215,0.39316645,2.4246490050142104,0.04240935331907099,0.80962485,2.328747208560534,2,2909,397,29.881092,"{""type"":""MultiPoint"",""coordinates"":[]}"
398_0,0.03428245370752963,0.6057144,2.9451633041137035,0.03485739244385477,0.33171615,2.992738204714107,0.04360148258939185,0.76655436,3.0029436380855627,2,2753,398,26.638409,"{""type"":""MultiPoint"",""coordinates"":[]}"
399_0,0.057178603866366494,0.5814438,2.686464775396755,0.0515310457272159,0.32158682,2.8910844368163637,0.06453864472690377,0.758358,2.4584815554551067,2,2799,399,37.207275,"{""type"":""MultiPoint"",""coordinates"":[]}"
400_0,0.037788384386856555,0.60032594,2.613354314997063,0.030050455413500606,0.31206247,2.757939289348264,0.03693472058036842,0.8046985,2.5424990051141845,2,2498,400,47.62708,"{""type"":""MultiPoint"",""coordinates"":[]}"
401_0,0.04105857748254172,0.68490475,2.302912540657246,0.04914957973460889,0.4173992,2.321431335915321,0.04778865774112295,0.8235964,2.056551966443108,2,3002,401,31.533281,"{""type"":""MultiPoint"",""coordinates"":[]}"
402_0,0.0099471102825682,0.65062326,2.863342024778137,0.01623260791493693,0.39160892,1.2090512742004451,0.05090801121477503,0.7820661,-2.5716086690432673,2,2822,402,39.953976,"{""type"":""MultiPoint"",""coordinates"":[]}"
403_0,0.03658462587161688,0.6822677,2.5076884144535594,0.0347875068125062,0.39474726,2.4699754998907073,0.03510306165656574,0.84659684,2.5880141829119765,2,2203,403,22.105911,"{""type"":""MultiPoint"",""coordinates"":[]}"
404_0,0.056708500647242886,0.6154207,2.8485194095039805,0.05488231903294561,0.34878823,3.0462109513245896,0.054987957201823895,0.7996499,2.6713862295603885,2,2650,404,30.883097,"{""type"":""MultiPoint"",""coordinates"":[]}"
405_0,0.04594384040334253,0.6053511,2.647726930892725,0.05142806191486834,0.355859,2.0589205380418285,0.04061080123468338,0.78681624,2.7110092611673036,2,2697,405,35.658737,"{""type"":""MultiPoint"",""coordinates"":[]}"
406_0,0.03327592423888973,0.66685647,2.880603851019977,0.0274766891352117,0.39580572,2.9363115849487063,0.04998391777479234,0.80748916,2.5106665386652516,2,3166,406,32.65239,"{""type"":""MultiPoint"",""coordinates"":[]}"
407_0,0.04271545010653285,0.6279518,-3.1291656642236987,0.036270499628016054,0.34891942,-2.857009875159318,0.042041531639910534,0.8025966,3.130227795213278,2,2289,407,37.38928,"{""type"":""MultiPoint"",""coordinates"":[]}"
408_0,0.03365434339817782,0.6376597,2.677180112445184,0.032203807809356846,0.34231275,2.8738174221163644,0.027790610047038523,0.8196513,2.489034848789336,2,2131,408,19.35063,"{""type"":""MultiPoint"",""coordinates"":[]}"
409_0,0.03012907688915267,0.67883587,2.7187953359303645,0.02679641112190396,0.3972547,2.6452311578305343,0.025292438752012595,0.838423,2.7792079732015456,2,2350,409,32.1208,"{""type"":""MultiPoint"",""coordinates"":[]}"
410_0,0.06411941966421979,0.6192449,2.5062587065082487,0.09068982911495986,0.36455578,2.527415735770444,0.05333914870376714,0.7723264,2.5356362874472036,2,2885,410,26.838095,"{""type"":""MultiPoint"",""coordinates"":[]}"
411_0,0.04426437300611974,0.6260524,2.9763507451523195,0.03541892568295705,0.33932248,-3.1070989354155647,0.04805584852247406,0.7988505,2.5706132297702315,2,2688,411,35.729294,"{""type"":""MultiPoint"",""coordinates"":[]}"
412_0,0.03725074567695081,0.6788704,2.5867514594737835,0.04089979650168586,0.4046666,2.732960639675874,0.03622709223988628,0.8302888,2.3183677334689348,2,2428,412,26.345348,"{""type"":""MultiPoint"",""coordinates"":[]}"
413_0,0.05812358001731286,0.64739096,2.490007941130834,0.05036620672992825,0.3763982,2.5599285650827373,0.0600405295723381,0.8163847,2.402830291392717,2,2964,413,21.017723,"{""type"":""MultiPoint"",""coordinates"":[]}"
414_0,0.03381674840887058,0.66978085,2.3816603570203583,0.03834868792895133,0.42052776,2.5263712111281085,0.04640075162300984,0.80779094,2.4069811029133623,2,3210,414,36.57072,"{""type"":""MultiPoint"",""coordinates"":[]}"
415_0,0.03039966085544597,0.76818115,2.838170518623473,0.03299851319408629,0.510598,2.816056070828858,0.02636620849270854,0.86585116,2.7146609792863123,2,1549,415,22.821838,"{""type"":""MultiPoint"",""coordinates"":[]}"
416_0,0.031160404108612785,0.7149275,2.846963413008813,0.028409625316984075,0.44014972,2.914202980919465,0.022891966884963085,0.85997814,2.643309113938278,2,2605,416,38.927357,"{""type"":""MultiPoint"",""coordinates"":[]}"
417_0,0.017325780385404523,0.6032401,3.116854583180719,0.020736859684180927,0.3549328,2.6695615004649014,0.02920858280855083,0.7637079,2.8935958145641445,2,3490,417,40.7538,"{""type"":""MultiPoint"",""coordinates"":[]}"
418_0,0.049800698413716156,0.68218726,2.4449570474559854,0.053869730483753486,0.41819155,2.4316843393505225,0.046196435483083886,0.8266893,2.364197486672607,2,2881,418,39.14678,"{""type"":""MultiPoint"",""coordinates"":[]}"
419_0,0.03376423123198635,0.7253261,2.4477894445161636,0.041828794343686894,0.4731174,2.5207485902989593,0.038051632521623864,0.83403486,2.520737486667332,2,2778,419,25.4918,"{""type"":""MultiPoint"",""coordinates"":[]}"
420_0,0.045033082393603936,0.58055186,2.213037499877823,0.04310853913942228,0.3309909,2.898435117298066,0.04857362690633385,0.733613,-3.0340781914639994,2,2818,420,45.11853,"{""type"":""MultiPoint"",""coordinates"":[]}"
421_0,0.034383967962146156,0.69422,2.7432612788522923,0.03374502456970679,0.41712564,2.8215842602882932,0.03079487546573761,0.8520135,2.5967156516746472,2,2352,421,16.727018,"{""type"":""MultiPoint"",""coordinates"":[]}"
422_0,0.04451642196001047,0.68634665,2.3105601451093163,0.050523700291188745,0.43059728,2.250426356797623,0.04051355001424827,0.83944803,2.4083797627586505,2,2510,422,30.438646,"{""type"":""MultiPoint"",""coordinates"":[]}"
423_0,0.031503983106614356,0.674638,2.832124170079415,0.033082876832158103,0.39584312,2.9357060081446846,0.0433723602147291,0.832555,2.516994225495137,2,2846,423,28.60311,"{""type"":""MultiPoint"",""coordinates"":[]}"
424_0,0.03555283852880086,0.71612763,-2.8758168315723123,0.017412657317351515,0.46021342,-2.1440312049756893,0.04120240929402809,0.824122,-1.99317248767472,2,1280,424,27.548035,"{""type"":""MultiPoint"",""coordinates"":[]}"
425_0,0.052462525763200187,0.67245245,2.0395760547675303,0.03329133048630334,0.42821753,2.2201911819275404,0.06542309063078637,0.8233372,2.0070355909007214,2,2996,425,51.90963,"{""type"":""MultiPoint"",""coordinates"":[]}"
426_0,0.03967207344092843,0.7018014,-3.0808612413224847,0.02319470522678999,0.4400058,3.0435679070455235,0.04816566917449044,0.84332275,2.6021635346156597,2,2973,426,15.504374,"{""type"":""MultiPoint"",""coordinates"":[]}"
427_0,0.02873454203739435,0.6268141,-2.5925101813095326,0.042601266481504835,0.3429699,-2.876129117513581,0.026756231987998626,0.7903522,-2.392635718249402,2,2479,427,33.028282,"{""type"":""MultiPoint"",""coordinates"":[]}"
428_0,0.05249799088602192,0.64422536,2.793906943834302,0.047956902560578295,0.36841103,2.951711005230846,0.06271905919387478,0.82699114,2.488394703670508,2,2970,428,41.95341,"{""type"":""MultiPoint"",""coordinates"":[]}"
429_0,0.02132052833481864,0.6971835,2.8813027846832284,0.024881020049844795,0.4256563,2.9531201017903164,0.03616704406754597,0.8409023,2.2776485353033076,2,2848,429,25.718,"{""type"":""MultiPoint"",""coordinates"":[]}"
430_0,0.04299531055533589,0.7482221,2.339693318992554,0.05441232514780063,0.4867636,2.2954008938831247,0.03357755041443105,0.8666955,2.4416467764419583,2,1599,430,21.067167,"{""type"":""MultiPoint"",""coordinates"":[]}"
431_0,0.07896207581956122,0.61186624,-2.5756021749819253,0.06046384784822664,0.31982407,-2.5053555473811207,0.05222542405142335,0.8159911,-2.7929035400192306,2,2414,431,40.06096,"{""type"":""MultiPoint"",""coordinates"":[]}"
432_0,0.07054798764615276,0.6999898,1.993514927990701,0.07910643237140992,0.4484929,1.881800963697375,0.040013119534165406,0.78851557,3.0853770733646004,2,2706,432,41.946472,"{""type"":""MultiPoint"",""coordinates"":[]}"
433_0,0.057377814205470716,0.49785185,-3.069264950680432,0.035523836529229705,0.2813366,2.164206532690527,0.035592746294951405,0.72046036,2.642826797085297,2,2762,433,39.061893,"{""type"":""MultiPoint"",""coordinates"":[]}"
434_0,0.021570360470656663,0.6412554,3.125702833610946,0.02150355124937555,0.37415937,3.1301491415364118,0.028408919737327478,0.81456995,2.2693236566833073,2,2715,434,24.847263,"{""type"":""MultiPoint"",""coordinates"":[]}"
435_0,0.023514526325964964,0.65837586,-2.9755171136333547,0.028409638515857902,0.3853083,2.9467393844629526,0.03305766876918667,0.8138538,2.704762015741884,2,2402,435,25.648537,"{""type"":""MultiPoint"",""coordinates"":[]}"
436_0,0.051948407580746085,0.60480845,2.663905391743441,0.05189471336472091,0.32400066,2.5649302709839077,0.050706462195422825,0.8143026,2.644101360345596,2,2651,436,42.131294,"{""type"":""MultiPoint"",""coordinates"":[]}"
437_0,0.04574028216672521,0.61869276,2.541021962481251,0.05216064723314654,0.35730144,2.551628535074174,0.03584230018608244,0.8087047,2.189944737152537,2,2914,437,19.757452,"{""type"":""MultiPoint"",""coordinates"":[]}"
438_0,0.02248823038131692,0.58963865,-2.1446270877185345,0.024859330321469968,0.31261986,-2.090207161398146,0.02719728267373592,0.7733335,2.7610460838794126,2,2578,438,31.158003,"{""type"":""MultiPoint"",""coordinates"":[]}"
439_0,0.03908797943587447,0.6982346,2.283447584075064,0.03455232295117386,0.4343821,2.485419075369488,0.05298092109729432,0.8139872,2.7445905215299398,2,2360,439,25.917738,"{""type"":""MultiPoint"",""coordinates"":[]}"
440_0,0.02582605538148661,0.7305622,-2.9758581610090453,0.01990188882693579,0.46945268,2.0059963486639862,0.02745836067502274,0.8804486,-3.0734748308098094,2,1223,440,13.683539,"{""type"":""MultiPoint"",""coordinates"":[]}"
441_0,0.0297633976578155,0.591943,-3.0685712332802786,0.026784473111604496,0.30491474,-2.7971387235311496,0.042233636848223566,0.78469443,2.818251513950815,2,2264,441,33.606953,"{""type"":""MultiPoint"",""coordinates"":[]}"
442_0,0.05513303420109738,0.7254167,2.132645944754584,0.061933664253849684,0.46853822,2.2777882940381886,0.04666673971798416,0.8454937,2.024108274936234,2,2813,442,11.924461,"{""type"":""MultiPoint"",""coordinates"":[]}"
443_0,0.03637283613800959,0.59134716,-3.051908123190539,0.02198913196793506,0.34897548,3.0052788612881436,0.04000461998234103,0.7839587,2.7971698845282704,2,2613,443,29.666857,"{""type"":""MultiPoint"",""coordinates"":[]}"
444_0,0.04386619942674458,0.66008174,2.712662710831114,0.030546061891025957,0.38816822,2.6158448445859337,0.04462798879697951,0.8150303,2.488846738310851,2,2769,444,17.23012,"{""type"":""MultiPoint"",""coordinates"":[]}"
445_0,0.030304211898092123,0.67505115,2.559345307474027,0.03668406642002262,0.40309477,2.665164850496603,0.03624774087873495,0.8238358,2.4353966417131065,2,2485,445,22.93027,"{""type"":""MultiPoint"",""coordinates"":[]}"
446_0,0.022621911562676084,0.63254434,-2.797468774721553,0.026386099798972086,0.3773336,2.7928683094166233,0.0399261910627687,0.79357135,3.078047105618598,2,2591,446,26.234337,"{""type"":""MultiPoint"",""coordinates"":[]}"
447_0,0.0296355565173047,0.61048204,2.569126740943221,0.037266631548750345,0.34877974,2.2911485180963362,0.04543113624529834,0.8071803,2.2945500774017997,2,2404,447,12.961436,"{""type"":""MultiPoint"",""coordinates"":[]}"
448_0,0.05204428421721725,0.66824067,-3.0906928503892086,0.05408678326084518,0.3859545,-2.8707721382481814,0.041756956901283386,0.83015597,2.812638676797288,2,2549,448,16.87986,"{""type"":""MultiPoint"",""coordinates"":[]}"
449_0,0.031004130171424768,0.65752065,3.0421757685478963,0.028408655581361495,0.3717519,3.0378009100940755,0.040037056544322554,0.83150864,2.6006328271907257,2,2749,449,22.054686,"{""type"":""MultiPoint"",""coordinates"":[]}"
450_0,0.04472552391065793,0.6762689,2.7570617974291105,0.05179469493603493,0.39826956,2.6196834456205718,0.03878369195978655,0.8223393,2.769453587104491,2,2557,450,39.80363,"{""type"":""MultiPoint"",""coordinates"":[]}"
451_0,0.05440070800703199,0.62352896,2.9747714202193865,0.04636513118886231,0.3475334,3.1152107281353634,0.052116633120299086,0.7988058,2.678962224673668,2,2929,451,29.134361,"{""type"":""MultiPoint"",""coordinates"":[]}"
452_0,0.05140843625923505,0.60421234,3.015375352372886,0.06284521859781719,0.36623022,2.959248651290277,0.07019988288023186,0.7921475,2.5407356388680142,2,2902,452,46.901962,"{""type"":""MultiPoint"",""coordinates"":[]}"
453_0,0.03159130827347339,0.68869406,-2.904197412154789,0.023047964925999257,0.41788128,2.8631992376025828,0.039932258696191596,0.8190476,2.7357963135837733,2,2312,453,32.012684,"{""type"":""MultiPoint"",""coordinates"":[]}"
454_0,0.049604685185123426,0.60746723,2.17250620571269,0.05132222185789299,0.32958212,2.1994366624918626,0.04026047558666257,0.7975849,2.3822748013717034,2,2475,454,17.312534,"{""type"":""MultiPoint"",""coordinates"":[]}"
455_0,0.05290218414960879,0.59160405,2.9625199795597,0.047148539898658026,0.31296352,3.066197904082401,0.05627576451701734,0.8019803,2.6761416136028586,2,3137,455,17.202757,"{""type"":""MultiPoint"",""coordinates"":[]}"
456_0,0.14280537761359807,0.44795617,2.022876940116067,0.11738046894082083,0.2296405,2.0147332370381967,0.16222733732869754,0.63475865,1.9550623430277703,2,2732,456,42.112114,"{""type"":""MultiPoint"",""coordinates"":[]}"
457_0,0.05759420810231018,0.6521316,2.8126259495556183,0.053956822324368006,0.3807057,2.981470191914969,0.0667932743367411,0.8184384,2.682296764433579,2,3070,457,21.011328,"{""type"":""MultiPoint"",""coordinates"":[]}"
458_0,0.037635103096891234,0.6639093,-2.979997640521016,0.04033654248014319,0.37540004,-3.132334603630168,0.040741544152458745,0.8374626,3.101780843542235,2,2538,458,18.152538,"{""type"":""MultiPoint"",""coordinates"":[]}"
459_0,0.035517929353817417,0.6004961,3.100879995790461,0.0516526667649183,0.34431922,2.484251235629956,0.028908531602599218,0.7836069,-2.7137585269598477,2,2486,459,36.085724,"{""type"":""MultiPoint"",""coordinates"":[]}"
460_0,0.040408883592103796,0.64276373,3.130833450687743,0.04226087371408368,0.36087605,-3.0230700164100592,0.03360736108432069,0.80351335,2.8607141259732454,2,2232,460,35.365192,"{""type"":""MultiPoint"",""coordinates"":[]}"
461_0,0.046394275794662675,0.6589691,2.4885473475123963,0.04390863315874833,0.38121048,2.5895153748694644,0.03460424614370858,0.8277839,2.6017226507394486,2,2275,461,22.099634,"{""type"":""MultiPoint"",""coordinates"":[]}"
462_0,0.03873224264175423,0.6714531,2.6491912313394863,0.03216865004332926,0.3879023,2.663676614451084,0.0451212415916429,0.82735056,2.310044941254202,2,2913,462,16.057196,"{""type"":""MultiPoint"",""coordinates"":[]}"
463_0,0.050080493100754304,0.598173,-2.7371542532242716,0.043709745397591336,0.30618533,-2.7563276833538617,0.04913127937952894,0.7922764,-3.0471788874760164,2,2291,463,34.84015,"{""type"":""MultiPoint"",""coordinates"":[]}"
464_0,0.03357504873414404,0.6466291,-2.462258706973595,0.016769215231483222,0.4038272,-2.9209150387663363,0.05480693876359323,0.8050238,3.087018490180046,2,2648,464,23.11423,"{""type"":""MultiPoint"",""coordinates"":[]}"
465_0,0.06065933427852647,0.36344674,3.0867245708543423,0.03874418452090467,0.14323698,-2.9710193416520463,0.059405934812520614,0.554848,2.596176055986388,2,2502,465,29.712667,"{""type"":""MultiPoint"",""coordinates"":[]}"
466_0,0.023914564222505676,0.6711792,-2.5475259084052517,0.04636042669459692,0.44379696,2.1069204591547748,0.03721881067213717,0.80470634,-2.4040364006477444,2,2828,466,34.750427,"{""type"":""MultiPoint"",""coordinates"":[]}"
467_0,0.06845549359309527,0.59102577,-2.695394286764379,0.063959467068249,0.30604526,-2.5933673253696217,0.04922837103716816,0.7813307,-2.998284586173672,2,2022,467,28.444784,"{""type"":""MultiPoint"",""coordinates"":[]}"
468_0,0.04899825050683093,0.6519812,2.768319608650569,0.060890089921423626,0.37462446,2.613961402989469,0.039536339627161944,0.8252759,2.7794109124658557,2,2748,468,40.08307,"{""type"":""MultiPoint"",""coordinates"":[]}"
469_0,0.038976631813824145,0.63053685,3.083048278848853,0.034592923125948846,0.34002298,-3.015461778530727,0.040174999336308255,0.8084709,2.8563021326635534,2,2376,469,32.82144,"{""type"":""MultiPoint"",""coordinates"":[]}"
470_0,0.03735748752581165,0.62746775,2.9036762423476152,0.030434828264580185,0.35202584,3.1048444346765653,0.04672206707802906,0.80370486,2.715341219245083,2,2521,470,20.442125,"{""type"":""MultiPoint"",""coordinates"":[]}"
471_0,0.02847921122737011,0.6420001,2.6203295730249323,0.04162710062490657,0.38352033,2.5746738554556727,0.04019921570356556,0.79459196,2.706594007578066,2,2613,471,34.166763,"{""type"":""MultiPoint"",""coordinates"":[]}"
472_0,0.07827277002807748,0.62962395,2.9214443627197153,0.07487520957240512,0.35989034,2.718898746968074,0.0605771374129134,0.8145679,3.0040121491663467,2,1087,472,19.099386,"{""type"":""MultiPoint"",""coordinates"":[]}"
473_0,0.05369244600918138,0.57478327,-3.0428708873594026,0.042142761854214866,0.3131808,-2.7616953291072237,0.05771686392273321,0.76656944,2.8166876187362835,2,3051,473,31.453915,"{""type"":""MultiPoint"",""coordinates"":[]}"
474_0,0.042792644995535485,0.70200795,2.7806973830422357,0.05945181805894364,0.47215024,2.30670285177673,0.029687519383894235,0.8306217,3.0903921419152782,2,2959,474,34.093304,"{""type"":""MultiPoint"",""coordinates"":[]}"
475_0,0.026798319814299382,0.6845347,2.799001496571462,0.02808069004438213,0.416048,2.1357642335764995,0.034573111800878555,0.8538756,2.8785849757592965,2,2140,475,13.053699,"{""type"":""MultiPoint"",""coordinates"":[]}"
476_0,0.039022564784543995,0.6118181,2.4238390419288067,0.04612861768803134,0.33135667,2.5795983178835105,0.04176103164679345,0.7835227,2.6266668698941347,2,2564,476,37.043087,"{""type"":""MultiPoint"",""coordinates"":[]}"
477_0,0.02363141073601129,0.503028,-1.6786734876944784,0.041760866242792634,0.2945668,2.5647123176775857,0.042839426324356306,0.693006,2.518574719711566,2,3368,477,27.438904,"{""type"":""MultiPoint"",""coordinates"":[]}"
478_0,0.05867149251174254,0.6254819,2.7331212010599732,0.05452137204920165,0.357576,2.9101763929062026,0.04944526470669425,0.7952323,2.406263965466613,2,2911,478,18.199846,"{""type"":""MultiPoint"",""coordinates"":[]}"
479_0,0.006353732607231413,0.65214074,-0.4403666979177398,0.018184460782280462,0.4161859,0.19278458672398618,0.05205230778428206,0.7954336,2.370554255040332,2,3099,479,29.447992,"{""type"":""MultiPoint"",""coordinates"":[]}"
480_0,0.043291256247137776,0.61340106,3.0727637702335944,0.043090810142185396,0.32417995,-3.0194862644073797,0.03636993487241783,0.79051584,2.5895286886559967,2,2564,480,31.160168,"{""type"":""MultiPoint"",""coordinates"":[]}"
481_0,0.03190867356366769,0.63612,2.333216704353611,0.03797856670213042,0.3841384,1.9258415378196048,0.026133945676075656,0.7769935,-2.2444891372394173,2,2527,481,44.636555,"{""type"":""MultiPoint"",""coordinates"":[]}"
482_0,0.022297562035676913,0.66120476,-2.611723973717842,0.023859386884827454,0.39063177,2.6908628871489255,0.029735961189674875,0.82362074,2.6585337619229623,2,2689,482,32.34693,"{""type"":""MultiPoint"",""coordinates"":[]}"
483_0,0.028508085652457434,0.62986445,2.793822077175615,0.043583731504437125,0.35660893,2.409905496667748,0.03221358746268043,0.81262064,2.5849960681116437,2,2602,483,12.899378,"{""type"":""MultiPoint"",""coordinates"":[]}"
484_0,0.03362501007207175,0.7057755,2.339982829157467,0.04612098202180018,0.44029102,2.1186074070284686,0.023319834571994363,0.84275264,2.556568327586111,2,2405,484,34.424355,"{""type"":""MultiPoint"",""coordinates"":[]}"
485_0,0.03650772552694424,0.7067857,2.573320935317919,0.03587368683004806,0.44048786,2.6879850213786307,0.035683002866891064,0.8430601,2.406589375117916,2,2828,485,29.375502,"{""type"":""MultiPoint"",""coordinates"":[]}"
486_0,0.0759837374617328,0.5450111,-3.0466409738584184,0.07715220946665037,0.2951961,2.8295706065700297,0.04678197056971509,0.75031096,-2.409698583999389,2,2629,486,28.939516,"{""type"":""MultiPoint"",""coordinates"":[]}"
487_0,0.19116034916966226,0.585973,-2.272586518056,0.17519410844102787,0.30598992,-2.1745033699342278,0.12056019547973466,0.7974903,-2.4739060690682444,2,2247,487,45.987495,"{""type"":""MultiPoint"",""coordinates"":[]}"
488_0,0.03414712953089695,0.64159197,2.889779969230287,0.03332828858224242,0.36150053,2.830680122724021,0.04464146355538335,0.81448275,2.4504104134430817,2,2745,488,26.777536,"{""type"":""MultiPoint"",""coordinates"":[]}"
489_0,0.06559788770428097,0.62574697,-2.6523937382203155,0.05713298732475911,0.33130422,-2.440326087419838,0.044104102250352155,0.8289665,-2.8789443112267374,2,2219,489,50.07261,"{""type"":""MultiPoint"",""coordinates"":[]}"
490_0,0.02435317958965149,0.6995239,2.0167820222357395,0.025450565244495293,0.44061923,2.3757955969322637,0.03258420140438161,0.82985705,2.3328000621595155,2,2233,490,26.660027,"{""type"":""MultiPoint"",""coordinates"":[]}"
491_0,0.05352777117077152,0.6358353,2.1995608792069743,0.0516987170271798,0.3689924,2.4890854104132685,0.06718741012243838,0.79994774,2.3992152003731357,2,2614,491,42.089798,"{""type"":""MultiPoint"",""coordinates"":[]}"
492_0,0.039322439785793986,0.67301637,2.3284243904341984,0.06021003642282457,0.4324071,2.1349921629753057,0.057835016643324,0.8210298,2.691778986947408,2,3063,492,29.023573,"{""type"":""MultiPoint"",""coordinates"":[]}"
493_0,0.025961207034220404,0.7013795,2.673911301063814,0.027070267337263105,0.44474283,-3.068804253794333,0.034764852368456306,0.83296245,2.9146525491061226,2,2284,493,44.72378,"{""type"":""MultiPoint"",""coordinates"":[]}"
494_0,0.04169411087108427,0.6130022,2.289009329912395,0.06890090353512082,0.40642467,1.828760313401448,0.09370021968007204,0.7831146,2.1778371964948224,2,3145,494,31.875803,"{""type"":""MultiPoint"",""coordinates"":[]}"
495_0,0.02931702875314175,0.64495367,2.931577790396933,0.030855977173504575,0.35865882,-3.0487547633015413,0.03195989595095515,0.8148768,2.8505965779347924,2,2328,495,28.946,"{""type"":""MultiPoint"",""coordinates"":[]}"
496_0,0.05542700055777487,0.6187528,2.8750961280716045,0.05903201136469149,0.36247963,2.5865799626122707,0.05769587504950043,0.7924818,-3.084981656312326,2,2603,496,30.841427,"{""type"":""MultiPoint"",""coordinates"":[]}"
497_0,0.04984550403011841,0.61553574,2.5538820656005563,0.03885953646146171,0.36553356,2.563714325605848,0.06841813122266985,0.7910797,2.4759337046557164,2,2844,497,44.837925,"{""type"":""MultiPoint"",""coordinates"":[]}"
498_0,0.037657818578433436,0.7525595,2.371703359154807,0.051889461320182635,0.5091653,2.437591927106971,0.048530457483087326,0.86186606,2.5219677251720594,2,2567,498,23.475645,"{""type"":""MultiPoint"",""coordinates"":[]}"
499_0,0.03005622039683024,0.6862686,3.128674559075113,0.03313331134415259,0.4095237,3.074787785074501,0.025269566025866195,0.82411337,2.585931099274793,2,2418,499,28.570833,"{""type"":""MultiPoint"",""coordinates"":[]}"
500_0,0.06295339050427724,0.7431668,2.2606111754478677,0.06578733633150693,0.4902536,2.4748192372197018,0.037002504714162436,0.85292536,2.2646095047930412,2,2854,500,27.441984,"{""type"":""MultiPoint"",""coordinates"":[]}"
501_0,0.04255811360529438,0.6744029,2.3040182475547457,0.052677209086440656,0.419568,2.3154762708327543,0.039220317122316405,0.8240439,2.3069709088829566,2,2927,501,38.75267,"{""type"":""MultiPoint"",""coordinates"":[]}"
502_0,0.06714337921497342,0.63282883,3.0236909539596426,0.06269358611444215,0.3725975,3.081018626306041,0.07121890168599997,0.81230104,2.685429295222465,2,3087,502,16.422403,"{""type"":""MultiPoint"",""coordinates"":[]}"
503_0,0.07228434952868315,0.6684015,-2.986879592273007,0.07295886464719216,0.37415993,-2.977264419984213,0.058406132701324685,0.8367544,-3.0564976777327835,3,404,503,5.5282283,"{""type"":""MultiPoint"",""coordinates"":[]}"
504_0,0.09953821771707132,0.6362532,-2.6029997974020596,0.08120719754132211,0.33887783,-2.562104774184073,0.07766987394126273,0.84038895,-2.913674621175651,3,582,504,18.16767,"{""type"":""MultiPoint"",""coordinates"":[]}"
505_0,0.07411079542937282,0.60721266,-2.705093826839538,0.06411719157864701,0.29382783,-2.4238671874244644,0.05112342040627039,0.8318201,-3.091729843913635,3,1105,505,22.534029,"{""type"":""MultiPoint"",""coordinates"":[]}"
506_0,0.08823264455536434,0.6490884,-2.5841227332765238,0.07727677883520546,0.33169335,-2.6408795483763736,0.05386284980364384,0.8479526,-2.8549428418458493,3,58,506,18.409681,"{""type"":""MultiPoint"",""coordinates"":[]}"
507_0,0.04216602427280711,0.6962145,-2.931226135914228,0.02792065146826913,0.39718616,-2.907385529900481,0.056462319347939036,0.8400376,-2.97961338228561,3,1342,507,41.65405,"{""type"":""MultiPoint"",""coordinates"":[]}"
508_0,0.04804398768368557,0.64670485,-2.604945326055649,0.04545750060381321,0.34048456,-2.780820293161645,0.0397257977573655,0.828866,-2.8249798997143225,3,169,508,5.6368694,"{""type"":""MultiPoint"",""coordinates"":[]}"
509_0,0.10532936219398878,0.5478571,-2.6924360745505522,0.10026482794086938,0.22957267,-2.438497578277974,0.08652052983078173,0.78463626,3.112893211747505,3,782,509,23.354706,"{""type"":""MultiPoint"",""coordinates"":[]}"
510_0,0.02619794339988145,0.6947738,2.9878048465854885,0.025689046765017303,0.40440813,2.803016814650827,0.03467247240743941,0.86116296,2.3315573379924044,3,990,510,27.237377,"{""type"":""MultiPoint"",""coordinates"":[]}"
511_0,0.09910353753656626,0.5780032,-2.8399962395377236,0.0854811261122361,0.27226627,-2.7549037807097188,0.09362183338869927,0.776314,-2.8610003733808806,3,178,511,10.266841,"{""type"":""MultiPoint"",""coordinates"":[]}"
512_0,0.04703382017684544,0.39746013,-2.7322333939085857,0.02927623290984266,0.17901672,-3.075184380787208,0.05116795311076887,0.51465636,-2.751903004752329,3,48,512,5.191656,"{""type"":""MultiPoint"",""coordinates"":[]}"
513_0,0.046124182490358046,0.6380155,-2.1611103046939206,0.03703390264993496,0.31800908,-1.9553947486099095,0.039951665520075216,0.82672113,-2.396035759056568,3,113,513,8.317085,"{""type"":""MultiPoint"",""coordinates"":[]}"
514_0,0.06740159711268293,0.6025143,-2.418934651450146,0.05236525808238802,0.30331418,-2.2490037628781763,0.06466907155407906,0.78623545,-2.646747778050411,3,94,514,5.496004,"{""type"":""MultiPoint"",""coordinates"":[]}"
515_0,0.06720439257650178,0.64658636,-3.006973998988595,0.06476364507340117,0.33889207,-3.125400887475957,0.06378304900324182,0.8196128,-3.0621980368991712,3,316,515,22.388176,"{""type"":""MultiPoint"",""coordinates"":[]}"
516_0,0.10205539369985503,0.54655516,-2.8001473063632925,0.07886867864295395,0.27842516,-2.863220382317647,0.11430339632636517,0.6799917,-2.655780532712148,3,49,516,2.2318542,"{""type"":""MultiPoint"",""coordinates"":[]}"
517_0,0.08109753939864255,0.5971386,-3.0296659435810698,0.07100853775444486,0.29732543,-2.9833512321655578,0.07013007933966842,0.776534,-3.116191957143784,3,234,517,9.675629,"{""type"":""MultiPoint"",""coordinates"":[]}"
518_0,0.11485311106620745,0.54410607,-2.840723926992808,0.10018120088112571,0.25454637,-2.7845706844276483,0.10694312880307663,0.74038494,-2.8989384331005845,3,77,518,3.1579468,"{""type"":""MultiPoint"",""coordinates"":[]}"
519_0,0.023684522139864102,0.5939776,2.6680620726752986,0.017648027679074342,0.30868998,2.1110108265021137,0.05977469999763488,0.80614996,-3.0858880099133015,3,164,519,17.568039,"{""type"":""MultiPoint"",""coordinates"":[]}"
520_0,0.1035256675570519,0.56762445,-2.885181304372762,0.08621005099813675,0.28205267,-2.8574997898169947,0.08436685158562217,0.7782271,-2.971773991906191,3,796,520,4.0290966,"{""type"":""MultiPoint"",""coordinates"":[]}"
521_0,0.06833004519967784,0.63499963,-2.750771847824292,0.05433670486809804,0.334611,-2.6863690424451243,0.0820277834877521,0.7980592,-2.882360898026711,3,513,521,17.460548,"{""type"":""MultiPoint"",""coordinates"":[]}"
522_0,0.04848442225849627,0.6607512,3.1404976923054115,0.05309112363540929,0.37567925,3.1090607029150235,0.03233603296927506,0.8407955,3.077445605311979,3,1051,522,32.852535,"{""type"":""MultiPoint"",""coordinates"":[]}"
523_0,0.1300761784077685,0.51154804,-2.804088009566346,0.11044327742770323,0.23822169,-2.8069988819683287,0.09525556819481765,0.72303724,-2.8170954449208714,3,90,523,6.3091273,"{""type"":""MultiPoint"",""coordinates"":[]}"
524_0,0.04902097303109184,0.65061504,-3.016067356300335,0.046670501768136245,0.39398202,2.9320351346909233,0.06254142933611659,0.76992375,-2.6351786084461155,3,522,524,22.137226,"{""type"":""MultiPoint"",""coordinates"":[]}"
525_0,0.03974678830600628,0.6510899,2.6965906082053737,0.043174648539517926,0.3635648,2.8510923005650293,0.04206378670076668,0.8082802,2.207912307197974,3,270,525,19.146263,"{""type"":""MultiPoint"",""coordinates"":[]}"
526_0,0.11496380494542945,0.5607007,-2.4396004169752263,0.1048634938560296,0.25641108,-2.3321800422683907,0.10339025081425635,0.7587401,-2.6590825221102357,3,40,526,8.156581,"{""type"":""MultiPoint"",""coordinates"":[]}"
527_0,0.04689051406918149,0.6687677,-2.9442987974463755,0.04050683316822417,0.36481783,2.96807923615547,0.04740361230243576,0.8431691,-2.8458402201884394,3,854,527,19.46662,"{""type"":""MultiPoint"",""coordinates"":[]}"
528_0,0.1621681608363138,0.51509696,-2.61230601784784,0.14772956597009443,0.2113774,-2.4719240831587657,0.13695612695004036,0.7333226,-2.8215155402618324,3,70,528,11.903497,"{""type"":""MultiPoint"",""coordinates"":[]}"
529_0,0.05486420830901638,0.5140677,-2.5759196777408455,0.03939818177734135,0.25786042,-2.485619487870189,0.04977755081890612,0.7028659,-2.717960304046516,3,92,529,8.995578,"{""type"":""MultiPoint"",""coordinates"":[]}"
530_0,0.04484322811328421,0.4133403,-2.7173885696894584,0.03252578180510908,0.22253484,2.6055709687627235,0.06237201499642089,0.6560676,-2.6684409147934627,3,220,530,10.8613205,"{""type"":""MultiPoint"",""coordinates"":[]}"
531_0,0.0809517959551954,0.59838045,-3.121521340566612,0.06883931804599079,0.3015651,-2.973008871981803,0.09536796285481208,0.7413892,3.0376285614126877,3,224,531,16.49948,"{""type"":""MultiPoint"",""coordinates"":[]}"
532_0,0.04263605042154807,0.68923867,3.0709307177514953,0.03894445319687834,0.39595315,2.9215609287992823,0.037698165849682615,0.8490841,-2.96195949827545,3,545,532,2.961677,"{""type"":""MultiPoint"",""coordinates"":[]}"
533_0,0.060549674545629366,0.6446288,-2.5149955622570532,0.06408809273619988,0.33554655,-2.4239219553918843,0.03553084095384522,0.8083043,-2.633042646471535,3,182,533,23.526707,"{""type"":""MultiPoint"",""coordinates"":[]}"
534_0,0.08710594341461395,0.63226485,-2.5101723927035127,0.07181130080167455,0.33278796,-2.499165451822534,0.07994561978714917,0.825318,-2.583761567212111,3,77,534,17.389746,"{""type"":""MultiPoint"",""coordinates"":[]}"
535_0,0.12224345213209836,0.555861,-2.4518001996992376,0.11351723891456124,0.24777637,-2.3751517662172272,0.10533081381242868,0.7632965,-2.5766109897064453,3,87,535,18.879116,"{""type"":""MultiPoint"",""coordinates"":[]}"
536_0,0.06696396812525528,0.60008806,-2.9142509472020635,0.053218382410655005,0.29466984,-2.866960936494396,0.05721452737133113,0.8090226,-3.065370490611418,3,715,536,18.725662,"{""type"":""MultiPoint"",""coordinates"":[]}"
537_0,0.06537737111880124,0.7201326,-2.8775376841949845,0.06919451614757269,0.41422468,-2.9875104244791357,0.04300429086778197,0.8661159,3.0957493984859603,3,45,537,9.580279,"{""type"":""MultiPoint"",""coordinates"":[]}"
538_0,0.049220387211079346,0.6621349,-2.9309378894231037,0.04455956943930344,0.35068128,-3.0109239718601652,0.03805770666488448,0.8213485,-3.1378811572514453,3,257,538,13.583846,"{""type"":""MultiPoint"",""coordinates"":[]}"
539_0,0.03383361442770408,0.61456704,2.652722765429976,0.03530887850482783,0.3200202,2.1463498104709933,0.04425536678053458,0.8228862,3.094442192567297,3,909,539,33.06346,"{""type"":""MultiPoint"",""coordinates"":[]}"
540_0,0.05719386716792146,0.62363225,-2.6274271546302472,0.050277947996850494,0.32239518,-2.483387289416957,0.05092488133955432,0.8341872,-2.805138480210092,3,774,540,7.4469876,"{""type"":""MultiPoint"",""coordinates"":[]}"
541_0,0.055821179325400636,0.72258574,-2.6543137774649095,0.06068879802748473,0.42086783,-2.7758113091309005,0.0258626480739725,0.8769461,-3.051254126799767,3,86,541,15.321399,"{""type"":""MultiPoint"",""coordinates"":[]}"
542_0,0.03680644279706822,0.7332785,-2.5842291089600247,0.031071193876806836,0.44197914,-3.0133025965685123,0.026911738419788587,0.87691116,-2.988650360745147,3,530,542,15.344127,"{""type"":""MultiPoint"",""coordinates"":[]}"
543_0,0.09768897845821026,0.61240935,-2.7820070790453273,0.08790398847398026,0.31121394,-2.7561256004368735,0.09722110731578323,0.8037422,-2.8503814078204663,3,148,543,19.786985,"{""type"":""MultiPoint"",""coordinates"":[]}"
544_0,0.05877696691686776,0.6920996,-2.593869981594801,0.05059996033076602,0.3881392,-2.7560585464052973,0.04055147389558911,0.8617451,-2.6563523900084585,3,296,544,25.917572,"{""type"":""MultiPoint"",""coordinates"":[]}"
545_0,0.0865956980749225,0.5529138,-2.724070061006158,0.07425698842315051,0.26136255,-2.6505517723009686,0.0722838261012669,0.74981004,-2.849878202880523,3,207,545,2.1133938,"{""type"":""MultiPoint"",""coordinates"":[]}"
546_0,0.042354079969187074,0.61519235,-3.0358676473390953,0.04398252828131045,0.31345236,3.0195385240465726,0.027088400992643487,0.81971055,-2.913143730850436,3,1002,546,15.368859,"{""type"":""MultiPoint"",""coordinates"":[]}"
547_0,0.06827746126103652,0.6200145,-3.0260546923316887,0.05723990917258256,0.32868737,-2.974690613448073,0.07619293009625655,0.75735873,-2.8705186657022645,3,286,547,20.240746,"{""type"":""MultiPoint"",""coordinates"":[]}"
548_0,0.06720466462877474,0.62541974,-2.7020106606347882,0.06127691727487106,0.3226461,-2.657566603376659,0.066112873768757,0.8058881,-2.6841999736590076,3,458,548,22.323416,"{""type"":""MultiPoint"",""coordinates"":[]}"
549_0,0.08988238849659014,0.5219425,-3.0162358812309558,0.07085247613017732,0.26147705,-3.126338766994039,0.09851782261781644,0.70767444,-2.783590345606306,3,167,549,17.898579,"{""type"":""MultiPoint"",""coordinates"":[]}"
550_0,0.12576446121029203,0.5642994,-2.640167871243891,0.11481001711009409,0.26781237,-2.534543870024609,0.11736070645680241,0.7484401,-2.8540155896454285,3,354,550,20.893497,"{""type"":""MultiPoint"",""coordinates"":[]}"
551_0,0.0977982057353016,0.5861706,-2.532268734643029,0.08497659362343325,0.27730018,-2.3891908403647886,0.08852409498477648,0.7924873,-2.675329384758271,3,289,551,23.849228,"{""type"":""MultiPoint"",""coordinates"":[]}"
552_0,0.10882717976937328,0.57383174,-2.6657571938749878,0.09475995062847282,0.2742845,-2.530906621558463,0.11741840515425778,0.74969393,-2.783079030681194,3,292,552,13.247451,"{""type"":""MultiPoint"",""coordinates"":[]}"
553_0,0.060359442079237775,0.65726215,-2.485621530465361,0.05106902316862319,0.3665544,-2.5343921196180936,0.06790778784704789,0.8140706,-2.7140094879091796,3,621,553,29.552883,"{""type"":""MultiPoint"",""coordinates"":[]}"
554_0,0.03651740151291216,0.65279305,-2.394698731545245,0.025909722708142145,0.35055646,-2.316582164489671,0.04112599146140325,0.8227802,-2.7115879428174257,3,121,554,14.447886,"{""type"":""MultiPoint"",""coordinates"":[]}"
555_0,0.10241080488317598,0.5554086,-2.517007869069192,0.08846943791357893,0.2711506,-2.5122265178227337,0.09615601177700271,0.74197876,-2.6493044132417145,3,172,555,13.694408,"{""type"":""MultiPoint"",""coordinates"":[]}"
556_0,0.05258103744977026,0.76260835,2.3185382003172035,0.08080777143182262,0.4871139,2.013565161395203,0.04240826246635435,0.869181,-2.9505319886654795,3,641,556,38.517845,"{""type"":""MultiPoint"",""coordinates"":[]}"
557_0,0.08884516184286037,0.5127206,-3.137278982100866,0.07348412872974493,0.25163507,-3.062898203142616,0.08739449370146204,0.7213445,2.8338851800391787,3,67,557,5.429034,"{""type"":""MultiPoint"",""coordinates"":[]}"
558_0,0.05976788814691167,0.49488035,-3.081318595830747,0.04054389924739671,0.23591298,-2.975298766518186,0.052078363002605065,0.7189895,2.713485541658069,3,916,558,11.0906925,"{""type"":""MultiPoint"",""coordinates"":[]}"
559_0,0.13106384329151058,0.5538525,-2.714878798245078,0.11142587330235615,0.24983911,-2.6041291067218193,0.11867342965216873,0.7624146,-2.930056914756014,3,113,559,10.288387,"{""type"":""MultiPoint"",""coordinates"":[]}"
560_0,0.055518972493894966,0.6634699,-2.605814886585394,0.047094714296713386,0.3552376,-2.547872144017253,0.05617050719866757,0.8476546,-2.880966389189656,3,125,560,14.157476,"{""type"":""MultiPoint"",""coordinates"":[]}"
561_0,0.04538808564858339,0.67481154,2.8685305332573856,0.06291226684617081,0.40164438,2.229767012516892,0.04531987736628145,0.84377927,-2.979098312594702,3,381,561,29.71059,"{""type"":""MultiPoint"",""coordinates"":[]}"
562_0,0.09315942073283229,0.524732,-2.2950109612394223,0.06866950340048646,0.27163723,-2.2619550691776906,0.11824802040692205,0.6667585,-2.243177974729094,3,13,562,6.77633,"{""type"":""MultiPoint"",""coordinates"":[]}"
563_0,0.07965067194853621,0.6562795,-2.92255942489272,0.0783477889687449,0.3568099,-2.9155947442013863,0.06423120160422519,0.8322979,-2.98612818898398,3,665,563,27.439255,"{""type"":""MultiPoint"",""coordinates"":[]}"
564_0,0.052079410804728395,0.61206454,-2.564795140306411,0.041875066916983214,0.29035506,-2.340219131389219,0.05689089182323892,0.7931012,-2.8448989311340243,3,131,564,21.051218,"{""type"":""MultiPoint"",""coordinates"":[]}"
565_0,0.1014579894052913,0.58277875,-2.555666705000015,0.08706068931370887,0.27608588,-2.377078273273278,0.10506335111664716,0.7717013,-2.711482987754972,3,211,565,24.301731,"{""type"":""MultiPoint"",""coordinates"":[]}"
566_0,0.05091499424499772,0.65578216,-2.5720448768409288,0.03969115206246003,0.34686622,-2.396539516339822,0.04387829568452554,0.84901243,-2.8851416770317613,3,75,566,2.0387821,"{""type"":""MultiPoint"",""coordinates"":[]}"
567_0,0.04895749949220112,0.6484056,3.0204790731330373,0.04604894725199431,0.35749966,2.9741824027902393,0.04432909931988035,0.85378623,2.9762360667168775,3,1170,567,20.442331,"{""type"":""MultiPoint"",""coordinates"":[]}"
568_0,0.05420903368410102,0.6033113,-2.453367249160109,0.05078160672367896,0.2856281,-2.3935653964576904,0.04110141579151673,0.8210536,-2.7132770668638218,3,617,568,28.848272,"{""type"":""MultiPoint"",""coordinates"":[]}"
569_0,0.047299551482787715,0.6413558,-2.409318031554278,0.04630147873418123,0.34011355,-2.2854295083908585,0.04816588998926269,0.82327807,-2.7911282777763633,3,494,569,23.385237,"{""type"":""MultiPoint"",""coordinates"":[]}"
570_0,0.058519840280681155,0.7021705,-2.580636409265783,0.061187995343430154,0.42030403,-2.9341863048270076,0.051660006817096205,0.8451347,-2.853100846149027,3,156,570,25.911127,"{""type"":""MultiPoint"",""coordinates"":[]}"
571_0,0.06755046501948997,0.61660606,-2.889336680721217,0.0529846978532644,0.30982035,-2.8049430227353778,0.08661820482938234,0.78681254,-3.048887186170594,3,185,571,2.022493,"{""type"":""MultiPoint"",""coordinates"":[]}"
572_0,0.07976937730846437,0.6108517,-2.6057971477358306,0.06729446420733388,0.3190741,-2.624209132053058,0.09810850375676734,0.7935244,-2.6719334581242795,3,228,572,17.618282,"{""type"":""MultiPoint"",""coordinates"":[]}"
573_0,0.09164966195616857,0.60603833,-2.8699019931995084,0.08567872302728896,0.30993634,-2.81894190516348,0.09680659726826839,0.78557533,-2.9914080830444285,3,156,573,24.2012,"{""type"":""MultiPoint"",""coordinates"":[]}"
574_0,0.041740303438663695,0.65699697,2.661950880507464,0.03706938729385241,0.3499957,2.620542487288759,0.047586266465463115,0.81432056,2.698973970820342,3,546,574,15.155544,"{""type"":""MultiPoint"",""coordinates"":[]}"
575_0,0.06966607820559971,0.5872797,-2.4586404704178864,0.06359874196735711,0.2777324,-2.4925649417747477,0.06623490942758133,0.77863896,-2.525267341163505,3,93,575,13.984204,"{""type"":""MultiPoint"",""coordinates"":[]}"
576_0,0.06688722117224148,0.65522355,-3.1132523809938877,0.06531382576813598,0.35881126,-3.080010484588128,0.05492709180724142,0.82522804,3.070967761433077,3,513,576,19.459524,"{""type"":""MultiPoint"",""coordinates"":[]}"
577_0,0.054472055281084,0.6961739,2.4294530441882625,0.05802841632712882,0.39781782,2.21693918584765,0.04979394413529361,0.852539,2.557976474631152,3,224,577,10.0713625,"{""type"":""MultiPoint"",""coordinates"":[]}"
578_0,0.07292955100768884,0.6407124,-2.475624473619284,0.06060321324349201,0.3632446,-2.5055381457034174,0.06557303469609879,0.8066757,-2.6822342058430655,3,101,578,14.142327,"{""type"":""MultiPoint"",""coordinates"":[]}"
579_0,0.05392941537031147,0.64977545,-2.4165544625941724,0.043227690892168706,0.35767776,-2.308959460188513,0.05400678810083178,0.8304925,-2.8489506074161928,3,637,579,19.02596,"{""type"":""MultiPoint"",""coordinates"":[]}"
580_0,0.08801426286294077,0.5866477,-2.663414423410294,0.06887577982433594,0.2873534,-2.457317770577699,0.07594858405360963,0.78325367,-2.7795205134710477,3,177,580,14.520768,"{""type"":""MultiPoint"",""coordinates"":[]}"
581_0,0.057807933941760925,0.6376187,-2.7666389038168773,0.051704535986152975,0.3690319,-2.8613587514788774,0.04572839952112693,0.8220371,-2.779231242931584,3,733,581,20.6874,"{""type"":""MultiPoint"",""coordinates"":[]}"
582_0,0.028523186973840545,0.7282338,2.8775718403324966,0.027249327848029282,0.44373304,2.6662662128957297,0.027504551649949065,0.8639505,3.0785138807256067,3,385,582,30.978962,"{""type"":""MultiPoint"",""coordinates"":[]}"
583_0,0.05170682139357571,0.6370915,-2.2073422290106555,0.03428975062890003,0.3252946,-2.0830330271033515,0.06328206540561715,0.8069386,-2.6163238232362893,3,130,583,11.471186,"{""type"":""MultiPoint"",""coordinates"":[]}"
584_0,0.05585824103666188,0.67133576,-2.7491290947138958,0.04508575889735365,0.35086718,-2.69648278708309,0.04925218657697314,0.85275596,-2.949098237594479,3,179,584,20.173203,"{""type"":""MultiPoint"",""coordinates"":[]}"
585_0,0.110821809149709,0.64889467,-2.9820211729275377,0.10018503467120884,0.34966627,-3.072011390585553,0.08243922091863191,0.8462462,-2.751667604729184,3,454,585,31.70446,"{""type"":""MultiPoint"",""coordinates"":[]}"
586_0,0.09447650180521659,0.5443714,-2.1991860397510887,0.08374471749240577,0.25439158,-2.145253031403472,0.1036050779135664,0.7159866,-2.348825716828718,3,39,586,4.6273675,"{""type"":""MultiPoint"",""coordinates"":[]}"
587_0,0.13511595028498707,0.5656935,-2.7898604135173444,0.1182973865640487,0.26416442,-2.675508343690385,0.11291415055814664,0.7658069,-2.940104937308154,3,296,587,8.813647,"{""type"":""MultiPoint"",""coordinates"":[]}"
588_0,0.039150391931703735,0.69143254,-3.140725167310346,0.04294641370249544,0.4213951,2.6015922065731942,0.0488977489290643,0.84556013,-3.0217496802691945,3,976,588,44.410664,"{""type"":""MultiPoint"",""coordinates"":[]}"
589_0,0.10379182330266838,0.60237503,-2.8620838152353265,0.09457256313623769,0.3001219,-2.800360088284779,0.10121965308191579,0.7655667,-2.9329698028831857,3,266,589,18.33088,"{""type"":""MultiPoint"",""coordinates"":[]}"
590_0,0.08514812837229997,0.5889803,-2.5435776702148987,0.07209166798895124,0.30588695,-2.4408327713431213,0.08068968356493046,0.78713137,-2.9510179973109403,3,218,590,3.8428655,"{""type"":""MultiPoint"",""coordinates"":[]}"
591_0,0.05380543838609264,0.6127302,-2.919218367427628,0.042631449885496574,0.3072403,-2.872447101120343,0.05323291326384213,0.82633173,-2.928225090345636,3,629,591,20.967249,"{""type"":""MultiPoint"",""coordinates"":[]}"
592_0,0.05809195825848221,0.52175814,-2.537808441696203,0.03967363131238564,0.24808235,-2.3084851935459216,0.055552257588979116,0.734741,-2.6227524606069155,3,238,592,19.359163,"{""type"":""MultiPoint"",""coordinates"":[]}"
593_0,0.04613567764397025,0.6077615,-3.0481654609358833,0.03829253254949833,0.31146342,-2.729441458286345,0.04839845697090494,0.81116974,2.9407115987425305,3,483,593,16.660831,"{""type"":""MultiPoint"",""coordinates"":[]}"
594_0,0.044170921230485896,0.67375773,-3.024513000798618,0.03118289330940423,0.38785878,-3.023788889919384,0.050743285412889486,0.8208012,3.1135638994862984,3,471,594,33.366634,"{""type"":""MultiPoint"",""coordinates"":[]}"
595_0,0.07903063214297185,0.61086565,-2.9066309496277944,0.06361069795816089,0.32111293,-2.734868420500849,0.08228104699486309,0.7928751,-3.1083124555987878,3,215,595,19.911228,"{""type"":""MultiPoint"",""coordinates"":[]}"
596_0,0.1213601298298974,0.565015,-2.6824003811053556,0.11404014991597164,0.2387335,-2.5539110102359692,0.09172150494822635,0.77840024,-2.865975419753,3,169,596,14.717844,"{""type"":""MultiPoint"",""coordinates"":[]}"
597_0,0.08718408056887314,0.64183426,-2.7909140369178083,0.07423175598630172,0.34164426,-2.9366076991316037,0.07564065610850991,0.8146521,-2.973378296586702,3,84,597,20.314325,"{""type"":""MultiPoint"",""coordinates"":[]}"
598_0,0.047641363530884565,0.712269,-2.915264153905643,0.04631917704983212,0.40988812,-2.815383968610061,0.05133598683271353,0.87108135,2.7857394543215657,3,254,598,17.755169,"{""type"":""MultiPoint"",""coordinates"":[]}"
599_0,0.05105442362930285,0.6819416,-2.9319213718574337,0.04589515148916596,0.37498456,-2.891290372629754,0.036392790841759774,0.8779351,-2.89758199332004,3,1242,599,28.98268,"{""type"":""MultiPoint"",""coordinates"":[]}"
600_0,0.07468324719929498,0.22662851,-1.6168125037644747,0.04591844205467038,0.093382984,-1.6082971433297133,0.06275150283417541,0.37278497,-1.3954264807220083,3,136,600,6.7748914,"{""type"":""MultiPoint"",""coordinates"":[]}"
601_0,0.08243034597336343,0.71811086,-2.9331885993602658,0.07765942367912641,0.41496003,-3.056671479047381,0.07361946651223632,0.8676885,-2.8487688956178063,3,84,601,13.559054,"{""type"":""MultiPoint"",""coordinates"":[]}"
602_0,0.15541585296322571,0.49884948,-2.5536925004490247,0.13206197020738789,0.22354722,-2.4338553708765724,0.0965847609852746,0.73729146,-2.7227837748943564,3,554,602,36.223328,"{""type"":""MultiPoint"",""coordinates"":[]}"
603_0,0.023914001552745152,0.6672273,3.1219200593522425,0.02348677608357273,0.36871833,2.779705631977087,0.02696915610432653,0.84184563,2.9583462452831855,3,1433,603,28.901499,"{""type"":""MultiPoint"",""coordinates"":[]}"
604_0,0.09401229424572734,0.57091445,-2.3734735963872065,0.08987898332602309,0.24559028,-2.1677134889046457,0.06858717823465385,0.8053366,-2.6781908453370202,3,814,604,19.355179,"{""type"":""MultiPoint"",""coordinates"":[]}"
605_0,0.13453713929168196,0.5071733,-2.586908451712823,0.11492104580402318,0.22846675,-2.6026277704446747,0.10261557437454576,0.7137875,-2.6310156768524338,3,90,605,6.3080244,"{""type"":""MultiPoint"",""coordinates"":[]}"
606_0,0.09258872712842357,0.5690856,-2.5284966937529276,0.08865740510789138,0.25258452,-2.353862389053549,0.07245249282251323,0.7979292,-2.7944055304982722,3,112,606,16.698784,"{""type"":""MultiPoint"",""coordinates"":[]}"
607_0,0.08033424822909487,0.5840531,-2.4186408074714563,0.06058408501934602,0.2916985,-2.4642624422395816,0.0884454183195236,0.7597687,-2.4992718788522605,3,36,607,2.956583,"{""type"":""MultiPoint"",""coordinates"":[]}"
608_0,0.08764081235856387,0.63628465,-2.1996352623085897,0.08590887194475288,0.3295268,-2.0518223954494808,0.057352980963311075,0.8308211,-2.2802137971364544,3,884,608,11.925152,"{""type"":""MultiPoint"",""coordinates"":[]}"
609_0,0.08916283788978481,0.5117817,-2.46320055571088,0.07641223615072683,0.23885708,-2.355453335328612,0.04893263936671696,0.6968377,-2.9649672628695702,3,299,609,1.8543341,"{""type"":""MultiPoint"",""coordinates"":[]}"
610_0,0.033597776179764706,0.6380456,-2.9972011992434586,0.02764622481752326,0.34131676,-2.9930654959698564,0.03549628604510138,0.811351,3.0815947160995947,3,372,610,16.191591,"{""type"":""MultiPoint"",""coordinates"":[]}"
611_0,0.06843577917272843,0.67343384,-2.7315582435301633,0.07486766419275069,0.36494666,-2.855120663961335,0.050776935443062284,0.83666885,-3.0406958050318154,3,60,611,14.533349,"{""type"":""MultiPoint"",""coordinates"":[]}"
612_0,0.05208915463909138,0.5302946,-2.949814799753501,0.03305356051156487,0.25481266,-2.880324661193994,0.0513534461652709,0.81938636,-3.106960181347785,3,698,612,8.000304,"{""type"":""MultiPoint"",""coordinates"":[]}"
613_0,0.037073339644167064,0.67253107,3.0167209207369603,0.028810698192460158,0.39475644,2.5238062811141324,0.05782731080866793,0.8298772,2.887854839250825,3,552,613,28.827692,"{""type"":""MultiPoint"",""coordinates"":[]}"
614_0,0.04128628197988955,0.6750554,-3.0152452716297877,0.0427546257557568,0.37578127,-3.0506362275312937,0.04312520407720311,0.8643416,2.728041403057278,3,595,614,15.932756,"{""type"":""MultiPoint"",""coordinates"":[]}"
615_0,0.1641609381004017,0.49859202,-2.5712971629788006,0.14521154413260934,0.20733052,-2.484765376046111,0.14961059675478608,0.7130185,-2.77519566254864,3,82,615,6.8151603,"{""type"":""MultiPoint"",""coordinates"":[]}"
616_0,0.0684001762912538,0.65242696,-3.0866293127919646,0.060203753652003374,0.35288325,-3.116789695601175,0.07504528921785336,0.83152145,2.902298349885782,3,157,616,12.375334,"{""type"":""MultiPoint"",""coordinates"":[]}"
617_0,0.05030731636241393,0.6707367,-2.7937371071507933,0.04815087687759695,0.38238218,-2.960655317192949,0.05827026185338697,0.78608406,-2.876095099787478,3,137,617,20.73504,"{""type"":""MultiPoint"",""coordinates"":[]}"
618_0,0.06872934273044615,0.6922006,-2.5319722743349953,0.05631421290810406,0.39100707,-2.5798827579236248,0.0728689195723692,0.8557989,-3.1329968556088574,3,191,618,17.403114,"{""type"":""MultiPoint"",""coordinates"":[]}"
619_0,0.07065015038071953,0.6719586,3.0999295835581053,0.07452005377708933,0.39515218,3.0213909618320693,0.061740667608128685,0.814553,3.135259226610037,3,114,619,2.7802885,"{""type"":""MultiPoint"",""coordinates"":[]}"
620_0,0.13254544418435865,0.51159286,-2.7882748130880373,0.10716293150844121,0.22826095,-2.7862304205061053,0.14565957537419402,0.6916048,-2.8379374993461717,3,86,620,17.739004,"{""type"":""MultiPoint"",""coordinates"":[]}"
621_0,0.13406882972605058,0.46903557,-2.425468362245231,0.11641849083661046,0.20804325,-2.2860417830309476,0.07354752846553751,0.63977313,-2.320597628771333,3,457,621,4.4904,"{""type"":""MultiPoint"",""coordinates"":[]}"
622_0,0.06347712672191848,0.67355174,-2.817111564583265,0.061776428417075535,0.37125963,-2.7728698529147,0.04979200991315897,0.86709344,3.112224544846794,3,370,622,20.56594,"{""type"":""MultiPoint"",""coordinates"":[]}"
623_0,0.058807576869362006,0.6327304,-2.4653400024361654,0.051731496695019835,0.32785597,-2.3915807562552125,0.046704104577684515,0.8158572,-2.7961029029275926,3,143,623,23.017595,"{""type"":""MultiPoint"",""coordinates"":[]}"
624_0,0.11185492577927755,0.4281514,-2.578313459148845,0.09665527303840428,0.17417926,-2.4424891480458704,0.08927815129016338,0.67401624,-2.8298139504856823,3,366,624,17.274334,"{""type"":""MultiPoint"",""coordinates"":[]}"
625_0,0.07563554637376269,0.59521246,-2.9151874478316246,0.06332004997502298,0.31299675,-3.1345132621381953,0.11649145763470507,0.72106135,-2.7273473856740873,3,169,625,27.209448,"{""type"":""MultiPoint"",""coordinates"":[]}"
626_0,0.053260849590727154,0.67891514,-2.779760519272282,0.04592064652565716,0.39230436,-2.9797221906195603,0.05637835271802659,0.83237517,-2.6973126433807195,3,648,626,33.160904,"{""type"":""MultiPoint"",""coordinates"":[]}"
627_0,0.0475874286326584,0.69102705,-2.9125437722223406,0.04607013305499254,0.3909408,-2.6631496492086826,0.05402395742245349,0.8554526,-2.886683480207992,3,612,627,21.945536,"{""type"":""MultiPoint"",""coordinates"":[]}"
628_0,0.045339517039443326,0.6527097,-2.6324930843243375,0.031984583608840364,0.34914133,-2.7636897338191195,0.0494102546222602,0.8158866,-2.6809140534782507,3,139,628,21.497252,"{""type"":""MultiPoint"",""coordinates"":[]}"
629_0,0.07614573174907242,0.60177463,-2.8002761133022114,0.06546438044506447,0.30157977,-2.6317344341158853,0.07577025599264822,0.78714406,-3.025941481726181,3,116,629,12.950704,"{""type"":""MultiPoint"",""coordinates"":[]}"
630_0,0.0600786735285354,0.67241126,-2.3648596427999107,0.034192846223784275,0.39663953,-3.076344469577481,0.07246984636797354,0.83471346,-2.4564859652152933,3,481,630,20.290829,"{""type"":""MultiPoint"",""coordinates"":[]}"
631_0,0.03171784620211741,0.6402913,-2.5726663627647035,0.00985946865354433,0.327379,-2.912359665281969,0.04204888589825093,0.82745373,-2.6738801278554027,3,116,631,15.659471,"{""type"":""MultiPoint"",""coordinates"":[]}"
632_0,0.02958811238080828,0.64780277,-2.7935465024686703,0.03000196757859309,0.34211725,-2.546856059375739,0.023548879525661218,0.84735936,-3.107362426906099,3,670,632,18.338871,"{""type"":""MultiPoint"",""coordinates"":[]}"
633_0,0.03980203481906248,0.5619889,3.0492084980319656,0.033315782260717325,0.30409503,2.98305187704843,0.044062437411614454,0.7044826,2.5831596409479083,3,211,633,4.228551,"{""type"":""MultiPoint"",""coordinates"":[]}"
634_0,0.06710047418538438,0.6807244,-2.988385711079375,0.05990184759916901,0.3889337,-2.9673273269757114,0.08456744539172052,0.8017672,-3.1052851908930528,3,115,634,10.209274,"{""type"":""MultiPoint"",""coordinates"":[]}"
635_0,0.060079246211364984,0.6809173,-2.9022664702100074,0.058541233361574505,0.3752273,-2.797958832975551,0.05775288644767471,0.850216,3.045048474835763,3,184,635,17.200525,"{""type"":""MultiPoint"",""coordinates"":[]}"
636_0,0.025360279974760907,0.66176975,-2.46190968232948,0.02503603846219539,0.35143858,-1.5425420630316442,0.03992438589529861,0.8411612,3.118514524162577,3,953,636,24.520016,"{""type"":""MultiPoint"",""coordinates"":[]}"
637_0,0.09679001747416446,0.5319665,-2.5495764505834964,0.08936897752083281,0.23757224,-2.4000058039297794,0.06915424679076454,0.7570263,-2.6850493990645603,3,307,637,16.905712,"{""type"":""MultiPoint"",""coordinates"":[]}"
638_0,0.08825678015773836,0.6052942,3.1026237237206784,0.07680526179384728,0.30361736,3.077065767551958,0.08048415562527846,0.7855243,3.108286650425651,3,222,638,12.297542,"{""type"":""MultiPoint"",""coordinates"":[]}"
639_0,0.24653489100623516,0.43473658,-2.664306165962156,0.20928362195643535,0.13965209,-2.607168211313664,0.18346625279442821,0.68069714,-2.708240607076478,3,74,639,12.857224,"{""type"":""MultiPoint"",""coordinates"":[]}"
640_0,0.11540567464603617,0.5393935,-2.9189427996481387,0.10134874502822488,0.2531067,-2.9139031750488953,0.09803421178255621,0.73140794,-2.976119239449166,3,85,640,8.165958,"{""type"":""MultiPoint"",""coordinates"":[]}"
641_0,0.06197504514035837,0.6301473,-2.36380167789808,0.04892791459721563,0.332077,-2.3835033369960015,0.07022065638335792,0.7625283,-2.4065720912731017,3,60,641,3.5519743,"{""type"":""MultiPoint"",""coordinates"":[]}"
642_0,0.06465408203175932,0.59992725,-2.8228030619765443,0.04747120707417209,0.2922774,-2.6818780495097276,0.0632407003431872,0.8209041,-2.943642170563949,3,514,642,26.16224,"{""type"":""MultiPoint"",""coordinates"":[]}"
643_0,0.04139466192939393,0.5817081,-3.0351377060768887,0.03512835603851675,0.30145764,2.8140030303739474,0.04322462834115647,0.79802656,-3.1244232602073088,3,786,643,20.421242,"{""type"":""MultiPoint"",""coordinates"":[]}"
644_0,0.09880264032564148,0.5987927,-2.6950934813978553,0.08921048429016619,0.29378876,-2.6303438382798414,0.07623266210145166,0.80467457,-2.713852104904565,3,102,644,6.842834,"{""type"":""MultiPoint"",""coordinates"":[]}"
645_0,0.07005330597199166,0.3220594,-2.6882733258130034,0.053541706903324625,0.12693492,-2.6690982074844283,0.06909830346926245,0.49944037,-2.857178455049765,3,43,645,0.0,"{""type"":""MultiPoint"",""coordinates"":[]}"
646_0,0.0368097569599841,0.70785064,-2.7983949912760906,0.03148775693796895,0.41316405,-2.2735766296978124,0.02959371130199054,0.88420707,-2.8811526554339046,3,1328,646,29.891846,"{""type"":""MultiPoint"",""coordinates"":[]}"
647_0,0.08653813973827251,0.5897553,-3.010624248328635,0.0728416344555291,0.2842777,-2.93958849205214,0.09598092610840192,0.7597706,-2.934148501388384,3,238,647,21.01083,"{""type"":""MultiPoint"",""coordinates"":[]}"
648_0,0.10280491711771467,0.4832621,-2.4712422010698756,0.06960153666632583,0.19771549,-2.454939684121845,0.09692350243618128,0.7308357,-2.343495882288093,3,190,648,18.298237,"{""type"":""MultiPoint"",""coordinates"":[]}"
649_0,0.0760595862441484,0.68434405,-2.7860591739844986,0.08093142473962428,0.38751203,-2.8214443899524424,0.05041978028353069,0.82938486,-2.882628824272253,3,63,649,21.011208,"{""type"":""MultiPoint"",""coordinates"":[]}"
650_0,0.061704708913098025,0.66832244,-2.1764195370320687,0.0556449973101487,0.3726315,-2.2456039820603615,0.03716458312271529,0.813068,-2.3362966371939193,3,284,650,12.240138,"{""type"":""MultiPoint"",""coordinates"":[]}"
651_0,0.0293590342850142,0.71247727,-2.615673717252286,0.029167089749744884,0.41377985,-3.00220371288729,0.012221616841970297,0.8597774,-2.678040093556581,3,283,651,15.416666,"{""type"":""MultiPoint"",""coordinates"":[]}"
652_0,0.0616248050110094,0.6441461,-2.528482929937741,0.05665832127818894,0.33486086,-2.5736063651076098,0.04994817112028645,0.839788,3.073039879127714,3,419,652,13.549446,"{""type"":""MultiPoint"",""coordinates"":[]}"
653_0,0.062367269446533424,0.60247433,-2.9547116257066524,0.05449809941675769,0.2911037,-2.982792948604084,0.062144594464967784,0.8065936,-2.9954125296686636,3,535,653,20.649742,"{""type"":""MultiPoint"",""coordinates"":[]}"
654_0,0.13509096200511192,0.5750337,-2.7621371452360286,0.12282483522105728,0.26645148,-2.6332523233849257,0.10011906652383329,0.7648086,-2.8291503279718118,3,341,654,14.037004,"{""type"":""MultiPoint"",""coordinates"":[]}"
655_0,0.09639331505690453,0.5722371,-2.244611520653381,0.07215756285848214,0.28635576,-2.417111034981587,0.07538128551377772,0.791908,-2.7155624191693293,3,30,655,10.035687,"{""type"":""MultiPoint"",""coordinates"":[]}"
656_0,0.07322490082005075,0.583627,-2.853297938037806,0.06158909980280311,0.278029,-2.7627764243402555,0.06748135931466591,0.79195064,-2.8165669323376914,3,504,656,28.115473,"{""type"":""MultiPoint"",""coordinates"":[]}"
657_0,0.034247475638805834,0.70438254,-3.1237342108978403,0.04027428243033815,0.40899217,2.970684121514724,0.02041820447173208,0.85956556,2.924239852869025,3,581,657,34.184464,"{""type"":""MultiPoint"",""coordinates"":[]}"
658_0,0.0924112469645271,0.5166327,-2.0982329284765724,0.07562349975346952,0.23317859,-1.9642608568798452,0.06569601170543009,0.7196736,-2.349968793884075,3,425,658,10.177281,"{""type"":""MultiPoint"",""coordinates"":[]}"
659_0,0.08549678199253798,0.58660024,-2.8268600186836363,0.07442566134756035,0.31126505,-2.773291467333903,0.0955399631451355,0.73122513,-2.8656717713213293,3,61,659,6.7661963,"{""type"":""MultiPoint"",""coordinates"":[]}"
660_0,0.05176500263389445,0.6545015,-3.0695326055491536,0.045581178174602194,0.35348517,-3.0366376034770814,0.052986102678253814,0.8116328,3.095977821320476,3,328,660,17.527935,"{""type"":""MultiPoint"",""coordinates"":[]}"
661_0,0.08901100423943169,0.59631634,-2.4609678820199847,0.07436760137172728,0.30361924,-2.492719639092876,0.06398188141279626,0.75964373,-2.521267652371219,3,116,661,7.098744,"{""type"":""MultiPoint"",""coordinates"":[]}"
662_0,0.04464181812212283,0.6706541,-2.9476232766060115,0.03294612446898739,0.36097592,-2.988069416394564,0.04093078593386532,0.85199434,3.062762918603601,3,910,662,33.398247,"{""type"":""MultiPoint"",""coordinates"":[]}"
663_0,0.08138425630353587,0.5226436,-2.4057199615321117,0.06642504520389371,0.2686951,-2.234504768024304,0.07127241483941563,0.62644666,-2.602766215102198,3,6,663,1.8543341,"{""type"":""MultiPoint"",""coordinates"":[]}"
664_0,0.0394020007022716,0.6607781,3.1180432993044533,0.02926361430607357,0.37605348,3.0752150621844785,0.042616259627022327,0.8229231,2.7775332404267474,3,368,664,11.048839,"{""type"":""MultiPoint"",""coordinates"":[]}"
665_0,0.0753169653685439,0.61443615,-2.5395729029168352,0.0708843686418638,0.30941445,-2.5326356267610257,0.06718821676926458,0.7965486,-2.5923155531332642,3,246,665,6.5422344,"{""type"":""MultiPoint"",""coordinates"":[]}"
666_0,0.09308213145741696,0.5586221,-2.6850002631212657,0.07522322202438972,0.26028985,-2.5678966916463186,0.09752171500597655,0.7680274,-2.949938774964643,3,191,666,15.963645,"{""type"":""MultiPoint"",""coordinates"":[]}"
667_0,0.08839530428037536,0.61245006,-3.0814649005714956,0.07454985058907188,0.31067637,-2.9980035426477425,0.07614667503731601,0.7853451,3.126443145373857,3,238,667,18.554132,"{""type"":""MultiPoint"",""coordinates"":[]}"
668_0,0.0997159707482653,0.5756956,-2.4882709795386933,0.08328054584564142,0.28253767,-2.37795228297485,0.08909709856577593,0.7724843,-2.643183424863755,3,72,668,12.950242,"{""type"":""MultiPoint"",""coordinates"":[]}"
669_0,0.09664334847603881,0.6040941,-2.6378379516746486,0.08246931062096328,0.29689318,-2.5246938249483177,0.07914426780122961,0.8167027,-2.7866043212399494,3,482,669,6.2621655,"{""type"":""MultiPoint"",""coordinates"":[]}"
670_0,0.10058541631976678,0.5639296,-2.6784909966103214,0.07871188987146045,0.2760114,-2.8437016986772767,0.08771290345762923,0.769597,-2.6835006048106798,3,614,670,15.97629,"{""type"":""MultiPoint"",""coordinates"":[]}"
671_0,0.08334763807273941,0.6087612,-2.7776587592787987,0.0859576958290099,0.2873401,-2.461486670353631,0.054896552982484526,0.8460146,-3.1185645544996605,3,1500,671,44.82827,"{""type"":""MultiPoint"",""coordinates"":[]}"
672_0,0.11502842861024459,0.5249431,-2.6578636062751357,0.0930551824907486,0.24334192,-2.5612872710100008,0.118260384469934,0.6994478,-2.821908073079167,3,81,672,11.18246,"{""type"":""MultiPoint"",""coordinates"":[]}"
673_0,0.06217433015052966,0.56333065,-2.2614908946919554,0.04340147600507548,0.29277524,-2.4871883449066257,0.07516053221249118,0.7388007,-2.4060373808023385,3,130,673,18.326511,"{""type"":""MultiPoint"",""coordinates"":[]}"
674_0,0.05290446330169535,0.614419,-2.6021670587999,0.0421351701789342,0.30523258,-2.4613895711197844,0.05528922240420194,0.8140146,-2.691486979603902,3,679,674,13.0003195,"{""type"":""MultiPoint"",""coordinates"":[]}"
675_0,0.07528832625905188,0.60978043,-2.808793202100962,0.06272774471801221,0.3075751,-2.740186828598521,0.06281659525018722,0.77843976,-3.0928426880795694,3,266,675,30.116398,"{""type"":""MultiPoint"",""coordinates"":[]}"
676_0,0.07009562424599845,0.61801714,-2.476323978244459,0.06295933344706121,0.29840603,-2.2943605993467604,0.03610115865100911,0.84413487,-2.4988447152738162,3,1015,676,20.06292,"{""type"":""MultiPoint"",""coordinates"":[]}"
677_0,0.0935112449092567,0.57148975,-2.4257181939871004,0.08582691777666694,0.2727355,-2.214733199913102,0.086525105341591,0.7792526,-2.7275752061592486,3,91,677,11.924355,"{""type"":""MultiPoint"",""coordinates"":[]}"
678_0,0.08311702915558088,0.5960083,-2.2199136828966095,0.06848999229411845,0.28419816,-2.156079338752942,0.05210902834104286,0.8159875,-2.591842936517005,3,226,678,11.925555,"{""type"":""MultiPoint"",""coordinates"":[]}"
679_0,0.06745683200121882,0.6337232,-2.5770508509931496,0.05546192236034795,0.3287305,-2.4619353222704476,0.06329860939814871,0.8149624,-2.751587484749615,3,206,679,17.23904,"{""type"":""MultiPoint"",""coordinates"":[]}"
680_0,0.05881580541329748,0.6075906,-3.1023085452402293,0.05001403717584666,0.32507867,-3.123918804020236,0.05759910764095604,0.7793617,3.1381080041431564,3,411,680,19.038486,"{""type"":""MultiPoint"",""coordinates"":[]}"
681_0,0.03582441139735511,0.6091349,-2.4217710280552347,0.02682935728519717,0.2992816,-1.7327308457516764,0.049707577375726175,0.8160622,-2.8171662302193345,3,730,681,31.464306,"{""type"":""MultiPoint"",""coordinates"":[]}"
682_0,0.07547488695648842,0.674751,3.107486763811974,0.07715637204639153,0.38306236,3.0393469054016253,0.0610319952698911,0.83194345,2.955924364347078,3,315,682,10.073089,"{""type"":""MultiPoint"",""coordinates"":[]}"
683_0,0.05590229669479706,0.6027768,-2.6305126201263023,0.043399157723729424,0.3191515,-2.635744910702172,0.06018896081585972,0.7702563,-2.962622560160104,3,114,683,20.613508,"{""type"":""MultiPoint"",""coordinates"":[]}"
684_0,0.03652936631749084,0.71036506,-2.7013736991266875,0.03417440147662052,0.40417072,-2.8406269022028634,0.02799314573992495,0.85616726,-3.041757748064333,3,210,684,12.0449705,"{""type"":""MultiPoint"",""coordinates"":[]}"
685_0,0.06317898617692361,0.6045743,-2.6763543221558073,0.05610268861233184,0.29354122,-2.3758171595824544,0.06304713111629913,0.8104836,-2.9521406812189532,3,300,685,18.740152,"{""type"":""MultiPoint"",""coordinates"":[]}"
686_0,0.05727509660128545,0.6554757,-2.8870198351213023,0.05424736536195471,0.36329177,-2.902661436766498,0.04743009081923027,0.8132328,-3.124910015139289,3,69,686,27.289335,"{""type"":""MultiPoint"",""coordinates"":[]}"
687_0,0.07868567085578974,0.61873525,-2.578004145302044,0.07128819140851023,0.3093545,-2.4726297626964553,0.06571846715795131,0.81661004,-2.8248936875352735,3,510,687,20.506094,"{""type"":""MultiPoint"",""coordinates"":[]}"
688_0,0.17645749541981012,0.5567994,-2.9477985662603476,0.16333104151979416,0.26438785,-2.887429061102065,0.15034122714037762,0.73510104,-2.9881395915463327,3,103,688,12.206985,"{""type"":""MultiPoint"",""coordinates"":[]}"
689_0,0.0602445397062336,0.61036044,-2.783289157475718,0.05972548563105705,0.3088279,-2.722041899187721,0.04798882243643163,0.8272278,-3.067652398520261,3,869,689,14.198866,"{""type"":""MultiPoint"",""coordinates"":[]}"
690_0,0.05184913262558427,0.6262688,-2.7997124235522617,0.04770217914491012,0.31537548,-2.6505004644451873,0.04247642791081277,0.8547548,-2.985217609751834,3,982,690,32.25832,"{""type"":""MultiPoint"",""coordinates"":[]}"
691_0,0.03874403194845046,0.6241796,-2.7648800918946104,0.024438268890159907,0.31820512,-2.7581448546532035,0.039911590617795714,0.805888,-2.863959782582837,3,1182,691,29.918169,"{""type"":""MultiPoint"",""coordinates"":[]}"
692_0,0.06089758894072544,0.55873144,-2.0662515230747536,0.05562657069714348,0.266298,-2.0166533492954493,0.0614831383242936,0.73682904,-2.191008378311546,3,35,692,2.957632,"{""type"":""MultiPoint"",""coordinates"":[]}"
693_0,0.14024847769543244,0.542316,-2.626563550985443,0.11190351581243702,0.25402334,-2.5069263918911426,0.1128875322329799,0.72918373,-2.8403291796424566,3,249,693,18.118198,"{""type"":""MultiPoint"",""coordinates"":[]}"
694_0,0.08137043025022836,0.5880812,-3.049527071147017,0.06960189166455634,0.29493207,-3.022988596908609,0.09934261348349556,0.7692954,-3.113322034749749,3,66,694,15.295812,"{""type"":""MultiPoint"",""coordinates"":[]}"
695_0,0.04153305072965598,0.6616556,-2.8767507482136754,0.035218326475513,0.35562962,2.835366572160623,0.05211765870831818,0.83130556,-2.833193487091548,3,263,695,19.602388,"{""type"":""MultiPoint"",""coordinates"":[]}"
696_0,0.07455255149030926,0.59915406,-2.4800836883119826,0.06724732874745509,0.28815293,-2.422668910431099,0.060907298844225494,0.8106694,-2.8066579602962416,3,528,696,15.853666,"{""type"":""MultiPoint"",""coordinates"":[]}"
697_0,0.08375800140762049,0.6437781,-2.4462002341592797,0.07037182960762299,0.3443772,-2.552531298279475,0.05351284981554016,0.8130142,-2.4488332217068294,3,79,697,7.1425486,"{""type"":""MultiPoint"",""coordinates"":[]}"
698_0,0.0714731530849827,0.6352456,-2.589671595309589,0.052888794940108605,0.3237021,-2.489819167007197,0.07456848097745682,0.8111843,-2.8599465322962674,3,198,698,17.33395,"{""type"":""MultiPoint"",""coordinates"":[]}"
699_0,0.07862534332225542,0.61234784,-2.4742738351435354,0.07902522400514027,0.31217635,-2.2784735164630665,0.06331508126339509,0.8062181,-2.7021917102289827,3,1187,699,29.606361,"{""type"":""MultiPoint"",""coordinates"":[]}"
700_0,0.05961644966646162,0.6414796,-2.9522618250245234,0.046537643401808645,0.34938294,-3.1253733703698687,0.05533960871316466,0.8427034,-3.0315050081257495,3,302,700,20.236015,"{""type"":""MultiPoint"",""coordinates"":[]}"
701_0,0.07753286815009083,0.40189123,-2.684563913184368,0.0561459353859126,0.19861005,-2.572322527514123,0.05460667914625314,0.591699,2.6078931115528703,3,41,701,21.522074,"{""type"":""MultiPoint"",""coordinates"":[]}"
702_0,0.03571782111994474,0.7176876,2.683193280912179,0.034453565674878804,0.42768928,2.612750855790611,0.033534341117596025,0.86991745,2.5779479881842575,3,838,702,13.956442,"{""type"":""MultiPoint"",""coordinates"":[]}"
703_0,0.05509133285724951,0.58439773,-1.8877408429734444,0.0524642760240189,0.27274612,-1.8045962042692616,0.029273020642592924,0.84262985,-2.553895507160394,3,720,703,16.273655,"{""type"":""MultiPoint"",""coordinates"":[]}"
704_0,0.048937652852880556,0.59472746,3.1290567199661967,0.03362589115427559,0.32211038,-3.0883951041222337,0.05958058365958426,0.76470333,2.967520077645775,3,392,704,16.213879,"{""type"":""MultiPoint"",""coordinates"":[]}"
705_0,0.028736234727958998,0.6712416,-2.837009990948625,0.014301187903670964,0.37756482,3.0787935735447705,0.03623948580351449,0.8526574,-3.0312432996739083,3,412,705,17.238037,"{""type"":""MultiPoint"",""coordinates"":[]}"
706_0,0.10981319985416632,0.5858358,-2.8925713866265514,0.10229020294676616,0.28629404,-2.944207422326173,0.09757184554780994,0.73199147,-2.8745243984391355,3,74,706,2.9569707,"{""type"":""MultiPoint"",""coordinates"":[]}"
707_0,0.08159423997841002,0.6222006,-2.8547091833301175,0.07069725138363057,0.33491543,-2.834252713604413,0.08600838366704187,0.7690913,-2.84916374784029,3,175,707,10.289412,"{""type"":""MultiPoint"",""coordinates"":[]}"
708_0,0.04107283995215522,0.68458736,-2.7732643988268193,0.029619701819831194,0.38022485,-2.9247672098245894,0.04383794707033586,0.8518928,-3.015320572807799,3,395,708,12.212871,"{""type"":""MultiPoint"",""coordinates"":[]}"
709_0,0.05032584851196112,0.6211334,-2.687132163624163,0.03335723787278298,0.32876018,-2.653238775520648,0.05809346939187931,0.7896672,-2.8062483504182083,3,80,709,12.881718,"{""type"":""MultiPoint"",""coordinates"":[]}"
710_0,0.09191525508652404,0.5754441,-2.585348827741982,0.07428081973076782,0.27182007,-2.5114020096017704,0.10694616055519753,0.7561077,-2.650737317461182,3,315,710,15.023536,"{""type"":""MultiPoint"",""coordinates"":[]}"
711_0,0.04266138081751475,0.6298448,-2.398425038041979,0.027993110521799446,0.31169477,-2.2626739690657143,0.057821054693490526,0.81398934,-2.5442311940476325,3,285,711,31.940968,"{""type"":""MultiPoint"",""coordinates"":[]}"
712_0,0.07653477475924302,0.6081143,-2.906234280692941,0.054241342177041546,0.29804805,-2.703624061696254,0.08823531290167642,0.7986305,3.0932784935155935,3,229,712,1.8543341,"{""type"":""MultiPoint"",""coordinates"":[]}"
713_0,0.0527288203920841,0.5839102,-2.757080876779392,0.037583066862505066,0.2881898,-2.7435794161148115,0.0515161613516198,0.8000365,-3.0712476679783394,3,353,713,12.379901,"{""type"":""MultiPoint"",""coordinates"":[]}"
714_0,0.08738463511254906,0.5571016,-2.7638651757870143,0.07992168915146534,0.271046,-2.610426429417431,0.07202176298738663,0.76904595,-3.1355485359562607,3,327,714,15.697119,"{""type"":""MultiPoint"",""coordinates"":[]}"
715_0,0.08735966174887064,0.51612014,-2.39243166734588,0.046877288049227424,0.25418603,-2.5044434951807686,0.08883475490747827,0.73292226,-2.189859993979168,3,143,715,12.892266,"{""type"":""MultiPoint"",""coordinates"":[]}"
716_0,0.07000552785166315,0.6412631,-3.1016305085842895,0.060817218776025146,0.34282133,-3.006716799089542,0.05896886609172627,0.8244807,2.9844445146815457,3,539,716,19.221518,"{""type"":""MultiPoint"",""coordinates"":[]}"
717_0,0.07516257761256097,0.6842375,-2.9242893625916584,0.06974879003661252,0.39672327,-2.9622158446481808,0.049633623193861734,0.8699157,-2.909903129400826,3,1060,717,19.454374,"{""type"":""MultiPoint"",""coordinates"":[]}"
718_0,0.04669529470032687,0.63378996,-2.916353486318047,0.037303051482698184,0.35058555,-3.0575506003407398,0.03785435585197198,0.83324933,-2.9800428465416595,3,834,718,11.705931,"{""type"":""MultiPoint"",""coordinates"":[]}"
719_0,0.07981238828186767,0.6121104,-2.841900073496935,0.07397164931564515,0.3085726,-2.7399047013431024,0.08252357255242458,0.78243697,-2.9386259885381882,3,151,719,13.956806,"{""type"":""MultiPoint"",""coordinates"":[]}"
720_0,0.035616112436448494,0.67991084,-3.0571387721042154,0.03077193965994476,0.3868799,2.931573400214891,0.03366354811170828,0.8691902,-2.932079642493109,3,1162,720,31.314896,"{""type"":""MultiPoint"",""coordinates"":[]}"
721_0,0.04262314264625703,0.6338899,3.116498717079228,0.03380741606733931,0.34163678,-2.9687116596480023,0.05656224026650848,0.81153476,2.8672495256490054,3,497,721,6.847644,"{""type"":""MultiPoint"",""coordinates"":[]}"
722_0,0.035963535729423075,0.6327925,-3.008588363560362,0.025628942078572827,0.31959224,-2.696986770369676,0.024741604000968368,0.815243,2.725792003090297,3,317,722,36.818573,"{""type"":""MultiPoint"",""coordinates"":[]}"
723_0,0.02682704209768263,0.6804061,-3.123491775063382,0.03290756784638236,0.4019647,2.637224311887247,0.03937719375614876,0.82749206,-3.0697260660979864,3,574,723,27.832283,"{""type"":""MultiPoint"",""coordinates"":[]}"
724_0,0.054836716514536595,0.6928992,-2.3444087165602827,0.04699672500613154,0.39737135,-2.5961372632251383,0.05101213382403653,0.8654609,-2.8661620203666556,3,271,724,16.062231,"{""type"":""MultiPoint"",""coordinates"":[]}"
725_0,0.15984482289867707,0.38523176,-1.5997002204601714,0.1289969384776619,0.13268167,-1.5373966775667665,0.10105567169446722,0.66890115,-1.582329743288807,3,632,725,21.870079,"{""type"":""MultiPoint"",""coordinates"":[]}"
726_0,0.04609826961090944,0.6705084,2.9195867710508177,0.04863847816383077,0.3725444,2.9416104242383043,0.03505758572377473,0.8470551,2.684663344741109,3,351,726,25.777119,"{""type"":""MultiPoint"",""coordinates"":[]}"
727_0,0.04389196339450791,0.6554696,-3.030670197595559,0.038223475294027094,0.3541593,3.047129597178235,0.055041104163290167,0.8246886,-2.6851401172473226,3,190,727,19.805563,"{""type"":""MultiPoint"",""coordinates"":[]}"
728_0,0.054805118946101614,0.67508495,-3.077593377847389,0.04340847317955251,0.36027408,-3.02971338785448,0.05184482603779204,0.8387804,-3.1216575392489463,3,180,728,26.976608,"{""type"":""MultiPoint"",""coordinates"":[]}"
729_0,0.05500120636155183,0.65372187,-2.5663928239061735,0.05214847404741104,0.35983402,-2.334953145309812,0.04004492097810755,0.82888085,-2.875035058977091,3,640,729,14.255131,"{""type"":""MultiPoint"",""coordinates"":[]}"
730_0,0.09615389132758946,0.5895473,-2.8411671467204416,0.092393435112944,0.27938378,-2.846199188167816,0.05599908053600048,0.74766463,-2.778938437799813,3,188,730,1.8543341,"{""type"":""MultiPoint"",""coordinates"":[]}"
731_0,0.054114851210800986,0.55522466,-2.753434963398053,0.052711150835401496,0.27149296,-2.6243490617694882,0.05373209647267654,0.7855733,-3.105915967195444,3,1668,731,37.60061,"{""type"":""MultiPoint"",""coordinates"":[]}"
732_0,0.08326084214886685,0.6245792,-2.9472764110244483,0.07654600961878187,0.3285747,-2.9070877719072064,0.10404509266829043,0.7747143,-2.9841921964115716,3,451,732,18.687378,"{""type"":""MultiPoint"",""coordinates"":[]}"
733_0,0.075271944071301,0.6218605,3.0364437526007526,0.05893772664900972,0.33017576,2.8961551174620936,0.08779767068107582,0.80643994,-2.9075301822089523,3,500,733,44.610905,"{""type"":""MultiPoint"",""coordinates"":[]}"
734_0,0.09536898276161312,0.59447366,-2.834684607583332,0.08213394561356437,0.30094147,-2.683542000878669,0.06409473004217674,0.8335565,-2.991067566898625,3,1040,734,21.189617,"{""type"":""MultiPoint"",""coordinates"":[]}"
735_0,0.051426387281893866,0.6184461,-2.593539422672478,0.041523415993583924,0.30563554,-2.341222990239922,0.04759764866242976,0.81546813,-3.025662445438675,3,430,735,19.282864,"{""type"":""MultiPoint"",""coordinates"":[]}"
736_0,0.03473714851057911,0.6380103,-2.540731235072815,0.02356367440150301,0.31012878,-2.2224684903864693,0.029299094050726216,0.84175086,-2.7845249261532765,3,438,736,27.32797,"{""type"":""MultiPoint"",""coordinates"":[]}"
737_0,0.04864280064370455,0.7030093,-2.898503662519994,0.05814241075547762,0.41347098,3.0819113394479425,0.021821107835121503,0.8628296,2.546841301674688,3,298,737,13.963878,"{""type"":""MultiPoint"",""coordinates"":[]}"
738_0,0.04200768943247585,0.6412826,-2.773753452344431,0.030888526207857554,0.32369584,-2.6138234409154535,0.038790719981392205,0.83814406,-2.983460310586689,3,355,738,11.6545515,"{""type"":""MultiPoint"",""coordinates"":[]}"
739_0,0.05860568139493584,0.6512376,-2.4723297847610093,0.05545014797798105,0.33350706,-2.329940526494571,0.038466250557769366,0.8486442,-2.8244477033774844,3,84,739,25.67626,"{""type"":""MultiPoint"",""coordinates"":[]}"
740_0,0.0465509975023719,0.5856341,-2.440027970953058,0.042630337651246256,0.25860128,-1.9445741102959635,0.04817057397480662,0.80907583,-2.9642447332579294,3,713,740,23.275154,"{""type"":""MultiPoint"",""coordinates"":[]}"
741_0,0.05287294796840116,0.63653225,-2.8518627135458496,0.045760990783827206,0.33554906,-2.58323396907775,0.04531620321900735,0.85968214,3.0661805322763565,3,1369,741,25.31994,"{""type"":""MultiPoint"",""coordinates"":[]}"
742_0,0.04774588853095032,0.60582745,-2.027431796446363,0.04412638075629344,0.30629525,-2.0584463935664816,0.04668811425458892,0.7748052,-2.011316589525621,3,34,742,5.122972,"{""type"":""MultiPoint"",""coordinates"":[]}"
743_0,0.08003449769067687,0.57992375,-2.4726572526702593,0.06467573739895369,0.27691254,-2.446049465860911,0.05954994483832992,0.771015,-2.54896168740345,3,290,743,13.1544285,"{""type"":""MultiPoint"",""coordinates"":[]}"
744_0,0.05213853531005187,0.6337393,-2.234967783433844,0.049150340901551896,0.33196568,-2.066202762656099,0.040006208597839266,0.8211905,-2.6404904182702,3,1231,744,24.149504,"{""type"":""MultiPoint"",""coordinates"":[]}"
745_0,0.06779104846155531,0.58891886,-2.844258159604668,0.05253924682380777,0.30165887,-2.7302798692209995,0.10185870892555113,0.8033273,2.898379531874935,3,28,745,1.8543341,"{""type"":""MultiPoint"",""coordinates"":[]}"
746_0,0.09274305348809697,0.5489612,-2.3660221845100673,0.09066825067944714,0.209889,-2.1288639395930975,0.05336461209852611,0.820521,-2.6808122139510013,3,1016,746,40.934868,"{""type"":""MultiPoint"",""coordinates"":[]}"
747_0,0.04211874033886652,0.66833854,-2.4133316647401815,0.03586195551750926,0.36307442,-2.0353694558224387,0.04704187014934701,0.86345714,-2.9101013116588916,3,381,747,21.86415,"{""type"":""MultiPoint"",""coordinates"":[]}"
748_0,0.10079963846136274,0.59935904,-2.3957279910359346,0.07651949341815105,0.2998093,-2.4593894064752733,0.0741371570437788,0.8060713,-2.716412979674203,3,19,748,2.9626822,"{""type"":""MultiPoint"",""coordinates"":[]}"
749_0,0.06411209698968752,0.59593344,-2.2981924998888625,0.06021811630526111,0.29739735,-2.235602104290578,0.03358250210571828,0.79309255,-2.3633800961300486,3,242,749,11.123084,"{""type"":""MultiPoint"",""coordinates"":[]}"
750_0,0.04351886402588682,0.7346516,3.0274525918184647,0.041500278149457843,0.4765619,2.729269178141236,0.05204821205224126,0.85437053,-2.8359532318572542,3,827,750,38.97018,"{""type"":""MultiPoint"",""coordinates"":[]}"
751_0,0.08765840101491458,0.56467146,-2.5410212541845785,0.07731548870465454,0.24597475,-2.3897600333791518,0.06263690191366213,0.78317016,-2.8812707369983173,3,409,751,12.918671,"{""type"":""MultiPoint"",""coordinates"":[]}"
752_0,0.027041802496431216,0.6853964,2.7793283467109022,0.04006366056249637,0.3843891,2.4878206372559144,0.02118702364401055,0.8548137,2.3937724990176292,3,332,752,7.601066,"{""type"":""MultiPoint"",""coordinates"":[]}"
753_0,0.0684591252584866,0.6060137,-2.5135531206428814,0.05997943158682925,0.30297688,-2.500526425796058,0.07036837351719374,0.774033,-2.660546290129171,3,66,753,13.444894,"{""type"":""MultiPoint"",""coordinates"":[]}"
754_0,0.09482220917194344,0.60820293,-2.708434890767844,0.08921191254082578,0.28960767,-2.5505390556184184,0.06606522363065967,0.8225546,-2.897113069012636,3,429,754,7.576661,"{""type"":""MultiPoint"",""coordinates"":[]}"
