system:index,NBR_amp,NBR_mean,NBR_pha,NDMI_amp,NDMI_mean,NDMI_pha,NDVI_amp,NDVI_mean,NDVI_pha,cls,elev,ptid,slope,.geo
0_0,0.08564070248665459,0.39249808,-2.4944213816132423,0.0638756515418744,0.17908628,-2.4397328190555365,0.07209982020322166,0.5300789,-2.621094468554711,1,75,0,3.157255,"{""type"":""MultiPoint"",""coordinates"":[]}"
1_0,0.06899392425269105,0.48285887,-3.0973802482504635,0.052016422475124516,0.24584594,-3.1280617887211632,0.07965101124441124,0.6062213,-2.9903301142333047,1,260,1,14.787485,"{""type"":""MultiPoint"",""coordinates"":[]}"
2_0,0.19983182391885085,0.4308285,-2.822555213728797,0.1613836104827767,0.1455824,-2.7249292519281685,0.17736446977921075,0.60570836,-2.789273063557036,1,108,2,12.947868,"{""type"":""MultiPoint"",""coordinates"":[]}"
3_0,0.11327070215976826,0.5287374,-2.83882866789485,0.09143219211745086,0.25978208,-2.862367936842622,0.11575377597808115,0.6860247,-2.7865375613866155,1,260,3,36.841244,"{""type"":""MultiPoint"",""coordinates"":[]}"
4_0,0.08027323152489066,0.3652657,-2.4657826106073553,0.06149220016160467,0.16918923,-2.55297795555619,0.03697355309399138,0.44299528,-2.893733928101544,1,39,4,6.5414863,"{""type"":""MultiPoint"",""coordinates"":[]}"
5_0,0.09047104241631423,0.53079253,-2.4556493405780886,0.06444828398342851,0.24183388,-2.436020441353014,0.09906479114273395,0.6826085,-2.6442904248035304,1,50,5,2.9568305,"{""type"":""MultiPoint"",""coordinates"":[]}"
6_0,0.07555335774785789,0.47393456,-2.2064649082605907,0.05799862513037306,0.21861884,-2.3535528610775245,0.026430912787668473,0.59964347,-2.54766564125066,1,331,6,29.211557,"{""type"":""MultiPoint"",""coordinates"":[]}"
7_0,0.08877514427627256,0.56405056,-2.6220206686398653,0.06525321415421903,0.25539422,-2.725437293157957,0.06364947390620385,0.7753071,-3.0416670104113135,1,1028,7,45.98275,"{""type"":""MultiPoint"",""coordinates"":[]}"
8_0,0.13912519024491612,0.4561229,-2.6958073450310502,0.12397301056212305,0.18719713,-2.645682978409181,0.09467818773663018,0.66593343,-2.3577392595267064,1,798,8,18.983307,"{""type"":""MultiPoint"",""coordinates"":[]}"
9_0,0.08951782734713824,0.41795513,-2.7624660182715375,0.07338640321469533,0.18765572,-2.813322672329635,0.08422370661875098,0.59743434,-2.9306498933063727,1,164,9,11.38091,"{""type"":""MultiPoint"",""coordinates"":[]}"
10_0,0.09779602311728444,0.5496861,2.5750504831044148,0.09190377820462939,0.29253584,2.5896251711090748,0.07156301300324079,0.69400907,2.572575401480594,1,441,10,19.749758,"{""type"":""MultiPoint"",""coordinates"":[]}"
11_0,0.05449013965676483,0.6409642,2.7664347430336726,0.04370036260148375,0.34713736,2.7011711517307972,0.057096733776463356,0.79613954,2.8973237895580826,1,591,11,21.251123,"{""type"":""MultiPoint"",""coordinates"":[]}"
12_0,0.04879395886342272,0.63417,-2.9538492742585154,0.05314059777721954,0.3243099,-3.038714666336626,0.07269332412972235,0.76167315,-2.5733825202397513,1,161,12,12.340437,"{""type"":""MultiPoint"",""coordinates"":[]}"
13_0,0.10547097359403433,0.40602794,-2.85681462694563,0.07646241903040983,0.16127858,-2.8870038091344097,0.11235722552117734,0.4898159,-2.726724637269255,1,28,13,11.82959,"{""type"":""MultiPoint"",""coordinates"":[]}"
14_0,0.09178438829213971,0.5910686,-2.9201606174874475,0.0893640135648577,0.28098089,-3.06173823115844,0.060054939508330164,0.7723686,2.9419245780748566,1,644,14,26.61895,"{""type"":""MultiPoint"",""coordinates"":[]}"
15_0,0.03175552217088162,0.15076388,-2.560111424152967,0.022011898263161387,0.042315267,-2.6430407432058054,0.04074228026074095,0.27108762,-2.688531253329801,1,38,15,1.0056227,"{""type"":""MultiPoint"",""coordinates"":[]}"
16_0,0.1502675541141761,0.5566455,-2.6884862402396785,0.1236471968961927,0.25955224,-2.5698373078521084,0.14018879600934336,0.71026266,-2.6363622816605474,1,86,16,20.869555,"{""type"":""MultiPoint"",""coordinates"":[]}"
17_0,0.19683536123226403,0.50891095,-2.6847617552865355,0.17094689319976283,0.20640452,-2.6229502949358667,0.16448305171866237,0.6793082,-2.6847593027621066,1,111,17,2.7348604,"{""type"":""MultiPoint"",""coordinates"":[]}"
18_0,0.06611229784181959,0.21189845,-2.11367812871948,0.05444523006282895,0.05980693,-2.0881998002489635,0.04072296711075804,0.35599333,-2.1034633876288877,1,1065,18,16.424856,"{""type"":""MultiPoint"",""coordinates"":[]}"
19_0,0.15381888542459138,0.5039402,-2.9030955159797593,0.12803972708440747,0.21663582,-2.8404010321659756,0.11754491155453338,0.66459805,-2.921857753620387,1,102,19,10.79629,"{""type"":""MultiPoint"",""coordinates"":[]}"
20_0,0.1125850074359108,0.21642724,-2.332290068088853,0.08777617097147816,0.07029273,-2.3456488517513954,0.09622748959183386,0.38322452,-2.4556385123618374,1,78,20,5.517343,"{""type"":""MultiPoint"",""coordinates"":[]}"
21_0,0.14708774599828836,0.47490552,-2.5657300708407855,0.11172095264442865,0.19419986,-2.525098065423933,0.12569884492472386,0.6474075,-2.561338213534977,1,94,21,19.840738,"{""type"":""MultiPoint"",""coordinates"":[]}"
22_0,0.06719418948908648,0.19764452,-2.9179285196055993,0.048517592212856606,0.05322873,-2.6497214316094584,0.0695952295298552,0.43990928,-2.7468531095937143,1,77,22,3.7047918,"{""type"":""MultiPoint"",""coordinates"":[]}"
23_0,0.04055597438638843,0.2947447,-2.0231443844321,0.03549498720373083,0.1520375,-2.042810925668122,0.0729905505868069,0.28980768,-2.1127163802110407,1,19,23,3.0147915,"{""type"":""MultiPoint"",""coordinates"":[]}"
24_0,0.07234326861735753,0.41705298,-2.6067714479686854,0.05740011581297037,0.21231525,-2.59983199064987,0.07037538097460459,0.5783127,-2.6413518867462944,1,389,24,7.5772095,"{""type"":""MultiPoint"",""coordinates"":[]}"
25_0,0.04062714327052437,0.2652128,-2.2641990304799995,0.028979695524830887,0.10859574,-2.2420154547178366,0.042522886653491465,0.41563112,-2.6497224225535345,1,77,25,1.3688846,"{""type"":""MultiPoint"",""coordinates"":[]}"
26_0,0.14821421003206264,0.51943374,-2.676773947526992,0.1278743590141021,0.2354925,-2.6516293693117676,0.12872080677521403,0.66946024,-2.742087904136484,1,146,26,15.336591,"{""type"":""MultiPoint"",""coordinates"":[]}"
27_0,0.1271256309651102,0.5095335,-2.5830860813943994,0.09833768103508465,0.23298244,-2.5449088716852377,0.13450431128376336,0.6258293,-2.7628463956159313,1,54,27,7.0534635,"{""type"":""MultiPoint"",""coordinates"":[]}"
28_0,0.09117876837492515,0.5284339,-2.3518614466748273,0.08151227874790799,0.247011,-2.315051492641377,0.08091107927123276,0.72153044,-2.5204616329503797,1,1188,28,39.545265,"{""type"":""MultiPoint"",""coordinates"":[]}"
29_0,0.04108724524698291,0.18858278,-2.5903200866077674,0.026732170432688357,0.05775129,-2.66476133586206,0.05331955887565431,0.3987162,-2.458307448656718,1,319,29,5.11007,"{""type"":""MultiPoint"",""coordinates"":[]}"
30_0,0.05887354859655715,0.66642165,2.5250207022943867,0.04737063643035053,0.3739066,2.5977979563932725,0.07276379575711583,0.7799959,-2.472596228385144,1,1842,30,45.308453,"{""type"":""MultiPoint"",""coordinates"":[]}"
31_0,0.08466903510654497,0.49894807,-3.0043896203566813,0.06230619679829076,0.2361848,-2.9592287089935123,0.09026969525105843,0.6288901,-2.9052238679951343,1,41,31,1.006301,"{""type"":""MultiPoint"",""coordinates"":[]}"
32_0,0.121368890862727,0.4750916,-2.6498558769671523,0.10060328972470892,0.19662388,-2.693776800721679,0.09053446829386934,0.65829045,-2.4559699327823985,1,335,32,18.757355,"{""type"":""MultiPoint"",""coordinates"":[]}"
33_0,0.04214866399709302,0.2734053,-2.5138896281661034,0.03115036723105826,0.10066983,-2.4539792092041903,0.039248250715517435,0.4918264,-2.443341431300139,1,323,33,2.1101215,"{""type"":""MultiPoint"",""coordinates"":[]}"
34_0,0.1205980903289412,0.36745995,-2.500557430367727,0.09068103704040492,0.1540478,-2.5005606281152186,0.0967713934672107,0.4981994,-2.255712096927879,1,917,34,34.924534,"{""type"":""MultiPoint"",""coordinates"":[]}"
35_0,0.09274369825314209,0.51686186,-2.878459301584816,0.07817105401867448,0.24010798,-2.845984765720758,0.09913121342927286,0.693067,-2.663035605359081,1,124,35,7.6009045,"{""type"":""MultiPoint"",""coordinates"":[]}"
36_0,0.12779042372678417,0.43969652,-2.691206350282444,0.10618282891723443,0.19135979,-2.644033468760682,0.10939926631764756,0.5289147,-2.732552877686695,1,44,36,3.537858,"{""type"":""MultiPoint"",""coordinates"":[]}"
37_0,0.07147185481616646,0.51516014,-3.0160912489767413,0.06215229654209904,0.22139566,-2.9704733592670434,0.0695403043227654,0.6843839,-2.9786437828348964,1,116,37,8.167522,"{""type"":""MultiPoint"",""coordinates"":[]}"
38_0,0.09954301769855234,0.40553987,-2.723863484467097,0.07376947625542554,0.18707125,-2.7855740843196632,0.11954719333911071,0.49596807,-2.6218040148616932,1,75,38,19.690609,"{""type"":""MultiPoint"",""coordinates"":[]}"
39_0,0.08813246622450464,0.5401083,-2.5051996834116084,0.07141337913502134,0.2500132,-2.5771821095479788,0.0646398950487118,0.73510206,-2.3651874790622207,1,570,39,20.646053,"{""type"":""MultiPoint"",""coordinates"":[]}"
40_0,0.09543510921291785,0.46106455,3.0259880052285983,0.077925924492582,0.20505227,3.0642609780596857,0.0780217268108636,0.59596366,3.008659362977898,1,57,40,4.4236927,"{""type"":""MultiPoint"",""coordinates"":[]}"
41_0,0.13496108644379273,0.5368974,-2.297702164243947,0.10683251353623818,0.24189332,-2.2320332384785253,0.11455506424638981,0.7447599,-2.368613822649864,1,845,41,38.386726,"{""type"":""MultiPoint"",""coordinates"":[]}"
42_0,0.19612552754778106,0.5303135,-2.899377716232242,0.1700035111930994,0.2442977,-2.8555571833214115,0.1289981740913372,0.7457648,-2.9434899197874183,1,530,42,22.199705,"{""type"":""MultiPoint"",""coordinates"":[]}"
43_0,0.12847680791855262,0.30278853,-2.5666588245576856,0.09403617842001544,0.10863767,-2.521622221744341,0.09021118073017914,0.4237248,-2.7969977592398694,1,332,43,8.163085,"{""type"":""MultiPoint"",""coordinates"":[]}"
44_0,0.10145215351894676,0.2926003,-2.413915615904356,0.0751093847865534,0.1143649,-2.5096093552774277,0.061443899484547974,0.35792887,-2.3042999628645937,1,208,44,4.214716,"{""type"":""MultiPoint"",""coordinates"":[]}"
45_0,0.15843782870999745,0.5063427,-3.018359424204146,0.13070641903248223,0.21298546,-2.943472996556568,0.13566257336093357,0.6763685,3.1413226471771614,1,95,45,10.135768,"{""type"":""MultiPoint"",""coordinates"":[]}"
46_0,0.08580771913113713,0.3192428,-2.759129379505534,0.05905124230155834,0.11597847,-2.77676728198466,0.09042164356602343,0.4591705,-2.8182485119614764,1,89,46,5.897284,"{""type"":""MultiPoint"",""coordinates"":[]}"
47_0,0.061447247571687895,0.61715144,-2.767831012263488,0.061090202236533296,0.30711478,-2.785686394431899,0.0661363044100549,0.76410276,-2.811600385405111,1,116,47,14.744606,"{""type"":""MultiPoint"",""coordinates"":[]}"
48_0,0.14095374877306682,0.40483505,-2.7571840627349182,0.10532013071181662,0.15965037,-2.72074417561258,0.1115003876150976,0.6037978,-2.803191149145628,1,80,48,15.445535,"{""type"":""MultiPoint"",""coordinates"":[]}"
49_0,0.059428540359914656,0.247557,-2.5261991170895906,0.0467049722087613,0.08294706,-2.4865493756015824,0.07185652462772757,0.44115737,-2.635768991898609,1,328,49,2.7802885,"{""type"":""MultiPoint"",""coordinates"":[]}"
50_0,0.10517859809765513,0.43989676,-3.1099838781836344,0.07909623352996058,0.19328888,3.0786214060647117,0.10166748285301436,0.61825746,3.122566534408617,1,112,50,8.463142,"{""type"":""MultiPoint"",""coordinates"":[]}"
51_0,0.08027470803063906,0.33323815,-2.783398123539305,0.06291661848782103,0.1434341,-2.7069811399650536,0.08078473773203079,0.5139963,-2.6690830187835655,1,269,51,16.327707,"{""type"":""MultiPoint"",""coordinates"":[]}"
52_0,0.13903392400006315,0.50379467,-2.7697397467098117,0.10676871283529103,0.22545004,-2.765042774439964,0.1350851259265531,0.68396175,-2.730421982193434,1,287,52,30.095423,"{""type"":""MultiPoint"",""coordinates"":[]}"
53_0,0.09264835988677608,0.5379765,-2.967593212397615,0.07515300769522308,0.27700996,-3.092540364980421,0.09419822796218348,0.68819237,-3.002699852359379,1,476,53,23.437845,"{""type"":""MultiPoint"",""coordinates"":[]}"
54_0,0.08323076732974098,0.48641267,-2.833379153328513,0.06320033011262662,0.2329947,-2.791296495199808,0.08786703869319974,0.6632224,-2.6582292453048653,1,72,54,20.235958,"{""type"":""MultiPoint"",""coordinates"":[]}"
55_0,0.09777726433141541,0.5581456,-2.435806449748534,0.07795926424047435,0.27388307,-2.5157880069535214,0.08919530877660835,0.71875656,-2.155958802855598,1,218,55,30.906776,"{""type"":""MultiPoint"",""coordinates"":[]}"
56_0,0.10145799809417456,0.41868883,-2.561529156851818,0.07627340228787595,0.17584138,-2.5162221530410815,0.09017530632687681,0.561741,-2.6371207161588384,1,128,56,12.910494,"{""type"":""MultiPoint"",""coordinates"":[]}"
57_0,0.10856871724770285,0.5285107,-2.831732889678485,0.09291229797308964,0.24459518,-2.8280200257713854,0.09078019437541507,0.67948025,-2.7110507972948064,1,197,57,23.951721,"{""type"":""MultiPoint"",""coordinates"":[]}"
58_0,0.12067489486449287,0.4053461,-2.4399830113218712,0.0973846551501379,0.1710403,-2.4687802141414537,0.09153859278882835,0.5861587,-2.6452936206243467,1,168,58,32.668106,"{""type"":""MultiPoint"",""coordinates"":[]}"
59_0,0.05133631334640601,0.6134966,2.288300062219148,0.05940553538537335,0.3378782,2.343706875227875,0.042048474540868346,0.71936375,2.3508342404415217,1,214,59,23.91641,"{""type"":""MultiPoint"",""coordinates"":[]}"
60_0,0.08271099958494199,0.5613146,2.205831823943325,0.13217413241735634,0.33029285,1.9271484342441247,0.03610805795052292,0.68412596,2.6309410242986115,1,1243,60,25.654516,"{""type"":""MultiPoint"",""coordinates"":[]}"
61_0,0.03192879694495536,0.06544588,-2.7299370864171095,0.017649240027824316,-0.024905501,-2.8036964375568596,0.03406875309108878,0.18935877,-2.5585581113405915,1,3,61,0.92740995,"{""type"":""MultiPoint"",""coordinates"":[]}"
62_0,0.2027643484833017,0.36990562,-2.803332522371032,0.1565219596631875,0.10914474,-2.786854049660972,0.18357538963897013,0.5540064,-2.8433999952255595,1,100,62,16.8354,"{""type"":""MultiPoint"",""coordinates"":[]}"
63_0,0.06385887927047391,0.35817933,2.8801507218531825,0.0459611736469876,0.14200763,2.754892999805539,0.07183370805597755,0.48500538,-3.1022690647370625,1,66,63,0.92740995,"{""type"":""MultiPoint"",""coordinates"":[]}"
64_0,0.12830382862566095,0.5863878,-2.8739338055010317,0.12492397096226365,0.28440487,-2.878777923223059,0.08240635895604849,0.7776,-2.94831065221633,1,586,64,24.643185,"{""type"":""MultiPoint"",""coordinates"":[]}"
65_0,0.04751574161243635,0.29044348,-2.2210587080247235,0.03173317575177467,0.121672064,-1.990269007585064,0.043526410579849885,0.39830482,-1.9816493422043777,1,568,65,11.172455,"{""type"":""MultiPoint"",""coordinates"":[]}"
66_0,0.054144813309445296,0.685046,2.932645935671227,0.05987132183181641,0.39328504,2.6373622483020744,0.06063075188883149,0.8013119,-3.0412264304600103,1,211,66,31.779028,"{""type"":""MultiPoint"",""coordinates"":[]}"
67_0,0.09501995356364891,0.38025948,-2.642063548225386,0.07683725621420151,0.15990224,-2.763006160999587,0.0622763614376241,0.46679547,-2.6370636504432388,1,34,67,8.791728,"{""type"":""MultiPoint"",""coordinates"":[]}"
68_0,0.1145134471810082,0.29779768,-2.3745399546690606,0.08856730175649094,0.11956019,-2.314877396983573,0.10636347019599478,0.39452097,-2.5503441698482137,1,52,68,13.953636,"{""type"":""MultiPoint"",""coordinates"":[]}"
69_0,0.09936902328596632,0.29766372,-2.753771259159527,0.07534370285293686,0.11641678,-2.7593355014324157,0.1063387567592459,0.46772748,-2.89631134126482,1,202,69,17.649961,"{""type"":""MultiPoint"",""coordinates"":[]}"
70_0,0.03754227995140076,0.21303311,-3.1109963134678265,0.028005038192714535,0.08297048,3.060593056770916,0.011889888756578626,0.30540487,-3.044618323024326,1,20,70,4.1131682,"{""type"":""MultiPoint"",""coordinates"":[]}"
71_0,0.12754588116014648,0.574671,-3.1254009670850995,0.11286114926479533,0.2923205,-3.127839751096672,0.09514514356303516,0.7454585,3.123250608628978,1,303,71,24.1952,"{""type"":""MultiPoint"",""coordinates"":[]}"
72_0,0.04447205519002216,0.62353534,2.6371306544744204,0.059001136851080015,0.32159302,2.5213464438970146,0.019361357070027185,0.8068085,1.21605636269676,1,985,72,10.2872,"{""type"":""MultiPoint"",""coordinates"":[]}"
73_0,0.16287840469853263,0.28035823,-2.5722319964060865,0.12049842382192033,0.07023497,-2.5172351572730207,0.13751269354483972,0.45877856,-2.5119397710604314,1,73,73,9.694885,"{""type"":""MultiPoint"",""coordinates"":[]}"
74_0,0.060056223076942486,0.644255,-2.868788164175579,0.06378620040311467,0.3381212,-2.9950185118463817,0.07997999270355968,0.7731014,-2.645141612998284,1,128,74,18.136007,"{""type"":""MultiPoint"",""coordinates"":[]}"
75_0,0.05104918598124697,0.6529203,2.905369078954926,0.055400581615095805,0.34162256,2.7585549435724976,0.0666440114839446,0.7655566,-2.644314773200004,1,94,75,6.1253643,"{""type"":""MultiPoint"",""coordinates"":[]}"
76_0,0.09028634581554364,0.4205217,-2.7592212481505243,0.07339013168936774,0.16542287,-2.7351081241948605,0.08836783557841249,0.5885796,-2.834789424964488,1,138,76,9.7114315,"{""type"":""MultiPoint"",""coordinates"":[]}"
77_0,0.11620195975230403,0.554786,-2.9403222440207513,0.10740362840080596,0.263921,-2.9031031065413355,0.09256439164382783,0.7183483,-2.917101215929396,1,152,77,24.880886,"{""type"":""MultiPoint"",""coordinates"":[]}"
78_0,0.14452254768851114,0.44095626,-2.6822563641938917,0.11802338125075787,0.17800099,-2.6489530592587673,0.1482545208410212,0.6020832,-2.770213624238865,1,171,78,24.273468,"{""type"":""MultiPoint"",""coordinates"":[]}"
79_0,0.15023481369723984,0.41141278,-2.7697402006771537,0.12310959961402125,0.15084358,-2.7857215805343376,0.14717474518995652,0.5613337,-2.702874481164117,1,201,79,24.935148,"{""type"":""MultiPoint"",""coordinates"":[]}"
80_0,0.10429271108841409,0.33105376,-2.9873540111325005,0.07709155632267922,0.122675724,-2.9884620451858708,0.08614248024003628,0.46461803,-2.8677524828470955,1,58,80,3.8382921,"{""type"":""MultiPoint"",""coordinates"":[]}"
81_0,0.07739214488391019,0.4414094,-2.903688435324177,0.0630434595500454,0.1935012,-2.909616560294435,0.08639070741849553,0.6026686,-2.9643914113536884,1,60,81,2.2177942,"{""type"":""MultiPoint"",""coordinates"":[]}"
82_0,0.12753669063037978,0.50502837,-2.69839427918108,0.11325051995021494,0.22964717,-2.7297998100094167,0.11064026051830435,0.6526804,-2.6301021459762657,1,148,82,4.428047,"{""type"":""MultiPoint"",""coordinates"":[]}"
83_0,0.19878338830506065,0.5218194,-2.55798905491276,0.16306729148006938,0.22428688,-2.5051801616874654,0.1727187573200602,0.73132396,-2.6021490140229204,1,205,83,16.272879,"{""type"":""MultiPoint"",""coordinates"":[]}"
84_0,0.1531935138473562,0.481183,-2.6597020849355038,0.13266329786491413,0.19297086,-2.577870500934327,0.12015587247671985,0.6380064,-2.7855089237570203,1,67,84,11.443861,"{""type"":""MultiPoint"",""coordinates"":[]}"
85_0,0.07384067186672733,0.31200138,3.095171933136589,0.05295518570539011,0.13083583,3.0599637255633563,0.04955410981692515,0.49826226,2.7398937133081596,1,445,85,4.0999627,"{""type"":""MultiPoint"",""coordinates"":[]}"
86_0,0.141958827375097,0.50699633,-2.5819801474502526,0.1161604099219077,0.23101765,-2.5222157978864437,0.10974010390765805,0.6785996,-2.3135441063500393,1,846,86,28.714415,"{""type"":""MultiPoint"",""coordinates"":[]}"
87_0,0.07954114853313665,0.4968136,-2.9144017543960508,0.06592496982029108,0.24130072,-2.9141531955633075,0.08335197849903853,0.66366804,-2.885130174060449,1,339,87,4.887454,"{""type"":""MultiPoint"",""coordinates"":[]}"
88_0,0.11288863497014243,0.50327206,3.1021227379665457,0.10816295545880286,0.24138531,3.0008316034107336,0.10229266042116994,0.6033866,3.0599753109742953,1,11,88,4.1033545,"{""type"":""MultiPoint"",""coordinates"":[]}"
89_0,0.13753735742800025,0.40077773,-2.586016567673739,0.11034368404507443,0.15535994,-2.50541976090922,0.14085021289279895,0.5809367,-2.8219572405288043,1,73,89,12.748973,"{""type"":""MultiPoint"",""coordinates"":[]}"
90_0,0.14156387136020532,0.36648938,-2.6382414657999007,0.11083212314434385,0.13939258,-2.665685728270509,0.14280173191946355,0.5473884,-2.7664983089690716,1,102,90,8.160231,"{""type"":""MultiPoint"",""coordinates"":[]}"
91_0,0.09006357045867212,0.43664214,-2.419730411853593,0.06993029904568808,0.18153039,-2.386599472435006,0.08191134249261993,0.633249,-2.530816102716725,1,120,91,5.465615,"{""type"":""MultiPoint"",""coordinates"":[]}"
92_0,0.12255963663700367,0.34510937,-2.6522553241798557,0.10098626617657279,0.12092303,-2.6394329323948096,0.1078114963750427,0.52700794,-2.7252448420559006,1,109,92,7.642911,"{""type"":""MultiPoint"",""coordinates"":[]}"
93_0,0.09194694135082492,0.6543226,-3.0349537040086303,0.09506880187565601,0.34723705,-2.99308942218813,0.07384374104470408,0.81784004,-3.0648788590859537,1,206,93,36.459404,"{""type"":""MultiPoint"",""coordinates"":[]}"
94_0,0.08754594412163544,0.43100554,-2.0415530513403883,0.06551619106534738,0.19929644,-2.038413524661925,0.1313082652033359,0.50933677,-2.008306995372462,1,250,94,5.111409,"{""type"":""MultiPoint"",""coordinates"":[]}"
95_0,0.10753544233347645,0.37271133,-2.8793745846140424,0.0813349029038029,0.14902984,-2.90252900919328,0.09819425392271329,0.5116805,-2.7816518977028464,1,92,95,6.464861,"{""type"":""MultiPoint"",""coordinates"":[]}"
96_0,0.1635228452448816,0.42522296,-2.5106842259280304,0.12144344433729404,0.17918698,-2.51700917122627,0.1354696988901186,0.5704663,-2.4455627285648505,1,90,96,11.814151,"{""type"":""MultiPoint"",""coordinates"":[]}"
97_0,0.17402690442488677,0.33231562,-2.9899678415908104,0.143895142696896,0.091181256,-3.016027266198092,0.16242688846998032,0.49277756,-2.688328082188769,1,22,97,8.880602,"{""type"":""MultiPoint"",""coordinates"":[]}"
98_0,0.08729713058282586,0.58089554,-2.914970530371037,0.0758806065236686,0.28299722,-2.9199265429536734,0.08495622486925976,0.7150886,-2.927547967757555,1,95,98,16.398233,"{""type"":""MultiPoint"",""coordinates"":[]}"
99_0,0.07039341423381479,0.42349744,-2.6555568727015433,0.05136496683851443,0.1897774,-2.767163333508392,0.05084826032225399,0.5333397,-2.5508839207048104,1,74,99,3.157249,"{""type"":""MultiPoint"",""coordinates"":[]}"
100_0,0.04738722824267666,0.18702917,-2.8052752974368595,0.03169337756847311,0.038960326,-2.937764581890016,0.04736635942287123,0.3710402,-2.876005827095985,1,92,100,3.018742,"{""type"":""MultiPoint"",""coordinates"":[]}"
101_0,0.20237858615804272,0.2944241,-2.5721599294470296,0.15813140348478247,0.085844934,-2.511787923888099,0.16835576414552986,0.47368005,-2.6903027346526245,1,108,101,15.002776,"{""type"":""MultiPoint"",""coordinates"":[]}"
102_0,0.05721498158853473,0.63146955,-2.9588233937541215,0.05876314419312957,0.34060454,-3.055203661823339,0.03377947889606807,0.73963577,-2.7279768469223913,1,104,102,6.297651,"{""type"":""MultiPoint"",""coordinates"":[]}"
103_0,0.0875818942774586,0.555559,-2.7965320390519555,0.07942227839824499,0.28310153,-2.840269743686298,0.09390776723505281,0.6796323,-2.822627293524215,1,260,103,8.211345,"{""type"":""MultiPoint"",""coordinates"":[]}"
104_0,0.10809460482326086,0.5343609,-3.096321219289583,0.09654323982626034,0.2563713,-3.0754577676046764,0.09495797144259623,0.7066244,-3.1251028899538835,1,77,104,12.046296,"{""type"":""MultiPoint"",""coordinates"":[]}"
105_0,0.03223899711511322,0.24455096,2.987034685364752,0.02622987005527524,0.10909059,2.7267891999914564,0.043259244349031604,0.3477613,3.063649399051553,1,88,105,9.701662,"{""type"":""MultiPoint"",""coordinates"":[]}"
106_0,0.15590748293222523,0.41957673,-2.6174310228072306,0.11786351240564823,0.16861592,-2.5531301724941655,0.1536759589230607,0.5865862,-2.686987904527848,1,115,106,15.505551,"{""type"":""MultiPoint"",""coordinates"":[]}"
107_0,0.1027995763014309,0.49609524,2.9952758805585957,0.07579315583245495,0.22825278,2.944299276954666,0.10044098084659464,0.6344771,2.9286916951525956,1,52,107,4.7722535,"{""type"":""MultiPoint"",""coordinates"":[]}"
108_0,0.041477474752356566,0.14205827,-2.562523380592738,0.029556484146874683,0.008996268,-2.730450757628687,0.021534156358662133,0.15875834,-1.9688607508695533,1,6,108,2.7802885,"{""type"":""MultiPoint"",""coordinates"":[]}"
109_0,0.1609288775787999,0.3039767,-2.6904238882254488,0.1222087983350484,0.09275774,-2.5864071891269376,0.1406932961880249,0.47461557,-2.71450535648591,1,103,109,17.927635,"{""type"":""MultiPoint"",""coordinates"":[]}"
110_0,0.07747018041311869,0.615795,-3.1345716586570416,0.07758223680692854,0.3220513,-3.082986238558903,0.10396588572418977,0.68114895,-2.888007259365035,1,175,110,31.199507,"{""type"":""MultiPoint"",""coordinates"":[]}"
111_0,0.12974174399481003,0.48428202,-2.404048619180113,0.10248511516547461,0.21112536,-2.3465628076489007,0.12137443664592232,0.63820857,-2.504219944249861,1,91,111,6.0918946,"{""type"":""MultiPoint"",""coordinates"":[]}"
112_0,0.03905252044948251,0.50307983,-2.3861585518573984,0.04109141351640256,0.25831085,-2.396148327609593,0.06613078010245418,0.6213467,-2.4583737579307616,1,130,112,3.0283613,"{""type"":""MultiPoint"",""coordinates"":[]}"
113_0,0.1050590864284461,0.61354935,-3.071256202955582,0.11039969137494529,0.31786403,-3.049083253337322,0.08281998256542396,0.7625842,-2.9519633304044084,1,39,113,5.506481,"{""type"":""MultiPoint"",""coordinates"":[]}"
114_0,0.04790016468820421,0.16456535,-2.0709111060413905,0.035026283331413145,0.0390192,-2.011966645753553,0.02985750842881441,0.31178343,-2.346117140542188,1,171,114,1.8543341,"{""type"":""MultiPoint"",""coordinates"":[]}"
115_0,0.11919977225258833,0.38123515,-2.6843593342102583,0.07727137441670762,0.13479792,-2.702073131398453,0.12382126720488561,0.524112,-2.781603221642306,1,36,115,1.3678783,"{""type"":""MultiPoint"",""coordinates"":[]}"
116_0,0.05500881536254279,0.57816344,-2.5425526366028532,0.04535725458909215,0.28004175,-2.6589521692478955,0.049151730939322485,0.75023043,-2.432023456335994,1,656,116,45.1225,"{""type"":""MultiPoint"",""coordinates"":[]}"
117_0,0.055982727925520115,0.3822535,-2.6543096911912683,0.04173376529052323,0.16101357,-2.7295681733112325,0.045988969176950584,0.51548046,-2.6907991859671063,1,58,117,2.7346559,"{""type"":""MultiPoint"",""coordinates"":[]}"
118_0,0.07912018606931334,0.6166849,3.028975058723274,0.06831709870401734,0.31506094,-3.1050819351914276,0.06801851610232354,0.7934287,2.875882840079249,1,956,118,20.58335,"{""type"":""MultiPoint"",""coordinates"":[]}"
119_0,0.07959223289158834,0.5955676,-2.8778640127086828,0.07591725890887319,0.29264253,-2.8547549334374014,0.05118889225002877,0.7774181,-2.805009628774362,1,548,119,28.10766,"{""type"":""MultiPoint"",""coordinates"":[]}"
120_0,0.04862789629470808,0.5719983,2.9196100781234655,0.0470139389019094,0.2950168,2.741048919035672,0.07276012642895789,0.70575047,-3.055064210483923,1,214,120,29.834785,"{""type"":""MultiPoint"",""coordinates"":[]}"
121_0,0.14778910433143516,0.5041637,-2.7224318571292407,0.11993083600951407,0.21211274,-2.637590910829642,0.14193532119249944,0.6821954,-2.857667249477258,1,93,121,6.815514,"{""type"":""MultiPoint"",""coordinates"":[]}"
122_0,0.13793893806925794,0.46760228,-2.3827298487618016,0.11667385931256745,0.20624162,-2.4117537867772088,0.09570830629829838,0.66540056,-2.186168054067105,1,538,122,47.53455,"{""type"":""MultiPoint"",""coordinates"":[]}"
123_0,0.08854706962701624,0.4161522,-2.592820880862853,0.06531344766569065,0.18556638,-2.6081088634031953,0.07240682191708744,0.4773535,-2.6289470507906807,1,45,123,9.026991,"{""type"":""MultiPoint"",""coordinates"":[]}"
124_0,0.014120729405588313,0.21475677,1.562841165097456,0.018273579615401467,0.10132351,1.5847519016596292,0.02893457134164111,0.107324705,1.3060590757774082,1,10,124,8.436573,"{""type"":""MultiPoint"",""coordinates"":[]}"
125_0,0.15510020976911645,0.25551048,-2.7016653117867566,0.11462866758571577,0.0649358,-2.6449451174734104,0.13421045917975516,0.42124113,-2.8064779958151442,1,84,125,17.555233,"{""type"":""MultiPoint"",""coordinates"":[]}"
126_0,0.06354792503685705,0.58762753,-3.039472921520053,0.06072591181268286,0.29849502,-3.0424421376722814,0.07717367486943268,0.717284,-2.9527850820154264,1,103,126,14.909984,"{""type"":""MultiPoint"",""coordinates"":[]}"
127_0,0.07138777077941597,0.24037236,-2.6302600392396416,0.048761046011694426,0.074078925,-2.7139965995095534,0.07231699909277167,0.44557542,-2.7014496673980744,1,100,127,6.8352413,"{""type"":""MultiPoint"",""coordinates"":[]}"
128_0,0.10067568427093991,0.556954,-2.624181412728576,0.09445239652740588,0.24785538,-2.6842400972982055,0.07170346366932204,0.7937808,-2.4329917556011678,1,841,128,33.773243,"{""type"":""MultiPoint"",""coordinates"":[]}"
129_0,0.18153366866475343,0.3494202,-2.4732453427190633,0.14580211123990447,0.13556123,-2.4917038049223326,0.16009879420499967,0.506857,-2.5298653975814482,1,124,129,10.126432,"{""type"":""MultiPoint"",""coordinates"":[]}"
130_0,0.04302417558520504,0.6473742,2.541198430186679,0.04866664543590106,0.34592006,2.439138095919604,0.03038100048297527,0.80012596,2.350671886383501,1,689,130,46.478935,"{""type"":""MultiPoint"",""coordinates"":[]}"
131_0,0.09566916973955819,0.5292939,-3.13418440714666,0.08048121166187737,0.24892761,-3.0852345056157273,0.10528864931938192,0.644386,-3.082709670853552,1,52,131,11.518169,"{""type"":""MultiPoint"",""coordinates"":[]}"
132_0,0.08392692193239248,0.3772373,-2.645064566214728,0.06771704795063856,0.16013712,-2.647400987065417,0.05208540494884567,0.5192979,-2.9464810034502107,1,115,132,15.565512,"{""type"":""MultiPoint"",""coordinates"":[]}"
133_0,0.10634751262347002,0.41843477,-2.1610992498801584,0.08127987655735866,0.18139516,-2.134997568493972,0.10094626614264346,0.56991863,-2.056658722704687,1,899,133,27.438364,"{""type"":""MultiPoint"",""coordinates"":[]}"
134_0,0.037826433872095055,0.38910368,-2.865114053515287,0.026873296994235876,0.18055874,-2.7383316427843547,0.05202448573341883,0.4974604,-2.434535163024738,1,42,134,1.3679821,"{""type"":""MultiPoint"",""coordinates"":[]}"
135_0,0.05988537466779247,0.57839787,-2.4767000083967488,0.04995582463192238,0.29712978,-3.0613779488807387,0.0979653917896448,0.7010194,-1.8701462382198042,1,289,135,26.55816,"{""type"":""MultiPoint"",""coordinates"":[]}"
136_0,0.08868116130103545,0.44356468,3.129565314925211,0.06959393638932249,0.20873228,3.0342507366279046,0.11561472317116554,0.5515467,-2.93803523849072,1,149,136,22.625914,"{""type"":""MultiPoint"",""coordinates"":[]}"
137_0,0.0854758024976978,0.5256466,-2.340315024926091,0.07755663331976008,0.2479593,-2.366547831522511,0.08638283499325473,0.64390194,-2.5699569612168887,1,75,137,2.2164183,"{""type"":""MultiPoint"",""coordinates"":[]}"
138_0,0.06414760338439718,0.37537867,-3.041299440289441,0.05318841764203317,0.15659374,-3.0483909545797467,0.061745882357262354,0.5214651,2.9602752342451066,1,238,138,8.2036085,"{""type"":""MultiPoint"",""coordinates"":[]}"
139_0,0.07299756108960521,0.36066535,-2.8080568889210986,0.05312770119357668,0.13319206,-2.8118841778534396,0.057719576354200844,0.55297744,-3.0735839024053346,1,214,139,2.217519,"{""type"":""MultiPoint"",""coordinates"":[]}"
140_0,0.047404789440514294,0.14051475,-2.7868666411849365,0.03368601979826516,0.019810159,-2.749480972113603,0.051027059731634704,0.32554078,-2.884203441572044,1,80,140,5.349087,"{""type"":""MultiPoint"",""coordinates"":[]}"
141_0,0.1568299455658409,0.54965866,-2.7322414704986215,0.13846129544416752,0.26630342,-2.721276946049951,0.13297216532106557,0.7048505,-2.808191136150622,1,110,141,26.869755,"{""type"":""MultiPoint"",""coordinates"":[]}"
142_0,0.16128874781105412,0.4135618,-2.440268311765562,0.12701690782141853,0.1627286,-2.3998687611291745,0.12265504490944378,0.58576703,-2.2668067002727694,1,474,142,48.175316,"{""type"":""MultiPoint"",""coordinates"":[]}"
143_0,0.13670979560290636,0.38572478,-2.816266860055535,0.10483517390469017,0.14779562,-2.8316186487161357,0.13456665410234472,0.5653695,-2.755557092511598,1,76,143,6.1188707,"{""type"":""MultiPoint"",""coordinates"":[]}"
144_0,0.10115912749831198,0.60169476,-2.800945769114022,0.10294039888290105,0.28795293,-2.747419266505093,0.08386483529448077,0.7815004,-2.8547665663865516,1,576,144,14.552589,"{""type"":""MultiPoint"",""coordinates"":[]}"
145_0,0.10826168998815015,0.50316834,-2.5867110675718132,0.08741344219094555,0.22360484,-2.5859699812278896,0.0946834943469456,0.68438655,-2.52805708405138,1,305,145,16.690393,"{""type"":""MultiPoint"",""coordinates"":[]}"
146_0,0.14192868827910604,0.4218188,-2.523140161345562,0.10840603924694338,0.17578085,-2.494957806480643,0.11841114347346628,0.5767323,-2.5347186249404543,1,75,146,10.945556,"{""type"":""MultiPoint"",""coordinates"":[]}"
147_0,0.042313983350944814,0.55079246,2.6755752342434835,0.04701205629221618,0.28765875,2.87439715903124,0.04313392034405032,0.64589715,2.227664114978518,1,122,147,31.596561,"{""type"":""MultiPoint"",""coordinates"":[]}"
148_0,0.08053608333989057,0.56873435,-2.868410891237272,0.06497078329306184,0.28378648,-2.9299511324126146,0.08895983207757169,0.6880187,-2.641091466500567,1,87,148,6.2369413,"{""type"":""MultiPoint"",""coordinates"":[]}"
149_0,0.15307422164285026,0.37172338,-2.8520955955057077,0.13312042840216495,0.11681475,-2.823280511031557,0.11332738078718124,0.61424,-2.769907219322719,1,376,149,17.358597,"{""type"":""MultiPoint"",""coordinates"":[]}"
150_0,0.06271736695689845,0.3977985,-2.921706290376652,0.043926016480136346,0.1598095,-2.9818407969402827,0.06075000146577088,0.5354232,-2.90135396776452,1,64,150,16.680386,"{""type"":""MultiPoint"",""coordinates"":[]}"
151_0,0.1447717301040906,0.37560222,-2.6952647216433396,0.11369226234252496,0.15512997,-2.6636841592886378,0.1265242527151694,0.4875055,-2.718116605548336,1,65,151,5.896499,"{""type"":""MultiPoint"",""coordinates"":[]}"
152_0,0.13409966228771258,0.46670863,-2.62920603779056,0.10818880443882999,0.22235982,-2.642883424966363,0.11937235680471334,0.6114767,-2.5450530208513973,1,68,152,7.2498913,"{""type"":""MultiPoint"",""coordinates"":[]}"
153_0,0.1352406449050141,0.45064476,-2.718775825896482,0.11207893779577359,0.16679712,-2.6843314272596412,0.12336008600489144,0.62865657,-2.765398423386244,1,106,153,9.176052,"{""type"":""MultiPoint"",""coordinates"":[]}"
154_0,0.12290298886282662,0.45075268,-2.6668626221021308,0.10317395710665145,0.18970534,-2.711277094288551,0.09975929334211751,0.643735,-2.761007146470079,1,368,154,16.775564,"{""type"":""MultiPoint"",""coordinates"":[]}"
155_0,0.04051857122938655,0.102635875,-2.7644800403906546,0.03069602746585784,0.015014879,-2.6560683133206977,0.033661337980644156,0.29962075,-2.7486155287483034,1,398,155,2.2182431,"{""type"":""MultiPoint"",""coordinates"":[]}"
156_0,0.0793016385111654,0.2489384,-2.12982807016151,0.05981414819667935,0.07105592,-2.160577710585886,0.06609668036886031,0.3692277,-2.198395476639259,1,368,156,6.0962768,"{""type"":""MultiPoint"",""coordinates"":[]}"
157_0,0.05071672362372094,0.25367448,-3.0620990232309944,0.0348593064513929,0.09866951,3.130435403821227,0.05705192019199922,0.3355982,-2.8348561436560367,1,60,157,7.4456043,"{""type"":""MultiPoint"",""coordinates"":[]}"
158_0,0.07984034861469963,0.5759713,-2.9370765645888888,0.07323936906039696,0.28486428,-2.855840278903095,0.0684211397480477,0.7274107,-2.8982554230336506,1,55,158,23.444674,"{""type"":""MultiPoint"",""coordinates"":[]}"
159_0,0.05875481609373617,0.5407597,2.4315352948660776,0.06611937518364953,0.2737369,2.3240395487154206,0.01447708110051884,0.6926467,3.10153262992287,1,981,159,36.04714,"{""type"":""MultiPoint"",""coordinates"":[]}"
160_0,0.03418967093989686,0.65340465,-2.867359579442942,0.03363957497374079,0.34184977,-2.8249151664458205,0.03342312507851153,0.801989,-2.8763088707813567,1,405,160,32.958477,"{""type"":""MultiPoint"",""coordinates"":[]}"
161_0,0.07441553562961906,0.59127903,-2.9170844115376524,0.06799960633227764,0.3116896,-3.0252630830708056,0.09299114800451842,0.72896546,-2.759457458195193,1,297,161,28.181978,"{""type"":""MultiPoint"",""coordinates"":[]}"
162_0,0.19909837582460133,0.44586194,-2.57485532777044,0.16312420470725641,0.18128109,-2.5105005458229472,0.17439450383635702,0.6555435,-2.65675263721754,1,510,162,28.852997,"{""type"":""MultiPoint"",""coordinates"":[]}"
163_0,0.039581273607313255,0.117623165,-2.920827792547368,0.026378315702322366,0.0035831565,-3.0412110531040515,0.03250262836583792,0.33425254,3.0682530719094845,1,291,163,17.379993,"{""type"":""MultiPoint"",""coordinates"":[]}"
164_0,0.07712255440405459,0.4257402,-2.879427224200212,0.06819021416204017,0.19363292,-2.9484328702990976,0.06873021202658658,0.60920453,-2.8002377302869608,1,118,164,2.1107466,"{""type"":""MultiPoint"",""coordinates"":[]}"
165_0,0.0679345350694561,0.3545443,-2.872583883142614,0.05225231811912768,0.14544326,-2.8753817552013743,0.06443830432276428,0.57521665,-2.994862213751742,1,68,165,6.2294807,"{""type"":""MultiPoint"",""coordinates"":[]}"
166_0,0.13813722427135994,0.39243653,-2.5691371768729487,0.10164167580425588,0.16233185,-2.5870056109875406,0.1321947558153621,0.5052755,-2.60579004338308,1,107,166,20.335316,"{""type"":""MultiPoint"",""coordinates"":[]}"
167_0,0.043946423792810885,0.63754267,-3.069701900484317,0.03826524781692181,0.33049223,3.0790032401508554,0.021275793213445672,0.8000015,2.8387445677488277,1,572,167,21.407404,"{""type"":""MultiPoint"",""coordinates"":[]}"
168_0,0.04392269430572763,0.64716285,2.7244118135228725,0.0474297706257922,0.3382417,2.7668456456824986,0.0213371463241951,0.8060211,2.715834519878487,1,898,168,26.7045,"{""type"":""MultiPoint"",""coordinates"":[]}"
169_0,0.13155529781660402,0.43749592,-2.939308961826853,0.10087508715198112,0.1855158,-2.93931364578541,0.10421540840081986,0.5768822,-2.842451340832335,1,49,169,6.8352985,"{""type"":""MultiPoint"",""coordinates"":[]}"
170_0,0.12003450798616122,0.4869559,-2.764858635294001,0.0950975719317733,0.20158248,-2.6916216688277523,0.11967136339281266,0.65419686,-2.9490509911304303,1,149,170,19.672615,"{""type"":""MultiPoint"",""coordinates"":[]}"
171_0,0.13212371291602343,0.46677274,-2.7516781040929006,0.10437300008144863,0.20217195,-2.671225580791861,0.11588513082868214,0.63214177,-2.9109412333103473,1,89,171,14.479755,"{""type"":""MultiPoint"",""coordinates"":[]}"
172_0,0.07836788189894474,0.55300504,-2.8108095526963277,0.06282242520430877,0.27994767,-2.8118585960452505,0.09802354464602246,0.68867505,-2.6390381744109237,1,352,172,24.846146,"{""type"":""MultiPoint"",""coordinates"":[]}"
173_0,0.02583946680559154,0.61797035,2.668335848647851,0.040312695115017026,0.33301675,2.8303719431967473,0.02564737780592193,0.7642111,2.017868922597833,1,211,173,14.6529875,"{""type"":""MultiPoint"",""coordinates"":[]}"
174_0,0.09919385482193861,0.61208814,-2.7613353173064765,0.09854939108921978,0.31113002,-2.7692971320493234,0.09281052007229543,0.7108348,-2.7746608296732296,1,119,174,5.8984733,"{""type"":""MultiPoint"",""coordinates"":[]}"
175_0,0.11397805063612691,0.37394083,3.0380365674468353,0.08914189771653157,0.15666656,2.964169424284774,0.09518205781283999,0.52686954,-3.021932014570307,1,69,175,3.5404599,"{""type"":""MultiPoint"",""coordinates"":[]}"
176_0,0.05847115695634958,0.2297144,-3.016009156948433,0.04213055755490682,0.09383473,-3.0113498816043602,0.04938976780778439,0.33093557,-2.7984082845580973,1,46,176,1.3687025,"{""type"":""MultiPoint"",""coordinates"":[]}"
177_0,0.10228685318522084,0.5488686,-2.903955101620794,0.09325893874769586,0.24278069,-2.9076856674028093,0.09580796093307746,0.690251,-2.867075688411873,1,52,177,4.734644,"{""type"":""MultiPoint"",""coordinates"":[]}"
178_0,0.13047511398332134,0.53005326,-2.905635814994037,0.11269853896907428,0.23099078,-2.8279248792636307,0.10558470111380318,0.6699315,-2.900580933859874,1,94,178,18.793774,"{""type"":""MultiPoint"",""coordinates"":[]}"
179_0,0.09378679682780494,0.57030135,-2.5321941578980978,0.0876434368745913,0.2649601,-2.54886135361696,0.07483443714795023,0.7709558,-2.2817680334630834,1,755,179,21.251213,"{""type"":""MultiPoint"",""coordinates"":[]}"
180_0,0.1549979968063168,0.45102143,-2.577906287719453,0.1167378779556912,0.17661206,-2.499724720933984,0.1561771825223483,0.6279802,-2.731986983959591,1,76,180,9.496762,"{""type"":""MultiPoint"",""coordinates"":[]}"
181_0,0.07932355134816156,0.395343,-3.063975121393144,0.06432074480846997,0.18000762,2.987790885280297,0.12019542198084425,0.4985576,-2.7581617040365334,1,216,181,23.90597,"{""type"":""MultiPoint"",""coordinates"":[]}"
182_0,0.14219799763243332,0.39888552,-2.6023052331825385,0.10365818979070944,0.16116169,-2.535543636173577,0.13317660269754694,0.54660434,-2.597341110020651,1,41,182,10.520353,"{""type"":""MultiPoint"",""coordinates"":[]}"
183_0,0.08661213549452121,0.51405907,-2.722323569389508,0.07059365568683956,0.2337399,-2.8525105120372833,0.08389188806990618,0.65053535,-2.411290355026153,1,384,183,17.964403,"{""type"":""MultiPoint"",""coordinates"":[]}"
184_0,0.08866514050879375,0.2870526,-2.802919883070936,0.06504882368906022,0.12608424,-2.888818663288198,0.05718264458926287,0.3462235,-2.8169155988378294,1,194,184,24.496763,"{""type"":""MultiPoint"",""coordinates"":[]}"
185_0,0.03395708841756649,0.14230824,-2.5089904493359034,0.01718143408099693,0.02642883,-2.419102071455481,0.034846698836323874,0.24886864,-2.760895712383291,1,46,185,0.92740995,"{""type"":""MultiPoint"",""coordinates"":[]}"
186_0,0.07732387491555542,0.49683997,-2.9506539541748267,0.06547569328489106,0.23268642,-2.9774778882753736,0.08384260222553125,0.6297066,-2.72991951725842,1,52,186,9.696833,"{""type"":""MultiPoint"",""coordinates"":[]}"
187_0,0.0595025540991556,0.30466828,-2.6178659133180533,0.04022120749918022,0.13347624,-2.728404575486455,0.05589184810360281,0.42651084,-2.607149175224067,1,63,187,2.956092,"{""type"":""MultiPoint"",""coordinates"":[]}"
188_0,0.11463301813063499,0.4445384,-2.800092167087593,0.09652189387895369,0.18244316,-2.7876850659371644,0.09557061634418743,0.5555541,-2.913873779311573,1,58,188,17.563433,"{""type"":""MultiPoint"",""coordinates"":[]}"
189_0,0.03989060272752772,0.6064336,-2.9148714924514447,0.02890954778055184,0.32190454,-2.8890651549116884,0.07298960415450699,0.74686205,3.021590256975686,1,662,189,11.061891,"{""type"":""MultiPoint"",""coordinates"":[]}"
190_0,0.03725875348323803,0.25326195,3.032370217965732,0.026147778817433718,0.113239594,2.980832220742917,0.02886050680525849,0.34573585,-2.772038965617561,1,65,190,1.0016876,"{""type"":""MultiPoint"",""coordinates"":[]}"
191_0,0.06189146345480461,0.58409804,-2.4115324148789234,0.053171905638211434,0.31217796,-2.6832747355519633,0.07863926922728379,0.7184282,-2.4759638892596234,1,412,191,28.800991,"{""type"":""MultiPoint"",""coordinates"":[]}"
192_0,0.058092001137556463,0.26155484,-2.728564213626451,0.038861186808418324,0.095422715,-2.6955801072982624,0.07100861014204843,0.38749593,-2.6826626681378043,1,84,192,5.7341046,"{""type"":""MultiPoint"",""coordinates"":[]}"
193_0,0.0656813874602411,0.43920204,2.9710633626003684,0.050271126643633285,0.21947269,2.8925556170785516,0.0910442156419262,0.54759485,-3.019543425641434,1,78,193,4.1265984,"{""type"":""MultiPoint"",""coordinates"":[]}"
194_0,0.08028648683418663,0.49107376,-2.898664894985827,0.06233237979410175,0.24766058,-2.9407965798438043,0.08247366854893118,0.6227902,-2.816977498829585,1,294,194,13.361476,"{""type"":""MultiPoint"",""coordinates"":[]}"
195_0,0.054326157426131595,0.34030747,-2.5675538425314857,0.03696353696988444,0.13263226,-2.5369870879088845,0.03456647340284455,0.46997926,-2.7894775758978714,1,223,195,2.0152655,"{""type"":""MultiPoint"",""coordinates"":[]}"
196_0,0.12090594642473934,0.4694671,-2.4087526785314286,0.09914610934226559,0.21234244,-2.4852659640398023,0.10729479130407227,0.6373171,-2.2277815179811116,1,457,196,40.84833,"{""type"":""MultiPoint"",""coordinates"":[]}"
197_0,0.05041945704224937,0.41401282,-1.61065812116279,0.041483969028624154,0.20697191,-1.7217830372775733,0.05839432166931352,0.50256413,-1.1270365782806389,1,1222,197,38.104366,"{""type"":""MultiPoint"",""coordinates"":[]}"
198_0,0.09346148299383335,0.381061,-2.7282343455591422,0.08476890634101084,0.15009,-2.649642692639931,0.1028252135536261,0.5947793,-2.8099221507937204,1,81,198,11.691674,"{""type"":""MultiPoint"",""coordinates"":[]}"
199_0,0.10742015534878396,0.4919741,-2.4404501148052717,0.08956075975693573,0.2263479,-2.4127262799631817,0.07367296791525559,0.6718117,-2.572455551644545,1,834,199,37.444504,"{""type"":""MultiPoint"",""coordinates"":[]}"
200_0,0.11886942888092884,0.4443669,-2.3482714517544165,0.09865081139727294,0.18782428,-2.4275959601355406,0.1115284181850837,0.6122216,-2.23608574865986,1,488,200,26.746868,"{""type"":""MultiPoint"",""coordinates"":[]}"
201_0,0.13313346274706622,0.5346593,-3.1356676405194723,0.1155787615823496,0.23636743,-3.085965660046414,0.113563110160138,0.6825225,3.0529524557132874,1,130,201,18.86818,"{""type"":""MultiPoint"",""coordinates"":[]}"
202_0,0.05610523532166215,0.38428506,-2.351837823756238,0.042710624152770924,0.19252872,-2.6115527782542745,0.040964915236205754,0.5603752,-2.6603385585370187,1,367,202,8.063426,"{""type"":""MultiPoint"",""coordinates"":[]}"
203_0,0.09875343075572905,0.41933373,-2.585074554827668,0.07322533065493585,0.18415031,-2.625152941009343,0.10276602248366551,0.57702935,-2.746320119058986,1,79,203,2.2157671,"{""type"":""MultiPoint"",""coordinates"":[]}"
204_0,0.0585184689306656,0.50029,-2.6045795349099805,0.0548499212322165,0.23237862,-2.8808186572134495,0.08184307483865283,0.6192031,-2.7940955257528617,1,61,204,7.0797124,"{""type"":""MultiPoint"",""coordinates"":[]}"
205_0,0.04940543461449344,0.10449209,-2.0576347250853226,0.038836962074503045,-0.003925202,-2.001792660967361,0.0401971349785982,0.29011402,-1.8887523748679007,1,324,205,0.92740995,"{""type"":""MultiPoint"",""coordinates"":[]}"
206_0,0.07440052138783579,0.4951535,-2.9863950361255913,0.05897730663345044,0.2253282,-3.0367443071000855,0.0956387317484609,0.6176457,-3.049911648071782,1,50,206,9.023844,"{""type"":""MultiPoint"",""coordinates"":[]}"
207_0,0.05158207131224441,0.5192005,2.648598522898112,0.04537973291156442,0.2565507,2.8174242648345933,0.060311332305814445,0.5841724,3.0886454262555816,1,62,207,11.282538,"{""type"":""MultiPoint"",""coordinates"":[]}"
208_0,0.12553130711536287,0.3898058,-2.555876451536769,0.10013702829449583,0.16186683,-2.5334271864659805,0.09334713949617048,0.62893474,-2.606521349658911,1,454,208,6.5414844,"{""type"":""MultiPoint"",""coordinates"":[]}"
209_0,0.09767507513939547,0.49732262,-2.843694081572248,0.07458195499727505,0.2392129,-2.904286525851698,0.1028773006913072,0.5975861,-2.786549826438569,1,41,209,7.0913625,"{""type"":""MultiPoint"",""coordinates"":[]}"
210_0,0.04688553202805092,0.49806297,-2.9351077569207966,0.043099110687139806,0.25344995,-2.891355889567329,0.04455155779003411,0.64393556,-2.794649186622511,1,68,210,3.13856,"{""type"":""MultiPoint"",""coordinates"":[]}"
211_0,0.11248813284437192,0.40025017,2.830055185559963,0.07899193789332115,0.1546014,2.7023379581746347,0.0922309375329174,0.5310989,2.858396569673693,1,58,211,8.903024,"{""type"":""MultiPoint"",""coordinates"":[]}"
212_0,0.17054357350089328,0.47061673,-2.585192166179002,0.1329893288643662,0.18956771,-2.569329350012665,0.13530333871456032,0.6816693,-2.5285321038236104,1,583,212,37.123478,"{""type"":""MultiPoint"",""coordinates"":[]}"
213_0,0.07962192000904428,0.5453425,-2.600688011701971,0.07127352707363639,0.25553212,-2.5092387592958985,0.07764000069913266,0.7212113,-2.893189204881304,1,411,213,20.953434,"{""type"":""MultiPoint"",""coordinates"":[]}"
214_0,0.12527148115468006,0.49430388,-2.9814042063066006,0.0981770813399606,0.21468939,-2.9115205068785177,0.14064977329417727,0.64298356,-2.9622220196577134,1,189,214,9.248261,"{""type"":""MultiPoint"",""coordinates"":[]}"
215_0,0.03942928051073002,0.11780954,2.7213657731125562,0.02542236170287699,0.018927142,2.9340066298380725,0.03807400058738097,0.22000088,-2.9263748570000767,1,57,215,3.8381608,"{""type"":""MultiPoint"",""coordinates"":[]}"
216_0,0.0939033101294775,0.4831775,-3.116682207062569,0.08031322046835355,0.2269891,-3.1155830726522247,0.08764234205909471,0.6243609,-2.8924080442138593,1,70,216,4.7732882,"{""type"":""MultiPoint"",""coordinates"":[]}"
217_0,0.1321982673759944,0.50733376,3.0806509374669733,0.11348641107006062,0.22841328,-3.094441016288016,0.10550549692361069,0.6157722,-3.1316720894311856,1,54,217,10.007872,"{""type"":""MultiPoint"",""coordinates"":[]}"
218_0,0.04905888837712465,0.2195848,-2.7800574560795064,0.031172561762343082,0.087484926,-2.942033976907111,0.04610198291422284,0.35347357,3.1194015412348617,1,65,218,4.881837,"{""type"":""MultiPoint"",""coordinates"":[]}"
219_0,0.10382779571930566,0.47510967,-2.364096462407204,0.08435764717308007,0.20317961,-2.371480103397939,0.08930870741145532,0.63108397,-2.136924930761571,1,542,219,24.546652,"{""type"":""MultiPoint"",""coordinates"":[]}"
220_0,0.12024988730220641,0.4591387,-3.020708049134399,0.09201669686751097,0.19990756,-2.9661949592980927,0.10919889461116326,0.5812463,-2.9905394389804725,1,69,220,19.429098,"{""type"":""MultiPoint"",""coordinates"":[]}"
221_0,0.06015973981756967,0.6425015,-3.0899674955674574,0.05314109377689256,0.35650876,-3.001729094166993,0.09566906827766103,0.7789211,-3.063681758737466,1,654,221,30.775412,"{""type"":""MultiPoint"",""coordinates"":[]}"
222_0,0.10827880500024337,0.48301318,-2.627411863970547,0.08706208103556226,0.21109083,-2.5911089307644724,0.1339916429176481,0.6297446,-2.8169355411860786,1,256,222,28.752504,"{""type"":""MultiPoint"",""coordinates"":[]}"
223_0,0.09588984987108579,0.32853833,-2.1715012202369124,0.06461868529322426,0.14985849,-2.179599570210507,0.07600098546460579,0.4509343,-2.2408069928926193,1,355,223,0.92740995,"{""type"":""MultiPoint"",""coordinates"":[]}"
224_0,0.09427270603988908,0.44099286,-2.5875837535272646,0.06895688367969997,0.20733213,-2.658641824631297,0.08527348934886887,0.56023586,-2.6675199893055233,1,284,224,14.088285,"{""type"":""MultiPoint"",""coordinates"":[]}"
225_0,0.0341097629642728,0.1922403,2.7230155342776974,0.020105405431796168,0.08750975,-3.102010528072589,0.014340988710576347,0.11508205,-2.95437337244264,1,26,225,1.8543341,"{""type"":""MultiPoint"",""coordinates"":[]}"
226_0,0.14017937184184023,0.46961826,2.548268725136418,0.11368327881880463,0.22838654,2.5577705036886833,0.1216366328461383,0.5358343,3.0359078150189247,1,173,226,11.555153,"{""type"":""MultiPoint"",""coordinates"":[]}"
227_0,0.07075570585455879,0.4305558,-3.0721013668549406,0.05734542228938343,0.19816011,-3.034975397479965,0.08042813126831885,0.5382107,-3.1379561663490043,1,60,227,4.213738,"{""type"":""MultiPoint"",""coordinates"":[]}"
228_0,0.07236614228462968,0.53936666,-2.877251582161707,0.0679278411442029,0.26951256,-2.892618602099727,0.05708723625654607,0.67318285,-2.9155835112693738,1,360,228,17.477285,"{""type"":""MultiPoint"",""coordinates"":[]}"
229_0,0.08973830693229912,0.4700054,-2.2933397568468012,0.06993254045685768,0.21146882,-2.447166259872976,0.07860276743582363,0.6503057,-2.299518030470021,1,147,229,9.475586,"{""type"":""MultiPoint"",""coordinates"":[]}"
230_0,0.07107239671973684,0.45013288,-2.8540067010200723,0.057105604919759044,0.21994299,-2.99270119084173,0.07317017579701117,0.5918952,-2.7219517408655016,1,339,230,7.5735884,"{""type"":""MultiPoint"",""coordinates"":[]}"
231_0,0.05529873665050988,0.2930472,-2.849537538355911,0.0448684044052817,0.112694286,-2.795883316331544,0.057450499837117634,0.4761109,-2.629045578615724,1,46,231,13.071451,"{""type"":""MultiPoint"",""coordinates"":[]}"
232_0,0.13652023479483633,0.37518516,-2.52522164949969,0.10462539611535239,0.1519633,-2.5110537644282886,0.11935093313464687,0.5934464,-2.6931718948868246,1,110,232,8.161356,"{""type"":""MultiPoint"",""coordinates"":[]}"
233_0,0.06859991676840613,0.5589873,2.8674435743456357,0.0638243104846024,0.28428924,2.663003373976997,0.054100083028257064,0.72817487,3.094836661055463,1,720,233,25.372444,"{""type"":""MultiPoint"",""coordinates"":[]}"
234_0,0.10498062023109828,0.34481877,2.721425456818422,0.08011307832448179,0.10979668,2.7305340774225377,0.06692076895152604,0.43934515,2.969839199769286,1,176,234,16.130466,"{""type"":""MultiPoint"",""coordinates"":[]}"
235_0,0.05365867681289649,0.31422636,-2.485894440869532,0.040592000250267074,0.1368857,-2.5820435029108806,0.0571649470876717,0.41387108,-2.3578749798296132,1,60,235,5.0427914,"{""type"":""MultiPoint"",""coordinates"":[]}"
236_0,0.03111897408993254,0.14252883,-1.302798027356491,0.013555302939814712,0.053068746,-1.3336132860259757,0.006815765430737446,0.24043068,-2.4928923088856556,1,139,236,1.3679535,"{""type"":""MultiPoint"",""coordinates"":[]}"
237_0,0.0483695291827105,0.20915627,-2.782525782041755,0.03363712926827118,0.0820595,-2.8277143649071586,0.06042721907685507,0.33407792,3.0096755239881525,1,59,237,1.3667926,"{""type"":""MultiPoint"",""coordinates"":[]}"
238_0,0.06591406464293023,0.3505753,-2.8059561925461196,0.04638885359292314,0.14664838,-2.90124544949321,0.06425861870515427,0.44734156,-2.818784510064247,1,68,238,8.348226,"{""type"":""MultiPoint"",""coordinates"":[]}"
239_0,0.11165443394256025,0.51461,-2.825379951091196,0.09529410593850567,0.22314364,-2.7803313304526753,0.11798056783215079,0.6527921,-2.8056679947125946,1,108,239,11.672618,"{""type"":""MultiPoint"",""coordinates"":[]}"
240_0,0.055301869929505316,0.472094,-2.421053976503097,0.046033695037890315,0.22624762,-2.318567080385465,0.03339225449742405,0.5952207,-2.6469523503835264,1,1047,240,29.964497,"{""type"":""MultiPoint"",""coordinates"":[]}"
241_0,0.11604513764727734,0.55151564,-3.10620691162356,0.09982178623683141,0.27832735,3.1173074264149183,0.09683551241584289,0.6938622,-2.984762330197532,1,122,241,11.167715,"{""type"":""MultiPoint"",""coordinates"":[]}"
242_0,0.1367534529003704,0.47733796,-2.7731872792005317,0.10766282404654598,0.19321275,-2.691514965654947,0.1352470842785336,0.6607172,-2.90625937061514,1,123,242,9.248279,"{""type"":""MultiPoint"",""coordinates"":[]}"
243_0,0.0542154209606488,0.6587019,2.2810930703539953,0.05859664915075337,0.3889197,2.3434003207009027,0.04469224905238141,0.8003036,2.2853903499976047,2,2973,243,23.256231,"{""type"":""MultiPoint"",""coordinates"":[]}"
244_0,0.036880665772084875,0.6583938,2.277866589766991,0.03957459507356275,0.38079286,2.301348954581977,0.04026460790415645,0.8041498,2.2013052819583585,2,3021,244,18.49251,"{""type"":""MultiPoint"",""coordinates"":[]}"
245_0,0.06368362002950073,0.5803632,-2.72430623276884,0.0618828237918491,0.30691418,-2.5525083852377497,0.05952614278502412,0.72665423,3.120771277155936,2,2513,245,18.890182,"{""type"":""MultiPoint"",""coordinates"":[]}"
246_0,0.06961745652633698,0.69339174,2.210832196564759,0.08134181970212342,0.4208224,2.2487668760908397,0.04387411221263924,0.8073236,2.3826136145415564,2,2512,246,33.436913,"{""type"":""MultiPoint"",""coordinates"":[]}"
247_0,0.02457325308184179,0.60263914,-2.425906165736472,0.047173360085572325,0.29991147,-2.382432144827582,0.019631292745112945,0.7733319,0.6682931485280059,2,1435,247,21.20889,"{""type"":""MultiPoint"",""coordinates"":[]}"
248_0,0.0291849159625425,0.6141213,2.8073106851651537,0.024896450590348652,0.3150521,2.8951548372549993,0.023287302044318316,0.78690135,2.6109487877003765,2,2166,248,20.700485,"{""type"":""MultiPoint"",""coordinates"":[]}"
249_0,0.03737939497017416,0.6907536,2.4992495253934264,0.040973036530180584,0.41705227,2.528270697330634,0.03778888121460879,0.79518574,2.2287339500311454,2,3022,249,41.125603,"{""type"":""MultiPoint"",""coordinates"":[]}"
250_0,0.03296941701503846,0.6229276,-3.063806224855141,0.035721695375291525,0.32368663,-3.045682544283999,0.03334627466911422,0.79490346,-2.833168832734418,2,2295,250,32.499176,"{""type"":""MultiPoint"",""coordinates"":[]}"
251_0,0.037546936648702095,0.744922,1.874052237564338,0.034125269147206136,0.47446206,2.2148531049875517,0.039412956705732825,0.8512245,1.856021138258885,2,1443,251,33.573563,"{""type"":""MultiPoint"",""coordinates"":[]}"
252_0,0.05260165701350753,0.68510336,2.612529128289564,0.06133159095968846,0.41336578,2.384239591897246,0.04034436210586624,0.794979,-2.9137732983962126,2,2504,252,33.958187,"{""type"":""MultiPoint"",""coordinates"":[]}"
253_0,0.02558342221431495,0.67632765,2.7777921291047942,0.0376553119224444,0.4028324,2.860471897142602,0.02499800521588463,0.7948916,2.9534040888938233,2,2697,253,38.552185,"{""type"":""MultiPoint"",""coordinates"":[]}"
254_0,0.018173235181521096,0.6756539,-2.8737052178940536,0.016953536096432242,0.3685767,-2.5406804582466957,0.027453590554508234,0.8284891,-2.6120434081118926,2,2056,254,33.59201,"{""type"":""MultiPoint"",""coordinates"":[]}"
255_0,0.05801905884867645,0.6493586,-2.619207908682085,0.05952050779674073,0.36396268,-2.5848644960803484,0.05349086667061968,0.794981,-2.7178697366304356,2,2499,255,28.268978,"{""type"":""MultiPoint"",""coordinates"":[]}"
256_0,0.04980544761204687,0.72489405,2.5194621344413397,0.05585178133278156,0.46320418,2.561394827225255,0.051858554670936634,0.8193448,2.4669582261772987,2,3137,256,11.079224,"{""type"":""MultiPoint"",""coordinates"":[]}"
257_0,0.06172442334849661,0.56108767,-2.9699621520641553,0.05277044770698422,0.30750623,-2.972511948277505,0.047860842604500284,0.71692157,-3.0576319053939707,2,2846,257,32.04575,"{""type"":""MultiPoint"",""coordinates"":[]}"
258_0,0.02140468847327666,0.709972,2.034925958121171,0.02777939223084889,0.4443077,2.31094412688093,0.027565825723680017,0.8120167,2.4447053577262445,2,3102,258,21.776154,"{""type"":""MultiPoint"",""coordinates"":[]}"
259_0,0.039590080944291846,0.6441439,2.8426951662774957,0.04009745207984694,0.3396054,2.836472554435668,0.028202332895803855,0.8247439,2.9821240581278197,2,2288,259,7.607229,"{""type"":""MultiPoint"",""coordinates"":[]}"
260_0,0.0254813001598744,0.7020198,-2.9178516025244905,0.031468251900137016,0.41785502,-2.9888248374305038,0.034253820192102595,0.8182108,-3.1149425620474442,2,2413,260,20.461662,"{""type"":""MultiPoint"",""coordinates"":[]}"
261_0,0.034340040091542255,0.67960346,2.4713578413133215,0.038959632065766865,0.41080144,2.5336904600908565,0.04115050102586789,0.8079064,2.3349838313829996,2,2924,261,31.219059,"{""type"":""MultiPoint"",""coordinates"":[]}"
262_0,0.020952368374859334,0.6791717,2.6066130311691458,0.019867917704218904,0.40611902,2.8875558172549773,0.03629271843213501,0.80003405,2.925019936046508,2,2919,262,35.58469,"{""type"":""MultiPoint"",""coordinates"":[]}"
263_0,0.027593426947769967,0.65749985,3.0405397507905954,0.034090534012222486,0.3675097,-3.1015570574648397,0.025616718063099543,0.78415895,2.720369473574026,2,2521,263,41.602352,"{""type"":""MultiPoint"",""coordinates"":[]}"
264_0,0.06421118084416122,0.57716125,-2.7931209006561666,0.06110926610295809,0.30028665,-2.68476227257578,0.049762064574362996,0.7665885,-3.1188576732198006,2,2666,264,46.75337,"{""type"":""MultiPoint"",""coordinates"":[]}"
265_0,0.03331300570186526,0.69717723,2.3747371739834384,0.03514460300079779,0.41507956,2.7974483135554973,0.01881604455330341,0.8043795,2.375876247060544,2,1960,265,18.849504,"{""type"":""MultiPoint"",""coordinates"":[]}"
266_0,0.10093557060486402,0.6172353,-2.4140950119477926,0.09276868198205034,0.30556855,-2.3109676521214984,0.06295471658162967,0.8141864,-2.5865195778326187,2,2136,266,22.825352,"{""type"":""MultiPoint"",""coordinates"":[]}"
267_0,0.0376865972734954,0.66646695,2.258731859096809,0.04429707463748293,0.3933922,2.1911992108604075,0.03470546191792725,0.79156095,-2.9324707453444168,2,2365,267,28.320679,"{""type"":""MultiPoint"",""coordinates"":[]}"
268_0,0.03684867537173309,0.6152898,2.5657716346681103,0.031648924363878755,0.32319608,2.4344160623687774,0.05909328615275026,0.7842204,2.877410580776773,2,1029,268,25.560722,"{""type"":""MultiPoint"",""coordinates"":[]}"
269_0,0.036405588307172575,0.7033409,2.4728246228572415,0.03468631983667154,0.4340432,2.8205884644654335,0.04956238954519784,0.8085467,2.58222472606856,2,3030,269,47.207153,"{""type"":""MultiPoint"",""coordinates"":[]}"
270_0,0.061326380519026974,0.63956815,-2.8824131633053947,0.058175212227816894,0.3493476,-2.5915435545044954,0.0615738902526405,0.79895145,3.0977339059346853,2,2610,270,34.99763,"{""type"":""MultiPoint"",""coordinates"":[]}"
271_0,0.04621718049536016,0.6440215,2.287551413608605,0.053134600926995186,0.38877767,2.257826514045045,0.046782768572578334,0.77400655,2.338342276455078,2,3026,271,41.460625,"{""type"":""MultiPoint"",""coordinates"":[]}"
272_0,0.03641623376469336,0.65180373,-2.876978663870603,0.028981630332875086,0.37938726,-3.0447250768292666,0.05308719256611033,0.7611924,-2.9319278283696986,2,2444,272,37.844387,"{""type"":""MultiPoint"",""coordinates"":[]}"
273_0,0.03359348663159722,0.61146086,2.743547180546145,0.03416184034973741,0.3351691,-3.0781102443156145,0.03897295213041625,0.75163954,2.9085041561442284,2,2619,273,40.985184,"{""type"":""MultiPoint"",""coordinates"":[]}"
274_0,0.0425134368384111,0.68881094,2.46196697535619,0.034700085049702956,0.4201374,2.4859673717128628,0.05479114031733399,0.8075096,2.278006051208745,2,2966,274,52.44833,"{""type"":""MultiPoint"",""coordinates"":[]}"
275_0,0.02807589286403268,0.6738138,2.9135669162764604,0.04226090054082512,0.4085812,2.665956930810867,0.04021263718740312,0.79033935,2.9681216657096985,2,2961,275,39.675255,"{""type"":""MultiPoint"",""coordinates"":[]}"
276_0,0.03032343250235593,0.6132729,-2.896041676889226,0.02857863365437231,0.3212902,-3.013355665449073,0.0263632104789256,0.7854552,-3.0424380556287476,2,2575,276,24.103699,"{""type"":""MultiPoint"",""coordinates"":[]}"
277_0,0.029147946409347477,0.6608909,2.7744266730149834,0.039793990209097026,0.3833739,2.59626295494063,0.029266480848607206,0.80570155,2.8435468640467727,2,2606,277,22.201797,"{""type"":""MultiPoint"",""coordinates"":[]}"
278_0,0.05983158417042453,0.6007194,2.5220628913611582,0.05685676645744934,0.31008592,2.6302682153214105,0.04827216984092762,0.7903915,2.59212605935031,2,3010,278,40.06975,"{""type"":""MultiPoint"",""coordinates"":[]}"
279_0,0.052805574400748574,0.62019366,2.6737432866910265,0.0443833554535063,0.32924992,2.8102046420327405,0.04529479702448883,0.7849653,2.9801589748809754,2,2303,279,37.7982,"{""type"":""MultiPoint"",""coordinates"":[]}"
280_0,0.037578672707550276,0.70120287,2.6147362296863976,0.03628753784604992,0.42101794,2.744583179923838,0.04306091259790268,0.8252341,2.436734544512518,2,2950,280,23.990263,"{""type"":""MultiPoint"",""coordinates"":[]}"
281_0,0.05723280896771056,0.6609074,2.3561248491885,0.07977702849391341,0.40205982,2.2769174227307785,0.04397054425540617,0.7812232,2.8374721670572534,2,2805,281,30.643805,"{""type"":""MultiPoint"",""coordinates"":[]}"
282_0,0.04327518265352166,0.5834022,-2.9640365515219615,0.03937117149901678,0.28979576,-2.6179691913139225,0.037950754186678225,0.7685302,2.9211416999504936,2,2643,282,48.057823,"{""type"":""MultiPoint"",""coordinates"":[]}"
283_0,0.013557745921544023,0.64173776,0.20405195720320626,0.09599362104190028,0.41712415,1.9172560640829863,0.10903326555767334,0.73307043,-1.7329819469446774,2,2336,283,52.21024,"{""type"":""MultiPoint"",""coordinates"":[]}"
284_0,0.03710077442965043,0.7220989,2.4228038084766093,0.04005106938937775,0.43377593,2.427251733634659,0.025482066240553575,0.842559,2.8941008492416773,2,2416,284,45.72762,"{""type"":""MultiPoint"",""coordinates"":[]}"
285_0,0.02910085785635566,0.6591545,2.5465954487419515,0.039001734288001154,0.38069326,2.389637985125436,0.03100909075198053,0.81830585,2.965909795512371,2,2380,285,40.620922,"{""type"":""MultiPoint"",""coordinates"":[]}"
286_0,0.028743759201643813,0.66584677,2.9321118549862955,0.05099466577967891,0.39752126,2.5243532639037762,0.03292941332197236,0.79100513,-3.1399090031452257,2,2496,286,21.564716,"{""type"":""MultiPoint"",""coordinates"":[]}"
287_0,0.03084662551261538,0.6345053,2.8998188282269384,0.028571309932197912,0.3563742,2.779932953427254,0.04324318638077805,0.7825752,-3.0368667005389662,2,2517,287,39.0232,"{""type"":""MultiPoint"",""coordinates"":[]}"
288_0,0.10177126210925755,0.5674632,1.9406995088574328,0.08749721149981687,0.3339784,1.9258888411430604,0.07995485155594706,0.6697102,2.1564002745787,2,3207,288,24.66712,"{""type"":""MultiPoint"",""coordinates"":[]}"
289_0,0.07900920887399071,0.64103186,2.419398477421452,0.1264046633440352,0.4007942,1.9470910034052908,0.07652937845893061,0.7632993,-2.4623683944368677,2,2546,289,37.191986,"{""type"":""MultiPoint"",""coordinates"":[]}"
290_0,0.03597553110111653,0.6611854,2.3169527162669277,0.04987063369887155,0.38349023,2.578312983822898,0.040399663388457345,0.7946622,2.3811845958929525,2,2559,290,18.875965,"{""type"":""MultiPoint"",""coordinates"":[]}"
291_0,0.04425117004336556,0.68600124,2.4422166307197504,0.040311145091658215,0.42119172,2.5625001866594213,0.05386088237873876,0.7899942,2.440968552306671,2,3080,291,32.426373,"{""type"":""MultiPoint"",""coordinates"":[]}"
292_0,0.056556263805842825,0.57307553,2.8370394923663502,0.051559209667050375,0.3015839,3.0628128162413377,0.04782150591131261,0.7457166,2.7380926856110728,2,2821,292,64.19204,"{""type"":""MultiPoint"",""coordinates"":[]}"
293_0,0.03289005806633242,0.64270395,-2.9415407905062607,0.03379723965725041,0.34392703,-2.5816793210856037,0.030342730690973454,0.78814006,2.9567790509357343,2,2486,293,27.83339,"{""type"":""MultiPoint"",""coordinates"":[]}"
294_0,0.0322801993116821,0.6650336,2.6066933518629734,0.03805686384790378,0.379161,2.7623316527558988,0.025871779278667385,0.79892004,3.0631042565309006,2,2671,294,42.457672,"{""type"":""MultiPoint"",""coordinates"":[]}"
295_0,0.03227350221822205,0.652997,3.1402203212387834,0.0416117305782792,0.37091145,2.821149690048969,0.02237983343012892,0.79861534,-2.2895738496278013,2,2511,295,45.4219,"{""type"":""MultiPoint"",""coordinates"":[]}"
296_0,0.03144348117357347,0.5893277,2.1826389611591654,0.13057413706897567,0.39408877,1.765781773505081,0.04157168045758414,0.7546041,-1.927139363125775,2,2599,296,49.53139,"{""type"":""MultiPoint"",""coordinates"":[]}"
297_0,0.02193322532581638,0.62469727,2.6483260026821394,0.019155952811641123,0.3270026,2.70083393033609,0.03600892330359927,0.78476715,2.900362609787606,2,2317,297,4.4409328,"{""type"":""MultiPoint"",""coordinates"":[]}"
298_0,0.03785278664942142,0.6736518,2.8035478431776535,0.04243969660498887,0.39153472,2.784630568658146,0.03676219007306461,0.80381405,2.5445054357753354,2,3030,298,29.409277,"{""type"":""MultiPoint"",""coordinates"":[]}"
299_0,0.023182744626725923,0.69370127,-2.7072226833360133,0.04459154780937741,0.44572547,2.3158378311838654,0.031321514684229904,0.8050932,-2.8085090181298225,2,2855,299,42.72234,"{""type"":""MultiPoint"",""coordinates"":[]}"
300_0,0.03781580487524626,0.66724825,-2.7949714098280065,0.04002415646024023,0.382488,-2.5849157451578537,0.03455191507468244,0.79310584,-2.932669717646745,2,2235,300,11.675374,"{""type"":""MultiPoint"",""coordinates"":[]}"
301_0,0.023719225960323914,0.72880596,-3.059636322183617,0.030146246354031396,0.43907303,-3.039976525903497,0.02862822321815995,0.84117633,-2.9638552700909933,2,1793,301,15.963544,"{""type"":""MultiPoint"",""coordinates"":[]}"
302_0,0.049996070659063196,0.67179924,2.256139956237641,0.059801187023972815,0.41718152,2.3271629809773016,0.04101244426968107,0.7891066,2.5361000365626634,2,3381,302,33.8184,"{""type"":""MultiPoint"",""coordinates"":[]}"
303_0,0.06239142301594831,0.7037019,2.2961044380700337,0.0603835158275071,0.4282591,2.4852540080068897,0.048281775171764234,0.817758,2.3307621289350493,2,2898,303,35.689426,"{""type"":""MultiPoint"",""coordinates"":[]}"
304_0,0.053486140815608096,0.6944872,3.1251324278426247,0.05105000518977599,0.3801139,-2.983220079313135,0.05243272362575111,0.834891,-3.1148815389446867,2,561,304,34.293343,"{""type"":""MultiPoint"",""coordinates"":[]}"
305_0,0.03209362351170679,0.67040426,2.4292538768185645,0.025153565599393555,0.34709004,2.5923802463152734,0.028476419788796344,0.8238988,2.3833792466316304,2,1699,305,47.31928,"{""type"":""MultiPoint"",""coordinates"":[]}"
306_0,0.06150262110155841,0.6780377,2.6113984981990743,0.05582793669396386,0.40026683,2.7130154873316306,0.05643223723069987,0.82147497,2.6606624191970436,2,2587,306,25.971302,"{""type"":""MultiPoint"",""coordinates"":[]}"
307_0,0.032593194639559266,0.6774093,2.193558583241291,0.03820451500135569,0.4056798,2.3977395297714468,0.0320238149878797,0.80346036,2.379804929130299,2,3074,307,39.751022,"{""type"":""MultiPoint"",""coordinates"":[]}"
308_0,0.052641571250479254,0.6627692,2.7317897989323336,0.04652751901601086,0.3547218,2.9622634724975967,0.053591268176079856,0.8009848,2.806038608149429,2,2377,308,34.1154,"{""type"":""MultiPoint"",""coordinates"":[]}"
309_0,0.03774604088038542,0.6665364,2.8579350725047847,0.03903203797687151,0.35456347,2.9826168498198933,0.032731452698621114,0.8167348,2.6927748289970834,2,1956,309,37.68521,"{""type"":""MultiPoint"",""coordinates"":[]}"
310_0,0.04695108676438416,0.7241006,-2.682647912462815,0.04083808708344649,0.4194665,-2.7987006689668252,0.05339265102681684,0.83395994,-2.781070386688672,2,1101,310,24.589981,"{""type"":""MultiPoint"",""coordinates"":[]}"
311_0,0.04631101980721258,0.6612437,-3.0959621933853416,0.043373280357172146,0.39269102,2.7298222830429415,0.06340225360653665,0.7762902,-2.490461773215756,2,2579,311,32.200436,"{""type"":""MultiPoint"",""coordinates"":[]}"
312_0,0.04620985081658687,0.6524551,2.578362688611671,0.04149130662881967,0.34512028,2.6489177758051903,0.04067477471098216,0.8086993,2.276303150496369,2,2464,312,40.436844,"{""type"":""MultiPoint"",""coordinates"":[]}"
313_0,0.03528220670275365,0.63075304,2.7138394750229287,0.03224738177982574,0.34152153,2.9041575838330917,0.04889366371628397,0.78199315,2.6425939559267757,2,2407,313,46.68856,"{""type"":""MultiPoint"",""coordinates"":[]}"
314_0,0.037308357005253,0.62367684,2.238654451318065,0.03197081180486459,0.34945327,2.3948437620117913,0.060300139939292174,0.76225007,1.9689384078823668,2,2611,314,34.750927,"{""type"":""MultiPoint"",""coordinates"":[]}"
315_0,0.03819780425640961,0.6472312,2.8943633561626787,0.03434895437706977,0.34545666,3.1138006762891832,0.03911346455004847,0.80749565,2.7466561041723496,2,2352,315,30.356134,"{""type"":""MultiPoint"",""coordinates"":[]}"
316_0,0.04259984941059273,0.6214223,2.645324343092322,0.034887196529209456,0.32653242,2.7344550178223948,0.03859815098250443,0.79346293,2.4702341637197938,2,2382,316,36.557384,"{""type"":""MultiPoint"",""coordinates"":[]}"
317_0,0.059478006656081,0.64659184,2.683753416535567,0.05961639870055956,0.36296996,2.5387856249312675,0.0463284209684058,0.80431217,2.7628204013666164,2,2727,317,35.100254,"{""type"":""MultiPoint"",""coordinates"":[]}"
318_0,0.03512746527272451,0.70064175,-3.0542795215162313,0.02215521276714156,0.4185386,3.1235740522599853,0.04083171852702896,0.82373196,2.866586912690553,2,2418,318,30.38912,"{""type"":""MultiPoint"",""coordinates"":[]}"
319_0,0.06840930086220723,0.667362,2.3278288841595565,0.0716706273885608,0.39075312,2.2821684157718956,0.05093384942484097,0.80615485,2.6219843219314347,2,2873,319,39.08656,"{""type"":""MultiPoint"",""coordinates"":[]}"
320_0,0.03889362397278292,0.62508476,2.90283697526666,0.037754519216958375,0.33902472,-3.0964008711635884,0.03399812455303795,0.7827684,2.872189275674365,2,2499,320,29.383896,"{""type"":""MultiPoint"",""coordinates"":[]}"
321_0,0.03186954608032832,0.6966685,2.664717455212471,0.03066242172062189,0.4309497,2.6505007027119594,0.029408094964688675,0.7914141,2.816721710602208,2,2899,321,17.705065,"{""type"":""MultiPoint"",""coordinates"":[]}"
322_0,0.03993225126942186,0.6862448,2.571762945790951,0.046164452370658055,0.39273623,2.658253316856201,0.03525219485766302,0.8327653,2.6625409294907327,2,2495,322,26.155333,"{""type"":""MultiPoint"",""coordinates"":[]}"
323_0,0.04780679147706623,0.7147476,2.4802623361184075,0.0520245355815675,0.44215316,2.512695449495946,0.05520668518580678,0.80744284,2.426576444555649,2,2883,323,39.5656,"{""type"":""MultiPoint"",""coordinates"":[]}"
324_0,0.07430645176131775,0.61451066,2.510125047650848,0.098276829551217,0.3524023,2.2577988166029037,0.03618313002152997,0.7632174,-2.898629007817618,2,2418,324,38.23145,"{""type"":""MultiPoint"",""coordinates"":[]}"
325_0,0.04421702856809002,0.6951894,-3.1290642232982626,0.05135049476348212,0.43183672,2.9250796802230097,0.05185344260991493,0.81091726,-3.1023614161972213,2,2923,325,10.070634,"{""type"":""MultiPoint"",""coordinates"":[]}"
326_0,0.05129807620453369,0.6247503,2.8194650187666346,0.04689203232211796,0.34262842,2.8111944075563695,0.047154657396367906,0.7701159,-2.91787479770482,2,2325,326,45.42081,"{""type"":""MultiPoint"",""coordinates"":[]}"
327_0,0.06452936128810557,0.66098505,2.550315538904106,0.08708759390244276,0.40107423,1.996758232690752,0.061130439566645337,0.7811213,-2.698588545102326,2,1985,327,33.85016,"{""type"":""MultiPoint"",""coordinates"":[]}"
328_0,0.02021609146298812,0.65648115,2.6156661444073266,0.02653852195360692,0.35624433,2.822034986292298,0.034493279880647494,0.77132577,1.246557666480952,2,2125,328,3.8418515,"{""type"":""MultiPoint"",""coordinates"":[]}"
329_0,0.040431385691719765,0.578785,2.6907478222368795,0.03449950937114811,0.32295918,2.7100951510793947,0.03662209676512258,0.74511564,2.66490968469771,2,2958,329,16.926573,"{""type"":""MultiPoint"",""coordinates"":[]}"
330_0,0.040290566203170564,0.6720829,2.6902335683241376,0.04038915426985429,0.37657663,2.7208719560281183,0.03671347012907743,0.8146958,2.44977531697671,2,2434,330,41.953922,"{""type"":""MultiPoint"",""coordinates"":[]}"
331_0,0.04303948520604743,0.61655486,-2.2986375873969873,0.039801723333448,0.3199075,-2.504598379345235,0.03658396856643682,0.7594062,-2.476827136685675,2,2295,331,29.46148,"{""type"":""MultiPoint"",""coordinates"":[]}"
332_0,0.038442751855904,0.636596,-2.770581898833985,0.04557619537344685,0.3383709,-2.7387786262565523,0.03182658273024728,0.790018,-2.1383509358970922,2,2040,332,13.523911,"{""type"":""MultiPoint"",""coordinates"":[]}"
333_0,0.04275487223476411,0.59129995,-2.804717850038304,0.03799188998138116,0.3020862,-2.5818037634544826,0.04999102000256776,0.7658633,-2.8550373560206763,2,2190,333,23.028084,"{""type"":""MultiPoint"",""coordinates"":[]}"
334_0,0.05805779737986219,0.66853625,2.748596276361688,0.06699363333714926,0.3930115,2.8467625766461238,0.03983715215769911,0.7992653,2.7211915698561366,2,2336,334,28.554703,"{""type"":""MultiPoint"",""coordinates"":[]}"
335_0,0.05150982302200977,0.5845274,2.968306459207542,0.04933906664445856,0.30880406,3.117898868854635,0.052996948348090676,0.73461324,3.0444740941872985,2,2542,335,41.225967,"{""type"":""MultiPoint"",""coordinates"":[]}"
336_0,0.045557012586084446,0.6821886,2.7991798547121474,0.052558452462697365,0.4052258,2.748098071491262,0.04200455756740701,0.8170696,2.920205164735281,2,2682,336,34.911213,"{""type"":""MultiPoint"",""coordinates"":[]}"
337_0,0.02724436759352848,0.6811943,2.7307417788001405,0.025949922057070158,0.3909155,2.9346937057084297,0.03167073903974591,0.82266766,2.5736944906845656,2,2601,337,19.893017,"{""type"":""MultiPoint"",""coordinates"":[]}"
338_0,0.07912358538225525,0.60750663,2.117979414090258,0.07843594360294061,0.36884248,2.1445471035767767,0.05695206683004406,0.7799613,2.1504878369128733,2,3443,338,35.79432,"{""type"":""MultiPoint"",""coordinates"":[]}"
339_0,0.09108851589524843,0.61938864,2.1908590631254636,0.07493238363238633,0.33683845,2.4366664569729317,0.08752741039387306,0.77848536,2.2105962324872444,2,2851,339,40.91276,"{""type"":""MultiPoint"",""coordinates"":[]}"
340_0,0.041834427623550864,0.684474,2.525923656332217,0.03841182998618947,0.40904555,2.714941254754023,0.03637024350846374,0.80959284,2.918980712855699,2,3005,340,43.91451,"{""type"":""MultiPoint"",""coordinates"":[]}"
341_0,0.04075205941972639,0.7247975,2.8255016539812288,0.03893259593298437,0.44178954,2.8784246084673257,0.04171590530176873,0.84106314,2.6594984589131156,2,2602,341,23.040722,"{""type"":""MultiPoint"",""coordinates"":[]}"
342_0,0.045232196325638366,0.6887045,2.2030645189454385,0.05036034485716468,0.4165958,2.2718348786717444,0.04316525985675861,0.80849624,2.3057301328843947,2,2868,342,32.680984,"{""type"":""MultiPoint"",""coordinates"":[]}"
343_0,0.05438435807569603,0.677348,2.423791822711657,0.04920156668716112,0.38906243,2.604761651315851,0.04895553242413012,0.79695946,2.158653123909229,2,1841,343,20.588255,"{""type"":""MultiPoint"",""coordinates"":[]}"
344_0,0.04002785789184695,0.64986503,2.1874073265844487,0.0390060708881805,0.36442295,2.1696161932759246,0.03862145114341539,0.8087517,2.6074593406928095,2,2229,344,51.435368,"{""type"":""MultiPoint"",""coordinates"":[]}"
345_0,0.03520026905728619,0.61348736,3.0545262840494862,0.021750992616330712,0.3370547,2.7535971209901504,0.029424609139966244,0.7627526,-3.109463205120951,2,2217,345,23.844767,"{""type"":""MultiPoint"",""coordinates"":[]}"
346_0,0.030888249392036802,0.7275665,2.271133214853915,0.03170921563690814,0.46699536,2.274746503889544,0.03293623309723151,0.8247865,2.472876109180687,2,3161,346,14.060589,"{""type"":""MultiPoint"",""coordinates"":[]}"
347_0,0.03242778976442646,0.6951566,2.763217771074708,0.07490570911889372,0.4596254,2.2056698758940483,0.040877874823952505,0.7801695,-2.338549272363449,2,2670,347,37.73723,"{""type"":""MultiPoint"",""coordinates"":[]}"
348_0,0.027137949742255054,0.20361859,-2.166602214332592,0.023899820548239775,0.0925081,-2.21671063173736,0.015863021212189264,0.18771724,-2.2223864122702337,2,2794,348,48.70847,"{""type"":""MultiPoint"",""coordinates"":[]}"
349_0,0.03250210958726775,0.7346602,2.5147046790741014,0.04125230480848033,0.46010977,2.6454765006681598,0.04056834889717967,0.843622,2.7547122712799275,2,1378,349,34.113773,"{""type"":""MultiPoint"",""coordinates"":[]}"
350_0,0.037412495880997786,0.5949811,-3.1239388911924957,0.028404802464419503,0.3134212,-3.0953576358283867,0.03934968849552686,0.77649564,3.0679398488215943,2,1153,350,18.194218,"{""type"":""MultiPoint"",""coordinates"":[]}"
351_0,0.0447923834806427,0.6304317,2.211207625548866,0.06556371877041468,0.3666665,1.9591274814742679,0.04477037262165975,0.7883254,2.9200998830808427,2,2337,351,29.26113,"{""type"":""MultiPoint"",""coordinates"":[]}"
352_0,0.05322836116656016,0.67406434,2.2283608757867515,0.053009503783899896,0.39666218,2.361291769981504,0.046441354396898164,0.80433893,2.1902266531870107,2,2812,352,37.932053,"{""type"":""MultiPoint"",""coordinates"":[]}"
353_0,0.04054669308375137,0.7206572,2.353512772829116,0.044446499970286914,0.44251564,2.5907321162678665,0.04874842477316269,0.825843,2.449072208786412,2,2878,353,31.422506,"{""type"":""MultiPoint"",""coordinates"":[]}"
354_0,0.05066421655853087,0.61224055,2.923097905596415,0.04918923357491411,0.32068506,2.950202678939671,0.03142034001102294,0.78629315,3.013376000255247,2,2424,354,16.957869,"{""type"":""MultiPoint"",""coordinates"":[]}"
355_0,0.03367845586352147,0.6711725,2.686115098110269,0.0356372617162412,0.40245527,2.656312289441455,0.03984665679491305,0.81293434,2.5621902861031964,2,2719,355,27.092276,"{""type"":""MultiPoint"",""coordinates"":[]}"
356_0,0.06123829435640808,0.7074674,2.576406048130587,0.0667328815752359,0.41148272,2.7715308159212158,0.07872420962079224,0.8127129,2.872283470159421,2,873,356,18.395735,"{""type"":""MultiPoint"",""coordinates"":[]}"
357_0,0.04395758540362822,0.68685997,2.1024279135664847,0.04315402182098491,0.415406,2.2280527308246887,0.03489569475004929,0.8085874,2.262272119254025,2,2751,357,20.6912,"{""type"":""MultiPoint"",""coordinates"":[]}"
358_0,0.04657717995051692,0.46224415,-2.713313044473834,0.048141541770354276,0.20824033,-2.5407652934490152,0.02687285081171032,0.63817114,3.059683237720145,2,2325,358,19.212013,"{""type"":""MultiPoint"",""coordinates"":[]}"
359_0,0.05245453712382606,0.66830826,2.7280165448339897,0.0485476201099347,0.38864046,2.960829523746459,0.05137982713425677,0.80576223,2.5899304177102027,2,2813,359,39.553265,"{""type"":""MultiPoint"",""coordinates"":[]}"
360_0,0.05032953385472821,0.68959385,2.164696844005535,0.04600925579493613,0.43313396,2.142067447945902,0.0453540999294235,0.8086757,2.4640586081390974,2,2873,360,44.042557,"{""type"":""MultiPoint"",""coordinates"":[]}"
361_0,0.047082010249579836,0.6768245,2.568585786318577,0.05037582581777189,0.40318152,2.3524092270068153,0.03245856618852249,0.80539787,2.8439896096080193,2,2458,361,35.101234,"{""type"":""MultiPoint"",""coordinates"":[]}"
362_0,0.04222510323864604,0.69046336,-3.0129843430826364,0.042368170426554164,0.40337935,3.053281917372114,0.039937249472686544,0.8153134,-2.9203846262720012,2,2381,362,38.105972,"{""type"":""MultiPoint"",""coordinates"":[]}"
363_0,0.021826165930944434,0.45152247,2.954072343305391,0.023717490590467617,0.20772181,2.9240402035129645,0.03767672854744718,0.6408336,2.32878560576815,2,3596,363,43.16256,"{""type"":""MultiPoint"",""coordinates"":[]}"
364_0,0.10614997296555308,0.53087556,-2.992405591997112,0.10530882873902886,0.2516611,-2.9340725137254213,0.09639789357510656,0.66980946,-2.952806042907387,2,2816,364,23.683693,"{""type"":""MultiPoint"",""coordinates"":[]}"
365_0,0.06136108002897002,0.615159,-2.4927258198065507,0.03515235352203198,0.31906185,-2.7071286304352267,0.08757975383507803,0.77248603,-2.636806364588178,2,1080,365,32.885788,"{""type"":""MultiPoint"",""coordinates"":[]}"
366_0,0.08998363879689619,0.51376665,2.8292680865578252,0.08035007435625442,0.2372944,2.962531708165824,0.07296666495082499,0.7192532,2.7873150299929534,2,3084,366,23.178013,"{""type"":""MultiPoint"",""coordinates"":[]}"
367_0,0.09607858144178781,0.48106974,-2.9341352168232655,0.0941756839079787,0.20191705,-2.8386272501027876,0.10243295165279998,0.67402655,-2.83252058388699,2,2910,367,24.486536,"{""type"":""MultiPoint"",""coordinates"":[]}"
368_0,0.03953248765740177,0.6617356,2.4215459844814733,0.034646051695321506,0.3854205,2.867603345675405,0.04636644725373244,0.7953928,2.342340692828457,2,3028,368,30.416046,"{""type"":""MultiPoint"",""coordinates"":[]}"
369_0,0.04261898299862867,0.56735945,2.6939357881550725,0.04397263193689608,0.3141198,2.71224810767007,0.037144461736391785,0.7209072,2.7759628984915636,2,3244,369,40.155712,"{""type"":""MultiPoint"",""coordinates"":[]}"
370_0,0.028612367336213463,0.6176659,3.089435294277751,0.03214916324524625,0.32805118,-3.049139319361263,0.03594303880509079,0.76379293,2.6102956949093388,2,2319,370,35.41475,"{""type"":""MultiPoint"",""coordinates"":[]}"
371_0,0.024164936448625943,0.63420427,2.17851394337286,0.024680898659876892,0.35896838,2.3660417983623017,0.025584702333889046,0.7673731,2.186872613180194,2,2755,371,32.687775,"{""type"":""MultiPoint"",""coordinates"":[]}"
372_0,0.0757977873849937,0.72681487,2.314812490812937,0.13130890786310404,0.50265366,2.033910259270283,0.03543006168038591,0.8053215,-2.5738391431767567,2,2640,372,44.18382,"{""type"":""MultiPoint"",""coordinates"":[]}"
373_0,0.0469073990148779,0.6386767,3.034563672402478,0.0460865076757822,0.37044898,3.035328850608261,0.047537061285369206,0.75723356,3.0670184301708323,2,3031,373,37.59512,"{""type"":""MultiPoint"",""coordinates"":[]}"
374_0,0.020720351514738836,0.65492237,2.8875664511602057,0.02989254702238992,0.35773516,3.080605935985461,0.021684346775534952,0.81321347,2.7176415355907673,2,2474,374,24.645351,"{""type"":""MultiPoint"",""coordinates"":[]}"
375_0,0.03675952091536327,0.6651819,2.011070514971763,0.04533885954408327,0.39366192,2.1876109138079225,0.05026693658236517,0.77171195,2.5304956621165875,2,2457,375,28.972282,"{""type"":""MultiPoint"",""coordinates"":[]}"
376_0,0.07278483098717037,0.42571792,2.699091588660869,0.06099174213132195,0.16914202,2.8157789293573536,0.06171329891944853,0.6570797,2.7887368532167462,2,2993,376,28.096294,"{""type"":""MultiPoint"",""coordinates"":[]}"
377_0,0.04838670862437081,0.70007926,2.1138449479011587,0.050238425325435716,0.3997778,2.1729052259534156,0.03523993877250089,0.82974786,2.1750661302048835,2,2489,377,32.071312,"{""type"":""MultiPoint"",""coordinates"":[]}"
378_0,0.05341249979704816,0.66439915,2.373759181840109,0.05959587885284468,0.40191108,2.3501382254108165,0.04769222176235516,0.7908146,2.6825395339473297,2,2901,378,24.534203,"{""type"":""MultiPoint"",""coordinates"":[]}"
379_0,0.032870474026030515,0.7075167,2.869917938452351,0.032463830360577595,0.4249164,2.8464561943164237,0.02793177226180044,0.8244648,2.7054914569395714,2,2545,379,23.301228,"{""type"":""MultiPoint"",""coordinates"":[]}"
380_0,0.028417305859859864,0.70766014,3.024919321381522,0.03033225779554673,0.4189718,2.98498733760591,0.025208972542268327,0.8342475,-2.842638617546605,2,1807,380,8.528871,"{""type"":""MultiPoint"",""coordinates"":[]}"
381_0,0.037246621408983556,0.68993014,2.6683518898155287,0.03550044270407665,0.42590672,2.648541024024513,0.04477006033511157,0.8077059,2.4955345549729473,2,2977,381,16.089428,"{""type"":""MultiPoint"",""coordinates"":[]}"
382_0,0.07359210957096657,0.6055384,3.056988498733535,0.06669576754570186,0.3193758,-3.0989516587697192,0.056972989073646785,0.7657171,3.063405161223169,2,2747,382,30.08022,"{""type"":""MultiPoint"",""coordinates"":[]}"
383_0,0.07202939170313279,0.65035707,2.6692191334529847,0.07414407024462642,0.36906877,2.7349597755755872,0.04569309750004827,0.78328973,2.5850818809266416,2,2679,383,17.863428,"{""type"":""MultiPoint"",""coordinates"":[]}"
384_0,0.06624874290159234,0.48174387,3.0043719471998545,0.053096536339957444,0.19728893,-3.014015432740562,0.060174786796070856,0.70529604,2.8870671893524973,2,2970,384,30.71087,"{""type"":""MultiPoint"",""coordinates"":[]}"
385_0,0.04127797525750101,0.71513313,2.6453781559995844,0.034472942366599764,0.4271305,2.7862472805131526,0.05253502337770826,0.79899263,2.3175715770137004,2,637,385,19.960213,"{""type"":""MultiPoint"",""coordinates"":[]}"
386_0,0.037962048260983185,0.42198378,-2.786771856313501,0.031466694873562594,0.22038577,-2.6911831984236976,0.03517200638124287,0.5876191,-2.7479926784375523,2,3219,386,29.534676,"{""type"":""MultiPoint"",""coordinates"":[]}"
387_0,0.0431500588601865,0.6851475,2.685662136598612,0.060855191214853215,0.42717287,2.416794789503477,0.04211464412046618,0.81325275,2.926401334983287,2,2771,387,27.94642,"{""type"":""MultiPoint"",""coordinates"":[]}"
388_0,0.024004155444122037,0.6272671,-2.6616433108795343,0.02054283375420235,0.33190766,-2.6550410905072637,0.021323206214285496,0.79405767,2.169996415961112,2,2266,388,14.973632,"{""type"":""MultiPoint"",""coordinates"":[]}"
389_0,0.07630065127048383,0.5529587,-2.6209682405147188,0.07101392544944618,0.26084003,-2.4997716602286477,0.054607059257156615,0.75979674,-2.7226233570168157,2,2672,389,32.08047,"{""type"":""MultiPoint"",""coordinates"":[]}"
390_0,0.08288926931411815,0.61270565,-2.584257973694619,0.07601562577914837,0.32846496,-2.5412623033467088,0.06066104116592374,0.77223486,-2.6618351696370857,2,2557,390,36.187534,"{""type"":""MultiPoint"",""coordinates"":[]}"
391_0,0.027977611605501305,0.6075706,-2.548590093093152,0.02944775119773379,0.33512095,-2.2805614001734327,0.04074053502256338,0.7525471,-3.033734628967211,2,2654,391,25.57104,"{""type"":""MultiPoint"",""coordinates"":[]}"
392_0,0.03529326381632722,0.6520104,2.6800886970815916,0.04472205899755931,0.37330937,2.259557231395616,0.021467768000820394,0.8074156,-3.0488541525239423,2,2337,392,10.973845,"{""type"":""MultiPoint"",""coordinates"":[]}"
393_0,0.175049962840107,0.56208664,-2.275380822277441,0.15796177165571337,0.25692046,-2.2296636656327906,0.10477334663367231,0.7689165,-2.308194482051171,2,2245,393,34.384384,"{""type"":""MultiPoint"",""coordinates"":[]}"
394_0,0.035459978831714964,0.66736543,2.479034819934998,0.033764095518469844,0.408338,2.456701866692735,0.04162653746441255,0.77536577,2.6368500139547097,2,2647,394,24.448944,"{""type"":""MultiPoint"",""coordinates"":[]}"
395_0,0.1479615204212695,0.5771179,-2.1891298999706237,0.13738733340158227,0.26598522,-2.127299906017403,0.08653497690814121,0.786754,-2.2812994750065867,2,2205,395,19.596474,"{""type"":""MultiPoint"",""coordinates"":[]}"
396_0,0.0384528649124495,0.73282015,2.2149311361115744,0.04223097804593182,0.44763637,2.128154935453572,0.0346119792812119,0.8544921,2.7119722020871704,2,2270,396,26.101217,"{""type"":""MultiPoint"",""coordinates"":[]}"
397_0,0.03217859216388703,0.6825738,2.6859561824804024,0.04034019300350744,0.41143507,2.611547404996961,0.030800307586401513,0.806654,2.6373262635196917,2,2909,397,29.881092,"{""type"":""MultiPoint"",""coordinates"":[]}"
398_0,0.02227711076613618,0.6384695,2.6232817494535396,0.019976698514074274,0.36166412,2.8630888754088093,0.023349500367117054,0.77885705,2.790776045842653,2,2753,398,26.638409,"{""type"":""MultiPoint"",""coordinates"":[]}"
399_0,0.04688861955204991,0.570481,2.7418593029874834,0.03852158388557032,0.3152634,2.697845970784341,0.05173558221344212,0.7416824,3.1006997416624986,2,2799,399,37.207275,"{""type"":""MultiPoint"",""coordinates"":[]}"
400_0,0.03697722379072708,0.6303845,2.913289160285191,0.030457461544940764,0.3350948,3.024205157223869,0.04611925215483903,0.7917851,2.748041272394535,2,2498,400,47.62708,"{""type"":""MultiPoint"",""coordinates"":[]}"
401_0,0.04044098007194391,0.6977607,2.4921868076203277,0.04803793106153949,0.42472485,2.481748939538243,0.03148704706582454,0.8066219,2.4444110006023427,2,3002,401,31.533281,"{""type"":""MultiPoint"",""coordinates"":[]}"
402_0,0.008039507616320203,0.66515356,-2.924231417833493,0.08487842678783782,0.44486943,1.7355526713596607,0.07994182298865903,0.7566177,-1.8196586253676088,2,2822,402,39.953976,"{""type"":""MultiPoint"",""coordinates"":[]}"
403_0,0.047675000510143735,0.67932504,2.5735815928545804,0.04403644711894516,0.3848219,2.535838841818014,0.04499222724163726,0.8291263,2.716383762084715,2,2203,403,22.105911,"{""type"":""MultiPoint"",""coordinates"":[]}"
404_0,0.08062215466122344,0.5148216,-3.1044755053177866,0.07130911878622397,0.23914778,-2.8597687672519636,0.07247547920132126,0.71734655,2.9638419843166606,2,2650,404,30.883097,"{""type"":""MultiPoint"",""coordinates"":[]}"
405_0,0.037827835646222524,0.6251939,2.1895316278472974,0.07725542271082601,0.37811348,2.075166527789941,0.02971969322856275,0.7623015,-2.9425022847591036,2,2697,405,35.658737,"{""type"":""MultiPoint"",""coordinates"":[]}"
406_0,0.04957463421357086,0.67600024,2.331702826152487,0.046978621582133874,0.39827228,2.316121068385027,0.03656325178310923,0.7924804,2.0505768663110753,2,3166,406,32.65239,"{""type"":""MultiPoint"",""coordinates"":[]}"
407_0,0.05080818308017261,0.6226787,-1.884221429418252,0.037687925836498534,0.34430888,-2.0478493255125434,0.042268953961225035,0.7626342,-2.4797722201132455,2,2289,407,37.38928,"{""type"":""MultiPoint"",""coordinates"":[]}"
408_0,0.032829612935952275,0.6319117,2.806202649133092,0.03341685754093367,0.32508597,2.9571942539387877,0.02546845766007835,0.8045907,2.7600465381880066,2,2131,408,19.35063,"{""type"":""MultiPoint"",""coordinates"":[]}"
409_0,0.049813477228497584,0.7071496,2.4449325430156823,0.05801948226357342,0.42286977,2.3963942240895393,0.029185206391543532,0.8226981,2.6269562654799206,2,2350,409,32.1208,"{""type"":""MultiPoint"",""coordinates"":[]}"
410_0,0.08304593764953691,0.46728355,2.9304850504888558,0.07265192494120383,0.18878381,3.0058817534034126,0.07453361410030217,0.66538686,3.0894030784655104,2,2885,410,26.838095,"{""type"":""MultiPoint"",""coordinates"":[]}"
411_0,0.04005580127269896,0.65069246,2.8808681838909744,0.04370894767627897,0.36067912,2.948612502668533,0.03286789767074036,0.78871804,2.444075752975984,2,2688,411,35.729294,"{""type"":""MultiPoint"",""coordinates"":[]}"
412_0,0.03862765886453456,0.67273706,2.547891871207016,0.04000848690908735,0.39017305,2.769539859905963,0.03527480092730176,0.8124754,2.35429544559746,2,2428,412,26.345348,"{""type"":""MultiPoint"",""coordinates"":[]}"
413_0,0.06623191120431397,0.6568628,2.421056090189751,0.06651973353653395,0.3880224,2.504753513000766,0.05593758551070967,0.8088652,2.4667259589536457,2,2964,413,21.017723,"{""type"":""MultiPoint"",""coordinates"":[]}"
414_0,0.05590793726302909,0.6678777,2.2492507470478316,0.055845758462453765,0.40999842,2.321496258515967,0.0662579166386468,0.764954,2.2573901259715496,2,3210,414,36.57072,"{""type"":""MultiPoint"",""coordinates"":[]}"
415_0,0.030075817234414708,0.76034427,-2.9431270430244174,0.031510049463066174,0.48376247,-2.933526434696268,0.023599013047587197,0.851641,-3.1147993482684164,2,1549,415,22.821838,"{""type"":""MultiPoint"",""coordinates"":[]}"
416_0,0.03426921815243523,0.7066294,2.7087190547513726,0.041822480787195186,0.4298551,2.7928667607728377,0.03605249110730089,0.8227731,2.4107957698110667,2,2605,416,38.927357,"{""type"":""MultiPoint"",""coordinates"":[]}"
417_0,0.030089950567163685,0.6052679,2.178762944362359,0.030094797927281,0.35259596,2.1656898269631824,0.03856442218229677,0.73546064,3.042472516069057,2,3490,417,40.7538,"{""type"":""MultiPoint"",""coordinates"":[]}"
418_0,0.0499302584706942,0.64553463,2.7600294636399987,0.05080784043084529,0.3746586,2.7606514438440866,0.04230530476510429,0.7703352,2.7920589081961054,2,2881,418,39.14678,"{""type"":""MultiPoint"",""coordinates"":[]}"
419_0,0.039474164914637275,0.72680235,2.507026672864632,0.04172200830306725,0.45582113,2.6404264926333956,0.03414351032489539,0.82641935,2.5508725430068657,2,2778,419,25.4918,"{""type"":""MultiPoint"",""coordinates"":[]}"
420_0,0.05946436803006287,0.66740835,2.377685138206745,0.09533729549514529,0.4217458,1.9457647199349108,0.056546398536943376,0.7683851,2.962502630458914,2,2818,420,45.11853,"{""type"":""MultiPoint"",""coordinates"":[]}"
421_0,0.03163399441172848,0.6602365,3.0052626999747796,0.030340584247845023,0.36971432,2.9739796581901086,0.02333151040685294,0.8297259,-3.080512196164671,2,2352,421,16.727018,"{""type"":""MultiPoint"",""coordinates"":[]}"
422_0,0.04715248395309019,0.68872255,2.7382465961167153,0.05236076970475667,0.4121219,2.6859865771121205,0.03189953218121936,0.8246605,2.5988163554721906,2,2510,422,30.438646,"{""type"":""MultiPoint"",""coordinates"":[]}"
423_0,0.040097438165927625,0.68708485,2.419169174860588,0.04330973171648722,0.40584633,2.5924277296525204,0.03986497409484588,0.81773114,2.369002243988033,2,2846,423,28.60311,"{""type"":""MultiPoint"",""coordinates"":[]}"
424_0,0.02790373379024461,0.72056097,2.303058919603575,0.03401703254141994,0.4591738,2.575826056005521,0.026126800964747527,0.82672465,-2.9393459913762547,2,1280,424,27.548035,"{""type"":""MultiPoint"",""coordinates"":[]}"
425_0,0.03997125019301241,0.70022696,2.232800445279497,0.048541987357748825,0.43542147,2.179139307884741,0.04148656158373698,0.8196335,2.500674326324276,2,2996,425,51.90963,"{""type"":""MultiPoint"",""coordinates"":[]}"
426_0,0.0517257150262706,0.7137855,2.4070690187173356,0.056653224015651905,0.44263583,2.474582982810829,0.05582524379672957,0.8196534,2.4055686079400327,2,2973,426,15.504374,"{""type"":""MultiPoint"",""coordinates"":[]}"
427_0,0.028300592921779916,0.6221682,-2.390541133169593,0.021830780253271953,0.32744497,-2.4876695544141985,0.03815382208863403,0.7851677,-2.777312216684187,2,2479,427,33.028282,"{""type"":""MultiPoint"",""coordinates"":[]}"
428_0,0.054522722279542336,0.6310516,2.6730749789145665,0.04941255966147055,0.34753928,2.980137178375837,0.05802641301192044,0.80219483,2.566499122724996,2,2970,428,41.95341,"{""type"":""MultiPoint"",""coordinates"":[]}"
429_0,0.02589323571816167,0.71174574,-3.125577030631253,0.02857771635508668,0.4355605,3.1265752182016144,0.03705713248530777,0.82627827,2.598106749889434,2,2848,429,25.718,"{""type"":""MultiPoint"",""coordinates"":[]}"
430_0,0.03332438078445129,0.7362852,2.4941197276145983,0.040402562441907715,0.46079355,2.5424258402215303,0.030890830115347528,0.8423219,2.6739988808519275,2,1599,430,21.067167,"{""type"":""MultiPoint"",""coordinates"":[]}"
431_0,0.07653305704377683,0.59124124,-2.5040591691413203,0.06256533218876008,0.2911912,-2.5695332642108557,0.055658737677850026,0.78670377,-2.5220424447705927,2,2414,431,40.06096,"{""type"":""MultiPoint"",""coordinates"":[]}"
432_0,0.04369286902185682,0.7153813,2.0405906999793193,0.1206254549973642,0.506078,1.9738519536332262,0.061833880407567696,0.7669686,-2.4064515923199767,2,2706,432,41.946472,"{""type"":""MultiPoint"",""coordinates"":[]}"
433_0,0.04239637390978492,0.5832695,1.7432001973956655,0.042503936778923626,0.32294068,1.8833874275760716,0.047810953571972147,0.7512026,2.730770368725053,2,2762,433,39.061893,"{""type"":""MultiPoint"",""coordinates"":[]}"
434_0,0.02999461410094533,0.6737658,2.943384002388963,0.027445647610776693,0.39356202,3.070710307418577,0.037142389573263004,0.8082078,2.6366971017044305,2,2715,434,24.847263,"{""type"":""MultiPoint"",""coordinates"":[]}"
435_0,0.027128528652297153,0.6580182,-2.3526809649183136,0.02075746603237883,0.37650502,-3.002944442466342,0.029798047310253588,0.78216916,-2.588516935337321,2,2402,435,25.648537,"{""type"":""MultiPoint"",""coordinates"":[]}"
436_0,0.06722374750584797,0.5822675,2.768959111222103,0.06336996489010827,0.28391472,2.8385086822534746,0.04632388917616512,0.7998937,2.713673001269953,2,2651,436,42.131294,"{""type"":""MultiPoint"",""coordinates"":[]}"
437_0,0.048880224105541055,0.60125923,-2.883932848699805,0.046360661442734485,0.33437094,-3.1183672955437367,0.022093217986367247,0.7830888,2.7515337436084106,2,2914,437,19.757452,"{""type"":""MultiPoint"",""coordinates"":[]}"
438_0,0.02795586456574195,0.61934406,-2.8760950523107063,0.024307792967975222,0.3312298,-2.70048020674722,0.02652134991641728,0.77326286,2.838176850412559,2,2578,438,31.158003,"{""type"":""MultiPoint"",""coordinates"":[]}"
439_0,0.017507908466692992,0.67797256,2.7882743244453922,0.025916955131721514,0.38904503,3.056644650401922,0.02426173335391946,0.78944266,2.757260040225547,2,2360,439,25.917738,"{""type"":""MultiPoint"",""coordinates"":[]}"
440_0,0.036988930786616706,0.7153317,2.40546645564675,0.03235812104888955,0.42055857,2.091363884805218,0.05896757738994618,0.8289313,2.7449810033403153,2,1223,440,13.683539,"{""type"":""MultiPoint"",""coordinates"":[]}"
441_0,0.02511208256511443,0.5969833,-2.6406740429091893,0.026946833415760513,0.31067485,-2.515059655703174,0.0321715345680384,0.75832504,-3.132743138238714,2,2264,441,33.606953,"{""type"":""MultiPoint"",""coordinates"":[]}"
442_0,0.07439832712851616,0.68273777,2.281567334682536,0.08855851778775779,0.42056593,2.3246556328714587,0.04806650264282274,0.8040247,2.3282112113266833,2,2813,442,11.924461,"{""type"":""MultiPoint"",""coordinates"":[]}"
443_0,0.03344742989000527,0.6038291,2.554172941732781,0.02648843844838191,0.33041254,2.496712587084386,0.041014602464484434,0.76879007,2.271774227890613,2,2613,443,29.666857,"{""type"":""MultiPoint"",""coordinates"":[]}"
444_0,0.05330107899640865,0.6910253,2.407062767862632,0.05741779854852248,0.4199733,2.37293918471367,0.04512989571476313,0.8090107,2.344622027758165,2,2769,444,17.23012,"{""type"":""MultiPoint"",""coordinates"":[]}"
445_0,0.035681142843651,0.6740827,2.3593881067795617,0.04107412157254349,0.39516902,2.438066079369289,0.029487268631463944,0.804029,2.608745544947114,2,2485,445,22.93027,"{""type"":""MultiPoint"",""coordinates"":[]}"
446_0,0.027377458651888002,0.6586454,2.674935632993025,0.031593798962854816,0.38981137,2.280875288262305,0.01749903573163144,0.79041886,2.418827110988417,2,2591,446,26.234337,"{""type"":""MultiPoint"",""coordinates"":[]}"
447_0,0.04284483647128728,0.62966025,2.3067964470987734,0.06728329075058964,0.3679449,1.9209439135364488,0.04829929900558153,0.75979674,-2.501134806628639,2,2404,447,12.961436,"{""type"":""MultiPoint"",""coordinates"":[]}"
448_0,0.058848455801461926,0.66047776,-2.9800469331666366,0.0650223591129132,0.3710347,-2.9964969402434174,0.04760833573497202,0.8158888,-3.130764014895852,2,2549,448,16.87986,"{""type"":""MultiPoint"",""coordinates"":[]}"
449_0,0.033564490074842385,0.67522234,2.7320997186591,0.04564940932931964,0.38915712,2.6418311498360687,0.03752778193845897,0.8132742,2.8100533037157245,2,2749,449,22.054686,"{""type"":""MultiPoint"",""coordinates"":[]}"
450_0,0.02468654022931512,0.68104494,2.6207771769766723,0.0389330937672866,0.39511377,2.8714158569865824,0.02881087905558083,0.7958788,2.973111589462476,2,2557,450,39.80363,"{""type"":""MultiPoint"",""coordinates"":[]}"
451_0,0.04870386850044512,0.60265434,2.929389270903612,0.0447756912019475,0.30955482,3.116136354280077,0.057017743058298306,0.7664267,2.85582712975261,2,2929,451,29.134361,"{""type"":""MultiPoint"",""coordinates"":[]}"
452_0,0.05414778901371146,0.6520535,2.733182781373367,0.059784261529635306,0.39418274,2.641282573351516,0.06039385890045095,0.78488934,2.9656429270190383,2,2902,452,46.901962,"{""type"":""MultiPoint"",""coordinates"":[]}"
453_0,0.041465379750559465,0.6891744,2.5849587487132073,0.03750127944368152,0.39954096,2.694380399968157,0.03520256706024459,0.8056182,3.0211448286970786,2,2312,453,32.012684,"{""type"":""MultiPoint"",""coordinates"":[]}"
454_0,0.05282014315398023,0.60557723,2.365110456258389,0.044147579328648004,0.32125667,2.3353981351529094,0.038438011018206146,0.7930895,2.433818393981976,2,2475,454,17.312534,"{""type"":""MultiPoint"",""coordinates"":[]}"
455_0,0.06330988402824027,0.5829718,2.668995228065617,0.05742087412715859,0.3007799,2.9085155869242545,0.06477353803217571,0.764676,2.8445289878321747,2,3137,455,17.202757,"{""type"":""MultiPoint"",""coordinates"":[]}"
456_0,0.09776916855540191,0.53605956,1.915765542515956,0.07190681392924132,0.2952148,2.07661891356648,0.11636119429825999,0.68993795,1.9709304665563532,2,2732,456,42.112114,"{""type"":""MultiPoint"",""coordinates"":[]}"
457_0,0.06840906941886594,0.62935376,2.676871380099401,0.0667228474334656,0.34806952,2.7633165344599826,0.07265788145767424,0.7865975,2.796177255018082,2,3070,457,21.011328,"{""type"":""MultiPoint"",""coordinates"":[]}"
458_0,0.040521461707957514,0.64980125,-3.0772965625280766,0.04403179192616517,0.35130888,-2.92174769403989,0.047539908378765344,0.8125408,3.1331460101029647,2,2538,458,18.152538,"{""type"":""MultiPoint"",""coordinates"":[]}"
459_0,0.0331988134786664,0.60099214,2.7002147389600277,0.04378500325969817,0.321437,2.487706542956112,0.04466877534160784,0.7640393,-2.6868004038263433,2,2486,459,36.085724,"{""type"":""MultiPoint"",""coordinates"":[]}"
460_0,0.03492519993475952,0.5629651,-2.9709555835662584,0.0382739643630295,0.28441268,-3.0414010767151685,0.02552826400854889,0.7571008,-2.933794377725007,2,2232,460,35.365192,"{""type"":""MultiPoint"",""coordinates"":[]}"
461_0,0.049888597133717974,0.66625655,2.4831173288037176,0.047471189341890256,0.3752412,2.6174602443871224,0.03189372907811358,0.8319327,2.478615405115471,2,2275,461,22.099634,"{""type"":""MultiPoint"",""coordinates"":[]}"
462_0,0.05415086727684627,0.68651915,2.4638145844265718,0.056679623330082585,0.40643632,2.5630464592730267,0.048706857254883856,0.81954277,2.4560108945938017,2,2913,462,16.057196,"{""type"":""MultiPoint"",""coordinates"":[]}"
463_0,0.04582462876216877,0.5811729,-2.823247882956474,0.04849483718071155,0.28626373,-2.7462774321784122,0.030013395455229328,0.7738769,-2.8418853464693594,2,2291,463,34.84015,"{""type"":""MultiPoint"",""coordinates"":[]}"
464_0,0.025955927705254147,0.6508839,2.966953716516409,0.029786166977636908,0.37956235,2.7489584564297727,0.02232558247536868,0.7865667,2.6257118031368734,2,2648,464,23.11423,"{""type"":""MultiPoint"",""coordinates"":[]}"
465_0,0.04518784328300735,0.38422737,3.0120035351236467,0.036869610962939066,0.15847255,3.1337284518532815,0.04664015066856986,0.56880647,2.6401249042059733,2,2502,465,29.712667,"{""type"":""MultiPoint"",""coordinates"":[]}"
466_0,0.045654604288466946,0.69740295,2.186168763494658,0.11212076475256877,0.47556594,1.8207115839141188,0.034046489223978925,0.778703,-2.2819823580114758,2,2828,466,34.750427,"{""type"":""MultiPoint"",""coordinates"":[]}"
467_0,0.044788790735184214,0.5773472,-2.9067699922939427,0.04136195648289273,0.2987814,-2.7211509155893268,0.04888072498658976,0.72957015,-3.1135087650186786,2,2022,467,28.444784,"{""type"":""MultiPoint"",""coordinates"":[]}"
468_0,0.05082383530525406,0.6382395,2.60773887841086,0.05357109588918642,0.34970173,2.5812733533935033,0.03847189710006279,0.8042871,2.9567143784026815,2,2748,468,40.08307,"{""type"":""MultiPoint"",""coordinates"":[]}"
469_0,0.032804784933165534,0.62614566,2.9057726558461634,0.04027269362492126,0.34016097,2.917563244697662,0.03603352083124434,0.7749195,3.102984436878927,2,2376,469,32.82144,"{""type"":""MultiPoint"",""coordinates"":[]}"
470_0,0.02589202828798395,0.63873297,-2.9338642208651833,0.02721245437117731,0.34680355,-2.929446377861133,0.03313547704494081,0.791889,-3.122609609186251,2,2521,470,20.442125,"{""type"":""MultiPoint"",""coordinates"":[]}"
471_0,0.04436602134030442,0.6772695,2.3390592296619888,0.0445820498439341,0.40900284,2.601338426711358,0.033608161259481045,0.78909665,2.483598209380355,2,2613,471,34.166763,"{""type"":""MultiPoint"",""coordinates"":[]}"
472_0,0.03848071595663037,0.67174274,2.708612497364822,0.03810469673970188,0.3844942,2.9212325186084227,0.03762565203287291,0.80880654,3.04399695189823,2,1087,472,19.099386,"{""type"":""MultiPoint"",""coordinates"":[]}"
473_0,0.05001906289073292,0.50680685,3.0005828453585393,0.04390682681750512,0.2511783,3.037786894076468,0.046798944536478766,0.7098186,-3.01708194678489,2,3051,473,31.453915,"{""type"":""MultiPoint"",""coordinates"":[]}"
474_0,0.0674912601616066,0.68800914,2.137216045503778,0.06191274388233713,0.41537976,2.2368521426666503,0.05500940401264559,0.804939,2.092981775636914,2,2959,474,34.093304,"{""type"":""MultiPoint"",""coordinates"":[]}"
475_0,0.028173763322246345,0.6299266,3.0421655654395927,0.044050950238171946,0.3514798,2.822289596803523,0.03182810685338878,0.76817626,-2.1911489761946656,2,2140,475,13.053699,"{""type"":""MultiPoint"",""coordinates"":[]}"
476_0,0.03627330677546694,0.6139119,2.6960524651829423,0.03908585892083841,0.325246,2.616210485337482,0.03351042597474164,0.77110165,3.012225162543329,2,2564,476,37.043087,"{""type"":""MultiPoint"",""coordinates"":[]}"
477_0,0.019265038452623773,0.5381299,2.6349446777499876,0.04909362016965017,0.3072874,2.1370695015429657,0.03958872151912565,0.68227357,-3.0686886690894593,2,3368,477,27.438904,"{""type"":""MultiPoint"",""coordinates"":[]}"
478_0,0.03922343210948992,0.633467,2.76304243054149,0.03834598900411172,0.36357462,2.7044985198017777,0.05074041311769976,0.78196806,3.0269359896833086,2,2911,478,18.199846,"{""type"":""MultiPoint"",""coordinates"":[]}"
479_0,0.02847943396413769,0.68983215,2.5647737492814775,0.026422594839103617,0.43036345,2.583167602127059,0.03598676980409536,0.79521734,2.8158497896230994,2,3099,479,29.447992,"{""type"":""MultiPoint"",""coordinates"":[]}"
480_0,0.04092327204136883,0.62334543,2.929529622507138,0.037615313677053994,0.33207113,3.0954049242019415,0.03578620820330306,0.7760986,2.811410080749241,2,2564,480,31.160168,"{""type"":""MultiPoint"",""coordinates"":[]}"
481_0,0.04101117930743874,0.634352,1.6991975770924943,0.10483231179031294,0.41077504,1.706434659708864,0.043771576227675385,0.74945116,-2.3786378955596135,2,2527,481,44.636555,"{""type"":""MultiPoint"",""coordinates"":[]}"
482_0,0.04076911670965624,0.7118731,2.259368688349847,0.059781169966288995,0.44637716,2.014227960574165,0.03759754640615313,0.81414306,2.3825278198691002,2,2689,482,32.34693,"{""type"":""MultiPoint"",""coordinates"":[]}"
483_0,0.041685773436535414,0.64902073,2.7492290573056453,0.03511708107655448,0.3657076,2.704852319309803,0.04326853985893997,0.7902307,-3.044748524399836,2,2602,483,12.899378,"{""type"":""MultiPoint"",""coordinates"":[]}"
484_0,0.04347347603129582,0.71193165,2.3495108301011394,0.07636090856668253,0.44491863,2.166904001221946,0.02871593610565692,0.83286375,2.6842146811927825,2,2405,484,34.424355,"{""type"":""MultiPoint"",""coordinates"":[]}"
485_0,0.04327449252867111,0.69277126,2.223044803580095,0.044365730137566964,0.42031914,2.3607299541788986,0.037300970580517435,0.79760796,2.277119149470729,2,2828,485,29.375502,"{""type"":""MultiPoint"",""coordinates"":[]}"
486_0,0.08593036244377847,0.57754976,2.841433427166192,0.11719092346126195,0.33154622,2.2727534324852376,0.0752924212787096,0.73450994,-2.460847295184173,2,2629,486,28.939516,"{""type"":""MultiPoint"",""coordinates"":[]}"
487_0,0.1770175777907468,0.5782137,-2.2849264280711385,0.14832730004636874,0.28424326,-2.2335268875098193,0.11728109163440788,0.78629553,-2.4242828059107655,2,2247,487,45.987495,"{""type"":""MultiPoint"",""coordinates"":[]}"
488_0,0.030036016445168574,0.68627274,2.6258366418016994,0.03600127965673522,0.41212076,2.781663398685587,0.029992660666657584,0.8031457,2.3900552405397897,2,2745,488,26.777536,"{""type"":""MultiPoint"",""coordinates"":[]}"
489_0,0.08234085767600531,0.5875991,-2.619215890825489,0.07202646494642537,0.290129,-2.5638669722694862,0.054329100946348796,0.7985323,-2.681539919904742,2,2219,489,50.07261,"{""type"":""MultiPoint"",""coordinates"":[]}"
490_0,0.03993148602021785,0.7069086,2.56881742456759,0.042977394246953904,0.44540516,2.3015349499127407,0.03780876567366862,0.8286902,2.714162169334508,2,2233,490,26.660027,"{""type"":""MultiPoint"",""coordinates"":[]}"
491_0,0.058049423830666774,0.6579141,2.6244747622057925,0.05546547527692604,0.37847626,2.674129087075423,0.045138096021145456,0.78988576,2.880767104935014,2,2614,491,42.089798,"{""type"":""MultiPoint"",""coordinates"":[]}"
492_0,0.09310897698150443,0.64564395,2.045689215924431,0.10685816918211839,0.38485676,1.978540704741416,0.058036957429206115,0.78427136,2.294071946245548,2,3063,492,29.023573,"{""type"":""MultiPoint"",""coordinates"":[]}"
493_0,0.02542846160145338,0.68457574,2.6410881610719934,0.02241372924012246,0.3917533,2.497313132455688,0.02610018187195286,0.82768595,2.9702306202844557,2,2284,493,44.72378,"{""type"":""MultiPoint"",""coordinates"":[]}"
494_0,0.06575792835892703,0.6387862,2.120539439010636,0.08569031897264898,0.39703676,2.0039429483494997,0.0644940467823098,0.7690038,2.5350676819427664,2,3145,494,31.875803,"{""type"":""MultiPoint"",""coordinates"":[]}"
495_0,0.033180574157281276,0.64679885,2.804012898122582,0.03232819941413983,0.34653306,2.995014307225729,0.025304163525929846,0.8007242,2.7484776912419475,2,2328,495,28.946,"{""type"":""MultiPoint"",""coordinates"":[]}"
496_0,0.05312128968700715,0.59616196,2.49539049173448,0.05755886795314599,0.3155433,2.446676395923259,0.04948142519201699,0.7703813,3.0018171927793564,2,2603,496,30.841427,"{""type"":""MultiPoint"",""coordinates"":[]}"
497_0,0.05025269756456753,0.6205221,2.7566293060128864,0.045854315969094554,0.35068774,2.8051019610643366,0.044755867356164866,0.7646063,2.9329779498651565,2,2844,497,44.837925,"{""type"":""MultiPoint"",""coordinates"":[]}"
498_0,0.03528873116554847,0.74285144,2.2931934399314797,0.04377818321732744,0.4827855,2.371285040728044,0.030286088294459675,0.8443497,2.5302506309934367,2,2567,498,23.475645,"{""type"":""MultiPoint"",""coordinates"":[]}"
499_0,0.022950196407839372,0.6710687,3.0135784954982032,0.02995560754033797,0.38767073,3.1099443157926223,0.024380427354088255,0.789138,3.1371300927462205,2,2418,499,28.570833,"{""type"":""MultiPoint"",""coordinates"":[]}"
500_0,0.06549659299597799,0.72058713,2.604529602770909,0.07578449757556108,0.4471992,2.584129875574622,0.05222098059642039,0.81599504,2.589856300714682,2,2854,500,27.441984,"{""type"":""MultiPoint"",""coordinates"":[]}"
501_0,0.044648636060025344,0.66325855,2.2670657827033494,0.054058410728091734,0.39058906,2.4486020218152875,0.04402661300851588,0.7906361,2.4655388483575753,2,2927,501,38.75267,"{""type"":""MultiPoint"",""coordinates"":[]}"
502_0,0.07182709209007195,0.65364563,2.5721882490127252,0.07358028370318065,0.38221535,2.5840144256585402,0.05733233783695275,0.800706,2.6536351874338138,2,3087,502,16.422403,"{""type"":""MultiPoint"",""coordinates"":[]}"
503_0,0.06350087929992947,0.65306497,-2.517009065065595,0.06480461293909993,0.33781216,-2.485357886704759,0.06507237464988999,0.80877405,-2.678213917926716,3,404,503,5.5282283,"{""type"":""MultiPoint"",""coordinates"":[]}"
504_0,0.07260750863993629,0.5818699,-2.580492834842193,0.08191644937481135,0.27527192,-2.7203319086588262,0.07817653303179899,0.72409874,-2.811990742735473,3,582,504,18.16767,"{""type"":""MultiPoint"",""coordinates"":[]}"
505_0,0.05897098354014069,0.61587244,-2.5033980928292783,0.06477261181063242,0.2910386,-2.32838663371146,0.04270851625327468,0.8271206,-2.8436701205893735,3,1105,505,22.534029,"{""type"":""MultiPoint"",""coordinates"":[]}"
506_0,0.07078035253884002,0.56060153,-2.3541510511005592,0.06434150729044097,0.24554239,-2.409748553895327,0.07898264607534974,0.7275703,-2.228219064434276,3,58,506,18.409681,"{""type"":""MultiPoint"",""coordinates"":[]}"
507_0,0.03019016103840547,0.68737245,-3.0890465936149734,0.019075610537925513,0.3835028,3.129503301306894,0.04485819666964865,0.8269797,-2.9721823832050243,3,1342,507,41.65405,"{""type"":""MultiPoint"",""coordinates"":[]}"
508_0,0.061457795923699654,0.62702113,-2.7213153927238922,0.05579421693777666,0.30306527,-2.580678211812148,0.06347775630345981,0.80923563,-2.8841591543065848,3,169,508,5.6368694,"{""type"":""MultiPoint"",""coordinates"":[]}"
509_0,0.0802685861754176,0.55157185,-3.1128822819514252,0.07350828953918213,0.22610617,-2.8269276098797524,0.08638666280970453,0.7680344,2.7679336197710023,3,782,509,23.354706,"{""type"":""MultiPoint"",""coordinates"":[]}"
510_0,0.0359635069157108,0.6682566,3.0884271484967996,0.032895403434646815,0.36599433,-2.8632262635686754,0.04013145244442686,0.8258594,2.6970406768727053,3,990,510,27.237377,"{""type"":""MultiPoint"",""coordinates"":[]}"
511_0,0.06681072754358125,0.5480961,2.959933177597628,0.051184287264362895,0.2568925,2.89131601608751,0.06955746965371458,0.6832157,-3.0736556533222466,3,178,511,10.266841,"{""type"":""MultiPoint"",""coordinates"":[]}"
512_0,0.043684092256542746,0.32289246,-2.2529394275304124,0.03366462836955332,0.12321611,-2.2897508897838152,0.04259008025527684,0.4205524,-2.1908270939214893,3,48,512,5.191656,"{""type"":""MultiPoint"",""coordinates"":[]}"
513_0,0.04374514635864011,0.60320514,-2.1029986858110963,0.03665490657866596,0.28212965,-1.8928443793760905,0.0492000211860758,0.7655574,-2.4881727432796907,3,113,513,8.317085,"{""type"":""MultiPoint"",""coordinates"":[]}"
514_0,0.07718357185930841,0.53136957,-2.20839146933797,0.06201175132211511,0.25070685,-2.1770750187379138,0.09840295128587268,0.6677142,-2.342688914764069,3,94,514,5.496004,"{""type"":""MultiPoint"",""coordinates"":[]}"
515_0,0.06948560413126303,0.6298816,3.049729214959874,0.06391017888530613,0.31420708,2.998392668906375,0.06716941460702036,0.77887976,-2.789215483513098,3,316,515,22.388176,"{""type"":""MultiPoint"",""coordinates"":[]}"
516_0,0.10166941105308708,0.48254073,-2.572338103650429,0.08811417229696375,0.21592748,-2.5144829548682317,0.07988622816992588,0.60819304,-2.8270128345913683,3,49,516,2.2318542,"{""type"":""MultiPoint"",""coordinates"":[]}"
517_0,0.07171493228322429,0.5917479,-3.109944915042465,0.062096840037566804,0.28747424,-3.0741221439639927,0.08685008169859186,0.72924006,-3.039649251358362,3,234,517,9.675629,"{""type"":""MultiPoint"",""coordinates"":[]}"
518_0,0.12486811864907627,0.47080684,-2.7552870464966377,0.10079358071901817,0.20093817,-2.69851864993746,0.11418865818099312,0.64793736,-2.7532281328181565,3,77,518,3.1579468,"{""type"":""MultiPoint"",""coordinates"":[]}"
519_0,0.05061966875127398,0.56669253,-2.706922043195199,0.044800047837190465,0.26223835,-2.8360643471939655,0.07363621764915959,0.73164934,-2.442476274864236,3,164,519,17.568039,"{""type"":""MultiPoint"",""coordinates"":[]}"
520_0,0.10038070867351159,0.5034092,-2.747300030973807,0.0875826244381175,0.2199761,-2.6433680051329906,0.08402972594122789,0.7217487,-2.649417539448487,3,796,520,4.0290966,"{""type"":""MultiPoint"",""coordinates"":[]}"
521_0,0.07528821289717236,0.5870823,-2.792872592624554,0.0703530323878208,0.28778183,-2.8121192117298235,0.07379010499741423,0.7577115,-2.70032629706129,3,513,521,17.460548,"{""type"":""MultiPoint"",""coordinates"":[]}"
522_0,0.0556580725469633,0.6176176,-2.7658708353583266,0.05734789283039203,0.32849297,-2.843086369587181,0.06061787968462306,0.78763896,-2.9140061061162084,3,1051,522,32.852535,"{""type"":""MultiPoint"",""coordinates"":[]}"
523_0,0.10978624530426619,0.5120037,-2.712828962331911,0.0969844218922649,0.23428784,-2.692287347624812,0.10148455399764962,0.6778687,-2.578835931953588,3,90,523,6.3091273,"{""type"":""MultiPoint"",""coordinates"":[]}"
524_0,0.04057365916945726,0.62270415,-3.087015260461307,0.05196889035189995,0.36081645,2.696401702404149,0.08808113757056596,0.6915049,-2.2024519155620923,3,522,524,22.137226,"{""type"":""MultiPoint"",""coordinates"":[]}"
525_0,0.05690205172107758,0.5825073,-2.771960403189627,0.04987261761639684,0.27572986,-2.6771820855661357,0.04165164556891305,0.76647323,2.884993580328327,3,270,525,19.146263,"{""type"":""MultiPoint"",""coordinates"":[]}"
526_0,0.08272360718413391,0.55870557,-2.8673035854809594,0.07066195484465038,0.24259059,-2.792051532393909,0.08319852773082023,0.71660686,-2.998612186963726,3,40,526,8.156581,"{""type"":""MultiPoint"",""coordinates"":[]}"
527_0,0.04581708531360338,0.6103574,-2.7035022550350827,0.037007292761065694,0.2925458,-2.575606338250647,0.04051530281440371,0.80172354,-2.7752697921599196,3,854,527,19.46662,"{""type"":""MultiPoint"",""coordinates"":[]}"
528_0,0.12097011073944217,0.5290156,-2.754378700990274,0.10085268285224869,0.21889563,-2.6301755428487468,0.1391868610494355,0.69982535,-2.8983962964624457,3,70,528,11.903497,"{""type"":""MultiPoint"",""coordinates"":[]}"
529_0,0.0692399460074652,0.46384534,-2.842990674355595,0.04781673228651835,0.21312056,-2.724211432319878,0.07507984897286572,0.6345618,-2.800002111206478,3,92,529,8.995578,"{""type"":""MultiPoint"",""coordinates"":[]}"
530_0,0.04570183285155603,0.41323337,3.0835770948103938,0.04456795142952598,0.18980111,3.1067080182158513,0.0719554817851585,0.5719495,2.8897325034458956,3,220,530,10.8613205,"{""type"":""MultiPoint"",""coordinates"":[]}"
531_0,0.08746208879148858,0.52395886,-2.667147945446079,0.07741359126368354,0.22763298,-2.6306662768706666,0.08567079773684423,0.6816216,-2.8131177135301577,3,224,531,16.49948,"{""type"":""MultiPoint"",""coordinates"":[]}"
532_0,0.052282998562974775,0.6418424,-3.044621312071652,0.04621097662784757,0.32648966,-2.9776483158588096,0.061740759983276244,0.82134354,-2.9555135862127755,3,545,532,2.961677,"{""type"":""MultiPoint"",""coordinates"":[]}"
533_0,0.08853868019397362,0.5610765,-2.2239941412781303,0.07117344632225524,0.25246447,-2.3456814038596865,0.09392790938746694,0.6894132,-2.342060029804342,3,182,533,23.526707,"{""type"":""MultiPoint"",""coordinates"":[]}"
534_0,0.06330906191106693,0.55555284,-2.3798854612449145,0.05280362005684584,0.27283978,-2.497934595045656,0.07093498675045484,0.7182203,-2.3706981605061612,3,77,534,17.389746,"{""type"":""MultiPoint"",""coordinates"":[]}"
535_0,0.10615253443098813,0.5754759,-2.7382599727592423,0.10097760790689922,0.2570993,-2.6946882312217566,0.09927719470416349,0.73967326,-2.77885879699731,3,87,535,18.879116,"{""type"":""MultiPoint"",""coordinates"":[]}"
536_0,0.07348978721890766,0.5452273,-2.91782630926904,0.06588254218435631,0.2576582,-2.728428334604364,0.058792917772448564,0.7171229,-3.0562010776259676,3,715,536,18.725662,"{""type"":""MultiPoint"",""coordinates"":[]}"
537_0,0.038848413915126716,0.6316247,-2.570581672558464,0.04531472674088174,0.3030597,-2.7847134077105213,0.035359674588802376,0.78331506,-2.5236036968068403,3,45,537,9.580279,"{""type"":""MultiPoint"",""coordinates"":[]}"
538_0,0.059221381095024075,0.6352788,-2.5164212028112174,0.059100521447922466,0.31049824,-2.6000458355126086,0.07610154221755515,0.775523,-2.603974646904732,3,257,538,13.583846,"{""type"":""MultiPoint"",""coordinates"":[]}"
539_0,0.04523340166559212,0.63622296,2.310219272506588,0.05876611241063761,0.33568645,2.0042792583086513,0.05433543506308526,0.8093605,2.7723747666459806,3,909,539,33.06346,"{""type"":""MultiPoint"",""coordinates"":[]}"
540_0,0.04061860804668389,0.635402,2.748714555746057,0.035780870264304966,0.32463783,2.843270719982958,0.06683486653847778,0.78587025,2.6987444577827304,3,774,540,7.4469876,"{""type"":""MultiPoint"",""coordinates"":[]}"
541_0,0.058991158607448774,0.6069296,-2.351617143943534,0.06676016353286282,0.28200427,-2.503485206691679,0.03332149537757523,0.7593131,-2.5359883130499465,3,86,541,15.321399,"{""type"":""MultiPoint"",""coordinates"":[]}"
542_0,0.03313485249247276,0.67532736,-2.7164014457363694,0.0385150486301752,0.35565552,-2.9919229475615734,0.03475855896849621,0.8307627,-2.2469173987316147,3,530,542,15.344127,"{""type"":""MultiPoint"",""coordinates"":[]}"
543_0,0.0949160031914299,0.58182704,3.131086849670342,0.08231616386984965,0.28252062,3.11705037138548,0.09091967259985596,0.7382319,-3.086522783042545,3,148,543,19.786985,"{""type"":""MultiPoint"",""coordinates"":[]}"
544_0,0.04723765401100214,0.6472472,-2.7808641620957117,0.05552825152197876,0.3264494,-2.919569964651674,0.04219083106684772,0.8225488,-2.7120786356661006,3,296,544,25.917572,"{""type"":""MultiPoint"",""coordinates"":[]}"
545_0,0.07039196718167523,0.5434127,-2.702594691885487,0.06385095923382572,0.25825772,-2.5224983519312034,0.06698104044869783,0.71047795,-2.987451418026577,3,207,545,2.1133938,"{""type"":""MultiPoint"",""coordinates"":[]}"
546_0,0.04338819658462019,0.60888606,3.0179311067622505,0.03512727359394084,0.29886812,-3.0344355668819065,0.04040127697943843,0.80669856,3.09886805401023,3,1002,546,15.368859,"{""type"":""MultiPoint"",""coordinates"":[]}"
547_0,0.03756972226138721,0.6135169,3.032681715680329,0.035056213522943316,0.32332802,-3.105463453632849,0.04790485484740405,0.7140411,-2.7279464185373303,3,286,547,20.240746,"{""type"":""MultiPoint"",""coordinates"":[]}"
548_0,0.058490021353489546,0.6250946,-2.8428025210643795,0.05874550317768106,0.31338707,-2.715901862382939,0.0723664825899144,0.77613217,3.0003072204899275,3,458,548,22.323416,"{""type"":""MultiPoint"",""coordinates"":[]}"
549_0,0.07657214836921881,0.4916515,-2.6300247577919076,0.05715425335987963,0.23873623,-2.7893889584560387,0.10672634232214132,0.6263704,-2.6827268293938364,3,167,549,17.898579,"{""type"":""MultiPoint"",""coordinates"":[]}"
550_0,0.1086242834923389,0.58111525,-2.9308273941784635,0.10247822026150834,0.27141538,-2.8063722627027436,0.0905705117025515,0.75530064,-3.0038519106059174,3,354,550,20.893497,"{""type"":""MultiPoint"",""coordinates"":[]}"
551_0,0.07188367869151063,0.5994644,-2.734762322026861,0.06727871739484798,0.28478572,-2.6140480182045316,0.08237821341343088,0.7777499,-2.8447393730694195,3,289,551,23.849228,"{""type"":""MultiPoint"",""coordinates"":[]}"
552_0,0.12365891412486318,0.5463222,-2.8226807748940606,0.10677958575466236,0.24117997,-2.6879703104356314,0.12432490268471393,0.722023,-2.850250995701076,3,292,552,13.247451,"{""type"":""MultiPoint"",""coordinates"":[]}"
553_0,0.05644587576545803,0.6443466,-3.098667591716985,0.05229411473966218,0.3441845,-3.0771726253425093,0.07570126643504228,0.7828774,-2.883256967149287,3,621,553,29.552883,"{""type"":""MultiPoint"",""coordinates"":[]}"
554_0,0.07957585473709317,0.6347308,-2.6344064468855537,0.07454582310327754,0.32547516,-2.6474096328153065,0.09590805993352002,0.7683652,-2.640966435768938,3,121,554,14.447886,"{""type"":""MultiPoint"",""coordinates"":[]}"
555_0,0.07605892980281738,0.5566837,-2.5919264100142074,0.0609715069510132,0.26890197,-2.6509156396995617,0.07779495928059917,0.6865499,-2.3919120895416035,3,172,555,13.694408,"{""type"":""MultiPoint"",""coordinates"":[]}"
556_0,0.028086735594644096,0.73749775,2.251528998595446,0.06485269335350197,0.45806226,1.9844398730184856,0.04830041766954112,0.8269552,-2.215355913957019,3,641,556,38.517845,"{""type"":""MultiPoint"",""coordinates"":[]}"
557_0,0.0786271332095602,0.4018087,-2.7968790461060546,0.06432325637419023,0.17244022,-2.6672817134700026,0.06325213886678474,0.56511945,-3.047878429224776,3,67,557,5.429034,"{""type"":""MultiPoint"",""coordinates"":[]}"
558_0,0.04752823211523519,0.5538748,-2.331547409998732,0.04269893493959287,0.25895828,-2.1535730308749716,0.04118295926448543,0.7312196,-2.65029688758359,3,916,558,11.0906925,"{""type"":""MultiPoint"",""coordinates"":[]}"
559_0,0.11390860646339093,0.5361745,-2.8640897636109255,0.0983833510078798,0.22108118,-2.8247756982120316,0.10427216448628591,0.72831446,-2.821136609236397,3,113,559,10.288387,"{""type"":""MultiPoint"",""coordinates"":[]}"
560_0,0.06671996117172556,0.6087295,-2.490397364819296,0.07298829159824197,0.29742253,-2.6961916326007547,0.07717790612314884,0.73906416,-2.800153591281197,3,125,560,14.157476,"{""type"":""MultiPoint"",""coordinates"":[]}"
561_0,0.05074406571072228,0.556527,-2.894242040016568,0.0417837435930781,0.26189476,2.9908371227634216,0.07458381113343815,0.7246267,-2.877758856299465,3,381,561,29.71059,"{""type"":""MultiPoint"",""coordinates"":[]}"
562_0,0.07931172578811008,0.53009856,-2.5813151478598244,0.06856955541037783,0.24894686,-2.6491251855042512,0.10309366876521925,0.65865314,-2.588282266959643,3,13,562,6.77633,"{""type"":""MultiPoint"",""coordinates"":[]}"
563_0,0.09486783750582113,0.6117904,-2.8708522870742987,0.09148099041978588,0.29971498,-2.7371747155807897,0.08327340853185616,0.76763195,-3.135201494810532,3,665,563,27.439255,"{""type"":""MultiPoint"",""coordinates"":[]}"
564_0,0.05213927231728411,0.6084671,-2.208800517745524,0.04263640864227882,0.28096458,-2.0883999764733394,0.045422261546118135,0.76909095,-2.3052824316319755,3,131,564,21.051218,"{""type"":""MultiPoint"",""coordinates"":[]}"
565_0,0.08655193073317441,0.58492935,-2.6210597026001534,0.07883171214550279,0.2692116,-2.4853087647008367,0.09405881729198315,0.75481784,-2.8264604650092604,3,211,565,24.301731,"{""type"":""MultiPoint"",""coordinates"":[]}"
566_0,0.08006109413387773,0.61893916,-2.6349217490956236,0.0785582866284986,0.30269,-2.6375913330971033,0.1038086739302203,0.76657814,-2.868457335236384,3,75,566,2.0387821,"{""type"":""MultiPoint"",""coordinates"":[]}"
567_0,0.056668502317884596,0.6443096,3.00817766591209,0.046948128175456676,0.3403525,3.0933359497848545,0.06229535109542518,0.8007986,-3.0518404990058206,3,1170,567,20.442331,"{""type"":""MultiPoint"",""coordinates"":[]}"
568_0,0.05580093224582614,0.59551764,-2.730856293118514,0.057776113679160426,0.2752459,-2.5853841531950303,0.03270078237097609,0.7821393,-2.6806613011865803,3,617,568,28.848272,"{""type"":""MultiPoint"",""coordinates"":[]}"
569_0,0.06254003218487302,0.6044535,-1.9785194124395231,0.058984184417639064,0.30275702,-1.8801378317994444,0.05446759218668872,0.7592968,-2.3244872346899363,3,494,569,23.385237,"{""type"":""MultiPoint"",""coordinates"":[]}"
570_0,0.04248422067960785,0.6556086,3.1026808194161015,0.04806436834016086,0.339569,2.8906139683644203,0.031253341719793985,0.7708954,-2.7718173350270465,3,156,570,25.911127,"{""type"":""MultiPoint"",""coordinates"":[]}"
571_0,0.03754421031678799,0.6212781,-2.9190600463419782,0.04501419090695818,0.3167992,-2.8140687105582356,0.05554046197532357,0.738067,-2.454707539241891,3,185,571,2.022493,"{""type"":""MultiPoint"",""coordinates"":[]}"
572_0,0.052092711883146695,0.60959953,-3.099680315671359,0.04399474761435931,0.3083259,3.1293687790092317,0.05644527168794198,0.75266206,-2.9479444197446836,3,228,572,17.618282,"{""type"":""MultiPoint"",""coordinates"":[]}"
573_0,0.09976035169933642,0.58341116,-2.7860752683046814,0.09123451092003096,0.27571428,-2.8304035621216053,0.10674239397944359,0.74864256,-2.829455232556568,3,156,573,24.2012,"{""type"":""MultiPoint"",""coordinates"":[]}"
574_0,0.037698854656340194,0.65748584,2.8549781686964466,0.03492780102159212,0.34014535,2.928623497699827,0.04073347749825089,0.7847144,2.969589686574932,3,546,574,15.155544,"{""type"":""MultiPoint"",""coordinates"":[]}"
575_0,0.05682601456637106,0.5899738,-2.960542836897417,0.052994290509693565,0.2707641,-2.8869327372552966,0.0815181149980709,0.73696756,-2.5825734873985953,3,93,575,13.984204,"{""type"":""MultiPoint"",""coordinates"":[]}"
576_0,0.06006542259088981,0.6226925,-2.8063345517525415,0.05933028463661516,0.3046175,-2.928176998312412,0.05555964576478902,0.7794873,-2.8912211661853897,3,513,576,19.459524,"{""type"":""MultiPoint"",""coordinates"":[]}"
577_0,0.02083947645245637,0.64047974,3.012114268270765,0.026415159539360203,0.33054224,2.8847017036851272,0.026034435565439787,0.7848383,-2.924391447290578,3,224,577,10.0713625,"{""type"":""MultiPoint"",""coordinates"":[]}"
578_0,0.10107188912765296,0.5688759,-2.378631885353183,0.08954890807413508,0.2783147,-2.331896948678488,0.11806240290967167,0.70572716,-2.4656956256232325,3,101,578,14.142327,"{""type"":""MultiPoint"",""coordinates"":[]}"
579_0,0.09370819177551766,0.5745258,-2.412793600903003,0.0841526208120706,0.28029132,-2.318689480415822,0.07299322553775296,0.7492478,-2.3373895157893663,3,637,579,19.02596,"{""type"":""MultiPoint"",""coordinates"":[]}"
580_0,0.08057677601043854,0.5573031,-2.378049934701985,0.06413070481235046,0.24439713,-2.4101322566756274,0.08890231497679991,0.7440647,-2.28827657021767,3,177,580,14.520768,"{""type"":""MultiPoint"",""coordinates"":[]}"
581_0,0.059006127219637126,0.49469444,-2.389612935941053,0.05013763286045153,0.23071732,-2.3244592840272578,0.0349539264915906,0.67568755,-2.71863685441364,3,733,581,20.6874,"{""type"":""MultiPoint"",""coordinates"":[]}"
582_0,0.03403101564694927,0.66409284,-2.9641023658086576,0.03469661562281204,0.3450635,-3.081818868747607,0.038399679020266,0.8244626,-2.629891648236673,3,385,582,30.978962,"{""type"":""MultiPoint"",""coordinates"":[]}"
583_0,0.049321655303639134,0.6139495,-2.453098400142069,0.03551611817357226,0.305846,-2.3498041606071642,0.07759050156263413,0.74560976,-2.611783258597385,3,130,583,11.471186,"{""type"":""MultiPoint"",""coordinates"":[]}"
584_0,0.07069494659138098,0.58293563,-2.400169062757683,0.05731399424067164,0.25316325,-2.4561018017774474,0.08352851365968604,0.75525963,-2.372790389723076,3,179,584,20.173203,"{""type"":""MultiPoint"",""coordinates"":[]}"
585_0,0.09552169513391513,0.5778687,-2.7337888060563715,0.08674715975164003,0.27000546,-2.7762158034778612,0.09946126879468752,0.7646968,-2.465469744290025,3,454,585,31.70446,"{""type"":""MultiPoint"",""coordinates"":[]}"
586_0,0.05109014977293159,0.55730253,-2.9118187941676443,0.04457176241600041,0.25684333,-2.9463616494906337,0.04617133136947818,0.6675485,-2.913956756192202,3,39,586,4.6273675,"{""type"":""MultiPoint"",""coordinates"":[]}"
587_0,0.13622081489808874,0.4866044,-2.637881902575592,0.11824571302299446,0.20179342,-2.523599636652322,0.11796580018094421,0.6739237,-2.7957196728300815,3,296,587,8.813647,"{""type"":""MultiPoint"",""coordinates"":[]}"
588_0,0.045425218517847865,0.6617897,2.5386394144973266,0.047678990469912454,0.3522107,2.039013681512377,0.06982374906793934,0.78264904,-2.4613236526573683,3,976,588,44.410664,"{""type"":""MultiPoint"",""coordinates"":[]}"
589_0,0.11048281734928483,0.5758931,-3.001434060073284,0.09687256836889854,0.2704277,-2.9317030769715022,0.1053587112643152,0.72298056,-2.824229389014927,3,266,589,18.33088,"{""type"":""MultiPoint"",""coordinates"":[]}"
590_0,0.07265008208688604,0.553335,-2.782397103976286,0.0759212456319582,0.24941482,-2.814967827066419,0.0746289095601123,0.7042278,2.832003033146621,3,218,590,3.8428655,"{""type"":""MultiPoint"",""coordinates"":[]}"
591_0,0.05502286919903239,0.5566583,-2.444908697104721,0.05160623028368348,0.25698355,-2.3744806795525992,0.048593121084405506,0.75593644,-2.7397277508859923,3,629,591,20.967249,"{""type"":""MultiPoint"",""coordinates"":[]}"
592_0,0.06447491802270972,0.55436224,-2.719154668011831,0.06114063039199804,0.25420517,-2.651554519931544,0.06560417211255302,0.7170493,-2.578530535380252,3,238,592,19.359163,"{""type"":""MultiPoint"",""coordinates"":[]}"
593_0,0.05478129143876463,0.570898,3.054273138547325,0.040922491827457705,0.27380383,-2.8549385991158225,0.06102150559663,0.7460488,2.9411732067793195,3,483,593,16.660831,"{""type"":""MultiPoint"",""coordinates"":[]}"
594_0,0.04850093291955031,0.6819017,-3.055559199889259,0.04174790021522213,0.37556875,-2.89208855375401,0.05924740192592051,0.81459993,-3.1264407639089278,3,471,594,33.366634,"{""type"":""MultiPoint"",""coordinates"":[]}"
595_0,0.06299175119638686,0.5630365,-2.7824001547918105,0.07074470551216953,0.25438097,-2.8038627191877605,0.08199852294453179,0.7091201,3.0307234688590303,3,215,595,19.911228,"{""type"":""MultiPoint"",""coordinates"":[]}"
596_0,0.1090339899569179,0.54586774,-2.8175099824186045,0.09073869526562428,0.22211424,-2.725391881545313,0.11261172947098201,0.726566,-2.8121353694917617,3,169,596,14.717844,"{""type"":""MultiPoint"",""coordinates"":[]}"
597_0,0.08485125552238632,0.59254974,-2.597744390320617,0.08733687228828911,0.2795061,-2.7531734168191395,0.0647370026817598,0.7620917,-2.383164450832762,3,84,597,20.314325,"{""type"":""MultiPoint"",""coordinates"":[]}"
598_0,0.06041541676671233,0.5656427,-2.2594959938184846,0.05569326974563755,0.23540294,-2.1555970692008315,0.056010095074845424,0.75860274,-2.678943229130338,3,254,598,17.755169,"{""type"":""MultiPoint"",""coordinates"":[]}"
599_0,0.05130809716555905,0.64011514,3.0156566908741462,0.04594311838191567,0.33390146,2.956390381239365,0.04229781420398397,0.81878287,-3.0367499765908073,3,1242,599,28.98268,"{""type"":""MultiPoint"",""coordinates"":[]}"
600_0,0.061322123456446866,0.2457609,-2.0105001009902628,0.043155709473212914,0.10607648,-1.9934834139889326,0.07400777182326745,0.34687248,-1.8827925779378152,3,136,600,6.7748914,"{""type"":""MultiPoint"",""coordinates"":[]}"
601_0,0.0626474089862265,0.647347,-2.9446712353075144,0.07523271429871994,0.32865107,-3.039140577355568,0.06871009426560508,0.7722084,-2.9273583243244516,3,84,601,13.559054,"{""type"":""MultiPoint"",""coordinates"":[]}"
602_0,0.09590731718110662,0.60774493,-2.7562889539370223,0.08321358057979338,0.30577022,-2.6756298939615117,0.08884636832064015,0.7916068,-2.878836863567292,3,554,602,36.223328,"{""type"":""MultiPoint"",""coordinates"":[]}"
603_0,0.03185707523277624,0.5912882,-2.76118813663102,0.03057728362904039,0.27989528,-2.5933135567066627,0.02159835469168715,0.7786285,-3.0783029595382287,3,1433,603,28.901499,"{""type"":""MultiPoint"",""coordinates"":[]}"
604_0,0.09084165199273117,0.5409691,-2.981891003725172,0.08320968650194185,0.21594547,-2.7175778160281463,0.07502776603817468,0.7654234,2.9750826999921394,3,814,604,19.355179,"{""type"":""MultiPoint"",""coordinates"":[]}"
605_0,0.05809610526359463,0.5142171,-2.561811400728661,0.06603641648292768,0.21661733,-2.5700540790316326,0.07422110358503578,0.65156156,-2.6582012362634138,3,90,605,6.3080244,"{""type"":""MultiPoint"",""coordinates"":[]}"
606_0,0.07491438232853505,0.56696963,-2.598110864165209,0.06226386839094582,0.24642451,-2.4446269720783507,0.08559505359265454,0.7649324,-2.6715696996086984,3,112,606,16.698784,"{""type"":""MultiPoint"",""coordinates"":[]}"
607_0,0.05057892554104898,0.52172685,-2.8793470834035366,0.03651768013288482,0.23543185,-2.862019193484702,0.05490170393155892,0.665104,-2.716911382591099,3,36,607,2.956583,"{""type"":""MultiPoint"",""coordinates"":[]}"
608_0,0.09963603553728737,0.60188466,-2.4050005828631447,0.08443941024849921,0.29770973,-2.3217665442894337,0.10340767103915707,0.78478163,-2.4644408580474195,3,884,608,11.925152,"{""type"":""MultiPoint"",""coordinates"":[]}"
609_0,0.08707508722179606,0.4874087,-2.424730065565681,0.07363719021105276,0.22426982,-2.3120207796091004,0.06507627458136081,0.6474244,-2.932935995704055,3,299,609,1.8543341,"{""type"":""MultiPoint"",""coordinates"":[]}"
610_0,0.06507045212342538,0.54913145,-3.1211183406580707,0.044653750544278815,0.2663456,-3.045265182123406,0.07324150476035306,0.7032494,2.9784569556456253,3,372,610,16.191591,"{""type"":""MultiPoint"",""coordinates"":[]}"
611_0,0.055237024254786875,0.57747835,-3.0756178888310695,0.06718190098448766,0.2430557,-3.1374698151812295,0.06093238918512171,0.73885846,-3.0711461802112163,3,60,611,14.533349,"{""type"":""MultiPoint"",""coordinates"":[]}"
612_0,0.03376412117331535,0.58469534,-3.075160114357046,0.025532628056298485,0.30498284,-2.9717902543440053,0.04232511223797916,0.7710442,-2.8121839282184675,3,698,612,8.000304,"{""type"":""MultiPoint"",""coordinates"":[]}"
613_0,0.0733539145724458,0.56577194,2.642934058389925,0.07166383286936731,0.26062605,2.5349507720575684,0.16626540936060083,0.69115764,2.230575197348938,3,552,613,28.827692,"{""type"":""MultiPoint"",""coordinates"":[]}"
614_0,0.03265939585916769,0.6235154,-2.332832260656931,0.03907233190141538,0.30002952,-2.565946223803996,0.057964102246132264,0.78334945,-2.9264534290244426,3,595,614,15.932756,"{""type"":""MultiPoint"",""coordinates"":[]}"
615_0,0.13704877009523822,0.503228,-2.6378366114309335,0.11206523942282146,0.2117903,-2.6150548807983944,0.12854184697113707,0.68336314,-2.8361121807078105,3,82,615,6.8151603,"{""type"":""MultiPoint"",""coordinates"":[]}"
616_0,0.05658957160421397,0.6079547,3.0326687655984976,0.061984755194214855,0.29356617,3.125462951637999,0.06224812487027706,0.779457,2.6301076534941847,3,157,616,12.375334,"{""type"":""MultiPoint"",""coordinates"":[]}"
617_0,0.06324210872153489,0.6526292,-2.613901566132258,0.053496172813938474,0.35514987,-2.6349070304746016,0.0752308706388739,0.7374883,-2.7198951042722483,3,137,617,20.73504,"{""type"":""MultiPoint"",""coordinates"":[]}"
618_0,0.05194717667385423,0.58917403,-3.078483374320964,0.05585578310746149,0.27018708,-3.1212951228715062,0.08376096301942516,0.7298662,-3.1127902222196644,3,191,618,17.403114,"{""type"":""MultiPoint"",""coordinates"":[]}"
619_0,0.0470417274750312,0.49774933,-1.9993371957912538,0.031217545504275752,0.21410616,-1.9770287740342845,0.0827743350791518,0.6455402,-2.685595137037762,3,114,619,2.7802885,"{""type"":""MultiPoint"",""coordinates"":[]}"
620_0,0.12512939136008894,0.49111277,2.975866604025942,0.10046444299151266,0.22180459,2.900499647577802,0.13487559821773973,0.5878091,-2.899407539814701,3,86,620,17.739004,"{""type"":""MultiPoint"",""coordinates"":[]}"
621_0,0.09197999928404293,0.5812955,-2.2470806045617273,0.08103939401522452,0.27268702,-2.399658275000549,0.12149632645352988,0.7233176,-2.7489147604725517,3,457,621,4.4904,"{""type"":""MultiPoint"",""coordinates"":[]}"
622_0,0.06583513587497085,0.5998328,-2.195687708117916,0.06978005305559543,0.27946296,-2.512331707957331,0.05686584135287549,0.79803133,-2.037842014903923,3,370,622,20.56594,"{""type"":""MultiPoint"",""coordinates"":[]}"
623_0,0.05045193128093655,0.66250557,-2.8024213347875793,0.04963372394781897,0.35624424,-2.692143989109853,0.07268558973583138,0.7762468,-2.8715118824728307,3,143,623,23.017595,"{""type"":""MultiPoint"",""coordinates"":[]}"
624_0,0.07285640974432493,0.3681874,-2.392934884390873,0.06367072970936798,0.15109065,-2.428816587785623,0.0587432707499702,0.59942025,-2.9850262795594986,3,366,624,17.274334,"{""type"":""MultiPoint"",""coordinates"":[]}"
625_0,0.06299656299319452,0.61519355,2.553749562889886,0.06786968100164137,0.3263355,2.396497392479949,0.07145419090535766,0.70128113,-2.8252484619606903,3,169,625,27.209448,"{""type"":""MultiPoint"",""coordinates"":[]}"
626_0,0.0875322165704589,0.6228601,-3.0209591991422777,0.07979934561068351,0.30924803,-2.8998456067440945,0.09074788578072616,0.7933127,-2.9746654491174147,3,648,626,33.160904,"{""type"":""MultiPoint"",""coordinates"":[]}"
627_0,0.06842854721148278,0.65760016,2.5546944184760867,0.07276260992578121,0.3604019,2.5322299173229132,0.051188509530997316,0.8013073,-3.0766215985349223,3,612,627,21.945536,"{""type"":""MultiPoint"",""coordinates"":[]}"
628_0,0.07236793484497281,0.61864537,-2.6545145283526437,0.05965003682998504,0.30682415,-2.586128452575889,0.08294698009499812,0.76855886,-2.851150092440055,3,139,628,21.497252,"{""type"":""MultiPoint"",""coordinates"":[]}"
629_0,0.07184506534662727,0.5929955,-2.9905420517837875,0.061883693060833446,0.28449667,-2.8358046704589763,0.09958191387672811,0.7428004,-3.1107186564451133,3,116,629,12.950704,"{""type"":""MultiPoint"",""coordinates"":[]}"
630_0,0.02086642125930874,0.5855151,-2.9268361892348924,0.0261542643310485,0.28086424,-2.8520175800890337,0.07458629405827404,0.6951407,-3.128956834715629,3,481,630,20.290829,"{""type"":""MultiPoint"",""coordinates"":[]}"
631_0,0.05737435394570202,0.6094807,-2.7922733823988204,0.04059139563285043,0.2929196,-3.0469521803315236,0.11396474130246075,0.7430767,-2.7525654774645476,3,116,631,15.659471,"{""type"":""MultiPoint"",""coordinates"":[]}"
632_0,0.027211796502254387,0.6415573,-2.3043442149049658,0.029541580196038413,0.32298908,-2.098948181922151,0.031154075631626275,0.8138615,3.1000236997888733,3,670,632,18.338871,"{""type"":""MultiPoint"",""coordinates"":[]}"
633_0,0.0886126065718311,0.4654219,-2.8971640309840616,0.06675238014396344,0.22676195,-2.8226106585269486,0.11611211461101033,0.5762563,-2.871583883367323,3,211,633,4.228551,"{""type"":""MultiPoint"",""coordinates"":[]}"
634_0,0.0665766004909441,0.5863878,-3.016475508659222,0.06349750327393913,0.27997822,-2.8323616621323917,0.08916026250598623,0.72318476,-3.1124680693638895,3,115,634,10.209274,"{""type"":""MultiPoint"",""coordinates"":[]}"
635_0,0.08288360571016919,0.5735815,-2.8838954998221187,0.07626268246382709,0.25668505,-2.895607640019443,0.058378448026611726,0.7294197,2.898731391413284,3,184,635,17.200525,"{""type"":""MultiPoint"",""coordinates"":[]}"
636_0,0.05476348966645056,0.6442471,-2.5075720924546627,0.05205939435612352,0.32258022,-2.4202159090276654,0.06324106256628619,0.8220791,-2.5736473887131828,3,953,636,24.520016,"{""type"":""MultiPoint"",""coordinates"":[]}"
637_0,0.09804933457493331,0.44371513,-2.473578501112658,0.08480446131200656,0.18341218,-2.353094551018437,0.08593027940020467,0.62794036,-2.700292703629344,3,307,637,16.905712,"{""type"":""MultiPoint"",""coordinates"":[]}"
638_0,0.0698876772488216,0.60481745,2.8177265615021847,0.06256317583497623,0.29317743,2.832745548248658,0.06669279446422394,0.74566823,2.719129030033471,3,222,638,12.297542,"{""type"":""MultiPoint"",""coordinates"":[]}"
639_0,0.15278336069391138,0.5008646,-2.863218493159334,0.12064679144948219,0.19225425,-2.7022423363978154,0.16213560834511995,0.68801725,-2.9268168724047867,3,74,639,12.857224,"{""type"":""MultiPoint"",""coordinates"":[]}"
640_0,0.13027256419422772,0.53542894,-2.6551782360807037,0.10757168046305898,0.27437702,-2.6796856231387496,0.11682620263192756,0.6743496,-2.6879554570384627,3,85,640,8.165958,"{""type"":""MultiPoint"",""coordinates"":[]}"
641_0,0.05221125292243407,0.5931207,-2.3513437689006826,0.04026768691149485,0.295104,-2.5616947021968848,0.05369109674449722,0.6944184,-2.1088648998819584,3,60,641,3.5519743,"{""type"":""MultiPoint"",""coordinates"":[]}"
642_0,0.07515731925576401,0.5834736,-2.6220093768398236,0.06408048243089151,0.2675767,-2.414018471911346,0.07821076252152429,0.77668214,-2.9398825378805387,3,514,642,26.16224,"{""type"":""MultiPoint"",""coordinates"":[]}"
643_0,0.06303815333891866,0.6031927,-2.6600825178437395,0.04980310191976064,0.30157152,-2.776823388350252,0.07212781247532164,0.7831642,-2.94565764976147,3,786,643,20.421242,"{""type"":""MultiPoint"",""coordinates"":[]}"
644_0,0.07726603527841638,0.5760414,-2.9421921415269643,0.06725792010217609,0.26524183,-2.8543941351568045,0.09547835529163412,0.72427416,-2.7015143708560014,3,102,644,6.842834,"{""type"":""MultiPoint"",""coordinates"":[]}"
645_0,0.03388207119677154,0.3383863,-2.9486955639150905,0.025981998084694594,0.14334278,-2.8761409409329617,0.046645101589396915,0.4856845,-2.730801644177751,3,43,645,0.0,"{""type"":""MultiPoint"",""coordinates"":[]}"
646_0,0.0440116356894677,0.63810086,-2.567204002505877,0.0446754624702612,0.32440448,-2.37858510653448,0.025202805281954906,0.83353287,-3.1024836058456,3,1328,646,29.891846,"{""type"":""MultiPoint"",""coordinates"":[]}"
647_0,0.07141228862141788,0.5939958,-2.895455689851025,0.06377001856674903,0.2829713,-2.9076014560829284,0.08587135013792904,0.7293246,-2.7126442580722916,3,238,647,21.01083,"{""type"":""MultiPoint"",""coordinates"":[]}"
648_0,0.11049583755186097,0.51472676,-2.445347699250222,0.08811965130946454,0.20483428,-2.293309928702867,0.10931493294552465,0.7596456,-2.6598197796589296,3,190,648,18.298237,"{""type"":""MultiPoint"",""coordinates"":[]}"
649_0,0.04793862008918755,0.59837294,-2.5567214860194025,0.0583555502573232,0.27482033,-2.693640702084799,0.00894484904205342,0.77482283,-1.2636770641488293,3,63,649,21.011208,"{""type"":""MultiPoint"",""coordinates"":[]}"
650_0,0.07640246343964471,0.6127584,-2.6579818958254666,0.06206726432655972,0.30709776,-2.558112286923082,0.07721058920463551,0.7419858,-2.5907593173319055,3,284,650,12.240138,"{""type"":""MultiPoint"",""coordinates"":[]}"
651_0,0.05516402614799599,0.63720244,3.0449517626480436,0.0596930539642364,0.31959128,2.8568992503928614,0.04736752479669132,0.7934238,2.6139427779305504,3,283,651,15.416666,"{""type"":""MultiPoint"",""coordinates"":[]}"
652_0,0.06766927227174213,0.5805213,-2.5830984877241074,0.07553325737620253,0.2565387,-2.694026555158718,0.077645590944018,0.73811424,-2.981871281783502,3,419,652,13.549446,"{""type"":""MultiPoint"",""coordinates"":[]}"
653_0,0.10729621420691145,0.5822279,-2.8368350353384293,0.10312657603070098,0.2654722,-2.7571588329142487,0.09574314586317169,0.7773207,-2.9257964700287658,3,535,653,20.649742,"{""type"":""MultiPoint"",""coordinates"":[]}"
654_0,0.13133233339146053,0.5594049,-2.759474314884999,0.11726172439410523,0.24712312,-2.687028800307017,0.1009517854681865,0.7200645,-2.8449680110100206,3,341,654,14.037004,"{""type"":""MultiPoint"",""coordinates"":[]}"
655_0,0.05474618011838905,0.5237072,-2.0327552829190934,0.050547180626863246,0.23455618,-2.203553814816045,0.04490440995725396,0.7009944,-2.2229089624686624,3,30,655,10.035687,"{""type"":""MultiPoint"",""coordinates"":[]}"
656_0,0.08740519091595518,0.5843388,-2.795539118080764,0.07814437161729088,0.2768141,-2.6849422528369287,0.09029740481514516,0.7470627,-3.131423735180211,3,504,656,28.115473,"{""type"":""MultiPoint"",""coordinates"":[]}"
657_0,0.05425104179818902,0.6189217,-2.4653100320807915,0.04430837741599227,0.2952466,-2.5827015443549,0.03993464754854486,0.8061647,-2.8052232035324796,3,581,657,34.184464,"{""type"":""MultiPoint"",""coordinates"":[]}"
658_0,0.12792665301589554,0.38498664,-2.1807294155602572,0.10239498873071151,0.13383962,-2.0216812797846053,0.10451336392829523,0.57057536,-2.3752530472605926,3,425,658,10.177281,"{""type"":""MultiPoint"",""coordinates"":[]}"
659_0,0.06764412846276995,0.61146134,-2.7948431690406044,0.05961429391726728,0.3086749,-2.862751485760165,0.08633344300747038,0.70193034,-2.7235957734357252,3,61,659,6.7661963,"{""type"":""MultiPoint"",""coordinates"":[]}"
660_0,0.05787855111910358,0.64335567,-2.521267266982183,0.05215833839710377,0.32396185,-2.407668737654287,0.0810267657318585,0.79469466,-2.7128499666114783,3,328,660,17.527935,"{""type"":""MultiPoint"",""coordinates"":[]}"
661_0,0.10536058992957102,0.51191115,-2.0303301074191005,0.08035729261213514,0.22216216,-1.9867490854480556,0.10859529089084344,0.6741332,-2.282909187795774,3,116,661,7.098744,"{""type"":""MultiPoint"",""coordinates"":[]}"
662_0,0.06573430203941444,0.63599825,-2.964130144989981,0.0552725501367741,0.3195231,-2.889094403008142,0.06022716269761284,0.8193439,-2.9757729741361585,3,910,662,33.398247,"{""type"":""MultiPoint"",""coordinates"":[]}"
663_0,0.09703983122840246,0.4592022,-1.9161865783724126,0.07535638661419392,0.2302763,-1.8300999076302082,0.107030084740013,0.48154405,-2.2679215895202476,3,6,663,1.8543341,"{""type"":""MultiPoint"",""coordinates"":[]}"
664_0,0.04251354852472745,0.59700066,-2.7835631955184255,0.03466177257261924,0.289791,-2.653482893769372,0.048563143915438464,0.7651862,-2.727009712226204,3,368,664,11.048839,"{""type"":""MultiPoint"",""coordinates"":[]}"
665_0,0.05443378373087777,0.5992886,-2.907892034026691,0.04683870299594225,0.29817843,-2.875424704586475,0.08226434875507053,0.72850937,-2.7035091450606816,3,246,665,6.5422344,"{""type"":""MultiPoint"",""coordinates"":[]}"
666_0,0.06256114570245319,0.5778835,-2.9083454323642943,0.05341721549892359,0.27026528,-2.8371180295189236,0.06091992279345483,0.7559805,-2.9792980834557437,3,191,666,15.963645,"{""type"":""MultiPoint"",""coordinates"":[]}"
667_0,0.065907615990021,0.6079414,3.086056585555722,0.05817327635426113,0.3116583,-2.9928799374083477,0.07694727941571079,0.7411464,3.1087308939135396,3,238,667,18.554132,"{""type"":""MultiPoint"",""coordinates"":[]}"
668_0,0.09395108399159455,0.5489603,-2.2620272895722766,0.07971084583705758,0.25003636,-2.204181740048223,0.10643201365717092,0.706441,-2.412037093195658,3,72,668,12.950242,"{""type"":""MultiPoint"",""coordinates"":[]}"
669_0,0.07753489714370781,0.60665846,-2.7981777945501998,0.06858194783753777,0.28935125,-2.598673215950102,0.07524894583639466,0.7719237,-2.968996658460995,3,482,669,6.2621655,"{""type"":""MultiPoint"",""coordinates"":[]}"
670_0,0.09259877824581818,0.56637645,-2.5649175748832818,0.08328317751987081,0.25527343,-2.513838350957315,0.0742795363772442,0.7608894,-2.562062986649069,3,614,670,15.97629,"{""type"":""MultiPoint"",""coordinates"":[]}"
671_0,0.09522578903995037,0.6067882,-2.447450000422281,0.10539000694371908,0.28300318,-2.2890854816919415,0.05867818890916119,0.8337363,-2.7656251375365173,3,1500,671,44.82827,"{""type"":""MultiPoint"",""coordinates"":[]}"
672_0,0.057880117835698255,0.58401775,-2.8277107597503006,0.048504138124322686,0.27082035,-2.7083431504031306,0.07595212052648048,0.7130647,-3.0036481177151573,3,81,672,11.18246,"{""type"":""MultiPoint"",""coordinates"":[]}"
673_0,0.07101848701973304,0.51051253,-2.6723745292110688,0.04775289782534226,0.23083943,-2.6421376392015676,0.09753550149226976,0.67058325,-2.7250260404818376,3,130,673,18.326511,"{""type"":""MultiPoint"",""coordinates"":[]}"
674_0,0.06138354991059881,0.59294,-2.3700464013545655,0.05737220713671252,0.27029186,-2.127825339662408,0.07728299898623181,0.7723327,-2.811514965217744,3,679,674,13.0003195,"{""type"":""MultiPoint"",""coordinates"":[]}"
675_0,0.05153811505198841,0.62618434,-2.9737458663888,0.04223670511996081,0.30375195,-2.9703434482690954,0.06260818749098607,0.765643,3.0726819347645598,3,266,675,30.116398,"{""type"":""MultiPoint"",""coordinates"":[]}"
676_0,0.07584071267905416,0.5634376,-2.6691456622973684,0.07905104751133381,0.24585639,-2.5396153737614124,0.06879420535330079,0.76923954,2.9664204410869575,3,1015,676,20.06292,"{""type"":""MultiPoint"",""coordinates"":[]}"
677_0,0.06295996786699477,0.58213794,-2.4255053196516974,0.06015039681593462,0.27068886,-2.238420046044965,0.06080632202622968,0.75655025,-2.5573159046112606,3,91,677,11.924355,"{""type"":""MultiPoint"",""coordinates"":[]}"
678_0,0.09029240434193399,0.5527178,-2.362303295864044,0.07068980396750292,0.23712291,-2.235084680075679,0.06931220241552587,0.7607724,-2.250550637177544,3,226,678,11.925555,"{""type"":""MultiPoint"",""coordinates"":[]}"
679_0,0.0626975191276603,0.623277,-2.6586421020349498,0.05283400671350074,0.30933416,-2.6489111492090496,0.09336288862168561,0.7608535,-2.622082978643848,3,206,679,17.23904,"{""type"":""MultiPoint"",""coordinates"":[]}"
680_0,0.03523492247900013,0.62297326,-3.0095286169378137,0.027735589233697927,0.3201469,-2.7785171624745146,0.05349701851263415,0.75648075,-2.795026517963451,3,411,680,19.038486,"{""type"":""MultiPoint"",""coordinates"":[]}"
681_0,0.03217541269216508,0.61492664,-2.799747667850631,0.017380186067140275,0.29236475,-2.5185705085233705,0.058758123894393895,0.77825266,-2.618690007795187,3,730,681,31.464306,"{""type"":""MultiPoint"",""coordinates"":[]}"
682_0,0.014375541199667803,0.63441443,-1.8046010324661317,0.015429881351420425,0.32004866,-2.7264195871365997,0.06068138162819654,0.7752234,-1.6169383112896902,3,315,682,10.073089,"{""type"":""MultiPoint"",""coordinates"":[]}"
683_0,0.07142634251884933,0.47295982,-2.8938211915431364,0.054006881512387674,0.2203996,-2.8339770289908803,0.05795034049406787,0.652498,-2.8634825136046897,3,114,683,20.613508,"{""type"":""MultiPoint"",""coordinates"":[]}"
684_0,0.06175788331572972,0.61599886,-3.0460596384165717,0.05914759355698403,0.29531765,-3.0052594134511406,0.044803780181692884,0.79511577,3.017421031767217,3,210,684,12.0449705,"{""type"":""MultiPoint"",""coordinates"":[]}"
685_0,0.10752588546466628,0.53333706,-2.5702416479950085,0.09019310505696534,0.22202283,-2.569231477741067,0.09238631668347243,0.74230874,-2.8448743717102474,3,300,685,18.740152,"{""type"":""MultiPoint"",""coordinates"":[]}"
686_0,0.06608729906054346,0.56854725,-2.975576209775671,0.05916335509106935,0.2709996,-2.794919283237796,0.06957291399164009,0.7213353,3.1264707718068467,3,69,686,27.289335,"{""type"":""MultiPoint"",""coordinates"":[]}"
687_0,0.09963217768821617,0.5642518,-2.4321651111254283,0.0920036853731696,0.266029,-2.3723638655546195,0.09333673536103236,0.7490263,-2.647629904468994,3,510,687,20.506094,"{""type"":""MultiPoint"",""coordinates"":[]}"
688_0,0.1920866347233441,0.52139974,-2.9823922540174275,0.16142980392838893,0.22071627,-2.937757681943682,0.16143138159490242,0.6928354,-2.835460015747924,3,103,688,12.206985,"{""type"":""MultiPoint"",""coordinates"":[]}"
689_0,0.08603523689260231,0.53443754,-2.393735107260836,0.08049694202710209,0.23338503,-2.2564977245296243,0.08521830651492715,0.7484557,-2.76209507759031,3,869,689,14.198866,"{""type"":""MultiPoint"",""coordinates"":[]}"
690_0,0.06527355793326231,0.62074417,-2.646850100760598,0.06260691668174106,0.3008191,-2.433980496258441,0.05537943273793642,0.8323909,-2.942256133942116,3,982,690,32.25832,"{""type"":""MultiPoint"",""coordinates"":[]}"
691_0,0.029146528790997165,0.62087005,-2.6341282618052784,0.026404655300419973,0.304735,-2.1546710042200834,0.029391903172850762,0.79666173,-2.988073448780391,3,1182,691,29.918169,"{""type"":""MultiPoint"",""coordinates"":[]}"
692_0,0.069834326383777,0.55405056,-2.132378163387518,0.05375550754104856,0.26405662,-2.1435688475271295,0.08764488759527056,0.68269247,-2.1650998817849403,3,35,692,2.957632,"{""type"":""MultiPoint"",""coordinates"":[]}"
693_0,0.09886511517584443,0.49256772,-2.5519175564655883,0.08268501122237745,0.21867359,-2.438966079814759,0.09022330251152913,0.6764226,-2.954454442633816,3,249,693,18.118198,"{""type"":""MultiPoint"",""coordinates"":[]}"
694_0,0.0644414347733139,0.59185845,-2.91412673910278,0.06316946126040324,0.28392595,-2.9309150530750814,0.0677952106819607,0.71808416,-2.712696086171633,3,66,694,15.295812,"{""type"":""MultiPoint"",""coordinates"":[]}"
695_0,0.05373688854635324,0.63441557,-2.6643873944701975,0.05226250566759332,0.31647247,-2.8011386911094984,0.053527248413969844,0.8231493,-2.8394373159894357,3,263,695,19.602388,"{""type"":""MultiPoint"",""coordinates"":[]}"
696_0,0.09738359054405693,0.58385015,-2.9950242690383155,0.08638260005430025,0.26302955,-2.8597685615690653,0.07566227983872109,0.7843236,3.0992716573498367,3,528,696,15.853666,"{""type"":""MultiPoint"",""coordinates"":[]}"
697_0,0.08418131872752081,0.60340625,-2.488223913445217,0.07421097421265176,0.28990296,-2.551140767000854,0.07883604348389069,0.75284827,-2.6940429224002305,3,79,697,7.1425486,"{""type"":""MultiPoint"",""coordinates"":[]}"
698_0,0.05515114688304512,0.6330931,-2.4373990021214307,0.04641398119470673,0.31030545,-2.29497448654765,0.05437736851361873,0.78758544,-2.7399815939276393,3,198,698,17.33395,"{""type"":""MultiPoint"",""coordinates"":[]}"
699_0,0.051786883633787,0.61956203,-2.4168151656964487,0.05196195480701175,0.30538908,-2.2584979446268534,0.05126108536344887,0.7982621,-2.739378306296545,3,1187,699,29.606361,"{""type"":""MultiPoint"",""coordinates"":[]}"
700_0,0.0597624685972662,0.52927816,-2.7562239753256166,0.06171968855294012,0.23633757,-2.926511844743425,0.05510638620579937,0.69964904,-3.1098370959086203,3,302,700,20.236015,"{""type"":""MultiPoint"",""coordinates"":[]}"
701_0,0.059991534083446076,0.39629242,2.948306328740797,0.059393723312441915,0.18180574,2.8213407364879384,0.04764462982161666,0.53687745,-2.825436217113096,3,41,701,21.522074,"{""type"":""MultiPoint"",""coordinates"":[]}"
702_0,0.05488159641017132,0.63553625,-2.4919802673273783,0.04737154842194512,0.32361376,-2.5471492603393893,0.06548007520463318,0.7984311,-2.1913880870112603,3,838,702,13.956442,"{""type"":""MultiPoint"",""coordinates"":[]}"
703_0,0.058547357650655746,0.5545538,-2.3823625475273547,0.055181402710394324,0.23313135,-2.168629355902502,0.04809137511441466,0.77869684,-2.8992536257618875,3,720,703,16.273655,"{""type"":""MultiPoint"",""coordinates"":[]}"
704_0,0.025899551581545423,0.55919755,-3.108778475385273,0.023852440329846757,0.28110883,-2.822075069027858,0.03203021494309946,0.7114555,2.744011876868514,3,392,704,16.213879,"{""type"":""MultiPoint"",""coordinates"":[]}"
705_0,0.01997810272845824,0.6173541,2.808396285629079,0.015999336455122592,0.31637865,2.5816096295446203,0.0278323803942379,0.7537654,-2.7657062580244443,3,412,705,17.238037,"{""type"":""MultiPoint"",""coordinates"":[]}"
706_0,0.0999596496818546,0.4738047,-2.6897126678982084,0.08137664330965332,0.19179991,-2.6806770655736245,0.10124335662885774,0.62228954,-2.7003582166150712,3,74,706,2.9569707,"{""type"":""MultiPoint"",""coordinates"":[]}"
707_0,0.07727981697994579,0.5715089,-2.946394969277344,0.06217195990401314,0.2943898,-3.010230445816076,0.09419185743558826,0.6914538,-2.7446672386453868,3,175,707,10.289412,"{""type"":""MultiPoint"",""coordinates"":[]}"
708_0,0.044694057567144674,0.6229256,-2.4911414416089643,0.048212202671276475,0.3139168,-2.821582438445034,0.08280355366946245,0.77073956,-2.162214689458444,3,395,708,12.212871,"{""type"":""MultiPoint"",""coordinates"":[]}"
709_0,0.04651531134987746,0.6283629,-2.9340650996915563,0.03396588317948105,0.3202626,-2.998881240712676,0.0891738238032397,0.74359846,-2.634281150903705,3,80,709,12.881718,"{""type"":""MultiPoint"",""coordinates"":[]}"
710_0,0.11039572368843505,0.57933843,-2.8045378301343122,0.09523589889887868,0.26903027,-2.732644804989568,0.11962034324907284,0.73892486,-2.778427404526685,3,315,710,15.023536,"{""type"":""MultiPoint"",""coordinates"":[]}"
711_0,0.03784329337721356,0.6107546,-2.3986709734439544,0.03369795812236594,0.28963798,-2.3074406404320946,0.06853322012878497,0.7676542,-2.475090800994681,3,285,711,31.940968,"{""type"":""MultiPoint"",""coordinates"":[]}"
712_0,0.09169421692189775,0.565416,-2.6034887366797035,0.08947625181122792,0.26238444,-2.553813671451714,0.08841497641108108,0.71394485,-2.99089356591215,3,229,712,1.8543341,"{""type"":""MultiPoint"",""coordinates"":[]}"
713_0,0.0771878208941161,0.52767664,-2.868130867543426,0.05694812237851233,0.2284617,-2.844490227556483,0.09296038754274895,0.7423104,-2.592912451390786,3,353,713,12.379901,"{""type"":""MultiPoint"",""coordinates"":[]}"
714_0,0.09338873622029936,0.51040286,-2.653986448317933,0.08833206559618258,0.21849701,-2.5964542286084007,0.057899651500055244,0.67403364,-3.027748537836304,3,327,714,15.697119,"{""type"":""MultiPoint"",""coordinates"":[]}"
715_0,0.12072558471564468,0.43978217,-2.3842515087801903,0.09190903614253534,0.17924291,-2.4372157508853816,0.11624180525134416,0.6413888,-2.4797360709713514,3,143,715,12.892266,"{""type"":""MultiPoint"",""coordinates"":[]}"
716_0,0.0509883964235364,0.62452185,-2.8897831996268395,0.04826403549323656,0.3211066,-2.724263979337249,0.055466959584066215,0.78020024,3.079062640542594,3,539,716,19.221518,"{""type"":""MultiPoint"",""coordinates"":[]}"
717_0,0.048903003441721056,0.6806297,-2.8198634281795054,0.05067443238015336,0.3760339,-2.8255366860980806,0.04138568369603901,0.8409244,-2.93225217060242,3,1060,717,19.454374,"{""type"":""MultiPoint"",""coordinates"":[]}"
718_0,0.037189026586579875,0.6132362,-2.929286380509377,0.031444334499623784,0.32735187,-2.9576002388744036,0.04020119673771716,0.78282666,-2.9374447133211703,3,834,718,11.705931,"{""type"":""MultiPoint"",""coordinates"":[]}"
719_0,0.04842487958879194,0.5861012,-2.6704570825427414,0.04824182662359144,0.27622488,-2.5938363529026898,0.04305620986442843,0.73640156,-2.4170272063930636,3,151,719,13.956806,"{""type"":""MultiPoint"",""coordinates"":[]}"
720_0,0.038669310446637885,0.6557125,-2.877257624455442,0.034132354267002944,0.3476602,-2.890941388252389,0.04222958832589405,0.8305568,3.0354520180879256,3,1162,720,31.314896,"{""type"":""MultiPoint"",""coordinates"":[]}"
721_0,0.08753453413946538,0.54719,-2.63542465710144,0.07105922967138174,0.2684567,-2.518106985696225,0.09502364730487965,0.69611406,-2.7351337594698277,3,497,721,6.847644,"{""type"":""MultiPoint"",""coordinates"":[]}"
722_0,0.029226970834185625,0.63300264,-2.258440123345793,0.026407308459709174,0.30530173,-1.7558639966998217,0.05391898309184541,0.78993773,-2.495613373794545,3,317,722,36.818573,"{""type"":""MultiPoint"",""coordinates"":[]}"
723_0,0.012419529869338065,0.6507793,-2.4127345056223666,0.008115191553701842,0.35234687,-1.8785170419027024,0.07610093640394837,0.7720626,-2.4456720907938587,3,574,723,27.832283,"{""type"":""MultiPoint"",""coordinates"":[]}"
724_0,0.060780560069182255,0.6062157,-2.428441591894156,0.06506295549734772,0.29116166,-2.5799139539260976,0.07601186089558441,0.74886537,-2.5824439828537042,3,271,724,16.062231,"{""type"":""MultiPoint"",""coordinates"":[]}"
725_0,0.13116496082108411,0.34233654,-1.6414458600954016,0.10694986009275753,0.10235864,-1.6220246705439894,0.08316132483185168,0.6167235,-1.6781549520719246,3,632,725,21.870079,"{""type"":""MultiPoint"",""coordinates"":[]}"
726_0,0.060354375896368516,0.59699994,-2.664804162503093,0.05670535159070948,0.27687567,-2.745712994472052,0.04963264905105275,0.7807212,-2.3479833791517057,3,351,726,25.777119,"{""type"":""MultiPoint"",""coordinates"":[]}"
727_0,0.12568452139359942,0.49868515,-2.5079970064595534,0.0952273567972289,0.18729359,-2.373231257678231,0.10536546558641137,0.7526284,-2.4878628035741226,3,190,727,19.805563,"{""type"":""MultiPoint"",""coordinates"":[]}"
728_0,0.0630397050301606,0.59929264,-2.627596003484188,0.05403516763443287,0.28151932,-2.763733278468309,0.08744971261576194,0.74968153,-2.263298667794991,3,180,728,26.976608,"{""type"":""MultiPoint"",""coordinates"":[]}"
729_0,0.0889110040329753,0.5592919,-2.2468307814206954,0.08727431243160966,0.24982727,-2.105219294162167,0.07694194121890528,0.76167053,-2.6362369665447827,3,640,729,14.255131,"{""type"":""MultiPoint"",""coordinates"":[]}"
730_0,0.10891189663417523,0.31747273,-1.1076514020430093,0.07995087474063198,0.093905225,-1.0622545878369265,0.07288989331265915,0.5381031,-1.5465902410497259,3,188,730,1.8543341,"{""type"":""MultiPoint"",""coordinates"":[]}"
731_0,0.03687559922092307,0.6405345,-2.5449349503505907,0.044707355214644987,0.3192911,-2.257614820532557,0.04097419323244732,0.852273,3.134855487125462,3,1668,731,37.60061,"{""type"":""MultiPoint"",""coordinates"":[]}"
732_0,0.08786305154450194,0.6066639,3.0790014797830603,0.07264704139657427,0.3038402,3.105407949840963,0.11271462741903757,0.74718815,-3.048281279286652,3,451,732,18.687378,"{""type"":""MultiPoint"",""coordinates"":[]}"
733_0,0.05828595960835454,0.60978734,3.0070911145148016,0.051214091772517865,0.32071355,2.7546767416305307,0.07669845532671712,0.74821746,-2.5898090009070036,3,500,733,44.610905,"{""type"":""MultiPoint"",""coordinates"":[]}"
734_0,0.06018901071142514,0.6149886,-2.663372229863377,0.0631073952573849,0.31858397,-2.608085478515136,0.048025034367077085,0.8058297,-2.6587479123620383,3,1040,734,21.189617,"{""type"":""MultiPoint"",""coordinates"":[]}"
735_0,0.05812921625929321,0.6038367,-2.47618946391954,0.05173608872289146,0.28947145,-2.2746154958929083,0.06474259631432171,0.77252936,-2.48659141523331,3,430,735,19.282864,"{""type"":""MultiPoint"",""coordinates"":[]}"
736_0,0.06008389975123578,0.58095276,-2.394007231673123,0.0523195271865417,0.2507537,-2.1995118304322525,0.06285149103323992,0.7887126,-2.660824813190321,3,438,736,27.32797,"{""type"":""MultiPoint"",""coordinates"":[]}"
737_0,0.044433817485232396,0.62176645,-2.2787721821665468,0.056286192227044944,0.30625123,-2.744873467434478,0.08745197654524378,0.76325893,-2.5708564505231664,3,298,737,13.963878,"{""type"":""MultiPoint"",""coordinates"":[]}"
738_0,0.054715806667429846,0.6129162,-2.6741782405167376,0.0425217757190548,0.28823972,-2.729010633315463,0.06762201493194014,0.7986058,-2.643302431505025,3,355,738,11.6545515,"{""type"":""MultiPoint"",""coordinates"":[]}"
739_0,0.029925558522388183,0.6117147,-2.8303051554014735,0.04755569548396087,0.294113,-3.065818430638106,0.018585992639109063,0.7627985,2.578907458702644,3,84,739,25.67626,"{""type"":""MultiPoint"",""coordinates"":[]}"
740_0,0.0518389308068284,0.5934321,-2.686605275405402,0.0449395733318869,0.25698632,-2.315535067497309,0.06805601230474813,0.79848015,-2.9513229550379063,3,713,740,23.275154,"{""type"":""MultiPoint"",""coordinates"":[]}"
741_0,0.045707730902282986,0.6416629,-2.7374726799910665,0.04791384513993643,0.32680833,-2.577397202657345,0.042296667594738505,0.8354028,3.124199236220824,3,1369,741,25.31994,"{""type"":""MultiPoint"",""coordinates"":[]}"
742_0,0.06326480117079993,0.5116415,-2.360544723386751,0.04654618538084069,0.23456955,-2.277260193972487,0.07263449808869998,0.65033036,-2.3426663299125536,3,34,742,5.122972,"{""type"":""MultiPoint"",""coordinates"":[]}"
743_0,0.09574863106334362,0.54287124,-2.5030474085807493,0.08177034090079635,0.23859265,-2.409592811992035,0.06638035476368859,0.7169317,-2.8916351614656457,3,290,743,13.1544285,"{""type"":""MultiPoint"",""coordinates"":[]}"
744_0,0.049450812508841396,0.6512607,-2.3435699524099194,0.05133239892308662,0.3338544,-2.096203751550166,0.048421126824287945,0.82301795,-2.807862101411961,3,1231,744,24.149504,"{""type"":""MultiPoint"",""coordinates"":[]}"
745_0,0.033745968137619015,0.52722275,-2.889452317345115,0.040288787279608884,0.22773789,3.1293606666684566,0.04278171205458764,0.68378365,-2.566335803702785,3,28,745,1.8543341,"{""type"":""MultiPoint"",""coordinates"":[]}"
746_0,0.0868196135408551,0.5762209,-2.939379275040597,0.07875475558065682,0.2368221,-2.718787427053589,0.05075766549743229,0.8005187,2.9141814385521645,3,1016,746,40.934868,"{""type"":""MultiPoint"",""coordinates"":[]}"
747_0,0.03547755200141034,0.64325726,3.0943964555826557,0.03365914326205837,0.33389983,-2.758864527642645,0.05772190264126834,0.8102649,2.7244456020960874,3,381,747,21.86415,"{""type"":""MultiPoint"",""coordinates"":[]}"
748_0,0.08366028381963295,0.53038305,-2.2991520654367212,0.06519556952051792,0.22131059,-2.393805652182882,0.09015181622378157,0.7037316,-2.4737426591718226,3,19,748,2.9626822,"{""type"":""MultiPoint"",""coordinates"":[]}"
749_0,0.09114204856705299,0.45317268,-2.189097551087373,0.07723545058986382,0.16743445,-2.3217377166531836,0.03588014643729392,0.62171125,-3.0500668416203904,3,242,749,11.123084,"{""type"":""MultiPoint"",""coordinates"":[]}"
750_0,0.07250744269248573,0.5602763,-2.95637120304352,0.06272305881548842,0.26082835,-2.997392641945612,0.08556359269557241,0.75782025,-3.136633036099875,3,827,750,38.97018,"{""type"":""MultiPoint"",""coordinates"":[]}"
751_0,0.11138770523441145,0.4943579,-2.4444675308615613,0.09478656047518208,0.21014062,-2.4002218736758376,0.10458798127374601,0.6871102,-2.5210027648604223,3,409,751,12.918671,"{""type"":""MultiPoint"",""coordinates"":[]}"
752_0,0.06341907609621736,0.62721914,3.039772375990325,0.05024435678884653,0.3266687,3.1300794155771854,0.07283273591450093,0.7918022,2.7891687651758494,3,332,752,7.601066,"{""type"":""MultiPoint"",""coordinates"":[]}"
753_0,0.05338666984993464,0.609766,3.07747014196128,0.0491150881518272,0.2940672,3.0445015191269786,0.052054534609861966,0.7411147,-3.1017799004957514,3,66,753,13.444894,"{""type"":""MultiPoint"",""coordinates"":[]}"
754_0,0.07508806817909708,0.6049981,-2.635813121962323,0.06514817385774667,0.26945138,-2.5253192215052414,0.06307171991838365,0.80369014,-2.9460023119727428,3,429,754,7.576661,"{""type"":""MultiPoint"",""coordinates"":[]}"
