,NDVI_iav,NDVI_a24,NDVI_biR,NDVI_spDiff,NDVI_alt,LSWI_iav,LSWI_a24,LSWI_biR,LSWI_spDiff,LSWI_alt,NDRE_iav,NDRE_a24,NDRE_biR,NDRE_spDiff,NDRE_alt,CIre_iav,CIre_a24,CIre_biR,CIre_spDiff,CIre_alt,PSRI_iav,PSRI_a24,PSRI_biR,PSRI_spDiff,PSRI_alt,EVI_iav,EVI_a24,EVI_biR,EVI_spDiff,EVI_alt
0,0.0531710981555544,0.0110396374290798,0.19043583887238835,0.031251978095238095,0.025519594166666715,0.04334126053799777,0.00020341508221802381,0.004149568930513733,0.027795057095238097,0.002601697291666665,0.04103121221182224,0.010315550577872057,0.21994535306696814,0.03383949761904762,0.030691455000000034,0.19070373893494275,0.02222888783455943,0.09083007214788674,0.10581147238095241,0.02214979666666661,0.0317813260923978,0.00955176064344232,0.2936636177832226,0.03712030895238095,0.014505962416666657,0.050009315293261275,0.0034839301890588685,0.09073936390499926,0.02968215588027622,0.01002558099859957
1,0.0857110337847999,0.021577085255493036,0.4083674066400206,0.04043679666666663,0.0024738918055555725,0.038906780365037995,0.021142958415415383,0.47858439490907995,0.03657669533333333,0.004456773458333341,0.05252301643255958,0.01922363324796482,0.43069314874862824,0.024649943888888925,0.015431817916666701,0.2878072841075766,0.13722480620426114,0.5271625880261749,0.17509602666666665,0.1494527363888889,0.02404838830993912,0.01049752321752082,0.6080724435504711,0.010991278955555558,0.004746611002777783,0.07136892906761887,0.02080767913708667,0.31557706025968535,0.06012921515425446,0.04277049889171236
2,0.0912916674773412,0.0329762186594294,0.18789465209551143,0.11289528777777773,0.06992097333333325,0.06361072948711004,0.011912055379133887,0.06814664358882881,0.08284492955555554,0.0026318941388888684,0.06241588865070235,0.02503369420022942,0.1803396271096485,0.0751353061111111,0.05147885916666661,0.41354392452528116,0.14441518613284005,0.13893584375278054,0.4078023044444445,0.23702318805555556,0.038641078708281165,0.008732634444795918,0.10667118760498426,0.07076981588888889,0.02005596777777778,0.06670017306249337,0.011813933011036499,0.06661758452633866,0.05801380505372805,0.026281631590561683
3,0.06517122739661159,0.027529827671567596,0.24031878571731427,0.1093257138888889,0.07248945527777784,0.04602027699271095,0.019013990517709457,0.21821417585618139,0.0733212783888889,0.031299890916666656,0.04702998128744832,0.02447967582843292,0.2590126587557491,0.07673782166666662,0.06232274499999996,0.3827618378882786,0.1701687249948615,0.2251195496684848,0.4827134622222223,0.38547658555555553,0.0176400820319907,0.005453100119522505,0.21870884507303426,0.01697240447777778,0.010018457588888897,0.061522243328202164,0.017344177102290203,0.15048633819949137,0.06027980088358909,0.04099370174926703
4,0.12681496390751842,0.030577292955071982,0.6059288812553805,0.07796713499999998,0.0629246472222223,0.08617483431523763,0.01809279522740737,0.33282751176339953,0.05043232638888889,0.03465443190000001,0.0898484320513926,0.025359561835432528,0.7387865837309334,0.04068987477777778,0.024805656111111102,0.3566323407863537,0.06299865266299985,0.6502724110406641,0.15258950555555553,0.10368180361111112,0.039912683697013125,0.012232017633384969,0.5396234272537358,0.040063937461111115,0.00286781016944445,0.10213943388143061,0.03277688416574004,3.458483767280177,0.051745783474174106,0.024578064974461217
5,0.07754246795248518,0.04381370228205981,0.7606799321771334,0.12356638714285716,0.10212609416666674,0.04411119110766101,0.028571261801829808,0.587748116200654,0.07965575895238095,0.06830165866666668,0.05286917818045603,0.03273733703915753,0.9367810313869713,0.08803147095238094,0.07938871000000003,0.4406694108594589,0.277311481596412,0.6509859120433927,0.6832663857142857,0.6584574333333331,0.028704044215151502,0.0046373868468862845,0.2946802049713145,0.020522352450476195,0.013315965205000002,0.06435141703113088,0.05120117908113277,0.4638982393790718,0.10670656326417248,0.10326254524689116
6,0.09616791249353858,0.03540460541597931,0.41098383482271184,0.15109059619047624,0.10990720583333335,0.053739090879191154,0.017333938694267362,0.15385465921585972,0.11610203311428571,0.06259451664166667,0.06569607322969338,0.02293841233295049,0.2964195058189487,0.09716932523809525,0.06589315125,0.45397571662244407,0.12133487045799529,0.17821650235989533,0.5338499571428571,0.38464813666666653,0.037386703832932945,0.015758449128099306,0.3908412901675705,0.06373698047619047,0.043645781025,0.08925159619792335,0.018165012293636512,0.13483145476303207,0.1196360642226514,0.05065745080295325
7,0.10012909196706025,0.03562047784243799,1.215504747668456,0.09136077555555554,0.03342038152777771,0.05467583492893133,0.007390232713628191,0.06466390818989226,0.11741299405555555,0.03909634368055556,0.06617733377723699,0.02381503515550764,0.5381580939292737,0.060156364444444464,0.02792767055555556,0.5010459932916044,0.1775172487156541,0.4139962303699427,0.5007752916666667,0.26912049999999965,0.029350768414470114,0.004080525203286199,0.19206082400904695,0.02565612054444445,0.0040578082805555575,0.05761084133967359,0.018721562301262346,0.08414727067418029,0.151219902921417,0.07039050209531972
8,0.06287161740450396,0.03518128247106766,0.4331782191363264,0.15433147476190484,0.08389670166666663,0.04419024169816422,0.03252360653387639,0.33158120471686625,0.13047534295238097,0.08329724716666667,0.047045080101595006,0.030396270793019126,0.34925069719239177,0.09552195904761904,0.06114191333333335,0.363690877884627,0.24093365758716104,0.27671434065421846,0.604254818095238,0.49409798250000003,0.016114104198398035,0.0051210098924659355,0.1992785565333968,0.014776826247619047,0.012283428133333333,0.05777870751371813,0.04215845414539727,0.29768582423691714,0.11142799900926428,0.09913403841114521
9,0.08321815294728176,0.024547847765930178,0.5880163529292906,0.06217972388888889,0.02248274249999993,0.055040820889324826,0.031456225753896956,0.4267851521511831,0.08311397482222223,0.04305718708888889,0.055536069409393575,0.02092845590530005,0.5217856128532086,0.04341648777777778,0.029661879722222173,0.37032918786178454,0.1642730130528553,0.45451958000641274,0.3206803722222223,0.2431409361111112,0.029756452428090607,0.009172963912117612,0.39126670872746205,0.03342848069999999,0.018179197108333333,0.07788707468021572,0.039697166949919226,0.45433143729483016,0.09837034638201919,0.06205175268889318
10,0.08047040063981854,0.030400454048482264,0.42480503699203065,0.09021909857142862,0.060477722916666754,0.05013197143389447,0.015922829062364044,0.17525054107168148,0.07572400476190476,0.03233192291666667,0.06995344234833449,0.031599019562261216,0.33337115975475656,0.09015944714285716,0.04624769416666674,0.7400886198799629,0.3525107471585559,0.3445256166888288,0.8755329676190478,0.6370440300000002,0.026038264227169938,0.010095221624017065,0.5069201892927073,0.02614669304761905,0.025095838208333332,0.079489910215766,0.022110955598073037,0.2521285632116516,0.048838967233305594,0.007509648869704788
11,0.09533318100897507,0.016039544856084723,0.3257601304608042,0.0909830561904762,0.0643330133333333,0.05010300078099714,0.009682358216653293,0.2722262626337473,0.04923035523809523,0.01336627583333333,0.07321843465421489,0.011758401084011749,0.3002697694459152,0.05278863666666668,0.037060354166666754,0.6270411485706081,0.13270449940430243,0.2735203223681029,0.44186136476190463,0.340367169166667,0.019650556289810356,0.008454238433011187,1.5816779192263428,0.029015532985714288,0.024286590116666666,0.058219010079012916,0.028545759166536983,0.2571360023923647,0.05709319498128001,0.011561472815468488
12,0.07474776305940686,0.021565211035249672,0.31707390075902,0.07448005277777782,0.04514442861111123,0.031057416744687497,0.004817133714672134,0.0762608727535998,0.038062899444444444,0.0024134222222222113,0.042578557234650656,0.015452502469460828,0.27006048526406845,0.05194043888888883,0.03418432166666663,0.327042820674845,0.15596682452534777,0.3055108326813133,0.32128451666666663,0.24949372499999978,0.020737560940754674,0.004325750579958999,0.3863074459020033,0.01204568005888889,0.004362453018888889,0.04921901075239343,0.018611385741916515,0.11478047703021801,0.0735347845566054,0.06320692868191324
13,0.0963393260541674,0.04826680583305964,0.5754180647303849,0.08850595476190477,0.0934734075,0.05729726203716166,0.03188254176129332,0.43211861895268755,0.05859950256190477,0.06234009724166667,0.07545713328770762,0.03964423058562385,0.5166408217422914,0.06562552095238094,0.06656799999999996,0.32692132137025365,0.14273885147473048,0.3863961526146304,0.1931758619047619,0.2237255233333334,0.05136993458472854,0.012424454388321684,0.32290509627475283,0.0518302557047619,0.03219253913333334,0.0750413060043929,0.03596509081669541,0.3724818159853535,0.06156633520718132,0.06695918695414882
14,0.09216345877701547,0.0086095356005187,0.157308922337792,0.11270694333333334,0.07970815166666656,0.04598608745370713,0.004421981799098962,0.10040626692752347,0.07230859523809523,0.05025508916666663,0.06871376261953277,0.012364692587590835,0.20876380768326755,0.08308830704761905,0.07746724533333338,0.6125755604349556,0.1346254794452961,0.20638624297598168,0.6577283133333334,0.6445478408333334,0.023615877745491034,0.007828851617362088,0.30152961603279693,0.0404249815847619,0.013828359178333333,0.08926185654563605,0.03296679153389387,0.32875782982288004,0.13368842653913093,0.12827690348016108
15,0.032724266045340324,0.009335453524861573,0.253635416193504,0.010912771444444446,0.01021352791666666,0.03494487921204583,0.012433539899424246,0.45418005684333,0.018282886999999994,0.0015263954999999996,0.03643771234820737,0.00969573097004942,0.3363505864017975,0.01602684772222222,0.013167387527777775,0.08642852322449011,0.029782866538634874,0.5240514514880515,0.04368129888888888,0.03374808972222221,0.045089285825880565,0.004681960290027372,0.20088148679454715,0.04132922833333335,0.015634877222222232,0.03259862107201196,0.012727416705909314,0.47165419627841604,0.015197217278361763,0.011529209876258315
16,0.0772970791473822,0.031135127614257536,0.22056188523403425,0.1150520733333333,0.05372234083333338,0.04802207002322282,0.021743617283187893,0.16400996461132153,0.08925836628571429,0.014694641416666668,0.058377339420009076,0.023455091121011906,0.17109113138913318,0.09213386904761904,0.02776380916666671,0.4214301653458366,0.15690882800653136,0.13123985934110965,0.49187252095238093,0.03952840583333339,0.026620502006593775,0.006128124173309334,0.12936614333931293,0.05241331366666667,0.006544609333333333,0.07225374355039826,0.03238862944187347,0.16547276571092884,0.10353044596715232,0.009256968504968321
17,0.09125939328652054,0.05083463840690589,0.24022944314147482,0.20048605428571428,0.1555523720833334,0.07003335343730564,0.012261107211784394,0.05638177414938291,0.10895919567619049,0.021054183253333345,0.06388954147626277,0.031920232629341946,0.18757381786085658,0.1261304019047619,0.10123095416666666,0.4579137992802303,0.13991931687649195,0.11211413561632148,0.5177256476190476,0.40451277249999995,0.0435989718904236,0.004732100820053854,0.0641473145330945,0.09560816245619048,0.0012465189341666766,0.07335234895141128,0.020818768835131358,0.0894039108972909,0.08696771022635316,0.057437512265852586
18,0.10635995078148293,0.042110388608040686,1.226226858950456,0.06045577499999997,0.008401876388889007,0.04895565254568764,0.02504527687989978,0.5283329622215619,0.059543310666666655,0.027390207444444425,0.07775560376650091,0.03403782437862837,0.852744297740358,0.04430159833333334,0.02118751305555555,0.535412904023629,0.21241859877711827,0.5255356833640973,0.3043421711111111,0.2435800955555556,0.0407561228240793,0.007719217374264829,0.24360780406850632,0.021754140055555555,0.01376220313888888,0.10099373233312585,0.026751919417296814,0.3484964970267955,0.05556930358400402,0.008123596134163191
19,0.07454134847750914,0.026811483089218168,0.27343102588049345,0.14793946805555558,0.019419557361111117,0.04802224052151969,0.012732612088030688,0.11208901424777272,0.08360798413888888,0.017063315416666662,0.051204826504060434,0.02080705172887892,0.22788435940661522,0.10062117666666666,0.019721941944444377,0.3247501907304803,0.11069828966900323,0.1566049865619232,0.43609061388888887,0.06261940333333338,0.03537758680128885,0.006161158089928947,0.12175618697040565,0.07742947072777778,0.014164364908333338,0.07288737144617968,0.03901207464298182,0.2510261239746,0.1283392707546945,0.028708643952440716
20,0.051913069136920224,0.011624086231730724,0.14770682562670814,0.051789705333333345,0.035917393444444445,0.03279804335746023,0.007476154952031569,0.1884597254908518,0.023950048888888895,0.0051616450138888895,0.03892899966047705,0.0076915624070242015,0.15227552001616415,0.041225942499999994,0.029264067944444444,0.0970531403565116,0.011468003760328303,0.0716424847507223,0.08564725477777775,0.0783816833888889,0.03195953503588766,0.005980462979481328,0.129347481285517,0.032753515722222216,0.00501965802777779,0.040541394633921014,0.012453924332501365,0.18862525436327116,0.039128869759264794,0.030036494867679578
21,0.08683628001226729,0.032630772949962146,0.19726889099824427,0.10753242888888888,0.02375092861111111,0.05979088825441509,0.014637392023747059,0.11869804919293772,0.09503211304444444,0.03472991482777778,0.06175182825802561,0.023794055725498097,0.18455375286998826,0.07597963388888888,0.015609291944444437,0.3493543534340932,0.11881223676718983,0.13725209897309393,0.3083178472222223,0.01441034638888894,0.042912690039495695,0.002923181979140033,0.04561406177451194,0.07992400955555555,0.034442746472222216,0.0819059155243486,0.01452181396602307,0.08649168545700212,0.10355132769707875,0.027363232858303055
22,0.04024518630490582,0.009599205532452556,0.22265578967123956,0.031599158571428566,0.02712180833333322,0.04093871756788473,0.004386512094051669,0.13268502968566745,0.05468148152380952,0.032352843833333325,0.032949794020044006,0.0050023735218140495,0.1505086156911332,0.024910061904761884,0.01725600249999998,0.11513821868821995,0.018871960065920425,0.10593879587685298,0.11180560761904763,0.09047438375000005,0.034274845133545756,0.012795700192780224,0.3882213959279171,0.05285018101904761,0.03708286247499999,0.04699731510201746,0.008620067560458959,0.13310457963201922,0.07705347760600907,0.05600205884772752
23,0.02381024113967842,0.00965193843560052,1.2337515217379695,0.015329156380952386,0.020917463125000008,0.03515007933663144,0.027389101678180428,0.8277770026163436,0.03860070264285714,0.02984530931249999,0.03897267260206686,0.01792757411348847,0.8599707464690387,0.031657180095238095,0.03877962398333333,0.07426096538680016,0.011307818347231989,0.8551756551022277,0.05096490205714286,0.053229476533333334,0.08698717519956617,0.02803440938442907,0.44562544284532063,0.10470549223809522,0.09002976070833335,0.022078154833528773,0.009978141823962481,1.2628874604960711,0.020053533327255412,0.02216992928879804
24,0.046476667450864075,0.02472147917705937,0.5293236130842238,0.025368083809523823,0.007880515000000088,0.031904622808102585,0.017570859994582005,0.3564123855145153,0.020744618619047618,0.014274596916666688,0.03159443185234827,0.01821092525454335,0.3881599406103233,0.02505426666666669,0.004411928333333315,0.13907397366037436,0.0731363547456388,0.3040030267300962,0.10060045666666662,0.04201079416666664,0.024768377127669976,0.00957452522367843,0.39716160432113945,0.039154616999999996,0.013972118416666693,0.03724220905922403,0.018846095315683153,0.293158923845914,0.046719710806507504,0.006193017407956358
25,0.05271151302354115,0.025403133741410927,0.9891552431475183,0.032362040555555534,0.010619206666666658,0.047485306135868634,0.013348221889838065,0.8088774037780956,0.06334078422222222,0.012547144844444446,0.042695571746849514,0.01594914747918165,1.9487119132823338,0.045023789777777774,0.01146956758333334,0.12434118444210451,0.027778089501149447,0.5825830659018155,0.12108228555555552,0.033536166388888844,0.045616083526997246,0.010678376911651456,0.3602127660681181,0.043763437055555555,0.010591040305555577,0.052182972863020004,0.019337158990339706,0.5208206899072368,0.04021908944765814,0.007475168362154783
26,0.06388980504299412,0.020835076901069064,0.20822271708529028,0.1419739995238095,0.05551962874999994,0.047275863381101346,0.025178311080136264,0.22573872454333857,0.10364014180952379,0.05744157058333334,0.04951042016799732,0.015615945744665915,0.17954081938670816,0.10235804,0.038748859999999996,0.4064626771360937,0.14283076962031607,0.19968540261736986,0.6396408828571428,0.3002854066666667,0.029128639575410554,0.004508648412184841,0.16599631946291893,0.05297451180380953,0.01825051688,0.07546625756991683,0.03965054429827333,0.285910165227276,0.11338145197061748,0.08152305464463755
27,0.10124623726441966,0.05050902236030387,0.8481980445805134,0.11789468142857139,0.10789871208333335,0.05212768418664288,0.01582784467346605,0.17648347666353348,0.04780495333333333,0.032985948125,0.07096791823332411,0.037723992621645434,0.5274648595930852,0.08825890333333332,0.09560616166666674,0.4566111039915577,0.22211438405724085,0.3784184019853722,0.5714717904761903,0.6535146249999999,0.03866664038683147,0.0033525140819713308,0.4294836209040044,0.07176392758857143,0.027529250572499997,0.07701550367445735,0.04131436154289722,0.3313540051690954,0.10979793350987684,0.11263723587725316
28,0.08608468190254098,0.03439858777553726,0.545424450574587,0.09543528285714294,0.08037178,0.04526930534469036,0.025941370492296275,0.4689906608094151,0.08185595152380955,0.04846057466666667,0.06069355368613414,0.027020763055464428,0.4397816685414167,0.054936353809523816,0.051537574166666655,0.40143161732443655,0.13220807642133633,0.21363004336119845,0.296220638095238,0.21369500333333313,0.02419518576302075,0.00719032000502603,0.14061503219994226,0.022339913857142863,0.011441370125000003,0.08352494738767106,0.03935141020419469,0.24740632513646943,0.10048657943484005,0.09060816861702825
29,0.042157170858459415,0.006857874217104635,0.6780536086419388,0.01199553476190474,0.007208545833333302,0.04012138794934828,0.008466728155836706,1.510677327188372,0.02383838209523809,0.0008044738333333468,0.03139241724270058,0.002479479350151304,0.18172212812454644,0.016455760000000007,0.004879440833333332,0.1187552468183719,0.030402751633643116,0.5819973406413982,0.02855598285714286,0.00964689333333335,0.03911229998285679,0.008131790276868826,0.521190509206776,0.03665140076190476,0.014951122333333344,0.03249994605028691,0.007270175436719363,0.25112383163835267,0.021051489126915728,0.003813487804242538
30,0.03853979791333566,0.019127804849421323,0.26639293029472927,0.07191565666666673,0.02849749305555549,0.02945272233073934,0.025907603604340367,0.36557617053883157,0.03994114444444444,0.03509756041666667,0.03148734857937448,0.021535435614855984,0.26953406350481907,0.023032953333333328,0.01697674249999992,0.291775066445815,0.14787355843062397,0.1789606260987199,0.21529942222222234,0.21810310833333402,0.018564359421838834,0.006222581898485258,0.3268222457506438,0.022686864477777777,0.0030399513166666672,0.06808866594759812,0.031011435462760435,0.2927561292950779,0.07649011705384189,0.027835086130884035
31,0.08432383564642926,0.020219940806165643,0.32094626020200684,0.07259325095238098,0.01897809666666661,0.06202623970047694,0.0137927130885762,0.17254707866280608,0.08202627380952379,0.030461632500000002,0.058799675132149176,0.018960732048449544,0.29978029279206764,0.054370985238095235,0.01802233166666667,0.4308026176552617,0.12852813627686455,0.22901612450140096,0.33106204857142857,0.1296537716666668,0.03304016434020857,0.00776223919110223,0.24763251902809094,0.04240870894285714,0.015592624650000001,0.09445627000989992,0.027334255122746235,0.28540005521124723,0.1077686455250479,0.06544638504947853
32,0.07468387695372983,0.017491864874120674,0.1316911580626887,0.09215785047619048,0.05122537000000005,0.048553984999853396,0.011564225395077656,0.08553194937451737,0.06885265543809524,0.037587388925000007,0.05465566377557066,0.008736055328457285,0.07938551260158541,0.04840469476190477,0.029306190000000065,0.38567318334570105,0.0689537813123004,0.07349182385304757,0.25847130666666657,0.17232790583333313,0.02359896402595669,0.003620510268049531,0.0853898147370635,0.02822214757142857,0.005842089025000004,0.06957132692399116,0.01898924732174141,0.09496957608244055,0.07096135462045146,0.03925035268767474
33,0.06060238183573768,0.01674188615976427,0.46962971655353536,0.1261100161904762,0.027397236666666713,0.03949776375713884,0.005306210798526903,0.20463468828001075,0.06379487542857143,0.027252061416666667,0.034234310168198806,0.012710128281097603,0.5959140994696532,0.06418969523809527,0.02621300249999997,0.1919423457849487,0.09364389519686314,0.6860289284817562,0.3031012723809523,0.18034337583333349,0.026207571515236127,0.0037291641351987754,0.23153500272217362,0.02812376033333333,0.004895742916666668,0.045114971664722885,0.00945512025142437,0.14079282614927402,0.06836361030780636,0.02679317899074113
34,0.05975930986052092,0.01695510167547796,0.19485691167437014,0.11145434619047623,0.05753024875000001,0.05118722813714537,0.018537399805295035,0.1841983135265147,0.12715083087619047,0.06307027034999999,0.04221963373985371,0.015924588360542155,0.19974165424503693,0.08051825904761907,0.047538290833333385,0.31846452606109626,0.10017576974470897,0.14909688041755975,0.5361223428571427,0.3214486999999999,0.02039131413880266,0.007176906166544719,0.19687572737960235,0.030912046176190474,0.016631602048620082,0.048859156940441996,0.022585372129238765,0.15473999484728307,0.12003458564976213,0.07333663908398058
35,0.06133783593982861,0.027746729916258598,0.4102561283311833,0.0887706580952381,0.03798693666666675,0.04502583779415734,0.021416765974111816,0.29392841892415894,0.07901020894285714,0.01029576511666666,0.03852027523962633,0.020359135899415483,0.3425897614780528,0.062201588571428566,0.024274410000000024,0.29015472496636846,0.1530836272881391,0.3022303909398372,0.38976941428571416,0.15979652499999997,0.026541725452381506,0.0019458595802173578,0.07561077751232484,0.020926749133333332,0.014926157983333337,0.05751599842704349,0.02528355627905294,0.22924770307679013,0.0785547346797342,0.028663655258576837
36,0.08487373453937502,0.03248002313086124,0.36565327173984113,0.10173630619047613,0.05696931333333327,0.04896401792310634,0.02200231204309957,0.23878528742955377,0.07920347471428571,0.044584417333333334,0.06045360636564114,0.02336911721430553,0.2965565588590702,0.07569838809523811,0.052374347499999974,0.3223408631528859,0.10572130545202577,0.21937332902654405,0.3001996933333334,0.18988407249999995,0.038447193990253405,0.014182039544774172,0.3384667508430717,0.06318754366666667,0.04118849840833332,0.0745699877290018,0.02784512102573175,0.2815320009291906,0.09305933232254396,0.054162915162573655
37,0.09707315656374639,0.024848440929224207,0.21278396467702632,0.15039272428571435,0.11671332749999996,0.09302244859041327,0.03174251499979152,0.2502110333294691,0.15209495104761905,0.08289159608333334,0.05989311304266365,0.018241787594719932,0.2328330135116681,0.0893341861904762,0.0684930866666667,0.3292805740340549,0.1095701620723938,0.189843552075798,0.4594135457142857,0.37686163583333343,0.04247330154601609,0.009843646046671038,0.24326442072511936,0.06354945961904762,0.019882781583333335,0.09651963634643464,0.022144420861957066,0.13675994166048092,0.14217659539541824,0.10129529354318245
38,0.06995538870693442,0.01484182127401169,0.14407004157400702,0.08551882952380953,0.028699910833333342,0.04045941097901162,0.01099201879529753,0.13605765633426206,0.04120202628571428,0.015622720519166664,0.045476954882192354,0.010380567889785409,0.13933419242288206,0.050501356190476195,0.017178075833333306,0.23146907767167277,0.0724355911373632,0.16877982549298584,0.2254210523809524,0.08178437333333344,0.03260816770066037,0.0038789171677562286,0.10665827336014916,0.025449351838095234,0.0038967492166666756,0.05711315982091069,0.01846318673313115,0.1914103197873665,0.05754326040473977,0.05043528444131051
39,0.04986236650995706,0.027302041072292175,0.24368332438714124,0.14677286761904762,0.08204067583333319,0.044212054551931355,0.02422811362827491,0.1959783625564363,0.12437914485714287,0.06685270511333333,0.034206333810954816,0.023719045383609548,0.25091992748001885,0.09528853095238092,0.059210894166666694,0.2431985126821388,0.15461238743065311,0.18516305804575886,0.6034875295238094,0.3547904133333333,0.019877754394417874,0.006985180640789393,0.16331627074737085,0.042699559647619054,0.013414990258333336,0.04486735444792906,0.023315424048386334,0.13868410320692998,0.11351724017365293,0.06325703764102542
40,0.10939034272997152,0.06072063021220177,1.2072575452556549,0.11651442761904761,0.09435730249999996,0.04785373560301306,0.019789904036689766,0.4593145564799032,0.06452777219047619,0.03268923588333335,0.06292026634185915,0.03446072059307832,0.7067150672679848,0.06268070333333335,0.042136675833333304,0.2739146909932791,0.15479791620883687,0.5425507852776187,0.24049726761904763,0.16073237666666673,0.056018274496642116,0.016613803474169745,0.8212965535943783,0.06111964001904762,0.0345721695,0.09227510029700964,0.04412101293929078,0.625398030400449,0.09763764679687714,0.08683202620184316
41,0.052303913371599786,0.020322121334509235,0.2879459799618186,0.10903446190476193,0.08076093000000006,0.03481338884734638,0.02693786766463409,0.32517675440198285,0.09893746028571426,0.0898291985833333,0.03940891679158865,0.02142183358011777,0.28039338600373,0.08963843428571426,0.07501365916666664,0.32350752745167455,0.18060944013616667,0.24819754011602552,0.6596857714285715,0.6050310166666668,0.02210068535574823,0.0069123118760633295,0.1784846528099934,0.024394565190476187,0.007621289449999999,0.05971958233996379,0.016552114563233192,0.10170073550305692,0.08444319298482116,0.0812413441759855
42,0.10540717954455643,0.02653306795320081,0.18287721350806674,0.17500518285714287,0.1397893383333333,0.06279317086697246,0.0275732696532472,0.1819605627541734,0.1277596198095238,0.10032373233333335,0.08327470412182346,0.02471548144515493,0.17202666103545375,0.13682022000000002,0.1218600591666667,0.6695740318851774,0.2242276558200602,0.15834415641875493,0.8762626600000002,0.8273975033333336,0.027085886893939298,0.00946804831449882,0.2631744616496629,0.03709066856190476,0.032630222241666666,0.08846657395801476,0.049810520507969316,0.22708277275674582,0.16742565837960602,0.16431112969951134
43,0.08157082450743035,0.045009330070911256,0.5095156735350324,0.12655532904761904,0.11084812083333329,0.049344733942335024,0.029152099048418447,0.45812539043523776,0.07906795561904763,0.06605041824999999,0.054853167790002516,0.03258770499819113,0.4572398169617617,0.08245212619047618,0.07547978249999998,0.34754760406901636,0.15275402355368134,0.3420459329955932,0.4175577476190477,0.35315134166666695,0.02307247099587718,0.00841543632622878,0.3479641436306552,0.043780598619047616,0.019090347333333334,0.05792620908927065,0.041185866174752256,0.4293451888502581,0.11175017215709351,0.1076643817144381
44,0.09957408992823465,0.04762642654969723,0.9219594653447317,0.057206085000000045,0.013537079166666688,0.04287763891017574,0.03479179258662211,0.4961257321993046,0.04422431952777777,0.05318042693055555,0.07397412479025174,0.03576020216161119,0.7791174700489519,0.04379341777777777,0.021455071111111113,0.3782770051016044,0.14721017151368748,0.4720598156508888,0.25209911833333326,0.02706813555555554,0.03735452397604558,0.00587352238175784,0.2267734824830345,0.04626000505555555,0.034853616473333335,0.07430236298639552,0.024076140919182944,0.32671656095924023,0.038894962226266934,0.03279916380499398
45,0.08903388779582548,0.03423544597336092,0.3623022577326793,0.09070169166666671,0.010700101666666795,0.05746053012120949,0.015795947540175145,0.17866800055466986,0.06798082783333333,0.035086560455555554,0.061401686651127226,0.024971359190547576,0.3091050672558149,0.06588696222222222,0.010087862500000044,0.41333762281311887,0.19742146593402568,0.30642189586386176,0.3769258099999999,0.09766597638888874,0.03934734019340555,0.007861558153063285,0.17711712294469198,0.05091238366666667,0.02143478197222222,0.08107137481533004,0.031035762362427062,0.2704805141121816,0.07280349412402178,0.0289339534040981
46,0.053542701079154764,0.013590522826471744,0.23773281370883567,0.0716567188888889,0.024234692222222243,0.04596174831086471,0.011542939622480982,0.2606572916912221,0.054497643534444445,0.011861252792777784,0.046908096187423164,0.007296232435516025,0.16680971102194866,0.05608571922222222,0.01993373038888889,0.14445521206824533,0.03377105362524927,0.2066285925428736,0.16880462166666663,0.054173886388888814,0.044501097614778745,0.003888425996912971,0.09247688459129394,0.04644991825,0.004981919375000005,0.05613934568420877,0.016719457044971874,0.24650278919925792,0.0369278634076783,0.02416063295449289
47,0.06106014331275117,0.031119492624125184,0.6053897083606937,0.0776341257142857,0.008046912500000114,0.03175856850011911,0.018557823112008195,0.36626598440206676,0.06612882619047619,0.01845285083333334,0.041471486184297086,0.024008456830473354,0.4814588928671783,0.051050835238095206,0.011877190000000037,0.36071835526294854,0.19185202842466753,0.335133315675047,0.44146711904761887,0.1144240999999997,0.01783540700394851,0.001617008615205179,0.09934315970251172,0.014925895095238098,0.0026395493666666672,0.06747984722624564,0.03487050536280826,0.3037603682570555,0.10412521505557207,0.0324992582919581
48,0.08623484764276924,0.03450043937025178,0.30268083214572866,0.12035972476190479,0.06255252833333336,0.06614327730539471,0.032721290222115576,0.24086634519861394,0.11662233390476193,0.08073616316666668,0.05821993029243702,0.022778489683491495,0.24911167847394797,0.08223039857142858,0.053732060000000026,0.43110654112067054,0.12684903469628098,0.162646978909502,0.42738846857142854,0.28233068083333346,0.03670291903536335,0.008369600921096731,0.18346342215246964,0.05742105752380953,0.025683519583333328,0.0894492262679301,0.03751127163528804,0.21485959846444896,0.11517250480206583,0.0886860087086907
49,0.06535484389239567,0.007006103208862253,0.19486002742247682,0.02964162095238094,0.00980484708333329,0.04275815470338098,0.012632461134583366,0.3938051929958764,0.0475799055952381,0.019403212725000007,0.04652794879717769,0.009058434951788095,0.2926971658179776,0.028900309999999967,0.015106495416666643,0.18271683589209722,0.036062358791889224,0.236405320655449,0.11238804428571425,0.013193092500000225,0.027543523861117292,0.009079755764784692,0.33348538230132485,0.03675405672380953,0.010472490133333338,0.05764168808149944,0.00848237596598637,0.10275366871026527,0.03896926732853044,0.016929783370516982
50,0.069656655673212,0.02787570250541261,0.38987374615800485,0.052521303333333304,0.014492647500000011,0.05277604910577041,0.02067677726572561,0.4536826131034201,0.09149740243333332,0.025257653805555544,0.04706371624436004,0.023052904671365674,0.4584049404459103,0.04149823277777779,0.017237184444444442,0.24341691167074134,0.1119095248281522,0.3641833813505686,0.17699886611111112,0.017874459444444324,0.042650559993913095,0.005286685716747237,0.18387276901883845,0.08851098483333335,0.01899719247222223,0.06894564656126875,0.03274598042297845,0.4281047101122454,0.05554121489519337,0.035477401621626936
51,0.10135736992734579,0.050935492290138065,0.5713367968610789,0.11460211055555553,0.06812865555555547,0.06473282091759397,0.034209763798797414,0.5849450959925059,0.06015550052777779,0.04843869870833334,0.0639481371546944,0.038169287591446575,0.5808068023818559,0.054998415833333335,0.039393469583333285,0.2586266392720949,0.14934589917723518,0.4071973600298801,0.19893281083333333,0.1736408976388889,0.03759775511497481,0.016617919252153522,0.5769556937537268,0.03535285533333333,0.033336530416666656,0.07014765742692779,0.03905161373339162,0.4523730728595196,0.07473610988709754,0.0676953391485573
52,0.04986274439757867,0.023105953397745717,0.323875565250763,0.09274945857142855,0.06668432499999999,0.041557285582763094,0.014198387546875753,0.23349197985990192,0.07060324219047619,0.034247909166666646,0.0381360507101223,0.01993173763253167,0.29634742452971236,0.06928807333333332,0.04886637249999992,0.3272976717860149,0.1474599311052815,0.22918017404275406,0.44503499904761895,0.28599648666666666,0.0241568843446235,0.003518266395393194,0.12653380021497374,0.029160800647619046,0.0046919494833333394,0.0538662421862437,0.021445251627090847,0.17024923170738934,0.08981568522493835,0.05997262502158823
53,0.08819827996724879,0.010495591113872728,0.17370383572718234,0.07964587952380953,0.032345336666666724,0.03956312306404845,0.01854868090051968,0.42871945370416403,0.0755485757142857,0.03336151499999995,0.06120765297783643,0.013475613390833769,0.23551825566050125,0.05728135190476191,0.03019698333333337,0.4612804338756134,0.09198138941087672,0.16462119453469182,0.30462833809523815,0.16471077499999986,0.01822670498315321,0.00438030400663933,0.3157139249503561,0.03021905020952381,0.0018142885083333327,0.06337459362647606,0.012756191512926375,0.17565300307292508,0.05311577190186738,0.024648390282422383
54,0.07322136232920634,0.011484149558331713,0.16055323345580094,0.07383456857142859,6.074833333336027e-05,0.06622565819419665,0.004820780879264519,0.09826589449483097,0.04676993793809524,0.018833603116666674,0.05430719694222139,0.009644940903053845,0.18292991097762892,0.04670839285714285,0.026716455833333375,0.2017304574884876,0.05020814387425637,0.21672028116157283,0.1611469442857143,0.07423187666666675,0.0645307712859355,0.011991275198812676,0.42898791562049166,0.07549381323809524,0.05185639366666667,0.08049314913578541,0.006475796199705882,0.09985496980287276,0.0584043743751634,0.0006540742972030444
55,0.0825186627162417,0.03407263685761587,0.7002449518590368,0.16566583214285716,0.18443211375000002,0.03608678198138197,0.016368516456053802,0.3770781359209811,0.061087045238095224,0.05674882208333332,0.06103865029163568,0.027625870548660825,0.6882264822246945,0.11508197595238094,0.11667811458333327,0.587978828984249,0.22347609125690487,0.5276816571745327,0.929956811904762,0.9190211166666664,0.022373996729186833,0.002750490156089212,0.23419193356271012,0.03231867383333333,0.027247038020833336,0.061058099054059074,0.012977124896546708,0.13905848218022965,0.08239329875013005,0.07203741270894704
56,0.0672981519857829,0.024273093896105966,0.21148655515548836,0.120939959047619,0.03579250666666667,0.04844862156840379,0.005303149705155614,0.04905459051648412,0.08229848790476191,0.03290916438333333,0.047375557466107894,0.01730111377054107,0.18427534247401692,0.08424096238095238,0.028515152499999974,0.2564244070666117,0.08726441664272092,0.15583505685871815,0.36513576571428574,0.19990105000000014,0.0390027973953312,0.010166209741247306,0.2055838322919229,0.07627539152380951,0.02010024191666667,0.07014959529826717,0.024027838628973147,0.1601148501096755,0.11561903067892305,0.0609300999260699
57,0.054294116846545136,0.014171333900139168,0.10148418187606331,0.09401197047619045,0.04267100833333337,0.04035851262728046,0.010728459849854122,0.09523160629788119,0.07411022293714285,0.018308731153333327,0.03883620699466539,0.014074030960335838,0.1266163342607452,0.06973959238095237,0.028002402499999968,0.26891454252112135,0.10365479568469449,0.12071296292216599,0.3632607571428572,0.14087719833333323,0.027103774313773893,0.0035024887219330513,0.07267243883593374,0.05366931904761905,0.01380212416666668,0.05930142436611493,0.019222147376451514,0.1223521547801214,0.08058848589438072,0.04247334504509165
58,0.08415537275318631,0.023703866830864034,0.2537342894233353,0.04820654194444444,0.027213762638888916,0.04641996951699592,0.006536720147821712,0.09723308268728072,0.034406645970000004,0.006186648350555555,0.0538611098341906,0.010448235498627318,0.14059350257207612,0.03166958416666667,0.012982888472222204,0.23003150226808908,0.017559445287806705,0.04657793422838155,0.10180672500000003,0.007196935277777872,0.04255587979915226,0.008577323923967572,0.19787808192123785,0.04477128138888889,0.009346757972222217,0.06098861154843296,0.009959390679778326,0.12131379861332968,0.03969918364041789,0.02928672652827463
59,0.1092529196660893,0.04304275373598376,0.6866184345635119,0.09722465555555553,0.06486370000000008,0.048382618764494484,0.02955849630473277,0.7396204638687699,0.06464856555555556,0.037722059305555555,0.0856075830502424,0.03967700053807976,0.7082515106411428,0.06760836500000007,0.06064961819444448,0.8690707711166095,0.33030044399278685,0.44933472700598903,0.7916717555555554,0.6250258027777775,0.03308425012189977,0.008679521504915662,3.7472170039408,0.019657888161111112,0.019798617072222222,0.08424602801317238,0.024853033787612458,0.3137071180462359,0.05254521985020314,0.04932100700558151
60,0.09186511283743169,0.02891514047642223,0.20353517714863573,0.0601834447619048,0.0007938758333333462,0.05734742017507405,0.01879989600808585,0.3755803082661325,0.052968462761904755,0.011046305624999989,0.07736533157118076,0.026486696031831052,0.20442724314341462,0.07506688857142861,0.020072806666666665,0.7429958626652543,0.24069097493363312,0.16637906486853565,0.42836815238095255,0.15121844583333321,0.03752853639072349,0.009224865488708633,0.3392259945574401,0.017918814028571428,0.015559483500000002,0.07006155711370449,0.03548401119823886,0.3024401130363101,0.04514213211394915,0.028311750236834687
61,0.021764991690115188,0.0055940891291590055,0.6028672303600243,0.014149933523809529,0.009647142583333351,0.030837912902253684,0.008046960253531984,0.9558959049607871,0.030824479999999998,0.026502010166666666,0.031271373793533855,0.008393955191904586,1.3362689110674593,0.015980651742857142,0.007754375825,0.0612060276831152,0.008236508419456844,0.4008292240048801,0.024106823071428578,0.01949851856250001,0.03339178928423934,0.00848839118107462,0.6169172716916415,0.02929916752380952,0.008699792083333338,0.014642098121759721,0.001979995208638357,0.30981198246861985,0.006494289448148259,0.005477644631795224
62,0.0866372841741237,0.02062838394504371,0.1251756040389364,0.07899440761904761,0.04642559833333337,0.06188203250062634,0.008284915487363665,0.05293652034805572,0.05702055671428573,0.016101571416666682,0.06175189247361507,0.012011161625597667,0.1020512789085102,0.05274830380952381,0.02981960208333334,0.2823838428734522,0.05303277984262249,0.08179588689758674,0.23547488904761904,0.19978929666666667,0.04584273914173705,0.007656312307945585,0.09098339834929342,0.0737836314285714,0.04511270137499998,0.06053347247207006,0.007144187964809899,0.05017953608970387,0.04427081836960583,0.015566910836164016
63,0.06011155325545927,0.026934882174323264,0.38593632686214785,0.04676128666666666,0.021085004166666754,0.04584582867296182,0.005265668746170183,0.156871319423218,0.037209547,0.01656467620833333,0.033067360367696426,0.010655567002361121,0.2192190313616714,0.028426863333333333,0.015455832500000016,0.14663436493887602,0.04731453690239802,0.2245735906080356,0.1251469923809524,0.07373916749999987,0.034401050707289986,0.002331051034780144,0.08861664343276557,0.05952380752380953,0.006505367916666671,0.042619340936656515,0.018180077980027274,0.2918573809939221,0.0436555013635443,0.01676159294867713
64,0.05759853076230049,0.011873285330493682,0.11426600272634291,0.11128758809523812,0.06566175833333343,0.0498788732912373,0.008130279091212335,0.06396927697690984,0.10943357895238094,0.06565552391666668,0.03944454463592653,0.005959222129594389,0.06454932825539872,0.07383352142857144,0.04405400833333334,0.3237193963365781,0.07362058459765668,0.08958838658763973,0.4940778323809524,0.38533313916666656,0.026841932161984744,0.002593938990474152,0.0661879519873932,0.020843813809523805,0.005488080125000003,0.05616842127598671,0.016930804874579902,0.12408591328924597,0.08281398481253219,0.060902990849978245
65,0.03720891008584524,0.023609919830763514,0.8214848899058302,0.0339078370952381,0.023925924166666668,0.031703214941756576,0.009319232477963511,0.4054550382354457,0.03219416480952381,0.012513436170833336,0.03179635118436658,0.01428406313231757,0.6733814409385611,0.033858292428571427,0.021089806000000016,0.08437250120776522,0.04918640829565325,0.49630313224005174,0.07099827695238094,0.023926743833333375,0.0417000382940746,0.007650884430978455,0.18460006260400919,0.03162269609523811,0.018329413416666662,0.036437272196124124,0.021944552088841454,0.6316861821039884,0.06682671249773085,0.0716269751978735
66,0.10866443788909073,0.04003394832251536,0.46298441487497255,0.1543192405555556,0.07170186486111108,0.05186323716490538,0.017828408254425363,0.2301897903062429,0.08743993555555558,0.01880051416666667,0.0738884341430807,0.0316604942092328,0.3634358486238057,0.10820020805555552,0.06260564409722219,0.5808032905256935,0.25145434403003386,0.3102729889533098,0.5984945019444444,0.3949488084027779,0.03964089912263714,0.004853531858582042,0.31670528783684476,0.05723345150222222,0.0034132014466666735,0.10126335746648694,0.005984286858375365,0.08322158995898309,0.21826141080241657,0.13648902419856707
67,0.08664667052304213,0.04118115307070925,0.41385126133463795,0.09164424571428567,0.028921683749999927,0.04973279857004729,0.010135609277586461,0.13880506907673124,0.036718617085714285,0.010650090658333333,0.06571220613510587,0.029060077859764482,0.41522491191036526,0.07541492419047621,0.029316884083333355,0.21793331233942992,0.08736720292478016,0.27131708229384544,0.20178670190476192,0.07570914583333338,0.0359384628646483,0.0091817298479455,0.2723316487251112,0.04746970647619047,0.0038905725000000085,0.06068492845875115,0.02593406122323481,0.2719903715335943,0.05723944283874834,0.023828242002944616
68,0.07518288898987213,0.006747309631977687,0.043342378129577086,0.04951673055555556,0.02102327888888883,0.04566920251320103,0.006771243174550618,0.051633019279260596,0.04445848933333333,0.0005625290277777792,0.05469076074795898,0.009648199947601964,0.07760342514870096,0.03930492555555555,0.011441930833333336,0.22643911263185734,0.03759034903889832,0.0676959879142031,0.11861731722222223,0.013006854999999984,0.044185019515888574,0.006434391303868912,0.09805646409889253,0.051200369222222236,0.016181231277777777,0.05317340748077843,0.0016439328679657011,0.010960729320723787,0.03805648246062985,0.011693417330298439
69,0.05546280485650471,0.021217649573146966,0.31268963825639917,0.03469513166666665,0.04315889611111107,0.03991511974446676,0.003245671512305071,0.08516699286602875,0.019249275444444432,0.017497417999999973,0.0418434164927351,0.01294854670845457,0.2739285411817333,0.016692898888888877,0.021372346111111107,0.15359463086696848,0.034366196687774415,0.18278591348758125,0.06055352555555555,0.07891808833333336,0.032755900345407964,0.015963644139474722,0.43248602218870297,0.026395115166666663,0.027581444138888883,0.042480759220781206,0.017977972238606615,0.3474847733031861,0.024819889071059295,0.02913685157272569
70,0.06444582042313361,0.024980993685037995,0.369728631829822,0.07618439523809527,0.013935150000000118,0.04130703198843178,0.014783788035413914,0.3274777528433374,0.03790672142857142,0.0037615049999999983,0.05265898483593109,0.009719631005994284,0.14107283664257275,0.03975636380952382,0.01646624250000006,0.2649555367002333,0.03812375539593095,0.1010472934375725,0.1288297804761904,0.06335619916666668,0.017711486690886964,0.0007040123586420116,0.10430736475643762,0.02760873245714286,0.002846596108333335,0.03808320619300443,0.013285723149980768,0.4127942272860293,0.043248818671901716,0.03028233553365678
71,0.0814809589931411,0.07840853606796169,0.5715285227989415,0.1724970572222222,0.12413175750000005,0.06199781299647583,0.06509049622099046,0.49463634880855833,0.1255225898888889,0.10662398805555556,0.07176686242682352,0.07344751826689559,0.5659280906994884,0.13476951444444443,0.11337477583333333,0.7118912916408497,0.6653414173513862,0.457097832598333,1.0895087266666665,0.9937360191666669,0.03289586070078925,0.021993397141735906,0.6227476235516616,0.04255722843333334,0.040873957877777777,0.09473272184312154,0.09409391002252435,0.5189828717337448,0.14667976584862363,0.13661803491505897
72,0.08811802526069624,0.049610897563133846,0.6849221328818323,0.1272862228571428,0.0596228870833333,0.03915846147513674,0.03036178649810833,0.4176826860685019,0.08483292642857143,0.005097608749999982,0.06231938675583864,0.03737804486910281,0.4034892979770936,0.09785683190476194,0.03274185666666668,0.3901757802791203,0.2785725256104758,0.3694570034901521,0.4143056114285715,0.016340360833333012,0.02758531458243833,0.007447880458650499,0.3058327889569501,0.03826540460952381,0.01830776475833333,0.10204163090440661,0.04588140816273083,0.6490925734496715,0.1386932490857458,0.006911503074250036
73,0.09195879856898466,0.03788053027967619,0.2598878902307589,0.12222303714285714,0.022263889583333307,0.05288511854651621,0.015212279388015913,0.1258110962494447,0.08261541152380951,0.051351399458333336,0.06534010328919516,0.03140114674761989,0.2642080180354796,0.08616209285714285,0.0325172679166667,0.3470108503373314,0.13567771230054088,0.20917323960032347,0.3164557685714286,0.08114809166666659,0.03844615901869705,0.012937696351241652,0.22959325701810646,0.08140336060952381,0.06483386574166668,0.07179362148182468,0.01750100615560622,0.11717863995210288,0.09479236609194275,0.0505637824177661
74,0.08098630736648624,0.01402104597239471,0.2066410118733165,0.09495184476190474,0.0035243575000000193,0.045988217078786565,0.027443358848572758,0.5319100351532396,0.08371711495238096,0.05012847558333336,0.056703522589583,0.016051874793519064,0.26783384904996543,0.07847478714285715,0.015369169999999932,0.4788055480089806,0.20084474375568903,0.3217272710531177,0.7029152238095239,0.20875578333333333,0.022004639968419417,0.004445207669428162,0.5687331619997349,0.04985906193809523,0.07136563894166668,0.0765751471247991,0.04783541679586551,0.3335932123786565,0.18252346182365,0.22808280866297326
75,0.07064232402505846,0.027720288587387867,0.4794320135303793,0.07029758611111118,0.06293163999999996,0.040112959285693854,0.020190799902785495,0.40209209951906477,0.07759212594444444,0.031134366750000003,0.049364774147058275,0.026094671137348695,0.5292564756755838,0.054821186111111087,0.04960146972222218,0.32121129896697176,0.22338324781706612,0.5099177655744619,0.35247275,0.287312875,0.016964594092157847,0.0026463688469294273,0.14858059328515502,0.013125007083999997,0.0014968670798888896,0.07299386066616838,0.01394540345870491,0.14730629954300614,0.05601365157081972,0.01743081040125194
76,0.05861915472093681,0.02907482718848967,0.32410399060424616,0.07893259428571428,0.04848223166666665,0.04899247310023297,0.02221955637578786,0.26206334572893214,0.03938022502857143,0.008574772766666662,0.0400588990853328,0.01770925423670215,0.25748851510237797,0.052648891428571425,0.031037985833333392,0.22312592690258368,0.11323796073045998,0.254885548090494,0.2129367438095238,0.1396026966666667,0.02635759578905905,0.01455272544476803,0.3805436650270455,0.04015092676190476,0.04170819399999999,0.06177374723057785,0.027128128025135208,0.2678735035381275,0.04544574000204076,0.022004525788467788
77,0.05414277579252826,0.029609009958316727,0.29070992655812455,0.13447237285714292,0.03272166833333334,0.043726126741116166,0.02226830283948087,0.1644107243346942,0.0741149395047619,0.017745589441666668,0.03649359212751037,0.021693185004509227,0.30200892578299154,0.08522287761904764,0.022791835833333385,0.2591893560884969,0.1348937618622588,0.22936346029189464,0.4746851380952381,0.10290048333333335,0.01962812483897447,0.0031673457810830366,0.09690456416645798,0.020146257809523806,0.013000637616666665,0.061762368076607926,0.027355656029414623,0.16034849932447615,0.08252728342303382,0.01628161779350351
78,0.0572194659830419,0.005305285238678366,0.039106916060005395,0.05991775333333336,0.013558951666666708,0.04255428017514442,0.0071522783224141585,0.0812487036483367,0.048512164952380955,0.0195316135,0.04002192692395183,0.006303648249016553,0.06168818027148769,0.04392779580952381,0.008979433833333328,0.17189121282060302,0.06482043341292712,0.12313944864974251,0.2031454228571429,0.10132551000000001,0.04412105002844648,0.005324828761359693,0.07108357102383615,0.051454408095238095,0.005540838666666659,0.05916269448646475,0.009151906598388958,0.07492370524576847,0.05079550231977864,0.030304467580524075
79,0.07784031469520221,0.029984129063431824,0.14745599384954666,0.1114768288888889,0.007143208333333206,0.05385678666011016,0.007686258067756531,0.047093348558392666,0.07818967355555556,0.01516265483333333,0.04701079286932567,0.017483966877588287,0.1252779496053363,0.07341223611111113,0.01114597277777779,0.23466915513500877,0.11022293303013095,0.14069424211796325,0.28970090333333337,0.027073914583333414,0.05443574162630166,0.02120953029274954,0.23977304870312433,0.1390659761666667,0.09661863283333331,0.06649072696570865,0.02428754379447848,0.13384736639724165,0.07480568108949169,0.04484229040715593
80,0.09396371665524002,0.015507226336335864,0.16659190738879134,0.10333111428571429,0.03450873750000005,0.06006352634764459,0.014623227205023962,0.19310336302922548,0.07673858517142858,0.022762428866666674,0.06133843976194098,0.013155794688012215,0.18890232378509375,0.07361984285714282,0.013462132083333328,0.26004478647800494,0.04428618887711751,0.14259225563501104,0.22156030238095234,0.005093454166666733,0.04860595849867689,0.020770834106528496,0.46880952285947386,0.08671462921238095,0.037316178730833344,0.07922036323200181,0.019629580788427126,0.19644573785709454,0.07921349705205759,0.03698742976709152
81,0.07653953425078931,0.03599280974103734,0.7472160219032775,0.13383486277777776,0.11618438833333328,0.054102452641005105,0.01768513761043863,0.33683164114842573,0.0715916328,0.059116467975,0.05581833626024831,0.028626215731851718,0.7688066738486519,0.0893700433333333,0.07960623694444441,0.23756449490053397,0.12561045041363278,0.6339787851040699,0.43201038888888893,0.3930165030555557,0.031117454376775353,0.004827843557774565,0.2518977568318344,0.03258372244444445,0.016043316861111115,0.06804853984478891,0.015765818803326975,0.14256761502638712,0.08298465856320032,0.07095491889981409
82,0.13099850895766435,0.04165997276124422,0.39332174834565276,0.16013858190476188,0.14649867333333333,0.10276078989460119,0.014639178645849618,0.13537210784875414,0.08808362542857143,0.08626432941666666,0.09022187364316274,0.026981536128631817,0.37702637335600325,0.10671963809523809,0.10595194500000005,0.46208077736076536,0.07558509153370419,0.17861737071314202,0.4911719504761906,0.5546686170833333,0.05610046390877274,0.026225125173513178,0.488225738200724,0.053703366457142854,0.057455480691666644,0.11259375885217315,0.021622630958767194,0.16197068466562264,0.10261430028977338,0.10065207920267921
83,0.0692639971431105,0.03280876108581861,0.3182896887474911,0.13575749190476188,0.07370408125000005,0.04825118564399081,0.012409324213359123,0.09495119770009547,0.1049888881904762,0.06055657916666665,0.04952526011676018,0.022753904643025024,0.23155836943699248,0.09200450142857143,0.0467649195833334,0.4050673497490143,0.17614239585077845,0.20018011897141372,0.5540599723809524,0.4012397950000002,0.030058559285039158,0.005501394061916905,0.14196719325862073,0.033998598161904765,0.0017126992041666539,0.07220172916840041,0.020492712636356793,0.1107153780274119,0.11410406652391962,0.06986089222998276
84,0.07462244729816822,0.016022787502704066,0.08941261375739296,0.09635709277777775,0.04854590694444444,0.05253544517259412,0.00807158400674427,0.04638254318431101,0.07599889271111111,0.007307642622222227,0.049350863875898494,0.006870556858029547,0.04701519648114822,0.06352823666666667,0.03270040833333332,0.3318941622258364,0.05417074933595339,0.04980292314222999,0.2839921594444444,0.11849002888888893,0.0353480712998982,0.006231211171932011,0.09348362048822961,0.06942187749999999,0.023233018972222214,0.06263843389188335,0.01126042162281541,0.053088501013978946,0.053731051774453926,0.020104573694234074
85,0.04445964996638122,0.020359824006472717,0.6074533929283786,0.05399665142857143,0.046697270833333304,0.031133130693839894,0.00927012063473771,0.43619468364741293,0.01633505695238095,0.0032818531749999984,0.04210874492603137,0.022739591367610775,1.4700323370336759,0.047009534476190475,0.042667977249999975,0.10893407765298448,0.04408283800558742,0.746317968374148,0.11420422133333331,0.09364076033333335,0.02396599582521562,0.008608791618425817,0.3406949221680411,0.01692991419047619,0.017057575499999977,0.030570385646485673,0.012674358443297748,0.31482636417965665,0.03009351544687634,0.024742124256868003
86,0.0942310888232475,0.0445007256018275,0.9769153962256076,0.15152399238095238,0.10283320458333323,0.06183133230391031,0.027481232906066296,0.2910372998240785,0.15540625117142856,0.08380291205833335,0.07215169938287226,0.03668792994690738,0.5779751470298682,0.11661511619047622,0.08313959916666663,0.5476156602503707,0.2566789431040184,0.33073603101009713,0.8185494428571428,0.6486453666666665,0.0221167760197386,0.0036799260604610143,0.14449846271130187,0.018320468120952383,0.007014427930833334,0.07060811601429542,0.03180610674246351,0.2870261884887765,0.1436366706453574,0.09870655204238543
87,0.052805740534981736,0.015657865224243745,0.19485872388464995,0.05378887555555557,0.03526693944444442,0.03699215147088549,0.006804865057032418,0.11100185841023832,0.0574058915,0.01815401862777777,0.03585078393946368,0.014776238312987706,0.25411827278179916,0.04363321361111112,0.02520168625000002,0.20819384848034894,0.09911565995868862,0.256813209567024,0.19061328277777786,0.12204420083333345,0.02632717103889881,0.008512206351046122,0.2880147575201998,0.018195585555555553,0.007630876138888867,0.04274240218969184,0.0031507602150670265,0.03636551040656189,0.03878641853855729,0.02994379938988645
88,0.07433147847715124,0.005020796995563131,0.05165127134993375,0.07354079555555561,0.0340087825,0.06012419591734236,0.023424012038320455,0.3167654341523193,0.049614464611111096,0.004390759583333334,0.05490116046252564,0.010062510894591654,0.1379043513632401,0.05938943388888887,0.01794966138888887,0.3022945669281035,0.05971107684775212,0.12758014862286055,0.2671235983333334,0.0440851713888889,0.029128608965259217,0.00736171121037951,0.25703731253032996,0.025220521388888886,0.0009411112499999874,0.06324337548842239,0.015345165294035745,0.14947650721559796,0.06328457505325366,0.020407049995304682
89,0.07879977200960021,0.0077190084262712556,0.054064559257482846,0.08020466571428574,0.004515478333333323,0.051869731577556345,0.008757165879582508,0.0674552712003455,0.07851717461904761,0.023391636083333334,0.06139706881352006,0.006565755857135332,0.05710035657013729,0.061451514666666686,0.006031682833333357,0.31886353160619585,0.022105909906178074,0.03323582944090035,0.17180335238095237,0.005288535000000039,0.042856788033414396,0.010532852623060786,0.21837111264013284,0.051359222380952384,0.040840230766666666,0.06407360009827116,0.012556544133330946,0.08060862143982155,0.07630738647377612,0.03108398235412435
90,0.08087836017772072,0.030280730793994376,0.21149106276979662,0.08979425952380952,0.012716649583333406,0.04166112481160921,0.010195656167286552,0.0922561467145713,0.045189909123809525,0.011430236520833331,0.05114557729432953,0.02328548776247142,0.21533681744699254,0.06620098761904761,0.026134609166666656,0.257656583713353,0.09743757999230415,0.16922781650460597,0.26513740952380954,0.09637577000000008,0.03189307538924127,0.006556148345217366,0.10869345176709093,0.05110499957142857,0.01355757216666667,0.06208777512043751,0.018174768525394708,0.13345251127825633,0.05912217676251863,0.01723436365619213
91,0.07382626431667597,0.049389596999678306,1.6162161029683642,0.07438691555555549,0.04361152805555546,0.08453163052480417,0.07454813327491604,3.295900468124842,0.03399279088888888,0.004410201500000016,0.05414446663274752,0.0400809404771613,1.7711831816318395,0.04072673500000002,0.014597447222222226,0.3581114822037712,0.27400678052881555,1.666343184014641,0.2888971744444444,0.08838446694444446,0.03193447787835501,0.018800307326058873,1.4249699874089186,0.021574299377777773,0.026250376566666664,0.07963440583513295,0.061324373804866515,1.0263703955933887,0.05616650795457336,0.003353737951772573
92,0.06259988923610528,0.028399542026576043,0.18832314180911897,0.08010862190476191,0.043045945000000085,0.05177229219426521,0.020854109159893813,0.1728508428464228,0.07417481127619048,0.005163647783333322,0.04422176560936284,0.022365059368467947,0.18766619268746287,0.06570508571428571,0.03543364666666665,0.21850771443330883,0.12488624873078717,0.20679393473888988,0.27003337761904767,0.16802285583333332,0.042700180428866134,0.01213382887029549,0.1844105437721435,0.08374207657142856,0.0016201130000000064,0.0645996320706037,0.02549396131029597,0.17759843646244255,0.07379409788972957,0.03054887915999227
93,0.08056749592226138,0.02396649245995536,0.2877918868377026,0.07643354388888889,0.007506606388888892,0.044147210312404955,0.02999510521927109,0.33467378671044157,0.06833255777777776,0.04220585111111111,0.06145034091579218,0.028385566247863966,0.2997114015321213,0.058456741666666694,0.017416925833333263,0.6365426494858882,0.29355416320671085,0.26343253025893715,0.4144842777777777,0.30846038611111126,0.021733915797919407,0.0021353998056633716,0.13690893109598323,0.015302721883333328,0.0024234193583333313,0.06425115135834762,0.034889815459650975,0.23907840810882053,0.0349374738136869,0.03166078540980277
94,0.22185154477356336,0.08792670394179795,2.261646074094314,0.15216933681428574,0.02275207650833333,0.1024987638305787,0.050388908664363546,1.4920111047698412,0.08518804719047617,0.039814675125000004,0.1675935146874924,0.06825918714996665,2.5920726321233336,0.12618429342857146,0.03355510391666666,0.6529134018550441,0.255263640773834,1.3511368089761033,0.3784380579761905,0.03390480770833315,0.053627869781383924,0.029105117666456234,1.7153824081890632,0.07492819402380953,0.053710475375,0.13578326458249815,0.06239551349119445,1.3353422427812611,0.112693784192156,0.004085186712700251
95,0.07157489263626886,0.05523171820769627,0.4407634000531957,0.15101390714285712,0.10445788583333337,0.04894403260763335,0.03125085304815495,0.3119645324225497,0.09948857076190477,0.054318712916666664,0.049522873555152856,0.04103762937459769,0.44451569794212975,0.10300094285714287,0.07422457458333331,0.3047060914769536,0.2567540710674661,0.40889595110149435,0.44133723571428574,0.3693580629166666,0.03886903568435266,0.018261406367865708,0.31908792694652494,0.09019904072380953,0.03230328853333335,0.07478347345618759,0.051474585401179725,0.3906821708019522,0.13678443950497218,0.1184158923420931
96,0.08157196479061717,0.02261602393915605,0.11952326533479364,0.06625040944444445,0.027723559444444434,0.06031538540470419,0.01552403367892195,0.12451334682918745,0.07148932561111111,0.03679718341666666,0.061493156923637333,0.01921630294523882,0.1426378368905194,0.05163503111111111,0.008748297222222201,0.3219169039303957,0.11826091254741772,0.14038161641523397,0.19358590944444443,0.09849864611111098,0.047818757988141204,0.004804208015994396,0.0727787406754558,0.07220926227777778,0.039233967083333335,0.08646278954978015,0.013775003812373903,0.08836877581285665,0.05847359956988409,0.039759235951724176
97,0.13133902166606007,0.05911775946237832,0.33087418460808277,0.11068833428571431,0.05451452833333331,0.06660881439207017,0.04178103620573726,0.28144200329617874,0.06814574409523809,0.04858876218333333,0.09430349763604902,0.04592048770104235,0.3337143383418537,0.07136108619047618,0.045491514166666636,0.5134262155283199,0.2530673298945273,0.2942302382610921,0.28786112761904753,0.20359699416666655,0.044381242533458404,0.022941380789425696,0.2624067440399457,0.056892401523809526,0.03461054066666669,0.09620568788713522,0.04803807792889847,0.30988147915933295,0.07913854038321098,0.04784932617819404
98,0.08004460755413186,0.01722298354770067,0.4517800949183165,0.08507490666666666,0.06263337499999999,0.0387505633150514,0.014829670726729366,0.35277896835434963,0.06390228838095238,0.03168477116666668,0.051353670011777756,0.01242447799016885,0.2897411331624714,0.05791721380952376,0.042752855833333325,0.33132140696346674,0.07844197152460693,0.2109616758673071,0.3327127809523809,0.23741654999999984,0.0239234366851829,0.0031482385752180796,0.1403250734475607,0.03046284511428572,0.003226487125,0.06476123702737827,0.01673103340982718,0.2191574476291616,0.09851904004360985,0.06670437101676363
99,0.06724314226914758,0.016044191043551505,0.6243785126135798,0.0675727880952381,0.008993088333333343,0.04834664812893271,0.008201702514989431,0.40805828869906824,0.05932936519047619,0.01075933536666667,0.04838419370925238,0.01134670417322164,0.4353069518497901,0.06271967104761904,0.0159141411666667,0.19204634324802905,0.03556716592661621,0.2628894128904723,0.20349646571428573,0.03156933000000006,0.034303826103214856,0.0040009001788216805,0.24076855525136945,0.05055597833333333,0.003784454749999999,0.04475841731573534,0.0009667521200358759,0.04107493682039028,0.0462677561004599,0.015954463179992162
100,0.04592520493274371,0.019469815226420665,0.7694069415852743,0.034406395714285706,0.009853007499999983,0.027362656733997282,0.0053696611905149644,0.2551617338382819,0.013904954761904769,0.0007278987499999834,0.02880725428562536,0.009636816813629883,0.493192621768082,0.029414948809523802,0.02123634366666667,0.09091745556093832,0.02012831265913364,0.278850784280671,0.08900861666666668,0.042681513333333365,0.03447749674783975,0.011714095399772334,0.4815423829125834,0.023515892952380935,0.006193855500000012,0.0338284417404348,0.012508667952970889,0.46771919605624257,0.027598133751961035,0.007595840624856409
101,0.11439901525883563,0.011775897273159149,0.061081345677432224,0.10236678523809521,0.01247870750000002,0.0837227082643079,0.009074148089978935,0.03980323354867469,0.09160749804761904,0.0033575249166666876,0.07866441992356417,0.008858760614861615,0.06074078764443921,0.06835806428571428,0.015476170833333303,0.4901908127344301,0.06823132674859059,0.0643624670976517,0.391212131904762,0.20005111416666654,0.04148764781526656,0.008126530263993419,0.09577979301099149,0.0591061900952381,0.012978887591666668,0.07989781014970006,0.023347785950643143,0.09964359055271382,0.0754208093161816,0.009454349447128474
102,0.13502462731833884,0.045617696738251376,0.4355084670907902,0.12636272277777777,0.09012561944444453,0.07836559839311875,0.03893683882408932,0.47014407099847877,0.10792256623333334,0.07027699532222223,0.10698590389032396,0.03862684893321758,0.4407567136819785,0.0964873511111111,0.06878414486111112,0.7498541379661522,0.18297534187310777,0.2667090102267015,0.40537471277777776,0.27036613305555535,0.02984670123817815,0.0138593154071162,0.9137961916502192,0.04370767296,0.031614866182222215,0.10700865237640639,0.054960221978525604,0.5892684310813922,0.09888353137619993,0.08892433485398171
103,0.07860726603025753,0.05239131016835358,0.7396171862643617,0.09544237138888893,0.04446005625000027,0.05083236857693132,0.032423167957556606,0.43722698104019875,0.08335917,0.03461888000000002,0.05849790576393841,0.039412102857672514,0.5635707792608721,0.0622843975,0.029914871805555632,0.414311704461157,0.29153537139200597,0.5127846287079347,0.3983493277777779,0.27846986388888917,0.029402322120993935,0.01204775056396185,0.5243893298496539,0.04313646057777778,0.019047567922222224,0.06866822312546868,0.042461623014475765,0.4556491185199409,0.08561853461115286,0.06393344788165356
104,0.06794494562824316,0.031181301652608056,0.7704849756636053,0.08425584380952378,0.07248844833333334,0.04896081577475391,0.02546551734113001,0.48155324765244945,0.0905241538095238,0.06289761208333333,0.05546683681238329,0.028305732661681137,0.5325154134875675,0.07202830142857139,0.06001602666666661,0.5310230193221804,0.288091162722161,0.43193715936335275,0.6897132761904761,0.6131877166666664,0.01795679704983579,0.002261409687381902,0.10301984836470619,0.019429712655333334,0.0033031983359166663,0.055609388549228145,0.028486704075672845,0.23326791016975276,0.08399034173110768,0.08267633752994141
105,0.05456701720624979,0.03811113444923437,0.5932545873364256,0.05362176444444446,0.004326756944444482,0.057051233984511986,0.04292011435786288,1.087568523126243,0.028975315,0.026278116361111145,0.057861703617673683,0.043648565569906095,0.8236043146048366,0.0528983943888889,0.01377351983333333,0.15207682881625637,0.11254234710759074,0.6550435043364242,0.11913875305555559,0.04061018291666668,0.04213865385619405,0.011910657593517181,0.46252693393841443,0.0454196943888889,0.012455919083333322,0.0530965052943389,0.020328329085593167,0.5735530168015273,0.048278568474791915,0.001002098507908944
106,0.0804350427730064,0.015106016051994664,0.07811523930832152,0.0891146223809524,0.024950831666666673,0.055239491886183094,0.0011056602812064345,0.0070487007779951585,0.06634929462380953,0.006761770091666661,0.057209677595404705,0.007643624096159116,0.050730029374179364,0.053053198952380955,0.011274214166666657,0.2572246296759561,0.042638794063160165,0.05786408693530769,0.16834565904761906,0.045322550833333364,0.051339406938585776,0.01665642799416671,0.21237363154225064,0.08897866152380951,0.029122762166666677,0.06021710532074497,0.012119626760888957,0.072316313624333,0.0698987444588259,0.043500770925754245
107,0.08119239632279344,0.03411483930763987,0.4594167259832256,0.08052076380952379,0.03235440333333328,0.04006049805141794,0.017014435794570324,0.18852976817710163,0.03601951123809522,0.03869585816666665,0.05965059211896698,0.033372324127679466,0.3856363716863008,0.05901755380952383,0.04812761666666665,0.519870707420561,0.29369972738135713,0.3302796601042164,0.4178674657142859,0.3456290700000004,0.027346067675993926,0.005186520730960876,0.24098324505109742,0.02059247640476191,0.0040384656141666695,0.07318725462372049,0.025516811721820645,0.189865653675283,0.06161342347980487,0.05415251434140833
108,0.022787799576723833,0.009022312400701032,0.33746263298283014,0.013588390555555545,0.00012642666666666524,0.02926154544984833,0.014976872189941624,0.6391894632228817,0.023397045950555553,0.011962890961944443,0.025539541074140106,0.0020789767724053777,0.1178620036684649,0.016968357444444446,0.010123280333333332,0.05874803486002821,0.015623683873868852,0.2746865652870668,0.015759735611111107,0.00170295144444442,0.03793113882032879,0.0036157007605991764,0.13659122223208456,0.01843742144444444,0.008238724972222194,0.024414531515478056,0.006906111572758724,0.12969450084983955,0.011728623057842924,0.0012674802986765155
109,0.08736969045854577,0.017331192211241377,0.09167024636650278,0.05082914222222224,0.01679214777777771,0.055656546557767,0.007296461987047153,0.045242821986862,0.04384657961111111,0.01228898794444444,0.05854363215794663,0.015539249222361905,0.10616832188366657,0.05204680666666667,0.0017342672222221966,0.31137578567643126,0.09278124946860669,0.12663237868899294,0.28711301666666666,0.03120843805555551,0.04561372306220913,0.0032051785469454255,0.03244477899787294,0.0655926055,0.030307224083333334,0.07562930541230865,0.011575644335235271,0.06156583648072832,0.047018648448408785,0.016905620478451927
110,0.06548511154738108,0.040120902578260814,0.425560020631837,0.09043616222222219,0.04490594333333331,0.04600761832855321,0.019253704290598143,0.2716153727264667,0.06610407624444443,0.012353755016666662,0.04643178638747438,0.030456070971511148,0.352420083253375,0.06153508777777777,0.03493906722222223,0.3060720965746255,0.22058573603432832,0.3683256643431745,0.294100195,0.2078655427777778,0.02739410593430648,0.00762760808027596,0.23899138264669262,0.04245072513888889,0.01734075259722222,0.06325260419708138,0.019556454012863857,0.1495998640789962,0.04690999902512621,0.021602516145241557
111,0.07118628218649194,0.022216878725138882,0.13192912474554516,0.07931838857142856,0.0026117991666666507,0.05212883508581368,0.011146013620200762,0.08833797234428448,0.0745857359047619,0.00226315304166666,0.051067461093340316,0.019431917708034253,0.1417299339258814,0.06147012619047619,0.006517445833333357,0.30941363959464013,0.12633482741172364,0.13565286585960246,0.26050849809523813,0.004439762500000111,0.044367077660473715,0.005103002767890611,0.07324882993667461,0.07550450604761905,0.0008663639583333521,0.07839627498893507,0.03184658812087905,0.1638018552499181,0.09070814633059208,0.03713506052621984
112,0.07988637664630986,0.01393233794398031,0.26958322037595694,0.060804314444444375,0.011744094999999843,0.04406167379805207,0.007976856315490905,0.260575489553799,0.02378488611111111,0.013033186388888923,0.05721321685271951,0.00964410478505855,0.24288097423162563,0.024224621666666685,0.016304863611111053,0.4066185068725745,0.12433540632011497,0.34852392443342434,0.08123537666666676,0.05972740722222225,0.024265459856245935,0.0013315020806086734,0.10562692962067083,0.019602548733333332,0.00030062157388889,0.05652066677071804,0.0073095078794616405,0.1478686749436946,0.018745806970771144,0.013352017364717583
113,0.060471615691900606,0.043961051730942266,0.5346146530240793,0.13451674777777786,0.1198017755555556,0.043973719986055516,0.0253694658910777,0.35716822801118947,0.07474081611111111,0.06337543874999998,0.04791347844446134,0.032901921149409465,0.4957923354799286,0.10481924666666666,0.09427286027777776,0.41684319752836957,0.24626269199845563,0.3595356563094963,0.7676297888888891,0.6946569333333334,0.020691738154046308,0.008976531027366083,0.4844021403183534,0.028945508611111115,0.02382900614999999,0.06602537168528584,0.040782957639095445,0.4601196283624579,0.12825356585841793,0.11469027751217337
114,0.0272831758965885,0.006374472216542246,1.1235584816732584,0.027049065476190477,0.01030212333333333,0.0377262568123656,0.022158135211270052,1.575943520883148,0.026503362904761903,0.021822485340833326,0.029091693194064946,0.01079649746825123,1.5892230317291913,0.02550580957142857,0.011600114499999994,0.07746983426828793,0.018145363625790403,0.5712728229166815,0.06573917685714285,0.016445616166666677,0.045395552794800675,0.012950125017591553,1.0463368930522654,0.02015794238095237,0.019894544999999986,0.025888455401921657,0.010708643328420657,2.794144981778597,0.024384489539989618,0.022855787418458395
115,0.058684499413067276,0.025979792126409197,0.35850034321750246,0.07999252857142859,0.05580854750000003,0.03141609221030147,0.01280821599758511,0.22826333402924662,0.03992168460736629,0.030938042523112164,0.042321445991982516,0.0201917594367941,0.3461959989159484,0.059109209523809526,0.043711178750000024,0.18399176900742034,0.08171754725008108,0.251594254472313,0.1826797052380953,0.12936552999999995,0.024298102500566004,0.0017674191990547626,0.054578475457171136,0.020695405819047615,0.0016501817583333342,0.05351105466635356,0.020938865170937748,0.25199302192052314,0.08959924734848466,0.08454702757395083
116,0.06292960736995573,0.016332080396167237,0.17752743809609192,0.05319129285714286,0.010565960000000041,0.03307902011038149,0.005961008026472609,0.11469822070292049,0.0555604550904762,0.0015400218208333344,0.04000347398445977,0.010361693815611748,0.20410098066109428,0.03757410142857143,0.006031063333333336,0.13511668646527056,0.039450720473784076,0.1585368199323433,0.1261595042857143,0.0018329691666666426,0.026445635161353186,0.010106896925787359,0.18619368251029578,0.037116383523809526,0.011774044416666657,0.043940465668331576,0.010413774862216861,0.15776720959861273,0.06060830289113612,0.0126164426355585
117,0.03206050089433236,0.014668078222421829,0.7098564274889193,0.016736102142857142,0.017280296666666667,0.07487199854011581,0.01874953946841264,0.22829774542423312,0.051116511333333337,0.019652589916666657,0.0404027565262125,0.023188497034412357,0.788430667896356,0.03830336585714284,0.034769361999999984,0.08678461803330569,0.040958809036293016,0.4381563797688523,0.0656586900952381,0.05262431549999996,0.03947998768918037,0.01546611442925763,0.36494347733860655,0.044764354323809506,0.017554554033333336,0.03782857815454564,0.021126358858146215,1.0536880965786097,0.03729886720673704,0.036526741898577686
118,0.05331512654766434,0.020619163654411528,0.39599072575044075,0.07699713285714287,0.02901639833333336,0.0460398164234131,0.031167034464889515,0.5954167795009252,0.10404757857142857,0.06116205958333337,0.04236908497010838,0.02208482756370518,0.4107030803389642,0.05020147238095236,0.032627684166666615,0.47270082098650773,0.2547012764214383,0.34441076073505117,0.46380463333333344,0.3160073333333333,0.016363383936120735,0.010388558803220089,0.6757553584433259,0.030808295380952377,0.024979897533333337,0.05924670294638226,0.01790574431665081,0.15993324868888031,0.06948719207724385,0.044691956891050766
119,0.062420044899988765,0.009159537843761115,0.3430544832240928,0.10076788571428566,0.05019748916666644,0.031815622267419054,0.007092142508140676,0.19214331849689667,0.06054914619047617,0.030329639999999963,0.0427111927897407,0.011650678878817322,0.3863436077734993,0.06283881619047618,0.03859517791666678,0.39693971817496004,0.143214470125942,0.37059380704606654,0.5407606666666667,0.39594611666666646,0.02242352759804588,0.005454195654309524,0.34079515410574357,0.01734739215238095,0.0067175629125,0.057795067199014984,0.01607232147274902,0.12554281150229588,0.09845738868467921,0.07108175775957437
120,0.08751348262336339,0.008679329743907688,0.11301479441064237,0.06524651277777777,0.008879444444444329,0.046056681989838456,0.006940441852984132,0.1112999020930463,0.05781403200000001,0.00257257741666668,0.055351378291633196,0.01199429026375702,0.1887902712544642,0.04240009722222221,0.011001088333333353,0.3364052207135153,0.05944748895983406,0.13716410427245035,0.21349567111111112,0.02384736499999973,0.02747181017159443,0.009550422323261512,0.35034807247508093,0.016364070222222225,0.002235262416666675,0.07452593871767543,0.012458421251324854,0.12384548537499837,0.06471022307964343,0.004248448342616951
121,0.07575579183377905,0.04809084341853217,0.35145663321479753,0.13196885944444445,0.06196776472222221,0.04527384867769812,0.01500306535694677,0.12316536204105244,0.08079286963888888,0.016893978236111107,0.0502918398993129,0.030937799442478462,0.26416965926010766,0.09513988277777775,0.04064261749999998,0.34043040126492397,0.18962249875896206,0.20129826975707069,0.5336241944444445,0.24181060555555578,0.02761294085239405,0.0019186447027222245,0.0521425707376993,0.041925728166666676,0.01747234422222222,0.07377157647783945,0.03084897634950233,0.1849725229593077,0.10674103991760614,0.024375807047775755
122,0.06858550134279949,0.005246114642414101,0.03429599132536832,0.11456392619047619,0.013930944166666626,0.05746398277227182,0.01414466013462761,0.10531056539836046,0.1131852806,0.04708804560833333,0.04295863899637536,0.008852238606075672,0.08740987514646685,0.08224963809523811,0.03220418833333333,0.21353012303222432,0.05501892412227907,0.09890946744898477,0.3149364057142857,0.11404347916666668,0.03759081055613136,0.003033809828786348,0.04280675516515197,0.06720285447619047,0.01149952533333333,0.05395303208578675,0.007856899023164433,0.0512277177708131,0.08175230047711735,0.022309067703383034
123,0.06466383658796468,0.025534230792677946,0.46985035327028174,0.08534704952380955,0.028398980833333365,0.03091280320945979,0.016692030972262694,0.37689142870800907,0.035398179904761906,0.019996450749999978,0.04597217904724522,0.017448273951745998,0.3567690742410443,0.05642923809523813,0.02381326874999995,0.3395072644159319,0.11161905876950089,0.2269011011759598,0.29022796190476174,0.1359603625000001,0.02470923997444602,0.002261443947094304,0.12021422580840024,0.03160993095238095,0.001573213691666667,0.05048584173291473,0.014191383842303236,0.1295716762728983,0.07363161171239466,0.02849567860092317
124,0.04558523970900425,0.01412981070097377,0.7931158529835369,0.05056139771428573,0.006984897333333323,0.031942445927568765,0.008824195157943871,0.4018518879254772,0.03340815961904763,0.000851670333333332,0.033847644758372826,0.009341215677229543,0.38871820322530803,0.03543003785714286,0.0024473609166666827,0.12088432854798603,0.019266915114753275,0.7706704095697322,0.12721237042857142,0.053419491166666666,0.047814040382755336,0.010370143252502127,0.48901901064601155,0.07456270651428572,0.02789221461666666,0.032048167095653377,0.006672740473035586,1.5671215815672495,0.03759960303828374,0.0006523517458772721
125,0.10620970861715447,0.012137170477019186,0.06672439128393264,0.10991181000000001,0.009334480555555524,0.05589128185830383,0.005256454488008734,0.03443743617728319,0.07330339863888888,0.006703114180555567,0.07039621464269148,0.009961535345393754,0.07649323519017658,0.06853559166666666,0.009340083194444404,0.3388815501391855,0.0688896506905797,0.10940384232095716,0.24834941333333335,0.0021077627777777996,0.0460749515206055,0.003607686795847105,0.041901233910214115,0.076597235,0.0003259946666666902,0.07167006498095252,0.010130969250311568,0.06052345252815255,0.07524724489189594,0.01358539176220444
126,0.06897475297249604,0.012738371592291705,0.2173353920239075,0.062487517142857114,0.02209669083333321,0.04220067531194779,0.015177086187360357,0.3612269524636375,0.07854069904761904,0.04061740249999998,0.05094433878757629,0.0066841131445774275,0.12547329797531798,0.04545583523809523,0.020923400833333328,0.3622742322330585,0.0864158997204347,0.1652949062060771,0.35264236666666676,0.21803080833333333,0.023352434265324823,0.0017049601125774553,0.1031264817584217,0.01871120018095238,0.0007542200500000006,0.05935982204328913,0.01265347146710697,0.14910835851861026,0.07445028666617852,0.032350891978911056
127,0.03272300992788806,0.005958030299283026,0.17525612993211995,0.037574949999999996,0.004317962083333349,0.034568319193670344,0.023856521106264034,1.5043921072191972,0.03351707457142857,0.014292440416666677,0.03169262804416633,0.009644994900792736,0.3223749273221681,0.023769981285714288,0.008695718083333331,0.08289369790153196,0.03680336888958002,0.5300463693028828,0.07269574476190474,0.03431783708333336,0.030524080384173532,0.011579965999804095,0.6485547841772149,0.0444865542857143,0.00991642533333334,0.03792081882913952,0.00403045190909252,0.189585903125064,0.046556857466829915,0.0022907081134899143
128,0.07418409606608227,0.017336576968420708,0.8784172035307155,0.10007825571428576,0.07253059208333335,0.03683340351900438,0.026218722420383145,0.4313144609646882,0.11283155619047618,0.07164320124999998,0.055820564561198806,0.02207595932037777,0.47552701503187816,0.08395571523809527,0.06896171041666666,0.5505204759005909,0.204645010404086,0.32721174296066824,0.7701979,0.6241990625000002,0.018933167401813434,0.006584599082739985,0.4064000835851145,0.01798738799523809,0.012040165733333335,0.07159750846062421,0.03548880121073665,0.5336430100921055,0.13758413052401006,0.12216345195862754
129,0.0647385586896538,0.020671451141706612,0.10469504347347788,0.060781079523809546,0.04571045833333337,0.051451036789629194,0.00711538543316224,0.042519528012549136,0.05945876444761904,0.03444346776666667,0.03855790235428944,0.013805196641280262,0.10241336792099226,0.043663967142857134,0.028717019999999982,0.167355846628541,0.0618823372527769,0.09280585990867908,0.21325411476190478,0.09684451416666673,0.03833398781854525,0.008546669216738684,0.1466368957144148,0.06441967709523809,0.00410152024999999,0.06872155167185202,0.014771917062309702,0.08162383553673988,0.06574038440191947,0.003520008704571309
130,0.09742676592737255,0.05098086267992545,2.0228973988984555,0.07666150904761908,0.08679286083333326,0.03552086093079945,0.01654254154010564,0.5637131851839856,0.03516351857142857,0.020259988333333312,0.06815424549678945,0.03516084556299761,0.9965680465559625,0.05900433809523812,0.04624729833333335,0.5474184568235186,0.2465421337156385,0.6952579117564628,0.48495381904761914,0.3467559958333335,0.022296065853280412,0.00032168394647383536,0.024646701650513247,0.034431029142857145,0.021514356816666663,0.08098721367770235,0.039678358992837365,0.833707450687091,0.08175874495282479,0.06828880712333418
131,0.07244898531354767,0.005492183831324466,0.05177973203576653,0.07625206333333333,0.03778776055555555,0.051209892757682056,0.012907900474131852,0.13928579632942456,0.057347858700000004,0.024697473605555548,0.050446420685339576,0.008189809883281335,0.10880090525729995,0.06120326222222222,0.01574185999999994,0.22134745741839723,0.04317585281654211,0.12246843717221856,0.21169388555555557,0.05316153833333326,0.046786546022464987,0.013387534555857653,0.2604299411645963,0.04638375808333333,0.016146637319444435,0.05565452950040084,0.0024870274116534224,0.024592430926110083,0.04602336919479633,0.01591283587993833
132,0.06282275493759402,0.03696726366964248,0.8341954969058182,0.09532620523809525,0.07831703499999998,0.033413431906400545,0.023541847684569885,0.6052337774658849,0.060251469999999994,0.044245394999999965,0.042972991181975784,0.025134900831410338,0.6099877020419697,0.06471348428571429,0.05265966249999998,0.32573792821968456,0.2018746699425336,0.4668610585108795,0.4355144523809525,0.33732882499999994,0.01993084977444821,0.0020550113141963185,0.10665363882712316,0.028603699419047612,0.0013859620333333336,0.04515128228690044,0.02532864258878333,0.2928109101002634,0.07402182351250944,0.06196282810557452
133,0.06539953933554493,0.01307217604177376,0.09435352446359994,0.052970317619047635,0.057172795000000054,0.046108148658901345,0.013404266931923408,0.11994751099980719,0.04528701004761904,0.02752116866666667,0.042827779764474945,0.0057746203148240915,0.06916219857133267,0.024429149047619034,0.022686694166666632,0.22029234794298505,0.03567840396232626,0.07297802740583394,0.1220799504761905,0.08557684499999996,0.03338536477829377,0.01503753597338023,0.201785765117444,0.035304408000000016,0.03168770900000001,0.05317779667225908,0.011385531367471752,0.08507631327041709,0.029955752393290715,0.014451484837770368
134,0.06941932556706577,0.039754602779014346,1.0001687078087969,0.10717897238095239,0.11710040000000005,0.04709919112434052,0.018435098563607494,0.7902106435294067,0.05465225414285714,0.046238893166666656,0.05524102749940724,0.03136291960674791,1.1460892362965986,0.08043788809523811,0.08815406625,0.2154057014782572,0.13667108646842643,0.7959439649881835,0.335120071904762,0.39389512125000004,0.03587946732298637,0.002071075363949394,0.08805157903711482,0.04129042133333332,0.00360654358333333,0.0501940681952335,0.031005785172850537,0.595434492309499,0.07661631353149469,0.0861095858566732
135,0.060967212019027446,0.018251443285878736,0.41954633791747353,0.0609371866666667,0.036074998333333386,0.031136960335120128,0.012172083267716778,0.3007382191030218,0.05310090038095238,0.026811414499999964,0.03976706660755865,0.012464701246417376,0.3150269301084513,0.03359713238095239,0.016584549166666684,0.31281781454615104,0.10593721973064611,0.2775927883301899,0.2338724380952383,0.13041746666666665,0.022357875929963116,0.0030529791960546113,0.2536633245715424,0.023093870238095237,0.008416278133333335,0.052014573213704146,0.017511198524502242,0.24962917933222642,0.06031148239284085,0.022305264155838778
136,0.1077719296405878,0.031710847559166026,0.2615929772447963,0.08239877277777778,0.032431979722222226,0.06034146897024969,0.022020773175245274,0.2238160285053273,0.06192922341555555,0.02256230726166667,0.07409387883529399,0.020722675379636995,0.21926373919972722,0.051768673555555554,0.018563080055555625,0.33238045798109844,0.10864980439965802,0.1974956438724085,0.21114321277777784,0.05168437749999988,0.03444267090460875,0.004074028806437806,0.09725245761836693,0.04731571209444444,0.0015395911916666546,0.09809335019763578,0.02944659629140846,0.1875306249236278,0.07406185383122155,0.04630703647643697
137,0.06911378797984423,0.03276180536647949,0.5360481122425049,0.07482195055555557,0.03161478388888883,0.05464613333332932,0.029209476291958573,0.6031742750862575,0.07066835044444444,0.02657463419444446,0.04598446801704637,0.020686610039330585,0.44607607256935217,0.041431712777777775,0.02449517805555551,0.22219150422235404,0.10155966311255422,0.340624475157577,0.21816123611111107,0.07955495250000011,0.03040407850837597,0.0065288549400940475,0.23981682048832556,0.03412452074722222,0.005643910759722218,0.06856896269977815,0.02934397235992239,0.3707439976283276,0.07138258794206605,0.023391329470225652
138,0.07828337178601309,0.021691036304188248,0.8616816090303864,0.08484254690476191,0.07524798791666676,0.04598549466850833,0.008237125041078612,0.25836338259388314,0.04509122809523809,0.003956087083333365,0.059348313532842194,0.01599965905703844,0.5260462469916081,0.05167563785714285,0.039423402083333337,0.35619671173637885,0.07363604145798215,0.31890208841967543,0.36927844285714284,0.25834319999999966,0.028545081005544395,0.0052581900098194415,0.46220275261174637,0.048131547780952376,0.029553199062499997,0.06874578030801695,0.014791667419084036,0.23053358984337236,0.07236058330679761,0.04477269490855529
139,0.0797311439991716,0.019915559732484645,0.5053610151342945,0.09458685666666665,0.03442623958333324,0.062467725146137555,0.008364135746378327,0.19061573650589694,0.054286603561904755,0.019075865033333333,0.04373958178323586,0.012784166005977208,0.4230451116141613,0.06169109095238095,0.04525644291666664,0.19355123876890304,0.06038760899101276,0.38718167872789544,0.2700039652380952,0.16036374083333338,0.04069386352377231,0.014129174474224645,0.3796952491319549,0.039539401752380944,0.0006856858666666743,0.065894073770503,0.016937480444853013,0.5092052651894879,0.06914466527945547,0.02552512418867059
140,0.10969663324451277,0.0034503585396487655,0.12545664447703792,0.0630888582222222,0.015512214888888903,0.045108905103294204,0.020706138331459158,0.906976095871952,0.037151432211111106,0.03460102444444445,0.05966240171726095,0.006290481412131425,0.16615975010690273,0.03175745244444445,0.02695236083333334,0.16885337514934287,0.01746038515108479,0.22379974025431779,0.06920989316666668,0.0030857041388888673,0.05035905280850275,0.015076950137364747,0.43071251717228426,0.0376096135,0.03543318650000003,0.07284638927361943,0.002699070294162283,0.11157960892115772,0.04359019389022889,0.0065774822291605195
141,0.0736158704284611,0.01677753695899423,0.10451547302615205,0.08492167944444444,0.0023615247222221747,0.048979576534157854,0.016983264179731162,0.13437081235570245,0.06652802327777779,0.02825781213888892,0.05602082291454341,0.017065760360515752,0.12996279336887262,0.06512395555555556,0.018571292777777804,0.47906309488322346,0.17278908854895086,0.14701154429024252,0.30845180611111106,0.13818765277777767,0.027406566969025076,0.008395088157185397,0.2712118851166535,0.022103830077777775,0.01647369798055557,0.09232381111350062,0.02585321068517507,0.15550790912004697,0.09204997628784146,0.003074289410325004
142,0.0652458220471399,0.021816329622374314,0.16111689107738725,0.15105480619047615,0.06341416999999983,0.04528024288757818,0.012752117202346517,0.09950357288622166,0.12385801514285714,0.05381650864333333,0.03949569813002763,0.018615178114367477,0.18497137079720521,0.09551790333333333,0.04224896916666665,0.22817062090124332,0.09695731694433517,0.14740351731684784,0.47237803904761905,0.1775297708333332,0.02710050310591219,0.0074922730176807265,0.12560118014208607,0.05592692638095238,0.02082081344166667,0.05551817151288548,0.021059005271730633,0.12203819694745302,0.13278155407055964,0.07185009410944543
143,0.05684813130813734,0.01709931249316527,0.17293904761242335,0.05901464095238096,0.029541084166666676,0.04140249933323529,0.010306437951387887,0.1106901658067432,0.051452156152380954,0.007449923858333346,0.03610360842948343,0.007133685661565969,0.0940675317925916,0.03457680000000001,0.010613678333333376,0.2168182399188691,0.03250847800684061,0.06507778099001868,0.1667457380952381,0.05809697333333341,0.02909131397553112,0.002905483386686501,0.07251160627801634,0.05114345476190475,0.020093192041666666,0.05846208592708163,0.004064733566836876,0.0385564445785756,0.10622945855391949,0.013628609752579124
144,0.07086488018297217,0.016581703066718596,0.3743165635871777,0.06470612,0.051126752916666574,0.031680811443500205,0.00821869389099728,0.1658469944041705,0.057267405714285693,0.0462469320833333,0.04731011425138551,0.013058505928102876,0.24172463066893712,0.04407293000000001,0.0447471608333333,0.4504057448616743,0.13713544671096295,0.22277230180409174,0.45822181904761894,0.5010191041666663,0.023959383374802034,0.0036945417630387975,0.21493303072874614,0.014488454319999998,0.002843762854783333,0.08077398140282384,0.03479355544406942,0.28860278105984005,0.09841568939781484,0.09842783715802716
145,0.05964633086187707,0.035186041584212124,0.5563389790470343,0.06486389523809524,0.07643746249999994,0.03671822374434192,0.022030264503422596,0.3811779428280445,0.056223342952380954,0.05507672549999998,0.05584803270053453,0.030869093468481806,0.5023950775217246,0.05206090095238096,0.0648421208333334,0.4908248896428085,0.24135813001565462,0.3867084687181811,0.3692053666666667,0.45333182500000024,0.01813463256418763,0.00293058097005945,0.2060507784541873,0.02592954709238095,0.010097005122500002,0.060733777353333344,0.028279993623819506,0.26654573895877076,0.06719007158484787,0.076084736020267
146,0.08378835486845194,0.026431593720928296,0.19767955401395668,0.06329274555555557,0.05896435416666673,0.04651796427293614,0.009596001267403561,0.07551340297621194,0.0862524318611111,0.004898455652777783,0.05458337275954094,0.01422300940467983,0.1289994521647963,0.056703426111111115,0.023917667222222272,0.3332928024220756,0.10614822255542007,0.15663521809189054,0.2718002316666666,0.15652979527777777,0.03845314839771378,0.01050024105105741,0.19539513465748035,0.05183968038888889,0.018553575249999982,0.06435541931537737,0.004724556779969914,0.030699562036909274,0.07465937103000841,0.029070260281792437
147,0.1250036513770099,0.06614840532825256,0.8930232395895144,0.12888316857142862,0.07026374499999999,0.061446886878360946,0.022602084898382165,0.5106875533645711,0.06484027666666667,0.03387981549999999,0.09449004878561412,0.048215319805822096,0.7121249030398377,0.09799168952380952,0.05003864666666674,0.5619506774642626,0.2873608953048127,0.6446528593183499,0.4221490066666668,0.2207183450000001,0.02266304897287655,0.006023442728090133,0.7372133764245012,0.03026262807428572,0.003567838468333334,0.11949069122877874,0.05868505763872519,1.1093585573451974,0.12459894685695969,0.036670918250269524
148,0.061665746933359224,0.019301808245230218,0.35329843606451095,0.0663471666666667,0.03481733666666664,0.03346757134090498,0.01907155654344502,0.608920569725105,0.056194592761904756,0.030267130333333336,0.04435957526256645,0.015230688543883441,0.34132119062886046,0.04763018571428569,0.02629822500000001,0.40139909476655605,0.1689901866915603,0.3057239812549846,0.3635513238095239,0.18579959166666637,0.022423639442679513,0.004198122864053749,0.21800082923617112,0.015319448647619046,0.008214833900000003,0.053423986786303335,0.02356212099280424,0.21843560789821762,0.05860426913754958,0.042671248541641615
149,0.06105722383892632,0.028681554111243204,0.43319253118285356,0.0964015323809524,0.047049822500000005,0.07225922275604298,0.034461711529586506,0.3027008751510366,0.09697738666666665,0.031255470833333354,0.052114207473502594,0.03132854279233451,0.36277513368354153,0.08008575714285712,0.03969562500000001,0.6241342244585198,0.371046063461269,0.31984973876840384,0.7730231571428572,0.35107242500000013,0.01941545058042243,0.0047326345600521395,0.27492084101248254,0.03282423264285715,0.004836870200000003,0.06768898763585025,0.03820570331337515,0.3789201858012789,0.09760032691808933,0.06592983101704952
150,0.07024109048756595,0.031047238202327725,0.41889544842481186,0.06383227666666666,0.017012909999999992,0.04731503417785866,0.023472595865512178,0.4691585875517158,0.03762335439047619,0.0016800221333333337,0.046713979067334516,0.024721689145998503,0.4141506788112285,0.03659161428571428,0.014417161250000005,0.24068098299028004,0.12588249696329398,0.3556029607570527,0.1348136323809524,0.016762782083333483,0.03798332858747467,0.006514652045031301,0.16548653422060142,0.051856177523809534,0.02896188816666667,0.06327373427046061,0.01865423876500011,0.24394436108790718,0.0475665528952595,0.0050779966548944455
151,0.09671866775694293,0.02105667109702539,0.13457315444329282,0.04719933222222222,0.018962080833333284,0.06006175359171489,0.017947823555002768,0.14141827612194335,0.046736314333333334,0.025830841833333333,0.06724569181182043,0.016583902770117277,0.13630644708400622,0.030206717777777767,0.00835087916666663,0.3205542671965356,0.08768325043718418,0.14177312793057759,0.10042324611111109,0.09625986777777767,0.041251560351654844,0.006198990577895718,0.0949288990585125,0.03572588644444444,0.013915390944444439,0.08294112033151042,0.02164770937317245,0.125964808481895,0.014229607849815034,0.002932146960800547
152,0.07355322725039636,0.023724010349464707,0.37683346776969423,0.06420204238095238,0.04889521166666666,0.03728203045041137,0.01396513791212451,0.21061881493482262,0.030524909523809523,0.02309811833333336,0.0508393081630002,0.017388865488810107,0.27824545791924066,0.030592196190476244,0.026013935833333335,0.489997309493119,0.18238920753206306,0.23942230260782318,0.2807647666666667,0.22241985833333366,0.02195522592008072,0.0016451952105551015,0.06322021949549594,0.024513697752380947,0.006332563258333337,0.049974739606675034,0.021930650601047545,0.18762577490679977,0.060143986577323304,0.056458217551695666
153,0.07756288764696079,0.03745988119022536,0.2544545782130653,0.09661579000000003,0.049175514444444346,0.05497131588379705,0.0244465673359758,0.17320150876944337,0.07518885866666668,0.025089927944444458,0.050044195466321606,0.02762034770691392,0.24870627065838533,0.0709115,0.034009552777777785,0.3254182300423391,0.1920877785710816,0.24952828646869954,0.3651644533333333,0.26815476277777783,0.032804084376592484,0.007762627220073034,0.1231771512613199,0.06712871044444445,0.00659150166666668,0.06918626327678785,0.02979358897805541,0.19263350346400535,0.08175817362896838,0.049059243098452776
154,0.06605495925287214,0.03977944942101825,0.5696568602373608,0.11596621904761903,0.08757391083333321,0.06189391201888942,0.029784714673751135,0.41683978425999796,0.09191584139999999,0.055426935808333355,0.04578380458074944,0.02619010013273826,0.4909400265355197,0.06957899238095237,0.047802270416666626,0.3076788287108544,0.1602755622632575,0.3625756828034547,0.3840509952380952,0.2623171125000001,0.03030006180531135,0.008412743549896561,0.2769076591468729,0.03960020104761904,0.008034689875,0.06795396658134552,0.026144698481752184,0.2412115734182443,0.08609194719669255,0.04568860928963925
155,0.032415045887636086,0.007984007022698034,0.38176000808731164,0.041184456095238096,0.004428969666666671,0.036099677812402954,0.01037708536465826,1.23846216602194,0.018255508809523813,0.015207377916666709,0.026885024180208782,0.005761003855835498,0.4285051197606159,0.018565618209523817,0.006798724016666667,0.07563538447679528,0.025671604154864212,0.5576411017098423,0.0592289123809524,0.026294865416666674,0.0418821894879953,0.0033441001183202902,0.10056911032158218,0.01957365238095237,0.0008927729166666176,0.023067628939737062,0.0026062852252621786,0.11543030535062479,0.016317537381760058,0.004125866603252523
156,0.07001931630997595,0.030523807722959304,0.2999567059050749,0.0792385380952381,0.023149676666666674,0.05546539138382575,0.032186228767151166,0.2948013865515478,0.06349001104761905,0.02598689241666667,0.06192163412839848,0.019598623527633058,0.23260524256449744,0.044570874285714275,0.0027193358333333917,0.545706249506026,0.16394532658785824,0.21618784183025852,0.2340913761904763,0.023280552500000162,0.027276000553486668,0.007830362306324948,0.2100381783045162,0.039624457790476186,0.004084863516666683,0.06850528653475418,0.03854720147576757,0.2950955522141105,0.0655396980818325,0.022933834392205033
157,0.049882744520959366,0.02118307276594465,0.5281112927330616,0.031303790555555544,0.008862895555555583,0.03761666896192727,0.015673449583337887,0.39480243793467773,0.03138102338888889,0.002705325683333336,0.036258659203836203,0.009709941254277179,0.2394405856604399,0.027966201111111106,0.007158203333333335,0.09592181987128008,0.04754435808209702,0.4561988794901177,0.08637372111111113,0.05701949500000003,0.03369679944242886,0.0014312930498521358,0.046332456414682206,0.023954121055555555,0.012880679861111119,0.04993985009573188,0.020997361725996196,0.5776865787859173,0.02834901280828751,0.009002209345940232
158,0.06809677375036334,0.022006556144617564,0.4584992786266823,0.06520886666666673,0.040281957500000076,0.037965174124694016,0.016819181285847345,0.3381274008869644,0.04699138619047617,0.03573773583333334,0.058419673253340625,0.024904681051693668,0.5295326870439829,0.060349563333333314,0.048773939166666724,0.6265830427060951,0.24272432693926727,0.4187105512806359,0.5902682714285713,0.45554849166666633,0.020379925862634908,0.0092854691603541,9.016294283831423,0.024762312830476193,0.0028481090650000008,0.07268192492001203,0.033552967960182284,0.3409755016996036,0.0559563676192284,0.05673817602907549
159,0.09237572918377651,0.0269659329043441,0.2726006242227981,0.05352671761904764,0.0393764425,0.04660835924594962,0.013412770304012044,0.24399668922337966,0.025446348666666674,0.016208720166666662,0.06593634254915255,0.019929095319536537,0.21112394548226698,0.04580623761904761,0.01870882833333337,0.45916238820376903,0.12603905990652609,0.19027760494215196,0.19623733333333324,0.010615579166666667,0.04136728994413777,0.003939547092622403,0.1442807340269244,0.026720392476190482,0.011688654249999986,0.09596554416162746,0.020096605909009208,0.3239645899520853,0.0788742921941649,0.05313320333357774
160,0.05248148985187238,0.01719577916692612,0.3325286536391148,0.06265837666666664,0.06762541833333324,0.03561903051500182,0.009820365917853088,0.2923006218553169,0.06121217277777776,0.031040168749999986,0.03873529433455626,0.015700326953374755,0.41926606070350875,0.04518967111111111,0.04825144569444445,0.3108846150659546,0.1431726029204383,0.41587759587131745,0.43415643333333326,0.46033730138888873,0.022062367760695766,0.006973609247650151,1.0729039964243843,0.028470220183333336,0.02175101488611111,0.0697932091276864,0.017481752966775982,0.36898771952810216,0.1151585942645849,0.03977163895653357
161,0.09615493394279774,0.04144084276636487,0.5476571218132071,0.07402471619047622,0.07983786250000002,0.0545536637150229,0.011746833945433119,0.23522160196351838,0.05439852133333333,0.04809949708333333,0.06521871981181525,0.026835336204295058,0.44316509223603895,0.04201083714285715,0.030062367499999965,0.34517416293347125,0.148808241043435,0.41566410003250903,0.18658796380952383,0.16410504250000002,0.042562315156742254,0.01278355806300487,0.5148632232928584,0.03955977947619047,0.006044702333333339,0.09834159955058487,0.029745892829763712,0.21101852872964771,0.11680526636870929,0.09303320592791708
162,0.07713095395204991,0.05483239063980264,0.31187700137986407,0.12393657444444449,0.12385586138888888,0.054874458552999224,0.02306657820842363,0.14569754370156057,0.07069368477777778,0.06778684894444445,0.05239431101077504,0.037871871702074664,0.28989560635263867,0.07913979333333333,0.07546804194444448,0.28164489914812163,0.19455224875878022,0.24561250024537548,0.3750249055555556,0.3628288430555555,0.042289183406735854,0.010687449858436981,0.11358187774377823,0.04335723533333335,0.04027351549999998,0.06827200058987777,0.024424577637030487,0.12138223735972078,0.07609145987283418,0.08446107122871693
163,0.03381325901707861,0.019572294373066543,0.3439045189813566,0.04142049238095239,0.03733638500000003,0.03306130586000101,0.010513896123736493,0.4685136232204885,0.03148214028571429,0.0012071600833333251,0.02726744267098501,0.005532379124530035,0.14696475008935156,0.019735194857142844,0.011577526333333352,0.06396589610817575,0.025273458002225857,0.30117395135441416,0.04357308428571429,0.042324695833333315,0.04261381308166506,0.007517804270709467,0.2516686393933809,0.027373787619047626,0.020638636666666654,0.023527474703031764,0.013289470456268522,0.5333828224083415,0.021563073460672853,0.019287387878454354
164,0.056354364035467376,0.024493419101478574,0.5969217515878185,0.0829491604761905,0.005680537500000082,0.033289687104769775,0.006919641645733676,0.16692541857722287,0.04136282019047619,0.005340983083333348,0.04578772710999431,0.015570132497388907,0.4175795464321609,0.06293065904761905,0.005062320000000009,0.2960686721195786,0.1178922679636905,0.4260319221023537,0.40799244238095245,0.04078360916666668,0.025244700921050547,0.004050621459980692,0.1874117532838843,0.026178282209523812,0.011023182358333335,0.04999838010182051,0.01905167378880901,0.276693266083096,0.07599927614616574,0.013368488622494845
165,0.0492967098064323,0.03398240727760385,0.6825642796066982,0.09148036083333333,0.08206849374999997,0.04531011633045571,0.008447974871015722,0.18013844670174878,0.06297792944444444,0.014896768416666664,0.03182593420804574,0.013580745097325419,0.33320684162785696,0.05887923388888888,0.03984167527777774,0.11695941600044368,0.07239339636529936,0.37465883586140214,0.1665511788888889,0.14487736555555542,0.04733845728667734,0.009586067263580418,0.27316635161916186,0.0515742875,0.012542024472222205,0.04099645179628734,0.01358271310292436,0.2550787204119717,0.05844193187771115,0.05036199699461125
166,0.07951514913833654,0.030305850373205562,0.20941719898401856,0.0492393113888889,0.008253320694444427,0.04727696765412823,0.018997169132519642,0.2025987144444016,0.045005453277777774,0.002346417194444443,0.05667916941552558,0.020555689850701553,0.18725551314567368,0.03373243249999999,0.007335976388888915,0.22674339685150238,0.10020283265464684,0.20065671032060448,0.12698606083333333,0.06759501902777781,0.045012136617308685,0.009137115009961937,0.11854867273271645,0.053827847305555565,0.001596814874999991,0.08648024519269386,0.02481657975587501,0.18482490358391856,0.04725498548838843,0.007272417582565721
167,0.07688915919353555,0.00852034742468542,0.2501849353334712,0.06222953476190472,0.025149463333333344,0.034604425669308804,0.0077546151807823755,0.3087163718217636,0.025398489523809513,0.006775477500000016,0.058099388815075946,0.016379540769100406,0.3380798388797348,0.04912382285714293,0.04183710000000007,0.6297094653186385,0.25617360857381494,0.3779182565256696,0.5501890095238096,0.5411239958333329,0.02160991853537664,0.009780311754133885,0.7109924946966287,0.02891981319809524,0.013710024148333331,0.06492029185322186,0.029711056576487756,0.27393340291606566,0.11178546281273027,0.10541480337429088
168,0.11422280478133429,0.008108692877454944,0.7995271526586498,0.09652432476190476,0.0546288408333333,0.04276174136095085,0.012364296639025565,0.4989763206805606,0.052902945238095224,0.04479983833333334,0.08509352892056671,0.01431536066399621,0.39259234560210227,0.04899420285714288,0.04234153416666675,0.858209427369319,0.25725526391570375,0.4251090665549265,0.4975501095238098,0.5217102000000002,0.028338522203641775,0.011612466439818859,0.7781465865059978,0.014673733535238096,0.0057888000891666656,0.07237889776086338,0.009767093978241794,0.06983329432670564,0.06135774156303791,0.056685221138970454
169,0.0727835005399703,0.01779894881566336,0.260098500387339,0.027164803333333327,0.013263742500000009,0.041183335834710046,0.004582773373366438,0.08334200331090644,0.03552853414285715,0.010801514791666668,0.04362512092644089,0.007598947726302157,0.20204079798897837,0.01757115142857143,0.007300589166666704,0.17091366748894096,0.047166975671857514,0.23543878806622903,0.11168163428571425,0.07604084833333324,0.03813218746320659,0.008456415212155054,0.17506757017783497,0.052291372,0.014374192083333348,0.05414245179915608,0.0123462186528595,0.1144256032548556,0.02055792099982336,0.0025967924190272162
170,0.08318635630259398,0.04504764971371109,0.43220149306969524,0.12545373555555553,0.07245744333333326,0.05037283381409174,0.02030773466356738,0.24513907021702824,0.09697864521444444,0.046802078688611096,0.06076953435039151,0.02975752580540529,0.3271487758598326,0.07899853944444445,0.04578054194444442,0.44216491708168565,0.19634519240247386,0.25148665574565543,0.509980008888889,0.22556741916666656,0.02724622254415134,0.012395293620734448,0.29398110400889943,0.05512917886666666,0.026310021561111112,0.09674331297392681,0.02099037803526305,0.1692297915292109,0.09179997201398694,0.008178150078261393
171,0.06103880807070128,0.023816590584081195,0.21172725249924162,0.046887799444444454,0.01006324083333332,0.05231976969897054,0.014066605885691395,0.14220175192496495,0.09442790311111111,0.005070409833333338,0.0456354606289742,0.02045101079115414,0.20543077254826572,0.042562570000000015,0.004527090277777757,0.295904406600812,0.16884491817996383,0.25549524576542165,0.23889923222222223,0.052660315833333415,0.03431943300915092,0.003273282853062526,0.05555319892579625,0.05007718461111111,0.0017270701944444439,0.06857485191607196,0.009285832358664509,0.06527322121812158,0.09550143591844729,0.016259069195547593
172,0.09249679616344557,0.004721886320783128,0.077681471019141,0.06563758222222225,0.04375721999999993,0.049815256224796045,0.006297325524780106,0.09275836547888798,0.036605238611111125,0.0030266308333333214,0.06332401539720232,0.005443125384818441,0.10020746060516704,0.04639255722222221,0.01932573527777781,0.48465157328852476,0.05944402445247457,0.14090791146172812,0.2585746333333333,0.11910247777777738,0.026963763978331768,0.010512706486259531,1.679112439944473,0.04549182071111111,0.040365753072222225,0.0703782261377989,0.01471619885365729,0.19999482438457722,0.07635016054175507,0.08598802527177757
173,0.07113210679708952,0.008852044152462029,0.2905141608244899,0.05583328055555559,0.019230246388888927,0.03504052699565558,0.01034865547865778,0.3916347119704094,0.025782403888888906,0.005842019722222258,0.05096358944826118,0.01252110329279215,0.4128683478058097,0.039167898888888886,0.003621776666666743,0.41675352421860173,0.11208763343459599,0.3222716115927494,0.30327950555555566,0.11845020277777785,0.02102707486064555,0.004970671301493287,1.822618999738564,0.029570381533333332,0.004000482499999998,0.07736373337090605,0.011328357252513561,0.7319613248467179,0.02948723177245982,0.016093442362837274
174,0.07757352479062782,0.04837870669932016,0.5991775075036783,0.1691440988888889,0.09967164416666663,0.05058378578988506,0.034103795158781154,0.37900504614837177,0.12840105477777777,0.055343360388888846,0.05654716946329272,0.037467720988563144,0.4570922047593288,0.11525558722222219,0.0677459333333334,0.49179676138618217,0.319174791847368,0.39012989411058985,0.7513633377777778,0.4319979116666668,0.022921379981085288,0.00254613835961207,0.1234603612012786,0.028117990444444445,0.003478984972222222,0.060043704353049974,0.03971396016941611,0.3292086461471035,0.12609908568656536,0.07522029426846222
175,0.045554697876069535,0.0104921629502674,0.24683893958767447,0.04168443666666671,0.01386575722222233,0.034502368852477865,0.005226068167091271,0.11976172844711173,0.04316471134444444,0.014114494502777776,0.03410369399801579,0.007498626963263072,0.2525703950131933,0.02973401055555556,0.008184949166666622,0.14144210934078272,0.04637017551981952,0.2413055988551049,0.16237410333333333,0.04494638277777763,0.03709712063683324,0.005688156053896721,0.2133284740679083,0.028013116183333325,0.006987832197222224,0.04930378132581256,0.008129984243843305,0.1167404174339082,0.0626481438149638,0.02729956067120265
176,0.03759329185102038,0.019010024467889935,0.6539373736125654,0.02608707666666667,0.02008701124999998,0.05080308687040952,0.024750733300485158,5.169216047599982,0.05627057085714284,0.04335259983333334,0.034312251710525696,0.019602614847741028,0.9706629191471802,0.027505879380952374,0.023389563833333335,0.08073547283813054,0.04388231681183505,0.51449972524524,0.04572464238095238,0.01003780749999994,0.053316103360228,0.017139807510722332,0.6715354521819791,0.05243975219047618,0.0006468796666666693,0.044429515077050064,0.018687662912501266,0.8917482722639397,0.016904809846173617,0.0037459764320762756
177,0.07201298714922474,0.028501979885527443,0.3036329609318479,0.10592657777777775,0.010611759166666679,0.05639350833220014,0.02692764242922694,0.25209698474226866,0.1284957147,0.033555117719444444,0.040758471666392564,0.013836572302576034,0.215404360716435,0.06205968222222222,0.005286071944444415,0.2543887257469137,0.08111714661996078,0.17464235653806953,0.3681565844444445,0.00846670000000005,0.028389827497000364,0.013116050164136226,0.4195989629656866,0.06523609527777778,0.03319221654166667,0.06478059438705856,0.02157495830790537,0.1572863933883525,0.10824692837342025,0.0322206617953914
178,0.09075270723751028,0.031782359399444765,0.22730388773948995,0.10095643750000001,0.032914821805555605,0.06874771477146904,0.027030841422624168,0.21424557589770976,0.08922276722222222,0.004660750138888891,0.06629501093439324,0.025695333747077505,0.2253338152487117,0.06532726222222222,0.011395035277777743,0.4119629379553451,0.15899740266040915,0.18845034279253814,0.30680922944444444,0.004736829722222224,0.037130911290770584,0.011342368929376597,0.20310482846194886,0.06164314863888889,0.00319061048611112,0.0976059237924255,0.019618943836783632,0.12298951128362029,0.08231545671048897,0.0014294964660426235
179,0.06246336076947681,0.030760597303858182,0.8716870895786623,0.10667560761904758,0.08908263083333323,0.03996242476057645,0.03283699932392431,0.705831101678098,0.10285406333333334,0.08393413333333338,0.045199951378573355,0.030094332419475428,0.6078552246100629,0.0753829685714286,0.0720517100000001,0.4086606125545693,0.25688406659354945,0.4130358836029446,0.6336655980952383,0.6240855691666671,0.015091418935314028,0.008185450771943823,0.5490559168401656,0.02071066286666667,0.011321487166666668,0.06111347779422099,0.03532068032387643,0.3073706588152043,0.10587527390711114,0.11029173212458909
180,0.10928144317922406,0.04823312955100951,0.2806576233043459,0.13268846944444446,0.08024610972222235,0.0570673296173184,0.01346230625585002,0.09404994672072858,0.09704955055555554,0.00869747875,0.07107253062710957,0.032938893907373444,0.23301171998298853,0.08650986966666667,0.056307346444444434,0.4134084589741625,0.15940307948110666,0.16905835785289222,0.3755208838888889,0.20643581416666668,0.03973051022881823,0.006531517524265448,0.09422164560782494,0.07122463805555557,0.02598421783333331,0.09928537211836175,0.023611825418545306,0.12807417677165436,0.11777611072573176,0.0008964074540089295
181,0.043728398826432445,0.010573769839897076,0.12743616920601827,0.038417255000000004,0.02413001777777779,0.04288885735980799,0.009589368985480953,0.19478840410817005,0.04006139203333334,0.0073660418000000005,0.03208747864277015,0.009149169976656069,0.14681382063288356,0.032261328222222226,0.013704006888888898,0.13514568771252813,0.03100023022582062,0.10190360952237866,0.11655849666666662,0.01344429944444453,0.04127747500951271,0.006971948222622257,0.17913175087868996,0.039075838277777775,0.01712177640000001,0.05940622863737746,0.004175932395270017,0.06261097570155923,0.05016845602981287,0.037601264305055254
182,0.14711869638234482,0.05649283011240251,0.3901216096041962,0.1491427918095238,0.10752884033333338,0.07929834626378583,0.028971726298198424,0.2113338100444379,0.08625646209523809,0.052020840391666656,0.10058187313401969,0.04098859271923404,0.38911827497457435,0.10613660485714285,0.0838764088333333,0.4452675557773787,0.18688472957801172,0.27411163318692133,0.4768673057142857,0.38201622833333326,0.04915026219824618,0.01217782898302695,0.23547293752486081,0.06764119357142856,0.03697497318833333,0.1126519428897015,0.029326337696499737,0.16933971911470497,0.11448231067000762,0.00860653967391789
183,0.09190043578234112,0.028857460380009897,0.31405716583863635,0.18802884944444442,0.08632797972222228,0.08269388272239302,0.02907132762272206,0.31186776156365753,0.12653175455555554,0.07259756436111107,0.06527623852307708,0.020759949037436498,0.28349461347164867,0.1176393666666667,0.0599995061111111,0.4984320185971855,0.16650509612971343,0.259756486464237,0.6768826583333335,0.38119526250000013,0.029921530790972064,0.008744857652300264,0.28060754381231795,0.04480015578333333,0.029960794894444448,0.10592364641670694,0.03152782924965213,0.2168017843783531,0.1487802258311461,0.10006852532042099
184,0.08619624197726143,0.056074534122417065,0.5392255634793891,0.11719008476190478,0.11394964583333334,0.05192439041137565,0.036604298292794754,0.28339981246344254,0.12983288466666668,0.09826942335833334,0.06228083745135832,0.0395844193290368,0.39984663545811067,0.09021063285714284,0.08635231083333333,0.443984372410372,0.27028356297517026,0.31656037337954684,0.5148260885714285,0.45197066333333336,0.03195767826025661,0.012477786548797179,0.293912710267772,0.05418484490476191,0.03564707566666667,0.08169265487041776,0.04990002367237879,0.3175952062564403,0.11875835008077083,0.11677052631031198
185,0.031038779088840663,0.009045693112958667,0.35478982948874155,0.027580938857142856,0.021601578208333333,0.0419124587914467,0.008310934084626288,0.47688208880632016,0.01688865047619048,0.009956739999999992,0.0370298786665905,0.010515371023204725,0.8460880256380514,0.03162643338095238,0.033521648125000005,0.08772867633394889,0.027675439257974877,0.7458476810674995,0.0611599999047619,0.026115464250000026,0.0444069713696514,0.004295927998226737,0.13312403422579008,0.0335098810952381,0.013865407791666673,0.02857255653783702,0.002583238933383019,0.3926448311798989,0.018072785066537003,0.008202816460582796
186,0.101272419051214,0.038470607141629636,0.5041297207320016,0.11643329857142855,0.10262877041666668,0.059631152374525126,0.01936944861669796,0.3020673085014468,0.06437460819047618,0.04080806041666667,0.07036980003413157,0.027524748145465835,0.4958745910997352,0.08475821952380953,0.07467637791666668,0.25293001174224267,0.09649697245119282,0.36422092983914134,0.2419179561904762,0.21759520166666674,0.05246058246925434,0.00715807245598518,0.20044689264887072,0.06730649010809524,0.025331794168333338,0.08457760366581392,0.01674248998243152,0.24192197507562205,0.10128728665236648,0.09835827797538413
187,0.07774731494756765,0.0352630389741511,0.705879282977415,0.10208538428571425,0.05450574083333337,0.04887634785442591,0.013331814910790647,0.3530079961712724,0.04799836962575238,0.026680123331075,0.0493174281486508,0.021249529314410313,0.5254960587394054,0.06380123999999998,0.017858328333333312,0.16818585965739455,0.0627241685604398,0.38527011407253053,0.22570611095238097,0.08287463666666672,0.04441515933007275,0.001537418684647053,0.050085633628039986,0.046321037142857145,0.003572280583333337,0.054070067347864396,0.02718600890432578,0.46079762968999755,0.05342239057258961,0.023263592569043035
188,0.06488656156366408,0.016648870829255723,0.14281808310816307,0.06570685000000001,0.02853907166666675,0.04569959353000058,0.005570963746970311,0.0542409950681748,0.07248260044285715,0.023733218779166666,0.04358989594974919,0.011692263953439749,0.13241931657480208,0.05916485857142859,0.015565989166666627,0.20375321350534206,0.0620708822057977,0.1322400487578246,0.2505288704761904,0.049363890833333146,0.036392770707730886,0.0068631581297351595,0.13434886226023982,0.05030184142857143,0.015150880333333339,0.059979956746771,0.013508492653757696,0.09851244639804264,0.06177989679222362,0.023281997135275956
189,0.09047042234040559,0.01983865723324736,0.4251805261515933,0.06457426619047617,0.014417826666666578,0.04374053556618873,0.011271409683519926,0.3043889070205225,0.04385947571428572,0.006231998333333266,0.06027569033536018,0.018194272295203904,0.40530118762024503,0.04270802380952386,0.024545845833333302,0.49718253176442534,0.1473607364970594,0.28635872632109616,0.339104219047619,0.18007324583333295,0.010499469472001281,0.0020254921202624283,1.216158074954637,0.013270262480952384,0.007588252383333333,0.07021131637709696,0.014879980842018343,0.3448529637274133,0.08568233718856551,0.08107494897828427
190,0.04762037935915653,0.018538498400245292,0.33050102991182917,0.03468535571428571,0.03403607,0.04051438853218548,0.013959842803877225,0.4378505599546798,0.027313789476190477,0.02329213169166667,0.03593915334764881,0.0109064526112825,0.2840868674875125,0.020547560714285713,0.01985678208333333,0.11105035380182077,0.0342853947038483,0.25607315245266477,0.08736377666666666,0.10619417416666665,0.03000192961313176,0.007246714907245816,0.19015737076873837,0.02998097409523809,0.02207567799999996,0.04380856686637824,0.009190409418595735,0.15537893456516866,0.039165767955365416,0.030487191362295968
191,0.06392853092917622,0.006467109553933543,0.1389103239321657,0.09829045904761911,0.020758612083333183,0.030607828369442352,0.004313759680524123,0.13555863186058462,0.049505204285714276,0.007811339583333354,0.04907911077295413,0.0075312489022366265,0.18116797495052603,0.06063077428571432,0.007084725416666604,0.5363397371712789,0.027976940635888948,0.04786331503509327,0.6334874809523809,0.22297999583333317,0.01123748276539466,0.0007676249706831666,0.5795412773237949,0.02047137470952381,0.013104864458333334,0.05116598482594692,0.0014051040781371707,0.01977611299003418,0.06822407211390034,0.01706614043644472
192,0.06350611949576741,0.02319883079751229,0.5679303812226016,0.06298164111111111,0.03487467611111117,0.04932925930650131,0.010283400196546515,0.6052022825825506,0.032702805555555554,0.024391676805555554,0.04375624441527387,0.017210924353670862,0.658893159890077,0.040864922666666664,0.02531204533333331,0.1253099451034393,0.04197298567326126,0.4166617560253944,0.11383525055555554,0.04630821527777779,0.04469264385714108,0.009147541507789922,0.5450872187983569,0.023134729388888896,0.009008559638888886,0.054002130122370595,0.02187538544604179,0.5402915789079494,0.07050444573151003,0.06329342786046785
193,0.06810320802734186,0.01536964208364675,0.2815145991902747,0.07199858055555551,0.051307906944444426,0.04911267377209907,0.009511193059535043,0.17926990630373724,0.07617669422222222,0.03642322575000001,0.04028999690005444,0.0034525735217403653,0.09145680342907064,0.03861023722222221,0.015054603611111106,0.2006132465227403,0.021499120246619728,0.08222145361088039,0.20356142833333335,0.09458787277777758,0.028775159686621754,0.005284957687611936,0.19730903102232447,0.044356984311111104,0.023638419005555557,0.060718855627519414,0.011164828701634254,0.14100727157346785,0.08458665348055157,0.06899683256673284
194,0.06738300154103663,0.01679869249185832,0.22459164386504799,0.09404743444444451,0.009344035277777829,0.0557134775894552,0.009859654784957692,0.10754746521456565,0.09716584411111111,0.012527151083333327,0.04290144556542166,0.012931779102725133,0.1902425943988906,0.053398119444444454,0.011759665833333321,0.26603032268315335,0.09582763769686779,0.21166321000131574,0.2797680088888889,0.0702553772222223,0.023639223407068585,0.003841939488259758,0.1290988143823592,0.02813266864444444,0.009340461272222225,0.08931176210676896,0.008114117370624261,0.059670340658108285,0.10486577582232248,0.017505695199169502
195,0.09336274087161449,0.03607123054374317,0.9371756802171433,0.0856478261111111,0.044867502499999934,0.0611959645261082,0.018613133671094843,0.6343880664683822,0.04879544761111112,0.011760762388888901,0.06753320729284212,0.01577808475028579,0.7677919843932574,0.06088629222222222,0.019511538888888846,0.3302901135115478,0.07356099258582557,0.48589375847583843,0.3011037455555556,0.043519969722222385,0.037852865704318193,0.003750821223530871,0.16991958121263304,0.024621530822222227,0.0035695739333333337,0.0790350300802972,0.02125384128800978,0.47516184721862437,0.0626423407520897,0.0203104202416719
196,0.08757942898321523,0.020235804850662113,0.22633255394371088,0.12672136809523807,0.08022980833333337,0.039369301075474455,0.014747404313855449,0.15012600861093217,0.11080549947619048,0.03532295487500001,0.062266378982102695,0.013396681950838625,0.16421488992141187,0.08524926190476188,0.05809061166666668,0.4657760746983448,0.0771211349542466,0.11313611835548613,0.47548378857142876,0.3670214275000001,0.035737029549518406,0.011747389063040107,0.31073502132978187,0.03659877238095238,0.014455227666666667,0.06641087896002189,0.019598723928992458,0.14559061031012455,0.09259628901796604,0.016345496951582328
197,0.06725224405765014,0.032561933662376225,0.31642266775625383,0.10846764142857143,0.06105515499999997,0.04202994078898974,0.014394704456790091,0.2051875367494081,0.07281182905714285,0.039700799550000006,0.04424262707551408,0.021540125789547986,0.2649134370889572,0.05755072,0.03797322333333336,0.19038044268412677,0.10226014995721174,0.25719123771907826,0.1813639704761905,0.10906201166666651,0.02306235926015183,0.005989120566180776,0.18018415712958444,0.028600726952380955,0.004010319833333345,0.05726317617899062,0.016792384407428335,0.1990111684383654,0.07991407868379197,0.045265625631377815
198,0.0955084973438484,0.038088796552007545,0.3713263730012441,0.11760584638888892,0.07464506236111113,0.053141144510494336,0.014313637699979653,0.12646825137817394,0.09011300295,0.05130666774722223,0.06589803480932017,0.02294788166386467,0.22125256992782247,0.09095307222222222,0.059373562222222176,0.4796785627788602,0.1519326741304493,0.21109134030840998,0.5869647672222222,0.4293489802777779,0.030479185257999673,0.008850311242762471,0.19002669785763138,0.06731118323333332,0.02354756545555555,0.07803049033571406,0.02486980453835821,0.15912663433279894,0.10966799044525359,0.07721895161673753
199,0.0651857329415923,0.013939165861849196,0.17398604483433175,0.07138363999999997,0.020524554166666653,0.043495047055132484,0.021616338192414077,0.29045811095675883,0.09223544624761905,0.04454702355000001,0.04382280113606717,0.016169276035696095,0.20228083312426473,0.052609350000000006,0.03238397916666669,0.35536690390078407,0.09294231528012992,0.15892152594881903,0.34163047904761906,0.1991294941666668,0.02396861907130839,0.006762914810137019,0.2543857159528928,0.020678809333333333,0.004142513083333334,0.07865243507579457,0.024981024515486196,0.27121106028232606,0.09563787866319227,0.05800193560621547
200,0.06617677445755894,0.04211521607771677,0.4418932398044887,0.1146339390476191,0.07963438916666665,0.04969337181435982,0.03125382168516623,0.30636812268246916,0.10591186780952382,0.05807976825,0.04903065987477246,0.036366166277538865,0.4114322166250018,0.06718305190476193,0.049680059166666735,0.3988724668751081,0.26289626330154003,0.26356373091230656,0.5696183857142858,0.40263933333333335,0.02257651094439196,0.008255158977929184,0.24467156616285232,0.02724889316857143,0.010891309260000006,0.07074147489254008,0.027481758795066577,0.1481830198255094,0.09462062857508442,0.06034964771232221
201,0.08357090137839014,0.045960193187226446,0.3272694695601498,0.10887536166666661,0.06888129361111106,0.05744234971960207,0.017710111007586654,0.12848705241227124,0.0970480765611111,0.021526728300000006,0.0628104032803195,0.03851777222586658,0.28683585961402547,0.09761047388888888,0.053489829444444414,0.4764484361900229,0.2727054740910077,0.2321532827805942,0.5555065177777779,0.31726543527777773,0.02785538973373107,0.010569866532263045,0.20382174963136976,0.06593863761111111,0.017814390499999992,0.08529315700521524,0.0385526912670154,0.22179458478059458,0.12708138226409244,0.03948766967676115
202,0.10678842283287092,0.045619271152917626,0.733082121640059,0.11728958761904762,0.11501352083333338,0.07955070924789982,0.01451806452891586,0.3232722525856099,0.07996021485714286,0.07631521558333333,0.07059446293078776,0.027020890665407537,0.6158728225967776,0.07872041285714289,0.07572866500000008,0.3590683232026017,0.08355154666964977,0.3444057334246166,0.3285307533333333,0.35356523416666674,0.04369513488229702,0.007559300218663825,0.29308095620870883,0.03641527676190476,0.031592706166666665,0.08410674144563164,0.0260942294418514,0.41404143785996816,0.08570402729490059,0.07924811453853065
203,0.0689310727871006,0.00512740628338805,0.06542557923949938,0.03100231611111114,0.025413293055555508,0.03854292700203716,0.007721957526174082,0.12463809154073872,0.02255601765,0.02600623466944444,0.04196664000790749,0.008733754319397156,0.1614680562398029,0.02995874722222221,0.029964633611111097,0.19411591509445536,0.049412828781003906,0.18581469101638173,0.12058660833333334,0.12492642333333326,0.060534076233007876,0.025998387999029194,0.8923806417826348,0.05098004391666667,0.05481462054166668,0.054809819909685815,0.0086706609521381,0.09967775226327973,0.022028682906812213,0.023316785947883334
204,0.07859344307386008,0.04089292276814321,0.6234325174643248,0.10204697888888886,0.07278113777777773,0.07684351618679569,0.04630319766792841,0.7340161399965147,0.08092338133333334,0.06411270405555555,0.05244755615870874,0.0277661627454587,0.5586449870392615,0.0682803988888889,0.05246068194444442,0.3300038630704966,0.20919880476253,0.581870964322176,0.42731100166666663,0.3126779338888892,0.03475984079889162,0.015169587588800998,0.5280629698971624,0.05190412555555556,0.03999417769444444,0.10025484439755962,0.05921719398486869,0.8168770157602147,0.1640967198506161,0.14300176691496258
205,0.04122237410902161,0.004353527632060682,1.766880174053252,0.02057726523809524,0.0013563800000000181,0.04004104965575877,0.012566633029751528,1.1330781589106873,0.020550735714285708,0.009987962500000003,0.03315259284250082,0.008600608671460518,0.4696462009418254,0.02783510674285714,0.03237399315,0.08942051145978247,0.025858545192155708,2.15427353819018,0.10778737000000002,0.07553472424999999,0.06660165548062062,0.017320908432362305,0.5806758334941136,0.024816835714285713,0.018981554999999983,0.027109199260261396,0.004775734957672399,0.41322698518613554,0.013692427925502279,0.0015337829843727474
206,0.08379081382762014,0.053290188427877874,0.5192898525483975,0.13497213888888887,0.11122425972222216,0.05050129102673429,0.027227480814313063,0.2955520871333284,0.08259087913333332,0.04806118928055558,0.058271037851677594,0.04155452510184159,0.48377190891307376,0.09879762388888887,0.08819126222222223,0.36007328541977063,0.23831558814936138,0.39521861136683456,0.44547124611111116,0.40725966277777803,0.0325179428212402,0.014934739587608336,0.5521845044620429,0.056679919705555554,0.036354378686111105,0.23469306083921046,0.1301605183760993,0.630661104246977,0.3824530669551116,0.47792116334274465
207,0.0865338644858381,0.02744190824481219,0.31079947589021867,0.09861848444444445,0.015525159999999927,0.05055761006179621,0.01190036106623063,0.20286119781103265,0.05927821766666667,0.006288487638888892,0.06316004393039303,0.023849142882062704,0.36114237905999796,0.07393440611111111,0.013877820833333387,0.3172538841441615,0.08390932421370197,0.24198169612638706,0.32690659499999986,0.04264707444444438,0.03117441340788725,0.007017326698223383,0.1772302684033765,0.038109022611111106,0.0016118704444444548,0.06193270540376448,0.015098967396382695,0.24122339113939226,0.05718377904666395,0.0041806630979480675
208,0.08779410794310467,0.033025839440233754,1.3664200066286607,0.09334719095238096,0.06990122833333334,0.04593761489781419,0.012600749268683806,0.2650694226734074,0.07078301771428572,0.03222782825833334,0.053380486048539115,0.00583194466780208,0.5342491854050267,0.056984740952380944,0.03068455033333331,0.17977930239937467,0.052126040025875224,0.7673663749992052,0.17792002285714284,0.13315286333333332,0.05217554269791432,0.014326031746189424,0.4302531586650342,0.02240535119047618,0.0025139533333333186,0.046374300125613964,0.0064705050971069385,0.09972252828917419,0.05108982598411709,0.03116515722509075
209,0.0732430456620435,0.023443360753727507,0.3141794219422802,0.0620499576190476,0.03172016166666669,0.04281744262301379,0.019881852923732315,0.2512915175853739,0.06749571209523811,0.01562569766666666,0.04941301570658182,0.01780916077138962,0.2622612628340403,0.05074933999999999,0.02245027833333335,0.3043386713138875,0.11480455573087676,0.1985303488292273,0.30116935714285703,0.13081191250000002,0.021174326262956105,0.001965468018560056,0.10368803787111774,0.03064265852380952,0.009006572649999996,0.055785830779701534,0.02315301379866206,0.2313716833439356,0.07967465369774458,0.04208323624597188
210,0.10696918048839683,0.020512534837778193,0.5928395984907933,0.09895705166666663,0.030801328611110956,0.060867771207622885,0.012812580784913019,0.3381337575081043,0.07392203455555553,0.02483623661111109,0.072621638572173,0.01671730769817718,0.47788964549632423,0.07209793888888888,0.026275443611111116,0.5185548684195626,0.08944910979249089,0.27921649542855176,0.3877340777777778,0.11444890138888875,0.05314483761171299,0.025462318354497002,7.484403413639756,0.047800544699999996,0.03797563570000001,0.12566744242412037,0.06575276766693836,1.708290705596579,0.11507802545003441,0.07055831051480921
211,0.057874335167556995,0.032233029801324836,0.4146982016248206,0.09676727888888892,0.08175945000000001,0.03640581069714783,0.010027166935660746,0.14745674465519604,0.05399037477777777,0.028822280972222225,0.03582296550904624,0.021850872535153026,0.35355776727796,0.06354526722222222,0.05224363722222225,0.16833505147838815,0.10269643470993854,0.31665574549110903,0.30840622277777774,0.2619415966666666,0.032185975572097146,0.006200806864965387,0.1903994617609508,0.024616922333333333,0.01524999905555556,0.046284382321822165,0.019609615757981223,0.2285012698938477,0.06066027389932377,0.03117575532726541
212,0.09985658796239912,0.0503158499334949,0.41718709771543083,0.23729290333333328,0.16399294916666662,0.06378283162295964,0.03974653190025807,0.32478270860014036,0.17907906844761906,0.11943383872499999,0.0698719180199937,0.0383432435671616,0.37014956045302433,0.16346139285714284,0.1137051,0.44871029572928456,0.19675639550493165,0.2122272302612085,0.8637469095238096,0.5643352500000001,0.030950288356199094,0.016950604715593447,0.32845328787438843,0.06202559616190475,0.04184889055833332,0.08066518170860278,0.03966158599486177,0.2361405413761079,0.1980758447219472,0.1420381573250616
213,0.0683360238479015,0.015076405107555367,0.4476494551913268,0.05322073444444445,0.038515812222222334,0.03861420945122062,0.009914684723605936,0.4148144817252739,0.053839265555555564,0.0214475483333334,0.0471857272185102,0.012391412160753507,0.48969134814550724,0.036751592222222296,0.025241916666666753,0.3537479467856203,0.10181812112743971,0.2646456031681212,0.2837114666666665,0.19989759722222233,0.01999658532694837,0.010658292763315418,1.389047490480746,0.017376001774444445,0.01896609616444445,0.06611545305562325,0.020512727881337536,0.20772138265042023,0.09342296226620182,0.0499845678427
214,0.07737179144501664,0.0435441885048678,0.2646409352847162,0.11657530833333334,0.01994664444444444,0.049332002072086545,0.012229297442467237,0.0778924015672333,0.09960462493333333,0.024123243730555563,0.056968407082864596,0.032829956316423485,0.2260260809524308,0.08868093277777778,0.019477986111111123,0.36181549930845996,0.18447885322971125,0.20046377072898788,0.4032040627777778,0.11879877944444461,0.036898782992925455,0.010131398220783754,0.1383158322156542,0.08709757383333333,0.010663214805555543,0.06365570289259594,0.024605924121998198,0.15218275725265126,0.10696670752018837,0.03733777179689973
215,0.03465709435306441,0.01215726210645708,0.44186261830344653,0.02402142533333333,0.023775183694444424,0.04698528764012037,0.004937811335931333,0.17091724210148485,0.024202916611111108,0.02103952758333333,0.03253766968615725,0.004433151104914139,0.18899474231847185,0.018948344266666667,0.015812344766666674,0.09861404895115326,0.031765546669373104,0.5289560988564975,0.04252425944444444,0.0406909691666667,0.04631705492506715,0.01569976925221859,0.4102519799147236,0.020027036000000005,0.014949515972222244,0.03689113244610332,0.013532561740570078,0.6349102438646826,0.02412145637526275,0.02327024612457433
216,0.06002584050416437,0.027137668219190614,0.5018707723563179,0.08955810055555556,0.04813605999999998,0.039042093873866805,0.029977998156752884,0.7076034113980549,0.08713129116666667,0.06708622527777779,0.04329306216576633,0.021446538951325145,0.4172406061934102,0.07031050777777781,0.04125913111111107,0.20615232786331572,0.0967863051176838,0.3572365320673006,0.3359392922222222,0.18932442361111124,0.025559638805635488,0.004819168390466399,0.22533314123662251,0.043735404722222225,0.008255990638888884,0.06070343466146325,0.03735462252940022,0.5619455156148339,0.1132981043412458,0.07852097839334238
217,0.07674112916419745,0.024286684502105395,0.22979185049838688,0.0604348711111111,0.0575461794444444,0.052689113814826265,0.013750928335988942,0.14147148862232692,0.04015809787777778,0.04775761509222223,0.05164365191538119,0.014340281222908466,0.16447160125085764,0.0464909511111111,0.03849430722222219,0.27333512717212655,0.12904335242574097,0.24287790273310988,0.24290654166666661,0.13719639055555566,0.03953541823195208,0.011204806480203347,0.1690311878155318,0.03564143172222222,0.00011518038888889276,0.05754752188457355,0.018065753456990078,0.12347585453412814,0.046208979147400873,0.05623681384048246
218,0.04173410069559031,0.009930339272759775,0.24023044517992437,0.03034863438095239,0.007236119833333332,0.024533790585188606,0.013057404635402644,1.7171924290870495,0.023304955767474954,0.020106860770707252,0.02968445143342317,0.007903063211815201,0.3010475982862804,0.03221171442857143,0.00748238033333333,0.08481196157260468,0.03780462144737713,0.44419627673871714,0.06254581333333334,0.0314742375,0.03261649929028782,0.008870335863362874,0.38927715337679913,0.029941146571428576,0.003405711583333332,0.038482342380946444,0.008214360613906976,0.24199885769355314,0.03254763847403307,0.010644405263269416
219,0.06230776831704656,0.022439273800463573,0.1749175735953695,0.15451789571428573,0.08688413416666674,0.03920168817728672,0.021581478379136772,0.18416352845300948,0.10759704382857142,0.06712130426666668,0.04372980024720851,0.01968017919073678,0.1850600206457721,0.10302507095238096,0.07168395500000002,0.314995726588296,0.14720554240517328,0.15946894393182615,0.6642259190476191,0.5081617333333333,0.02437412332655436,0.012137634248095658,0.26828963014433393,0.04452557,0.020528131125,0.04910620554800812,0.018390063442357756,0.0994218098047541,0.10416881701616162,0.06481322462882105
220,0.10708692931755685,0.034018411114813116,0.30360909726184443,0.12377104722222225,0.04942620638888884,0.06508233885959998,0.011193456508918748,0.12530357947182505,0.09371214505555554,0.047134193166666664,0.07828609376283617,0.019401210588423867,0.2042299156365883,0.09026492277777777,0.01615386027777782,0.4199728186216018,0.0856914988271358,0.14015116823934035,0.4101256094444444,0.012133766388888856,0.036295112929778814,0.00814494467617312,0.20934063497619332,0.06513072367777778,0.03875470104444445,0.0910489222592575,0.014986790119165613,0.11462318597419278,0.08634331226233449,0.01799091938952979
221,0.10203852081675606,0.018947633853401438,0.5516626230468842,0.15761305142857138,0.1205365983333333,0.03177814495535566,0.004617291908222718,0.2826952298415832,0.029668998571428566,0.02483841375000001,0.06990381676641307,0.019981760903867555,0.7322919368472766,0.10703107857142856,0.10069958000000001,0.6813407685619141,0.21787549130173772,0.5180451056167498,0.8787468566666666,0.9056651537499998,0.023934856526989203,0.007438496976255044,0.8460296606458613,0.03842150381428571,0.008250344466666669,0.08846547926522996,0.013918613288447405,0.11866478940685676,0.0859865688873095,0.06636452678546345
222,0.06791584501819713,0.018037616180336145,0.11543340839085069,0.06348650500000001,0.04022464805555559,0.04868722045139454,0.008595295130098489,0.07959533833469898,0.052304008846666666,0.010978126452500014,0.04518277151555425,0.015757286572780718,0.1145132050570009,0.05066287777777778,0.024006943055555563,0.30844950919214,0.11703364940894395,0.11689829872829677,0.3123065827777778,0.11050026888888886,0.03156859722625182,0.001215922598564047,0.02416422281237296,0.055621690444444455,0.009331582972222217,0.09356018170614933,0.022684255728881487,0.11944900376622557,0.08006885073016629,0.014902547988357273
223,0.11067567460779419,0.024779519015891163,0.29682728381344825,0.09482300761904763,0.02233687333333345,0.0593936700374619,0.013578166629138346,0.15791336780872772,0.07792774857142858,0.021135912416666666,0.07022135776412457,0.014975331125966917,0.20934202713368935,0.05568517190476191,0.003765255000000023,0.39975464187915327,0.09498729968143046,0.20197489950419875,0.2554655923809523,0.012426068333333262,0.026923838243791038,0.008569989055583918,0.21812972551620133,0.03483946319047619,0.018941867933333335,0.07778352305192544,0.02065822385859725,0.16325272346330177,0.0765673944987102,0.03723609923076382
224,0.0636218003036252,0.024324293815496452,0.35447647829769197,0.031229961904761905,0.0007632391666666516,0.034764200378069154,0.009325517121160497,0.18439942475084078,0.030177025428571428,0.0014111680833333307,0.04504412130076362,0.011883819320642353,0.19119506244434026,0.02431435190476192,0.001229259166666663,0.3519953252245845,0.08753465483252199,0.16742387233453399,0.1733774114285714,0.07744753916666669,0.025000480809982958,0.004100619711999535,0.190194682858178,0.02136530444285714,0.004207067774999997,0.05436734526683579,0.02295994802895664,0.2551314225938273,0.033568316901618,0.0024873846363757113
225,0.04026149046397515,0.012722454008268746,1.1158588978838047,0.04040872544285715,0.004356497058333346,0.05931857315002234,0.020390668987657807,0.26045077215093393,0.09143818757142859,0.08652742679166668,0.032061664634086585,0.016579143671138843,0.43068505501559573,0.039224332604761915,0.0469448311,0.06429461528573248,0.006806106631570544,0.3608659786206353,0.05046440428571427,0.008225967499999987,0.04621629992949087,0.01087480362250196,0.3177882239253275,0.07249478228571428,0.06853080991666666,0.03204301680215582,0.01128123856871607,1.7188065449521808,0.018774319893875974,0.010281046442284135
226,0.07708220568111791,0.019766583321092837,0.1363525093459318,0.07789228999999999,0.05033666166666667,0.05323426495077399,0.018814025195741796,0.24934286660131108,0.037116823876190475,0.0015649118083333384,0.052050582564610426,0.0180476605706326,0.18542619456955803,0.059474403809523804,0.014779751666666702,0.2231568368476106,0.11455225839752642,0.20651082426891784,0.20397845904761905,0.008056676666666762,0.036764597088360974,0.010394474498653062,0.15675145573138743,0.039179226647619046,0.0039710942749999895,0.08033175893736737,0.030583030875834034,0.31845954995276937,0.06379300195635358,0.03260826223432772
227,0.0445391114740252,0.008605734971198807,0.14616107347427568,0.04571073444444445,0.04254058833333332,0.041612832430972455,0.0051713516118727315,0.10299104659696652,0.03444830501666667,0.017536805569444446,0.0391357969484636,0.008215161319331041,0.15022925494551717,0.03893236988888888,0.031526203055555535,0.11129209158290267,0.019772863957149698,0.12258297056457707,0.07253383111111113,0.05422194388888896,0.03850704970191273,0.008911556099913072,0.3711843015057352,0.02667787622222222,0.00545288822222223,0.04581335023656157,0.010414038058036605,0.25019535959280353,0.040372921155452914,0.03080409190400804
228,0.10765230919049766,0.027723699894800922,0.5829231809533919,0.09426900111111108,0.03737773541666645,0.0543314068276092,0.015393992766045306,0.6195972691422514,0.050337617222222235,0.006955816111111068,0.08587476242204956,0.026675796763555096,0.7715747389235287,0.07276268222222221,0.015940552222222126,0.8028272967209663,0.3116731544935355,0.6033811088808356,0.6984401222222224,0.0352893819444442,0.022607860003577007,0.004618402414119255,0.7127045612002615,0.02138470571277778,0.009567828308055557,0.08828847700560749,0.021269572271205565,0.24354510805012447,0.0646014699169461,0.007736412043014007
229,0.09668394786271196,0.04486049994245265,0.3350004892309998,0.12001963095238095,0.1351418908333334,0.07290103020851404,0.039203837329202275,0.3035672625474096,0.11063761304761907,0.12534588633333338,0.0637215311020556,0.03491897750333999,0.3842828651344536,0.07750584047619048,0.09082351333333333,0.3912631268259108,0.2346310801340206,0.33903205519908924,0.4918322728571427,0.5787336774999999,0.03851900354901656,0.005772645958914714,0.101840771599551,0.030359247809523815,0.015345510750000006,0.11488514937790062,0.03350621001244464,0.18476560899568972,0.12506234025256296,0.12787338402217918
230,0.09033947248904584,0.02609847126141401,0.3731121865892752,0.08209378944444444,0.028608878888888856,0.0589275013626778,0.01587101176375951,0.23389280271283608,0.059097823699999996,0.02510789605555555,0.06301090805318826,0.01506141045720811,0.2774844461225066,0.05305933111111111,0.0241402275,0.3232321812475116,0.08771183528352287,0.27325708753269,0.2794956194444446,0.18132933500000004,0.04731677769817089,0.003908034520504813,0.124069586193312,0.024057994822222217,0.01423685082222223,0.08047420660515135,0.017772638545847184,0.14351869625282584,0.05023457379941223,0.042043558724113805
231,0.06708797763701004,0.02730627369295037,0.6594836244267726,0.08553378619047618,0.028735939166666613,0.051665331623120335,0.026929512783318198,0.5850305611589747,0.0774175998095238,0.023536624791666655,0.05209160068389646,0.0282078034246532,0.6465363604171162,0.062441883333333344,0.02961029041666663,0.34210960574518295,0.19613079007809234,0.6028158244427906,0.3147145533333334,0.08341495333333349,0.041502799125957786,0.0063104944697436995,0.17787593654883221,0.05875317076190475,0.001666999999999988,0.058975449594291435,0.021630093217421348,0.2637426812454732,0.09134426891250824,0.046760948371830424
232,0.08735289891222507,0.039954984598683435,0.32519899243719214,0.0781788372222222,0.026473987222222217,0.0660906029115846,0.0269419866882372,0.2839044863048589,0.06460122016666668,0.007038181750000004,0.06604842035434628,0.03290203354579568,0.35174273785024074,0.052968837777777784,0.016379153333333285,0.39298327913997877,0.2328280019139011,0.40341082325309674,0.2406752133333334,0.1046142383333335,0.03733393729984949,0.010112174765867296,0.1977514587309236,0.046382653166666676,0.002152930416666657,0.08427714046177302,0.03459550235689048,0.2453243214294305,0.09346420839853238,0.005579197303201777
233,0.0552955992185148,0.016160849290988637,0.20607164569788947,0.05575469190476195,0.01717782958333336,0.03985733165445044,0.014272993725852959,0.18299471263610412,0.0647625451047619,0.021963690300000005,0.034857997837222286,0.012841166506999499,0.17798050066094398,0.03865624333333333,0.01806277500000003,0.23294421359646808,0.07920149835957403,0.15747385405448464,0.20166660000000006,0.10378637499999988,0.02578746952652349,0.005882535827252227,0.18182922032745774,0.014373206904761904,0.0022006886250000163,0.0609256800987251,0.016424937549031963,0.18465340745768732,0.05796618816387879,0.03710831035129586
234,0.0468410196952228,0.013094867954561143,0.22565493997285416,0.028787839444444432,0.012601714027777766,0.04474243123311577,0.015520556030286015,0.3281274148734317,0.010512559744444447,0.0019123001680555543,0.03596029405415451,0.010547284296024292,0.2166726296808714,0.016669180777777782,0.0058913150833333205,0.11636674603187835,0.024407943509359344,0.14526632611773324,0.06978018833333337,0.0009440643055555475,0.0414846373105225,0.011597354274559886,0.6023345584615235,0.040207291999999985,0.0004858322777777646,0.052062595316308476,0.017658517744130218,0.5938878528101523,0.044108755195221776,0.021663936042028237
235,0.07319814028625371,0.011473925352817268,0.2982560616760402,0.10661217555555558,0.03129969555555562,0.04845027353376575,0.019066150737486517,1.2013158317566588,0.05716046172222222,0.031141826694444416,0.044163553195163324,0.00503502513745421,0.18694917551552875,0.06140420722222223,0.005271982499999994,0.18834726954907752,0.04040944512930408,0.40054565856409874,0.2936246188888889,0.08877412166666665,0.039405087617077866,0.01018252964465268,0.3040506657595232,0.04503722157777778,0.010210811672222195,0.05789550734282109,0.00896592099402528,0.15215310493997983,0.0782798908886851,0.009985959812972511
236,0.06878705861309115,0.018192471740410884,0.5141712061043867,0.045293119904761925,0.017376064250000017,0.04301304529724173,0.016456646425574525,1.3580069805845996,0.0433312900952381,0.03319185075,0.051400701991318014,0.011759678799103453,0.3235937308373394,0.03601361685714285,0.004474276916666686,0.1532411192122734,0.051927364485782446,1.0344032590930847,0.11807390714285712,0.0764660508333333,0.03815104163139534,0.008714707107477054,0.356009971341621,0.03853482213285714,0.016464058741249996,0.07851337245191234,0.028647868341488122,0.9088517541062064,0.04893083907928427,0.028706180825781552
237,0.05033389930844623,0.026895921647732492,0.5533687967443837,0.0435147611111111,0.013272127777777754,0.03921315609547934,0.012613994126877113,0.4379325159799342,0.03125109962777778,0.021994645152777777,0.03910472146952623,0.017877173682130723,0.5879086909510135,0.03041301055555556,0.0025024174999999926,0.12161256844367346,0.05002288542848295,0.44908862278147854,0.09594372611111109,0.0463293408333334,0.03164201357159586,0.011001865770029175,0.3561626814042731,0.011569625277777771,0.01039952780555553,0.041263912735319756,0.019127633792844895,0.33165951785520587,0.03096000912326034,0.0071924393790273045
238,0.09484343761295272,0.0572000670811985,1.7202594729110425,0.11753838238095238,0.09187191791666666,0.05386734678198232,0.025469274589819155,0.6945412583783477,0.07767868894285715,0.034102450241666665,0.07026407740164155,0.04579656001111697,1.5096239973665222,0.08105035714285716,0.07259287625,0.25496003898375286,0.14657525860361262,0.7824522350729001,0.22777334000000007,0.19141913499999996,0.04339326130619645,0.007837152897362993,0.18169660282786507,0.04632683252380953,0.010618087333333331,0.07843308472349539,0.046236427357853424,0.8536550875567687,0.09739536044749952,0.07812487486810826
239,0.09359218572538443,0.02918613204867799,0.23774502045956533,0.12469526047619049,0.056715114166666636,0.05477410850207504,0.017142672006305797,0.16909691759115764,0.08291222771428572,0.03121712216666667,0.0633841829906676,0.021605526488706638,0.21321763424508772,0.0842352723809524,0.041072758749999994,0.3794448010377807,0.14291712418331903,0.21808092024119957,0.40258821428571434,0.19168664749999997,0.03429703274484898,0.006950371665788448,0.13794391850781593,0.057582618704761904,0.013693561533333329,0.07270284970978814,0.02104074424297413,0.1477979488669716,0.09858386196278413,0.0579445906276751
240,0.06060150677072895,0.01099289643438848,0.13498081451676144,0.06083282904761906,0.011024496250000071,0.032237432727723205,0.013278015605643014,0.2709977504261125,0.07963796182857143,0.049528748433333346,0.034981169709724154,0.010222898266616431,0.15813993371461285,0.04307431095238096,0.015765244583333282,0.1422580424213182,0.0500318229517497,0.17811455806489293,0.17338902666666664,0.11131336916666656,0.028729786080038244,0.006126416270992045,0.1587276379945629,0.03520657404761905,0.021177307666666673,0.053502032117238606,0.007269215277703479,0.10650913370131299,0.06603975615662276,0.027256642487814342
241,0.05422751552851707,0.019896103758652528,0.21442631364599204,0.08307051571428568,0.008120362499999922,0.0404655645857163,0.016262736825058525,0.19760353404309172,0.07696107114285715,0.020944864083333348,0.03653892118466801,0.01637935248121811,0.2098172648492836,0.06576222285714287,0.013441350000000019,0.27036111774267363,0.11261317093600644,0.1733336618098637,0.381092889047619,0.07556772999999994,0.017524119693789808,0.0014828937944013367,0.04336348258526478,0.029170974742857146,0.01279251616666667,0.05005956444222646,0.016450049648507475,0.13192155483682738,0.06346771538140168,0.022363510265979325
242,0.08673239622272629,0.05904088733291999,0.4112659885713759,0.15011047333333333,0.06399880805555547,0.05529474238827906,0.030585814711892898,0.19914928391268968,0.12526066277777778,0.030548158288888887,0.059514981299488234,0.04126126721641629,0.3317446517104839,0.10828082555555557,0.0355302549999999,0.3970828811655543,0.2817639536760961,0.29562286398120347,0.5632798105555556,0.162599430277778,0.04678994137340925,0.005957810891646399,0.10535892890529687,0.0916982014888889,0.002332599220000002,0.08141393965127258,0.033327667652830774,0.17214364308076494,0.1650296685891063,0.03226086102636089
243,0.06622751547867087,0.016037334617560295,0.1942659534145681,0.06486483833333333,0.0629477275,0.037112320672536135,0.015407930122911473,0.24353877995899417,0.034975935555555566,0.026365839444444483,0.04902461890385567,0.019349412975550536,0.2569934543450861,0.04797830111111112,0.030258600555555626,0.2886467767094772,0.1527394277798165,0.28087998129073444,0.31296270111111113,0.15299302611111076,0.021859600911672942,0.0024409703320424085,0.2149222378611086,0.020630281855555554,0.011780579241666669,0.036210789711287154,0.007772665508214145,0.2679732013706934,0.018709643001030552,0.012891411280540388
244,0.07843759127677137,0.008967451239293978,0.11036471925193475,0.07721614571428569,0.05030908624999997,0.056889529713739596,0.021645994741123824,0.5698246857195624,0.049823150000000004,0.02614189999999994,0.06522656126957188,0.017123276962159158,0.28280516508784515,0.062411792380952416,0.040660068750000056,0.37151689667481386,0.09391825515442388,0.16703498910232836,0.26025556666666655,0.15548613749999984,0.018687617150733152,0.006949476788990041,0.4387359760738733,0.01579481392857143,0.0002125665208333391,0.04681162692114165,0.02168107248407966,0.5668320726101373,0.050421841658964364,0.04466230312713415
245,0.09618718429564209,0.04269205758099302,1.1784483620914006,0.06204445222222219,0.03518191749999999,0.04453536186661039,0.027519347231815042,0.5021907733661634,0.03956168222222222,0.03374256277777779,0.065379349041368,0.03530680210379676,0.8456570787415838,0.03366974499999998,0.03114682194444446,0.45373251590656144,0.16323596088296904,0.3456750394663208,0.23552785555555564,0.02908810416666685,0.02223293889480035,0.0028659958654421542,0.48811316958187206,0.015181545777777779,0.009541375908333335,0.04766429341264952,0.03009114778680851,0.41762602262382925,0.03603998983034454,0.026293060456756834
246,0.060516641081101,0.0073089471386918745,0.3444070100995842,0.04833106238095234,0.025454399166666586,0.029159009792836837,0.009292361737959954,0.3462748641154768,0.015921582380952388,0.01141358833333328,0.0412558854484508,0.007932755307854507,0.230340606237575,0.017552148095238067,0.009747748333333361,0.3332097404677636,0.09803538615104282,0.2640589109559637,0.1315120714285715,0.05117993333333315,0.02224438829244497,0.006463887691459673,0.7993158568758073,0.018671830385714287,0.006075425366666667,0.04371918429726677,0.012857025993100183,0.48311623701204026,0.03722338564755258,0.03703126424384906
247,0.15538760123996367,0.042601565486106774,0.7120044414822203,0.11294958566666667,0.08322731245833337,0.049629504163675155,0.013147218339967645,0.5050810064793165,0.035328210619047624,0.03890387241666668,0.1059435504687493,0.03244368898123328,0.6139252424399426,0.07283398247619048,0.05917098466666659,0.550525903806275,0.13449953745899268,0.3340682836053457,0.28411194434285714,0.2594184271333333,0.027898653357292632,0.005986764972009869,0.37230105426174626,0.02930084322857143,0.016164494050000002,0.07634379188443557,0.013534198374380725,0.1386011392206296,0.054444225259303994,0.05366087275507847
248,0.07851141235892875,0.008606243926374088,0.2012734550230304,0.05434459571428574,0.03022166041666674,0.03121034289796165,0.0054522862250467345,0.14338354464635825,0.028710081428571416,0.0015471175000000281,0.05699690603456093,0.00835838419379371,0.14058888850132242,0.045728361428571396,0.015924695416666745,0.45764268223304433,0.08779332276542419,0.1713744372563452,0.3999710095238097,0.1359502083333335,0.014676274000862953,0.00512687318264008,0.777523371387444,0.011722396521428573,0.004178894602083337,0.05035095911204924,0.004526549455274181,0.2376420794623808,0.030604684643161288,0.021213013305091954
249,0.07323609055954608,0.01149192973966644,0.15749902347977734,0.09551947523809524,0.027660084583333466,0.045765837664795715,0.008371848032867753,0.17835839047098997,0.030918560476190484,0.019749140833333345,0.05718709404231614,0.012227818783289744,0.19395929709226747,0.06794031142857142,0.017715747916666746,0.44850467036293606,0.1571265898274282,0.21476277630302787,0.42067792380952396,0.18824871666666687,0.04284826327121272,0.018489721030597706,0.4756480237678015,0.01903001285714286,0.008296159677916665,0.034852623894438425,0.007548309828582183,0.05171234628933687,0.01991653192200502,0.005022384530538326
250,0.07727826990386473,0.009554635469971626,0.3458406964080765,0.07387338857142857,0.08177861916666662,0.031187408506028875,0.008854582006015282,0.19413329074394575,0.02184724095238096,0.027488678750000023,0.05230670784371779,0.002072667553127795,0.10388522271517571,0.05434671714285715,0.03385123375000004,0.40033195065838134,0.034521640695059946,0.1295831259973311,0.2922083785714285,0.14309864166666664,0.018732137509471485,0.003923514469681418,0.37088082579863557,0.016569586080952377,0.017035132983333333,0.03155998622040499,0.015691204927664213,0.14934478553711952,0.024486355554031693,0.004696687178782133
251,0.09298669720846864,0.03554698148725569,0.9779407142936365,0.06229760642857148,0.022415863333333452,0.0498647485748008,0.028933804003122846,0.7591058338394283,0.019072814047619062,0.005369940416666663,0.06760838697793588,0.0292815007967693,0.5525607518415628,0.040559950238095256,0.007102697083333331,0.5772733077455923,0.24683035916959803,0.3733947237380644,0.3169951571428572,0.02392859999999919,0.02272952252682622,0.0045774044523787865,0.5478580845917616,0.024386366009523812,0.0003669067999999987,0.05885242320507394,0.007453575082484148,0.06122215161067216,0.035733197547140785,0.015808198354928527
252,0.08083862316658465,0.0016168195404365378,0.05163086360638545,0.10257593809523811,0.016468980000000077,0.06219201283155354,0.021082787428065568,0.705197521384104,0.04524729333333334,0.004722306666666676,0.057942772168846114,0.011455563767076637,0.5355430726480642,0.07447973142857148,0.009435255000000031,0.375546817562277,0.055480508307619615,0.2062533990679531,0.42178315476190475,0.00940990416666665,0.03629197811760387,0.01716260290854936,0.9029350502732951,0.015185547282857145,0.008326668541916665,0.08767238426244783,0.05089779845599719,0.5651731353691358,0.04487873410616383,0.033828067710203136
253,0.1047308573837226,0.034668543766282096,2.670863143517525,0.06336425166666669,0.054858208055555746,0.0477511434930331,0.03204431356907665,1.2315062840707203,0.050084301944444465,0.04454487736111118,0.07368300167262898,0.029045359317705976,1.6075658193405586,0.05048180333333338,0.04405954333333334,0.41191078654089575,0.1729653386977694,0.9101106461412508,0.2693474272222221,0.2783431658333333,0.021921961073161026,0.004402229655983942,0.6077768599264167,0.011383755438888891,0.011442551908333334,0.0457933596831667,0.026404065902986048,0.43543133728296873,0.03635704207247761,0.037125571411977754
254,0.04864910823414224,0.0027352035073398427,0.10471882499543783,0.03334095285714288,0.009778104166666579,0.028306318752120665,0.009582726522662701,0.8069199610859557,0.04757008000000002,0.031494102500000065,0.03495658190769677,0.005478363651930888,0.15322146057407224,0.026594416666666683,0.00617934166666656,0.31081610322894027,0.0440134305635908,0.136522555028011,0.20324727619047606,0.08062375833333357,0.01371687814641359,0.0007040507309127229,0.06841667898145497,0.012511308541428576,0.0033863585524999996,0.03592493961858744,0.003732854049004198,0.07817915368262132,0.02555028737974057,0.007769236806532409
255,0.06585108342021023,0.02575670603891504,0.7752054556014734,0.04799331638888895,0.051556787638888935,0.032159022743302866,0.013524280319822942,0.39510400856277994,0.021987471666666685,0.02592978861111106,0.044521617917663736,0.015142128798007158,0.3465330229527604,0.0316613788888889,0.032431264722222186,0.32274345123562437,0.12278876225588967,0.3463172444530906,0.21258273055555543,0.2187224708333333,0.020674441545825213,0.0047717402662844225,0.294043813089431,0.014397214444444445,0.004406968102777778,0.06426120682686486,0.017644024392971337,0.1638833533337604,0.05897867833508021,0.04201168827485735
256,0.08498494462331485,0.004150534637644048,0.11518881612556965,0.06239993166666672,0.03229652333333333,0.05443000602132015,0.0025083982127008424,0.05678826040755543,0.03189056555555556,0.011724121944444388,0.06638817133091147,0.006794279275748292,0.13892040789902643,0.04062828611111116,0.03236264583333326,0.49433151370429,0.09514605024902459,0.1878644543543969,0.3650447161111112,0.2466921436111118,0.029669861054692364,0.0043679357878293225,0.40773784057842444,0.04199564619999999,0.019601559183333336,0.03266428840707523,0.0032443793854373022,0.03999880386497152,0.028139287732079535,0.006614510196347401
257,0.10052336474534862,0.005408665078655701,0.1379189242245264,0.10431868333333331,0.023905029166666703,0.05100480676327188,0.005802442134440804,0.10322914122965851,0.04727981538888889,0.03318720080555554,0.06724964508489764,0.0025632113261332998,0.06267509150160247,0.07080894722222221,0.018607812500000043,0.32923905570828055,0.00935376524259223,0.03078526980256328,0.2885787338888889,0.07215944083333348,0.023082624088207854,0.008939977094750955,0.3696451258203423,0.018988787583333333,0.010274619730555545,0.04665103995877062,0.015472849754618689,0.11472008800135843,0.056276612556320764,0.04043645734854329
258,0.05722663265340461,0.00991454891998287,0.23414198749252965,0.03341054142857142,0.015610280416666678,0.03524039136202205,0.0007519425671269888,0.054901612168330984,0.0272943261904762,0.017305607499999986,0.03779271556678497,0.005960853481149129,0.14564550042491156,0.029880337142857125,0.0009127491666666709,0.2665340808242962,0.055969762289379534,0.1460402718070817,0.22543978571428575,0.013349308333333143,0.017697742127721072,0.0026206684976335048,0.4478683918040236,0.013531916880952384,0.0075054029458333366,0.028443923984161942,0.003675326489470351,0.06064959322000389,0.03914113875326739,0.029453084106679295
259,0.07945519722207896,0.029285589669154722,0.542276968084755,0.08056657444444447,0.08177326194444445,0.031041077190664994,0.01920544395098082,0.4001043536469176,0.055648292222222194,0.05422284194444446,0.05755351117770072,0.027235094389379218,0.3624491126552162,0.06128001388888887,0.05972537805555539,0.44158537909224,0.25590726810455444,0.48035210260704797,0.3871024777777777,0.31937774444444433,0.02670097340208534,0.007583147137156829,2.6241225773169496,0.02097351808888889,0.009967664005555554,0.04100402782179166,0.01679341050618502,0.4771389649454529,0.0617112247848512,0.05029943177124163
260,0.05251529797380488,0.014541521657067069,0.5018568215536795,0.01892269190476194,0.013866289166666657,0.0300669729552711,0.0022734656058189325,0.09941205284506888,0.030520461904761913,0.012840492499999967,0.039577202664734315,0.0015816181741324415,0.03245326665875725,0.014275571904761872,0.007165597083333364,0.297892655648126,0.021095610660652832,0.05963490369673585,0.12785511428571422,0.022217529166666417,0.01367827475124958,0.0027636574198531393,0.23198502395777026,0.010286706457142858,0.007205451608333335,0.021721624930628597,0.006212104378154972,0.07806013210206547,0.03135574071654055,0.017686478115284843
261,0.07741337924417369,0.013583575113887279,0.32502643842813295,0.04539979999999997,0.01626547805555567,0.06449512106992604,0.02106218842355208,1.0655859399570704,0.03743778055555554,0.02202919194444447,0.050101497665071264,0.017809803803411725,0.4110388200542193,0.029422235000000047,0.011431245833333381,0.34604111781519836,0.10468663324419389,0.22658106018121643,0.20352340555555562,0.05855323055555561,0.023597135920118334,0.002679441224226964,0.2511049367890378,0.020142306233333334,0.006926774049999999,0.04959897158043829,0.012146214364447062,0.34097254640381486,0.025603244257138197,0.022781052919344402
262,0.07805656346289382,0.023173973208021788,0.49070422659309015,0.11886517009523814,0.12273749300000003,0.040829003515498154,0.004364033400578076,0.23503052694332124,0.042498451904761925,0.004503971666666662,0.050258831491378476,0.01750925180654761,0.530021293714628,0.07816591009523811,0.07185567841666668,0.36890779770404913,0.08237544768817971,0.21075214178276666,0.3657927152380952,0.35772006791666655,0.022996162507873175,0.00720482668742724,1.746822423789616,0.03134693191428571,0.030629182166666668,0.03574124758261358,0.002187162837566926,0.04473106568817095,0.05517631838954905,0.0007241444005012809
263,0.12055925655996569,0.014790769638144862,0.27470236307498763,0.12821723749999994,0.0704475729166667,0.057691690455592116,0.022099543314353726,0.5775687004925548,0.025044398611111112,0.013910429861111073,0.07656058487050056,0.010099627291765813,0.18870595896430412,0.0841562311111111,0.03759450222222227,0.4312419228235435,0.037897668794185324,0.10506333146934227,0.4217978494444443,0.20591426472222207,0.025980671328557123,0.0058514300699604805,1.026690052115994,0.016114032821111113,0.01521736827861111,0.05128134818628935,0.013773743884452289,0.20451984627977382,0.03268531788423638,0.021596372584888113
264,0.07329145797568969,0.027273907848071443,0.7489530784645588,0.03563343,0.029260849722222204,0.041870953685308944,0.025035044086179906,0.4362278676150621,0.03415326166666667,0.03601919694444444,0.05051989587231429,0.022061145607073653,0.47101248944885865,0.029733247222222214,0.02433366111111107,0.33369733560536124,0.13753721694671445,0.35933848772339133,0.1688050133333334,0.13206841444444417,0.020552747613879613,0.0012662812216102338,0.07296126005930137,0.018560854255555554,0.012562577508333334,0.039151102558038116,0.019319059108089152,0.12332730172601598,0.03449573878318273,0.033421767898516086
265,0.11334209861473372,0.037938872113852815,0.6674387688246134,0.0511090659523809,0.003386539583333237,0.05600213619439265,0.023517927484983957,0.6136795790714511,0.02232296761904761,0.007976785416666687,0.08153113428637901,0.03496265726500118,0.8928686595391273,0.03485858523809523,0.003260579166666666,0.5184663411798643,0.2389604144710058,1.354405961866806,0.2244689952380952,0.032677150000000044,0.02433345120292105,0.008482210490079663,0.28759137822874326,0.020622408261904764,0.011846493816666666,0.05224208147118987,0.02531422659408007,0.34583108244516175,0.03664376820986663,0.0018379790928504391
266,0.04190716193929848,0.022300092757003967,0.20692083962555163,0.04516641277777781,0.012608784166666664,0.03477345902104699,0.006533199551757661,0.04873386960435413,0.033328346555555576,0.020919815249999973,0.03646903981079962,0.010015475609688509,0.09146049266427153,0.05513025555555564,0.027126142777777862,0.34759992196760187,0.10765167805533579,0.08629321444512482,0.45463752777777794,0.29610866111111167,0.01437601652442367,0.005323473608129385,0.1287629372085032,0.014769368517777775,0.009813539246666662,0.055584889036901904,0.018910017214861193,0.08823271927598099,0.04094277713888376,0.01629428358030932
267,0.07049050368918235,0.017501893738660877,0.2522758157451102,0.0896870423809523,0.05519797416666672,0.05067186906122598,0.011591550566276632,0.8398397132355628,0.03499758523809523,0.008192404166666695,0.06026926531073263,0.015885969406389783,0.29052187201451773,0.05854936333333333,0.029413766666666674,0.43596426963226337,0.13046396308984637,0.20909475805851743,0.3654102719047619,0.09389933166666653,0.024327071056826355,0.0017937061343692815,0.12663847249123258,0.025510226557142857,0.009897135225,0.04105064403200245,0.002479690756065141,0.03238666797626396,0.03469499608886748,0.006406552333151849
268,0.0961023004081501,0.025462234269774196,0.773495351783769,0.035763445000000026,0.027706680833333497,0.048496099369136535,0.008625956248229231,0.17420079217755613,0.028940557499999995,0.022273378194444415,0.07460993343426159,0.018916558175029623,0.3431109785069916,0.02254363833333332,0.011675498888888858,0.38010300235530964,0.1319336641557601,0.33664448465971625,0.19362538333333332,0.18394864444444448,0.03296778146840151,0.010339399956798145,1.2776884647167812,0.026309823538888888,0.028000334427777777,0.06826821688022452,0.01582334210113813,0.5380813851012395,0.03219848311226569,0.01928573542822326
269,0.07440666313487414,0.03372700040313881,0.40680971292591417,0.045739618095238126,0.014410535000000002,0.050881852923682254,0.021706003802130867,0.48541350426424473,0.03364751809523808,0.0242140116666667,0.050732455570485606,0.029325174651873384,0.3905031097888779,0.03155841857142857,0.00523718583333338,0.3726498542651076,0.19091828666124666,0.35112860168950144,0.22298148095238104,0.0033356624999998363,0.023809506781727437,0.00530806657560023,0.6564240190480902,0.0369531705,0.027557221375000003,0.04845772905573258,0.016805323428866314,0.2301291389497855,0.04763788624616312,0.048776936978774166
270,0.0852139794296039,0.017455418120319678,0.4097972550863284,0.041338624444444416,0.0007355061111111727,0.03993326747239107,0.011387606303128663,0.23673074015798262,0.028949042222222197,0.0026063494444444057,0.05560803646179066,0.015376368986312767,0.23948240069490573,0.033353846666666666,0.014876974722222158,0.4270675451526507,0.1247319021737679,0.2487892581653406,0.1950326944444445,0.12151726277777808,0.022559211072288934,0.006823484140346816,0.6927805386167486,0.03167684854333334,0.009255375642777777,0.032597469279597835,0.007782706173642058,0.14330271875878636,0.024973225138339772,0.005218276932325128
271,0.049007317163213195,0.020184694312537388,0.35798567103586815,0.02386815761904761,0.02396600833333329,0.02676649215668502,0.003306506781032174,0.052321897113345985,0.02341175857142857,0.005132619999999977,0.038035384620657954,0.002046398749241277,0.03175286210279589,0.018423608571428576,0.0026526524999999634,0.2780376486440148,0.032750746532244794,0.07124382708440338,0.14909712857142862,0.014284208333333437,0.021450439395519966,0.0040598510815862176,0.359029197693747,0.014235997438095236,0.00016282894999999908,0.029180316974961498,0.011430878444942522,0.3734899886101063,0.022902401512879835,0.02217486463457885
272,0.11862635302518004,0.03417838054268166,0.9512526798473563,0.10037607944444445,0.11457723666666664,0.04840185920378031,0.017498384830374733,0.6930020754882363,0.043511531111111085,0.03705393444444449,0.06905506235022436,0.021095303801169404,0.5483313620404441,0.05931698188888888,0.06949414811111104,0.3783697589244163,0.12137700279457159,0.41833970021716566,0.280526775,0.29695934027777793,0.02486063858576944,0.009387206698507958,0.752379283681098,0.013212055583333328,0.008473479374999999,0.05295495196864209,0.004318612659985777,0.08702638036760718,0.029326226337587597,0.00614759761252992
273,0.06767096801001155,0.0327078300620272,0.6081765468029072,0.06103367666666661,0.037691943611111056,0.036389118469935026,0.015218672930308801,0.30301459648883183,0.04009331444444444,0.008298292777777716,0.04062829899647135,0.02398067067957492,0.4036808079285571,0.04280798638888888,0.013025052361111122,0.21609692697159924,0.14296891794878447,0.5242739422792771,0.18265032500000003,0.09368282083333335,0.01985580882855532,0.006972219162279277,1.0436592780048581,0.017074816738888887,0.008357874749999997,0.038993507937309074,0.012541849876886866,0.19847368114180017,0.023273362536716413,0.0005339957404595363
274,0.08019665604498454,0.01526485351670946,0.31441447408443146,0.04535298499999996,0.017071528333333363,0.04715220620914726,0.014757169669934431,0.31093910318140133,0.024573536944444408,0.024782408749999985,0.051238518861986215,0.007976022697204505,0.11789900300800124,0.04100115749999999,0.006966009027777831,0.32803458099958593,0.07334289482125834,0.1621237817905746,0.2010357611111111,0.02484776666666688,0.025615875270082415,0.004371122596297102,0.4646256421087924,0.020815217922222223,0.0021335522000000013,0.053254718179134325,0.011641270230010633,0.21441040059810015,0.045463202917288247,0.022524517566492652
275,0.0832349186951206,0.01680919324349247,0.8281836272737948,0.036936898333333336,0.018006998333333413,0.04786330523572663,0.022588069421924605,0.9983876802344694,0.03646103944444444,0.011595838611111187,0.05112165377918604,0.007776924502515768,0.3024039927031657,0.03425780722222221,0.0174169386111111,0.3229562379183557,0.0475592973365851,0.21372365725112308,0.20491828055555542,0.06905484305555554,0.030683481070880963,0.009704590237264993,0.3608816260550782,0.028922161111111105,0.006067954444444447,0.050506536745619786,0.022245002535335925,0.5265126156515856,0.03109315136721465,0.015766693387773867
276,0.0685542713484677,0.006415090242679224,0.22340014806559258,0.03966059619047609,0.016393327499999888,0.02689183244272945,0.008156750671548947,0.17932671388646823,0.03706706285714285,0.01945645874999999,0.046598954102495406,0.009477936848415048,0.3105096865769732,0.02163365904761903,0.002900906666666647,0.3921248821938123,0.1096520815727822,0.3025448536006525,0.2621246666666667,0.10067504999999999,0.018737844424732603,0.0035702126738383242,0.5469677441165456,0.008265222152380954,0.0077532597333333335,0.02744877984592134,0.008060609578152104,0.06866828395379625,0.04004138209124564,0.003937385672590943
277,0.062411269396655665,0.016744906114673518,0.41652496592667887,0.07803366111111121,0.04778155805555573,0.03885359398995281,0.0160779659888727,0.6448925319468265,0.025979579444444456,0.02460075500000003,0.039351956656859616,0.009284509813578609,0.2932502440551998,0.05053702111111113,0.04535189083333335,0.3462525232038472,0.03178824249896943,0.08293010598981919,0.350064148888889,0.32159262944444467,0.025675755853970392,0.010819973232141547,1.2253230011168075,0.0190377958,0.007554222438888892,0.04749625679684805,0.016114329556940275,0.2615063386115904,0.0326268372030832,0.0032139015195754017
278,0.045632770230064235,0.003914491597986169,0.08260099847297975,0.02819981523809521,0.001119679166666665,0.0407083863871421,0.013290928280760271,0.22766952935554738,0.035071875238095226,0.026188165833333332,0.03678601199753091,0.004739973832239718,0.06914294170277722,0.024369413809523826,0.010690533750000064,0.2821693211837543,0.07217588303840168,0.13644282916246733,0.14232167142857158,0.05384868333333315,0.015171889914369638,0.003120238136647853,0.21573773996152498,0.010852233190476191,0.005463510833333331,0.0374315554309655,0.01243149480581992,0.20496677602054983,0.03229768123577587,0.030984096160361574
279,0.06643699544307237,0.021146221091173815,0.4530505812391163,0.04714768749999998,0.011321089861111133,0.029724558208569285,0.012290509679679571,0.2309137107230471,0.019771762499999984,0.005150290972222249,0.05168014350376133,0.02445824362558228,0.48823636087486705,0.03829877777777774,0.0007452625000000657,0.3161079548171409,0.15586557099743503,0.4014868863695271,0.22217880555555558,0.0024282138888884752,0.01688625093853456,0.003533273992752261,0.3504552523837795,0.006271761666666666,0.002283288616666667,0.039269112157763644,0.010868944973640236,0.29713451729724666,0.02824001647059139,0.027093650870009145
280,0.06870020279955423,0.006795442445506321,0.3507373265744453,0.02905890944444443,0.023669713888889055,0.047165816585504755,0.009591365912256188,0.3122351347806309,0.024943694444444442,0.005761431944444451,0.04804927022423434,0.011640203264009849,0.32337299340590175,0.024641911666666665,0.022409583055555626,0.30052012591674754,0.0851521267943672,0.2752566212178862,0.15455155833333337,0.10077025416666685,0.011174703111575006,0.0017458407289105556,0.1649031281207121,0.0076532368055555544,0.004498190944444442,0.046348050549632425,0.004251084384113967,0.12923219166481012,0.018073176852174567,0.005854768636231189
281,0.09296368070611453,0.02156895019541684,0.7667411583975872,0.06595420523809517,0.031106463333333223,0.059107750226768806,0.011429279996978845,0.3197798492656296,0.047360280714285725,0.0007436229166666863,0.0615807850980915,0.006093186142453083,0.15907448886219652,0.04740855428571428,0.020726738333333328,0.3684061041204864,0.01772211339696847,0.054985061640573436,0.25192735476190486,0.10060137916666667,0.0340589524083482,0.015384613535665793,0.42972298388893865,0.019401069928571428,0.012742628043333332,0.06800494874195644,0.016270650880622895,0.13381146754976372,0.05426746583290533,0.03354952906169867
282,0.09597482178942096,0.03722418681294383,0.8580117024862697,0.10762304583333336,0.0634279140277777,0.028985042068085887,0.014757618501335295,0.2526689076628705,0.014714634444444439,0.007477617500000006,0.0563874986865828,0.018795493370657956,0.43062740485059253,0.05748321444444444,0.028865285833333365,0.3504617754672233,0.09168901924803834,0.259484971556399,0.3731879844444445,0.14541463944444444,0.0266417723510642,0.00266188569787828,0.36191068862273695,0.022627444349999998,0.020967437158333338,0.03918335984584957,0.014691508042577583,0.17590024041984192,0.019374626087675578,0.0075937473817325185
283,0.19126659985862934,0.04200900947826234,0.3743480623047064,0.20142328166666665,0.1859466644444444,0.05970555534533715,0.008699141081705636,0.7945837831517288,0.04085059305555555,0.03508686138888886,0.12531011551605856,0.02395768221144631,0.5494692597921484,0.11192946,0.09843851222222227,0.7626229843278948,0.06177863367418758,0.3598853989260078,0.5524864644444444,0.4457678786111112,0.09310396446076885,0.01485960618418162,0.09509940799850881,0.06204287867777778,0.04886261633055556,0.18187266396734425,0.04696807137345018,0.19924203003021984,0.07929915444210285,0.06194154978261257
284,0.0470976436838662,0.005432179676220944,0.12282373484408671,0.08234928095238093,0.08167888125,0.030101063060402684,0.009688497993913976,0.19465810931176608,0.056633358095238076,0.05410029750000006,0.037928534279170555,0.0069260645445205025,0.11242999972390093,0.05416595333333331,0.05231715291666672,0.3151043988794727,0.05326682334832563,0.12664606980274562,0.3669899923809525,0.33161886583333366,0.021550953981480436,0.003101893103298606,0.27110936877566677,0.014244662676190475,0.005630550362499997,0.03912046589889494,0.0003749013038284528,0.002657260996233403,0.027817477537374624,0.013682069605384428
285,0.12391362323239198,0.031339078699658324,0.5191531967795301,0.07037562833333334,0.020855640555555666,0.05229502940491392,0.0025672008511495904,0.047305463729520436,0.026749707222222214,0.011552149999999983,0.08612815144216052,0.017981987314033325,0.2911005217138277,0.05403962833333332,0.011088861944444528,0.5331522436978052,0.10774952366428259,0.2181597828195012,0.35907006111111106,0.07248033333333348,0.023332105354244806,0.010365360376734542,0.6265668572092336,0.016356280944444444,0.00552907458888889,0.08263673349943355,0.03404825401394654,0.9167989877443293,0.04974462475289948,0.011115280795871763
286,0.06840020968040529,0.014602793250989466,0.6196577298514981,0.03367715222222225,0.0035400077777777428,0.04140411219399965,0.01455044196979598,0.40438316324352025,0.013049352222222236,0.0016051361111111273,0.05130030485916262,0.01271055208797802,0.5333746237479233,0.014185397222222248,0.0095391394444444,0.37635916704004285,0.15940736374976663,1.0133453575485367,0.1751177055555557,0.05045276111111141,0.02129687894730008,0.00864291537844173,1.0108949133923726,0.012794045194444444,0.004466402213888887,0.06564858809911454,0.013928211471502975,1.2943780117770145,0.029604083093203948,0.002012005404089856
287,0.07978319265099305,0.019701371287885433,0.8377303016718354,0.06758518619047614,0.07139966833333322,0.036676523974828484,0.006929470886362668,0.18313204351922366,0.024824348095238074,0.0034618891666666207,0.052070456365211217,0.008802912787381269,0.33039220859399143,0.030361725238095265,0.027681286666666693,0.28498793783561155,0.05634000706036163,0.2826864656087337,0.18932418095238104,0.15556976666666644,0.01699113330325692,0.0024387019736124356,0.1629005331589873,0.017462893676190475,0.014470259091666667,0.07683598444309227,0.01279928065708234,0.15036465249367093,0.026918808828186584,0.011252305982323074
288,0.07831345989067492,0.01705629154979604,0.19337249022262673,0.023738124444444435,0.004858599166666755,0.03588224070924575,0.014387439527298778,0.2631048060357314,0.02255577166666667,0.027542540000000004,0.05117536244260479,0.01383229968020778,0.1729779707371585,0.023811691111111106,0.008610484166666654,0.3041728779087767,0.10402135996571373,0.19702675060168426,0.11951690000000004,0.06618167666666697,0.041577828080671904,0.01151574330552678,0.42264613764944486,0.031342242111111106,0.028490242638888896,0.03864538093343559,0.010263924905487198,0.11022801637792033,0.02045727523001532,0.01388460125083063
289,0.10219562494014765,0.02749564685967105,0.4988657547182933,0.04938745083333331,0.02050345541666676,0.0446482821019951,0.0067677582665158645,0.1062930658154424,0.025375367499999996,0.020560837916666685,0.0688399133155623,0.022142574275123835,0.4041584172483526,0.026148893611111123,0.01095752597222227,0.38251874467588287,0.11733858711711631,0.26260285925283017,0.17759379722222232,0.04009405416666656,0.03731956528886935,0.00972378973397408,0.26575538324473574,0.009121708055555554,0.003997470204999999,0.07821337961094034,0.005882623361963662,0.06856228573542308,0.02445069246291322,0.007785792783985612
290,0.10359130842163644,0.010838466252759714,0.3388443772279391,0.05681339047619046,0.009741277499999978,0.04143317248748329,0.002026933584786214,0.03642734323363393,0.02670722809523809,0.004994467500000044,0.06880105640128781,0.007095086052240372,0.1611574066940038,0.037821232857142874,0.0022848175000000914,0.39987418753300014,0.05459775779205948,0.1768438987940345,0.2355239666666667,0.022664125000000146,0.024663149634440325,0.0027565118364782856,0.3756646104717137,0.02415958638095238,0.0010690164583333347,0.0524145062220826,0.013185385329175464,0.35979341677719373,0.050223108019517106,0.02528864055957908
291,0.06395501059030688,0.009591566304222929,0.15601730758763757,0.05444445047619051,0.03805711416666668,0.05160972949278363,0.0034676808866969016,0.06462172041310871,0.05072057428571428,0.009287563333333304,0.05025081444656233,0.006031198766043564,0.08863752020741365,0.04298503000000002,0.008983670000000055,0.36634816301166584,0.035762461517680096,0.06785240959458802,0.3168596666666667,0.05627950000000026,0.025110218530093986,0.007739518060383547,0.3167222734188599,0.023619409514285712,0.006404542916666669,0.040552658247293406,0.00962726825866559,0.19023363867139567,0.029432086510660902,0.01908158029469137
292,0.06012040872714438,0.03906628254109089,0.49534631052403244,0.03665683428571428,0.02197978749999996,0.025553978680029107,0.011309664610215046,0.20161756296540553,0.022208493809523798,0.010495680833333326,0.03880656720694926,0.02662770612982417,0.29388052100560913,0.02711752523809524,0.007549745833333343,0.29278874516639886,0.1838571352008124,0.3111838673174016,0.1659160142857143,0.00681503333333322,0.022111544790436925,0.007867227007602033,0.32342949666873394,0.020311766552380955,0.006513003566666668,0.04801125564681699,0.018863936250855893,0.23502891238988513,0.04872337200183562,0.043933084288474755
293,0.0957670195876657,0.013800999026551394,0.2803720472328739,0.055925708888888925,0.008208587222222063,0.050758734042419505,0.014563725061708126,0.4332581700556553,0.021485373333333363,0.015624179999999988,0.06471456337017452,0.011522479235464256,0.19574111367059746,0.03277447666666667,0.0005005894444444214,0.4072560143007839,0.10534866544752496,0.24825892605474856,0.18188246444444447,0.03245928944444465,0.016244663277970334,0.002058306939964996,0.40942650304104455,0.015892543155555553,0.001373211327777778,0.04093072146970838,0.008181902556715531,0.11353700882238707,0.025425605469676527,0.006935649077132566
294,0.05122547389977575,0.025514682673687686,0.9595088799389248,0.03195191777777784,0.025224722499999963,0.024882758802286162,0.015291741140505416,0.362315646051081,0.014247616666666657,0.012832651666666695,0.03362906851803027,0.018714433387578312,0.5044754061111867,0.02122573638888887,0.010621880138888817,0.2123680097018812,0.1319868988436794,0.4886993122511742,0.1626845722222222,0.13870220277777756,0.012440557037578487,0.001370507078188009,0.18879666376985965,0.008029760138888889,0.00550094183611111,0.026295735227352495,0.009990580672912665,0.13019445631560758,0.019251539635008297,0.002837686918859772
295,0.0607876128213905,0.0057831965323538225,0.14392502541357705,0.08671944190476193,0.03295012083333326,0.045153608327163974,0.009831159053021642,0.15533430850060972,0.04143228761904761,0.005764024166666659,0.05017409083419558,0.007683076994900765,0.19341430440102433,0.051464948095238085,0.0007734274999999791,0.26489342547791556,0.019877290621351098,0.1865117567821949,0.21255876666666665,0.02212689999999995,0.025915474636038046,0.010899192685324898,0.4494398194328622,0.018778706975238098,0.015128410886666669,0.07652782823169338,0.02115594466741943,0.20667657599481504,0.037757596613870126,0.015496378084311813
296,0.10545359091026553,0.036792700178408966,1.1751752151400932,0.05051022444444451,0.027661620277777743,0.049806505217118956,0.008193350095686088,0.629689834507049,0.028660419999999975,0.01789748777777772,0.07811553688058497,0.012656320481938424,0.4749539277971535,0.0453210733333333,0.04261128638888889,0.6729952998641314,0.17255439498119884,0.4498915589207529,0.4316274594444444,0.3863734669444445,0.05384690721580431,0.006368868712853879,0.11871910976318686,0.03720058299055554,0.003931038958055555,0.04980847813297254,0.013366177048594736,0.08400305144954269,0.02512359203392031,0.013350782501915293
297,0.14016220766956677,0.028991145233902057,0.9076775440494473,0.07951040380952383,0.03424223166666662,0.041764332133014476,0.009529819412627994,0.8795961565800244,0.0367264273809524,0.035640167083333396,0.09457237586917677,0.02062387711291001,1.8276074164877572,0.05484630238095238,0.0072783266666667235,0.5384510778432643,0.16432484148312293,0.7587770472848393,0.32008351904761895,0.010834845833333384,0.02370293424652539,0.009215535541179789,0.5482355483900143,0.012916620633333336,0.00044499624166666717,0.057388229966649634,0.011497010693770626,0.1336384991799425,0.05601989492611079,0.04433281452373694
298,0.06800782114248602,0.021318820064242426,0.48740527916081366,0.0330698304761905,0.00315358500000007,0.05314745417817571,0.012964121795895378,0.336697817174619,0.034213782380952386,0.010032192083333336,0.04243684606149025,0.015118269323971612,0.3571255449078116,0.031921239999999976,0.011793279583333316,0.2370966475851919,0.06751332031537069,0.2314812968067705,0.1835666238095238,0.0806784749999998,0.02149793327996657,0.005161085342057843,0.5853929896146515,0.013051030428571432,0.005874302050000002,0.04854719583543086,0.006227238994241523,0.1336495404389638,0.02732885601312281,0.015178329026567905
299,0.10171763897133647,0.020282604221731313,0.9734942231034529,0.042297930000000025,0.02279948250000008,0.041859343996134474,0.010622686707204705,1.511149025700181,0.013053283333333316,0.012177781666666665,0.06306818700383683,0.007285072572287104,1.372325098974147,0.03149372999999999,0.017406202916666613,0.4237591024115424,0.06956844720653367,0.43963914317088093,0.19572282857142853,0.07523748333333313,0.060321068328647275,0.016574833843396863,0.1360208990568776,0.010438631342857144,0.0017480967141666657,0.04107180098595068,0.001609011997919248,0.014465364078245781,0.023001363790454112,0.02898783882925826
300,0.053413589563650714,0.009754160021157716,0.35019536213797625,0.04099645523809524,0.012982772500000017,0.02597747435914013,0.005240072061810282,0.1848441840087662,0.020286360000000003,0.0023786800000000774,0.037777060724400215,0.008335877035214228,0.2174080950764592,0.02458771714285714,0.01192503374999998,0.24177588294712296,0.08916124348468651,0.3668353006355258,0.16030720952380959,0.14601755416666684,0.016120740899829632,0.0026174577102969438,0.24353635127232762,0.013384961666666664,0.003493209350000002,0.027443259111705396,0.00568366022499437,0.07832448782153847,0.028333392672696005,0.018296340627189045
301,0.11229390306536913,0.03456422132706287,2.0714245234674857,0.09414865527777772,0.019754321249999984,0.04787581071176695,0.012367342401049771,0.5409118548591602,0.034223055,0.002992065833333335,0.0812022099381284,0.029404827492867085,1.2220888776208283,0.08590269166666666,0.021462623333333375,0.6625473160495202,0.2980578910504964,0.8150281110728574,0.7568193694444444,0.21246849583333294,0.019316883363686567,0.004102853917036278,0.23345961377151495,0.016354698244444448,0.001920678019444443,0.07486446647974908,0.016026480585313422,0.30330395423028916,0.04894357220486034,0.015399252358512472
302,0.09111777294321101,0.008501073339816125,0.13794447027598955,0.06964904428571436,0.07169681333333333,0.04450293242510386,0.0058945062857951825,0.12145349900906499,0.017488033809523802,0.008227842500000027,0.058409090942249255,0.007772606421559904,0.14327661083960086,0.042585353809523836,0.05351355291666671,0.31214929758348814,0.04729974143011614,0.11370295786911268,0.20457374428571415,0.2388538733333332,0.017763026413956346,0.0038569241811431307,0.2387075431413462,0.013183843476190477,0.0039500966666666595,0.047044792786971906,0.00753279025238866,0.07553142310487186,0.028635538801048126,0.02198298599727533
303,0.05337978560595208,0.014671900999988923,0.2843673842361079,0.039173307619047616,0.012645070000000036,0.041376733638676146,0.013363888549984555,0.3025964244271442,0.017865944047619074,0.007639404583333342,0.043534421127225824,0.016205856493600963,0.28843023961245023,0.028993969761904714,0.0015480629166665372,0.3912906482982134,0.09779628024984739,0.15763616202828368,0.2398158190476191,0.05139814999999981,0.019286430131321874,0.0029511016553283617,0.1315065793648552,0.023754073219047617,0.009040330400000001,0.04377055738513692,0.006475944559438564,0.04974915131682026,0.022154137750535468,0.008400908372482807
304,0.0539478404303572,0.007936577477289701,0.1811721398010001,0.06831789952380943,0.011519606666666626,0.03979329684247425,0.009671694421277788,0.19393641253327432,0.040302953333333336,0.007168610833333311,0.03766039880536624,0.0063932064325130334,0.11230232269912176,0.04328035714285716,0.005014773333333389,0.3250599196254213,0.08712915490892875,0.18071141478468286,0.3970107428571428,0.06501792500000003,0.016600980363311073,0.0015991303242396645,0.09657689900514696,0.012709052195238097,0.0035600327249999987,0.046480839065577685,0.01953878041125963,0.1894006861025573,0.06047214901794958,0.048041560490767965
305,0.029638596105612088,0.006142243939456708,0.26395077446969767,0.032260397142857146,0.009779785833333277,0.03210850430654569,0.01834219048350738,0.39451424695379744,0.043937750952380956,0.023616902500000037,0.02528431097316762,0.008242727556615611,0.14279224547429528,0.023472594285714337,0.002413113333333383,0.23872409505162703,0.07385488453833064,0.16873491653132677,0.184692980952381,0.012774916666666858,0.013209050750975513,0.0006902417164860182,0.13585519302288146,0.022155336180952383,0.013026188652500003,0.032247815183049526,0.016743108894162133,0.583982845950732,0.02955210950864137,0.014419064617179234
306,0.09190397858930531,0.04505412351191582,0.7407567563155867,0.06845984904761902,0.08165404500000006,0.03898388399140176,0.01156517183492557,0.600734280675482,0.03838983190476191,0.053802749583333365,0.061524406034583944,0.030317521317726956,0.7204024606591133,0.04977563047619042,0.06039082083333325,0.3934271029767195,0.17721884757972606,0.4809860925299276,0.3348982095238095,0.36512954166666667,0.020617455179545167,0.009984756356674979,0.7152003076546721,0.013981324571428571,0.0006324352500000005,0.06059118339966588,0.012854266427225128,0.15801175681214016,0.06478720788231844,0.0876960615713962
307,0.05458293524257005,0.013040832187826182,0.20675944233954985,0.06566165142857146,0.003435949166666563,0.03391559212394664,0.002904428550766917,0.11731303847961091,0.05100271714285715,0.019833224166666663,0.040548395946105965,0.005083848306038058,0.08770106037636463,0.04806465904761902,0.011395253333333355,0.31910677194164677,0.04893419111506302,0.09893551833323143,0.3454354285714283,0.06436829999999993,0.015139035545328213,0.007878562157304776,0.4642298164239838,0.023823836809523814,0.019739939916666668,0.0314142837861853,0.0006983070204236597,0.009126183715572679,0.05851165982538247,0.03012348177391838
308,0.16828770370892288,0.040187102139123264,1.257122332422563,0.13006177816666667,0.10047787802777763,0.05450148077536609,0.023834524937035726,0.8722060352112029,0.03326847277777775,0.034671889999999955,0.11686223971059322,0.036041122415749687,0.7673638148995127,0.11621013439999994,0.09359344023333332,0.6838573100738877,0.2576351709716828,0.5811790730978594,0.4996197953333333,0.35838303699999985,0.03553604338530301,0.009478785985129887,1.4120196878374507,0.030843091155555558,0.0036607053111111106,0.055544705612777974,0.015464040477904057,0.1598488384995943,0.0402970324515938,0.03968376030211773
309,0.05351250851815568,0.013655375928315191,0.22850187379595072,0.05135888857142855,0.058674641666666694,0.021546147169555784,0.010365241816400328,0.27010554833560657,0.03000966952380953,0.013044476666666693,0.03770270603921896,0.01684018063157929,0.2568407608228105,0.03599424238095235,0.02778705749999999,0.30464302272340615,0.12880974638686016,0.22427353577391917,0.2707807333333334,0.21780216666666652,0.019806886377618283,0.0049159807517691586,0.45853643423199936,0.014935708190476188,0.009694742333333332,0.053749748096960114,0.025758619283486033,0.3535178803637281,0.032327840645714354,0.014359145590814415
310,0.07274322075186061,0.015407259161410709,0.5309123512564599,0.10501476809523813,0.04062637499999999,0.03310367210636966,0.003092223982604633,0.11602544537841639,0.06318547285714282,0.03196075833333334,0.0497112524931006,0.008514591623604089,0.1791775375859288,0.07173735428571433,0.03293310999999999,0.4242001553435429,0.08881699191972695,0.15754317660102737,0.5642787285714288,0.35262937500000024,0.017949767438234555,0.004591930623256537,0.3494256395139568,0.02358668489047619,0.002562909450000001,0.057102231304859356,0.01671989546372761,0.22737583465750877,0.10247556748739632,0.10582504625205669
311,0.09975153951783176,0.034720129545409734,1.1195779189992783,0.0512858455555556,0.05620479833333336,0.046720767680923585,0.013691247814525666,0.6030362573914653,0.029334016388888894,0.02193375819444443,0.06349573242294512,0.025254454030010313,0.7038390673497574,0.03582069222222222,0.0366365652777777,0.42708181803322626,0.17247520907969968,0.6017368531739243,0.19593973333333334,0.18086274999999996,0.025710130592788764,0.008592159182971425,0.5005228143987813,0.010387181583333334,0.0025805255561317745,0.06493559152057167,0.020623065159615234,0.22620939667805956,0.04720245022637562,0.05612514103812971
312,0.0519251846501565,0.026641842343615427,0.9687653178220945,0.06743238952380952,0.04265188749999993,0.026121574008499255,0.012129641953665381,0.3790567438937962,0.02612485928571427,0.02279329041666661,0.03689502767804489,0.017538089192974126,0.5571809614886637,0.040966175714285714,0.022695001666666603,0.27333539435024495,0.13190005142050815,0.5421778678153024,0.2806364547619047,0.12968484999999985,0.012794999757591156,0.0015930015825586308,0.14817335910129573,0.015675846666666663,0.008129165833333332,0.03678679570629558,0.015339595245567252,0.23746124529895235,0.03835320663177729,0.023945058057999125
313,0.14415144091825385,0.011767928860006644,0.36625620385982394,0.125799969047619,0.14058885291666678,0.04269941743929434,0.008886337314025888,0.22282374430152124,0.027475073809523808,0.004503633333333312,0.09976740601603912,0.009749491579690125,0.18470432577209164,0.07184748190476191,0.07108785666666667,0.571243609183512,0.08741619550408593,0.3073614186344521,0.3241655242857143,0.2907299041666669,0.031156856910229295,0.006975808667308115,0.4239175559505261,0.023209910128571425,0.022796296741666666,0.0530485767256067,0.016947848126267148,0.21851545051170096,0.030244771035220823,0.010753023096579384
314,0.08824708591428783,0.023446061545217063,0.3956241574568303,0.06350321476190471,0.0014318516666668168,0.049833662871431005,0.00815423604131959,0.16258876742832096,0.0272359542857143,0.00145911708333335,0.0609883959646861,0.016048173520151515,0.32187527646181613,0.04234149333333336,0.004993505416666655,0.33701340023990634,0.07360762987006192,0.22275264705988262,0.22672274809523807,0.05412932583333352,0.031101616883616397,0.006347043400100546,0.4444515806345003,0.02269162926238095,0.014291124479583334,0.06104474701639024,0.014342952624831784,0.19938496015215457,0.043131125048112624,0.038015870035449484
315,0.067873269347494,0.006123424602232602,0.22830822494022965,0.08790052166666663,0.0013468555555555817,0.029551630627415223,0.01967023144742652,1.2827738106239739,0.02512784722222221,0.006315891111111083,0.048146854484486266,0.011128020726361949,0.3177284973105668,0.06642449055555552,0.0150128894444444,0.34475192827273027,0.11735315843014964,0.41212734775692356,0.41733530555555554,0.03679594444444434,0.018364621568343484,0.0029066859101759615,0.22280946376165975,0.01823695208333333,0.007918535083333336,0.04079419419076188,0.009305541420149596,0.1583078308710856,0.04506174028534885,0.03982518173486371
316,0.0827502714858079,0.03460573897145536,0.5180243579889612,0.15760627277777775,0.08987737055555545,0.0443980101341624,0.021018408649735674,0.6067396449174753,0.034645758555555566,0.007239605055555598,0.06326011445918565,0.029261491501907023,0.4533304564549693,0.09308914555555554,0.05524070555555555,0.4582457175005851,0.3128609116703068,0.5498475212898588,0.5539697894444443,0.41535863111111126,0.02025260187477901,0.0052628515725265685,0.43358805360984787,0.025241030022222218,0.0034834913611111098,0.05977581938707622,0.008888395432989077,0.2256244521046825,0.032302485064310764,0.002833606952097778
317,0.05912659034678053,0.014576689894015116,0.7840377944871253,0.032143021666666695,0.004082947222222022,0.048211833704833514,0.025351168373673762,0.6430159091269388,0.023737486944444452,0.0254620526388889,0.04339316029932755,0.013373734603975623,0.38829442144373116,0.025951551666666666,0.011347763888888807,0.2583298076927658,0.05145589192583718,0.17019787840160863,0.1596593305555556,0.0624888597222224,0.021601945622541145,0.010411256646871684,0.8486900491001373,0.01603000711111111,0.013300225855555556,0.04857349319127796,0.006861540149019098,0.1442745407609111,0.04184208735682419,0.0037985368778212236
318,0.1328240012589791,0.049147185621835614,0.6715588071139418,0.0958179258333333,0.056982372638888834,0.05929356779105701,0.028351161234300086,0.43728313602668656,0.014741423611111156,0.01286224263888891,0.08345613723298928,0.036279314910682356,0.5487994687122217,0.04436105583333336,0.018425630694444528,0.4922393036208827,0.21685169666343826,0.7849639781428486,0.3172206972222223,0.17378884027777786,0.04015004892358497,0.012034081999449464,1.454184244931413,0.04005924300555555,0.03143537916388888,0.06589795044813994,0.011850447293531258,0.341201811458657,0.04656778164027414,0.038372214031172525
319,0.09211984182720843,0.027425370750036156,0.2848622414225938,0.10212770904761907,0.13529920083333336,0.034595759135449405,0.01372726898741516,0.31721533712995603,0.05770011080952381,0.006435530541666679,0.0556089974663487,0.018227921718921774,0.24761653877252982,0.08240466571428574,0.09983792166666672,0.35680113797825036,0.11984794855280326,0.23229440697474169,0.3176512142857143,0.3858625541666668,0.03158634005559024,0.009379506707449104,0.6623420083594085,0.03937853178571428,0.027186987512499997,0.028223142315556293,0.004872235183013646,0.053590518315523014,0.03935336813094596,0.010058907113534632
320,0.07799897874009924,0.022863612404761414,0.569523092905808,0.057112424285714246,0.029070164166666745,0.033044789944125956,0.015096829176985705,0.5754038186223545,0.030420365238095253,0.028561319166666654,0.055216902009197925,0.01847810576647651,0.38300823449128696,0.045033008095238095,0.0110323533333333,0.3583904216151981,0.11795214291927957,0.41681003176551606,0.2850728114285714,0.04719872750000009,0.015398548952755338,0.0033097152333447966,0.2643969130706624,0.009680422057142856,0.006014462300000002,0.02953012979495785,0.005900820656897412,0.08245244622267996,0.03003062096075132,0.02784271185002285
321,0.06706261445089916,0.008290133775461585,0.15408191362348048,0.0610512966666667,0.014015814444444552,0.05368582279073169,0.005111814359041963,0.11190459508211921,0.036967413888888884,0.0036719919444444526,0.04983315958296616,0.007233101273803783,0.14555188386113874,0.049013335555555565,0.0029433550000000364,0.3178643738423558,0.07058979078414189,0.22161249899870952,0.2880740833333334,0.06765174722222245,0.015367986700441033,0.002599324430753128,0.23847040519767626,0.018073644788888888,0.003290514058333336,0.04116915840308441,0.007606872985975454,0.21072701874413904,0.027856111868603945,0.004570862697573785
322,0.04769708289649439,0.013584315779552504,0.37857596575195324,0.03876290714285716,0.011276818333333383,0.02533710510998725,0.011871310473283745,0.3173111586995306,0.024575541666666652,0.003009337500000042,0.03925725344215698,0.014358752314323181,0.3029887243006596,0.02569340190476188,0.0010599937499999879,0.3571040376225971,0.1446464134088875,0.26244054235326286,0.24331775714285728,0.02485984583333334,0.01465315488953419,0.00019711408902392744,0.012098551490137914,0.014108753890476191,0.0026593172333333323,0.05173220106174944,0.0174601213516214,0.15704212425613187,0.025139607614694977,0.008743325036910665
323,0.058551358052070866,0.0037449773588650688,0.0602099914651864,0.05554618166666662,0.012399953749999804,0.029897595018123904,0.007745398797207973,0.1653668754043626,0.013305563095238076,0.0032601745833333307,0.03612874229766466,0.002481335546945805,0.03559012578299185,0.025630155714285723,0.003532002916666721,0.24326575541743892,0.03701733002563608,0.07815970177911243,0.16945513095238085,0.003399491666666643,0.013924380710471557,0.0010549709459573252,0.056391907478415014,0.01929150820380952,0.010841042044999995,0.03161269544280581,0.0142656733189401,0.19579791351873108,0.02317598722802668,0.01778128335585455
324,0.11335585942905925,0.006026135840235031,0.26928659721639503,0.03493417999999996,0.0023134522222222342,0.06006613518460461,0.005987418709161639,0.09605452799093706,0.039102161944444436,0.002531632638888892,0.08686359740310429,0.006532607829629336,0.11321146027809897,0.04732989833333334,0.0353517161111111,0.5651814702660839,0.06737196132611878,0.11648207653703055,0.34034441111111113,0.262248927777778,0.030211976161825665,0.0022209217385523693,0.05522442026928452,0.01971190097222222,0.009969070625000003,0.06805390049692828,0.013493578052619798,0.14512184806358366,0.05885732068362969,0.024398648011711488
325,0.0873896949438056,0.04834872993884241,0.703210144915887,0.04370657000000002,0.017757904999999963,0.04652907736328899,0.03310217097446823,0.38575330913898415,0.046677468888888886,0.03732098194444447,0.06382878823851419,0.04647831387548611,0.5507807102361407,0.03647710055555559,0.025441241944444415,0.5338284296949802,0.4256755713594705,0.6347668140373443,0.22460260277777763,0.19661590694444397,0.025597770975030618,0.00982019824827687,0.8211281373856179,0.03429006416111111,0.02154190473888889,0.03165689789206432,0.01236314132495012,0.37035392044241416,0.025955549960971862,0.021983603001382357
326,0.06623242638207671,0.011123371985860985,0.218174124881666,0.12624974666666675,0.014282131666666587,0.03239952844621645,0.010561649900092182,0.23183077849782863,0.03985254757142858,0.023102963083333344,0.05004574430338823,0.010944092431452184,0.21755345732737696,0.07456944833333336,0.008249390416666669,0.33155263930454654,0.10646343550781343,0.22854915939173445,0.3459298838095238,0.033362714999999765,0.024540791355527617,0.0023349081647032898,0.1454885726703606,0.025016032190476187,0.001005100975000001,0.04194354213713917,0.01236937637718963,0.10750163441712475,0.03659823967754933,0.015807167939449196
327,0.10689252454933372,0.019452511285025408,0.36808118087897296,0.08212691861111111,0.023257780416666707,0.05098103677576065,0.015122962490411776,1.1390560688187323,0.042466876666666674,0.019712896944444502,0.08213575276975589,0.01907517312326953,0.2658322906218507,0.050611915833333354,0.01640293819444444,0.6502686510481924,0.1615467779317069,0.24102314719074533,0.3051710666666667,0.059233294444444695,0.048925458624013124,0.008602693665583286,0.26670128782280095,0.029189372805555558,0.007751506963888888,0.12494469265095513,0.02127485703224063,0.21908798450453137,0.09953344384968683,0.061178064575438285
328,0.10636490761778233,0.03461238296344718,1.5222021254795628,0.05397017571428575,0.005085584166666712,0.04505342697460902,0.028522470445449116,0.895936436317559,0.023019129523809505,5.011791666670318e-05,0.07475221672306942,0.023619686503369684,1.2868315529496386,0.04468681095238096,0.0052585470833333425,0.46770746578946354,0.14728624736897786,0.7474446760511888,0.22836325047619035,0.010341127499999603,0.026995845049051965,0.004658853190529588,0.7099498762897682,0.007762798928571429,0.0051100851916666655,0.046763047654150514,0.012046505121895361,0.21652000121675827,0.0132091934459254,0.009762398637668479
329,0.057206398361856266,0.016125071619410895,0.3208224644349547,0.017937133333333386,0.011474389166666654,0.042835800060916356,0.009434198076826368,0.5309743232372851,0.03171796761904765,0.008970521666666675,0.04142790679115473,0.015015658488857608,0.31079371403964934,0.017679585238095246,0.00038034166666661706,0.270047884242194,0.08401154168953498,0.19130739866118104,0.13820857619047613,0.03475215416666666,0.016303209129113337,0.001695346171430383,0.14575257525642005,0.010632652380952382,0.01204600341666667,0.028009138184552546,0.0030931891707411396,0.0486143160230426,0.028309312509049833,0.016039002985706263
330,0.04800714064333717,0.01219124357025425,0.2636161871018031,0.08222918095238098,0.04565166750000016,0.02388527619861944,0.010146379673994434,0.2280734904129571,0.049527646761904756,0.011812132166666656,0.03698247166697194,0.013448042610016095,0.2276338785237033,0.04453963428571428,0.03429031750000011,0.2528488778928712,0.09213568235315747,0.18549342044969527,0.25944082857142853,0.19251394166666658,0.013673850370782682,0.0035826144323779906,0.25942104976988595,0.011953274895238095,0.0014492964666666733,0.036608580568101574,0.010850448272326993,0.12189605774056858,0.06413975158653894,0.04453037477272309
331,0.10596592313965462,0.0362359899850227,5.588063071909102,0.07967178666666666,0.03773971124999986,0.045653264344462485,0.022322753117356223,0.923625902626749,0.0354861757142857,0.03730396458333332,0.07360795642151931,0.03131842628985482,1.9753703366949271,0.054779418095238064,0.01124407500000002,0.3977668556999372,0.1730817124790121,1.016272886020089,0.26467158095238097,0.10753665416666669,0.018920375569256496,0.005568782888444942,0.4080624625987905,0.015243724493809526,0.0076314692391666605,0.04541164296293357,0.013762143809030462,0.20425029238688538,0.0434611370318686,0.02502663974965752
332,0.13341103696640547,0.017318657541178843,1.4119071871718276,0.16506822619047615,0.029689707916666586,0.05210837404261869,0.01701271231429211,0.6637396611562644,0.046004587619047625,0.028611262916666602,0.08588507955823432,0.006867876423709995,0.408134826650538,0.08563685428571431,0.032138240416666686,0.5760539886543458,0.21055943551862769,0.7943105568056218,0.5301868176190477,0.3698271866666667,0.032623628023650146,0.0065621758490191215,0.33886159261822096,0.043888011552380944,0.019303463683333334,0.060416703111582426,0.013693449793280094,0.1451413128700302,0.043587656797311115,0.00813690452436222
333,0.06307492246460321,0.01612865209322936,0.5355771361569232,0.06954781000000004,0.019900924999999958,0.03348333727725318,0.011506746286256456,0.73128831680176,0.031627243333333326,0.008651015277777757,0.046194030744981775,0.01294811679162821,0.3469139975239533,0.04008175111111109,0.007958698055555546,0.3567906724138392,0.11959358005744297,0.40427454001308993,0.25335848888888884,0.020035219444444863,0.01899351189345136,0.006397572091786861,0.5108385542182337,0.011628475361111107,0.004304670572222223,0.040921630956603006,0.009776892655083245,0.24627766673864207,0.024438745408133677,0.004969592708582216
334,0.06641836711740966,0.009942621967432869,0.12996265516812108,0.08747571888888894,0.034357061944444434,0.04271168090499473,0.004595400736548665,0.06135325424345609,0.03179946222222222,0.0061503899999998946,0.045413157687759276,0.0022280283274278144,0.02721316736395349,0.053962554444444415,0.010400507222222188,0.3551767362008349,0.023814504599094934,0.03555396376373506,0.2951684888888888,0.034799486111111166,0.01695402172725258,0.0012516777442574901,0.07835488890710521,0.0175352714,0.00922814424166667,0.0358289608163927,0.0068811041984976635,0.1708611630833094,0.0317105360608581,0.00798263963799456
335,0.07103125206884632,0.008834260046663248,0.15032730844389441,0.07072909888888886,0.017804846111111217,0.03801964887116915,0.007362298551102798,0.09441021970861509,0.038519810555555554,0.018546314722222235,0.04910220856997528,0.005608797824613132,0.0967587046680414,0.05137669944444443,0.017044864444444474,0.28952991979565934,0.03385069380937727,0.07660127998955199,0.26164452777777764,0.07295969722222218,0.01810328706754304,0.0028782787066701935,0.23363947971066024,0.021819404705555556,0.006660100150000001,0.05075284537482922,0.015799082632033893,0.29743043367760647,0.04294701190433121,0.01714128969937123
336,0.06520274904650726,0.04259523657279785,1.3298468732874675,0.032082891666666634,0.03942296972222237,0.04018487439773515,0.03520176107647808,0.7671749974480463,0.023436233888888935,0.027005912500000062,0.047387097825085385,0.036641282381487165,0.867962138304233,0.04279224388888891,0.04415562888888891,0.3586844700997811,0.2665043913847632,0.7907607688486193,0.2810673572222221,0.264964613611111,0.02059209773771345,0.006142895360982449,1.2666912520231932,0.009918047488888887,0.008834829727777774,0.03537824624613215,0.02188999614263296,0.36754971671122183,0.017882911692842108,0.018414171355013054
337,0.09118580998433645,0.02440315357652341,0.3712945331168983,0.042624572777777835,0.02257604527777779,0.04239995665103554,0.02468335795337093,0.6584209802646608,0.022127972222222226,0.009757761666666642,0.06538293709073281,0.025270132844555857,0.4221637858869433,0.03102879611111108,0.025845940277777757,0.4746105574259272,0.23005546747973765,0.5355346989134843,0.20431495333333316,0.15199547722222206,0.01921199351450815,0.001439208049741458,0.11364653131104567,0.014670404,0.009367748669444445,0.03754165728795721,0.017366036468977587,0.31575004496532655,0.03311074761945532,0.007683655220478314
338,0.09243087503763185,0.021191789910667818,1.2732970874961536,0.02585897238095244,0.0031346612500000592,0.0492859685836664,0.011029419357272068,0.1546191215989675,0.03713281285714287,0.017218072500000015,0.06764336218886752,0.014662120991242613,0.4061898165733214,0.026519298095238113,0.00360145499999992,0.40493984334739946,0.08137259276323719,0.26784259846593855,0.20055439999999988,0.04374987499999983,0.030043565108865133,0.007794164265698063,0.3914663323700613,0.02298242967666667,0.009342626882916663,0.08717492247853882,0.038905320633931,1.4954935328104602,0.03956636761360748,0.02514576971198057
339,0.0836098303576908,0.012496385282091679,0.16982667247660108,0.0491227083333333,0.008535216111111077,0.046053421931309575,0.0014149064718945645,0.02475074656382602,0.04822339388888888,0.020120216666666635,0.05743886947551962,0.010813715575074278,0.14169404616988196,0.02769573611111113,0.00854519166666673,0.369703439573283,0.028668330001894587,0.04488879414753028,0.16505270777777778,0.004436722777777513,0.023765205437146494,0.003346690984974526,0.6140489959734302,0.012533633316555557,0.0024173110445555573,0.04690455875774746,0.0033790883684593816,0.07219039887406452,0.0224312683509465,0.00752841146516231
340,0.09446786042783682,0.02413728941294518,0.3146029504104846,0.05917732999999998,0.022195489999999873,0.06046414603857438,0.017942405446485114,0.3314972952225693,0.033958481190476196,0.0037582137499999613,0.06626903812843925,0.018301174382563852,0.2646743909540221,0.03559425333333334,0.006177765000000002,0.37442799458847514,0.10767367386229114,0.3208287187568453,0.1922207388095236,0.0238818487500001,0.02480795049511644,0.005469835204643975,0.32642301047162764,0.014146848523809525,0.0019852229416666665,0.06770684227646755,0.01816082106579183,0.11945466804298437,0.03161275867956143,0.00517147248293176
341,0.08427287916538127,0.01706157886270959,0.36235646591990855,0.058630346111111085,0.027207446666666635,0.04623816889205085,0.006094762454022049,0.19755795689332228,0.02484757166666666,0.006688159444444508,0.05973726269596663,0.01032438044501611,0.19101388129421853,0.04225080527777778,0.023269739305555537,0.45171595101870327,0.09398697423476518,0.22435599872654777,0.2696393388888891,0.18542501944444467,0.016490637897414135,0.0032699429610658043,0.9086666111772966,0.008287074166666667,0.002262690855555553,0.051521289497563856,0.0045882611815162185,0.07577827638971184,0.024880767415648753,0.013431032502335793
342,0.05507633732729711,0.0027896873555208397,0.055301832902997165,0.055169637222222255,0.017276482222222223,0.04512070240490551,0.00429357355996289,0.05552231401320593,0.0379547315,0.0037112930833333446,0.04119365131543113,0.008481439732016972,0.14232654061414224,0.050145346666666674,0.019643683055555583,0.29203692203579174,0.04140289003256863,0.11452224254688054,0.2741793922222223,0.06554223277777793,0.01888967659475257,0.004234938850640711,0.34931285639527093,0.011093958805555554,0.010959456294444446,0.039887081269650494,0.011555698127993405,0.15472232425003865,0.02795931704432846,0.025275480565908004
343,0.09690326562072372,0.022148902805829686,0.42653069804787686,0.09246993083333337,0.04877674736111093,0.04806127761852644,0.03207272312051751,0.6284453501665815,0.05904229022222222,0.037138993499999995,0.07260918377136001,0.027726559830574836,0.47100247528251954,0.092036,0.06569830430555557,0.4588095976454078,0.17645399604316653,0.3927071013674558,0.47125824666666666,0.3373730030555553,0.015490780714930331,0.006857565630275196,0.4102040488371541,0.01813923172222222,0.020834413652777776,0.05425335682895039,0.016034716050436857,0.2822113197462009,0.06389244875987629,0.028366598745146854
344,0.07475820507989232,0.010249557209181553,0.10838406888508251,0.08087993761904763,0.05827069541666663,0.03140642071789607,0.009883274891658347,0.2406610310541339,0.034796827619047614,0.024235208750000015,0.04409183110471434,0.004589046810937638,0.07072115463662422,0.05211284809523812,0.023926914166666646,0.24141273737617067,0.029546228140645458,0.08674216485538142,0.26407915333333337,0.1777919508333332,0.01347136102351319,0.0034932037021538106,0.19464893339724562,0.012615191451238097,0.011545336394833336,0.13371337993242297,0.03560350426191705,1.3990954106030753,0.08484502789095105,0.04869415356941842
345,0.07510815471697548,0.018392528009745703,0.3463417338121884,0.05107649238095237,0.002448501666666769,0.04232367704180002,0.0012065009573069424,0.047896112882815214,0.055637804000000006,0.02548078108333332,0.06089675994148901,0.01901201166687169,0.33402769652522707,0.05093367571428575,0.01205091958333343,0.4561589935601891,0.16645381084175778,0.3217047064834208,0.27207714285714296,0.06328705333333318,0.03503544288728319,0.009427059793982699,1.3440595242082793,0.028373334599999998,0.01778543479583334,0.0347702540295211,0.007816353265796579,0.09617622428620673,0.025589761598437226,0.002367100087319718
346,0.11806825517057963,0.046669150382783936,3.428898676222202,0.053704218571428534,0.04217891041666655,0.06801546399393156,0.027302386878770613,0.6143969397315355,0.04578587761904761,0.03933612624999999,0.07587473710027616,0.0381334863912442,1.1722665443607863,0.0476136538095238,0.05246172333333338,0.4182870603151528,0.18431361974733695,0.9564027427757099,0.253822200952381,0.2062425225000002,0.0284451898410695,0.005891828154711577,0.3230024815023237,0.022644114533333332,0.001074452258333334,0.05572528173187902,0.023115228736434502,0.7151789325471172,0.037477726135424626,0.033627728177407
347,0.10182053804776901,0.0059287397815419906,0.16831458793946708,0.05559086611111116,0.028931876666666634,0.058683026711327524,0.013616257560502318,0.4213318210993294,0.022805024722222178,0.017795941249999947,0.06976324126231624,0.021879784985269525,1.4752313463652205,0.02455238166666666,0.013564400555555689,0.5994671367681184,0.18938423589467912,0.4484513615566664,0.18734823055555558,0.15817817916666677,0.04081872176039955,0.0162311732036559,0.34135578435285097,0.01360309088888889,0.004307757272222222,0.07528280765081508,0.030333115745865363,0.3690785573367329,0.02969908535515618,0.02191748537324134
348,0.05828688249695452,0.009457902820053375,0.3284076237636541,0.015327910555555583,0.005016098611111186,0.022159726642727653,0.005136237985220487,0.15890151340392492,0.018395692833333328,0.013079915500000011,0.03853188413398922,0.009200413499799196,0.4009787680822787,0.015557656666666642,0.0023689969444444237,0.1405636180630457,0.0297952802469094,0.22255484545564844,0.036556614999999903,0.0053501786111112,0.021253340514175514,0.005690689632641143,0.23883083745511444,0.025680212388888887,0.014076169583333326,0.02117250374737133,0.004239903351133208,0.06760213938044653,0.01945306098614752,0.018838493984357385
349,0.04785193852792682,0.019399201784703543,0.4758794715027112,0.024253255555555592,0.013484846111111226,0.02616580708992805,0.011913711427942116,0.22043638747966673,0.027213225000000018,0.00010583916666673243,0.033666589773995705,0.015789869518315302,0.3466085171363741,0.01825841000000004,0.011166939444444468,0.37306963459212894,0.18196086749832835,0.3708156215000769,0.2324500500000001,0.1927673000000003,0.015902204520337,0.002869221683627028,0.1932850855944619,0.012111786059062274,0.003814578326536625,0.04086093134508793,0.014049936686921354,0.3441855858780571,0.04597490685970201,0.019928025389238657
350,0.1091723674238529,0.02476253965541475,0.8660403612168738,0.08185874250000001,0.024242247916666626,0.0392397899936148,0.01029798665657652,0.5751714598301778,0.025321988333333333,0.010530988333333324,0.07612909842675318,0.019822027486718387,0.5905052705452486,0.06970169194444446,0.026553334027777764,0.5402938805627747,0.153948899899926,0.5685455382716945,0.5149019805555555,0.12463655138888896,0.041324952002927635,0.02091103648300262,0.8837485955791404,0.03748167347777778,0.03841841957222222,0.052962748827449335,0.02699958422809893,0.2243900061365438,0.05067278771871391,0.005603824888536113
351,0.09298184651474291,0.013853771635630386,1.9755295161985318,0.0200535119047619,0.02133050124999991,0.04986085185502129,0.016724576251100215,0.7433731042175811,0.032183548095238095,0.0014817891666666916,0.06775875858067423,0.019212609233986825,0.8035575926373163,0.016333049523809564,0.001137181666666598,0.43986032140704673,0.14154111737273017,0.5861198475710893,0.11706440952380956,0.011990620833333354,0.036200697888058936,0.020171326502577643,1.9688743074941633,0.007981850673333334,0.005527852880000003,0.05244923051215661,0.01493148569195152,0.2274890454373108,0.04338426434769958,0.0005920018178005026
352,0.04692111485233516,0.0024154477103161824,0.04828843712087244,0.04926619055555559,0.02307532111111099,0.030789562859975878,0.006591395266753488,0.1299013747179238,0.04292450388888886,0.010960170833333338,0.03921988697095277,0.006244660707514427,0.12288054406974554,0.02959197500000003,0.00036629499999990545,0.27613709549655135,0.037172271146949876,0.08270211008872852,0.2355079222222222,0.03329308888888893,0.015776676418266907,0.0020255464711307573,0.18608204863881264,0.015949240394444442,0.0009895859833333326,0.031698126468888706,0.0012724933346383257,0.024743497375863285,0.034030091258480215,0.0016792379871474195
353,0.06442030445927478,0.012097300412418906,0.2477639033836288,0.04201709722222219,0.03047672444444438,0.03131235911373078,0.005426403984936012,0.13145343735434298,0.016131995555555573,0.0017293491666666716,0.043575782314219,0.003881906745777369,0.06718488257577597,0.03256708722222221,0.01986478194444441,0.29183071975458225,0.08143036376904943,0.1772364474056367,0.17641437222222212,0.10352403055555559,0.019667728869513023,0.005168610474185398,0.6054235967055164,0.010505409899999998,0.005048454752777778,0.05295224752961975,0.012499643379376306,0.1255578345719618,0.021503600570403236,0.016740770101586644
354,0.07833074825198959,0.012814782369780668,0.4567831184702399,0.04400551777777767,0.020312954722222054,0.035862206955314564,0.005950840469184363,0.14392690821751328,0.023058150888888896,0.006442032166666695,0.0549170865915814,0.009019072975237942,0.2697851591385589,0.040919753333333364,0.020235908611111075,0.3433741909079339,0.06633344828172515,0.27043074970923064,0.18111667222222236,0.13100225111111152,0.016691051157642973,0.0011795726843064397,0.14470562306542337,0.011896442066666665,0.0002173239194444461,0.03479978081066639,0.004745228093910119,0.10024615828745416,0.0206932953842634,0.01402622970077988
355,0.0812817450119742,0.022812873281367448,0.7927795008209041,0.07527603861111114,0.041492015138888894,0.051462314216680044,0.016413449800469666,0.7245728213992316,0.01793433666666668,0.00874238833333335,0.058735222693048456,0.011731196397590396,0.3034886746302215,0.046574889444444434,0.02144661583333335,0.40821219212197507,0.061857285696736534,0.16121731255487712,0.3020136544444444,0.18684247388888897,0.02482405524140949,0.004595491932728423,0.5029877550114015,0.025410216222222223,0.023873053722222218,0.05216514050216018,0.014935991268955338,0.134469083415928,0.029594136293210605,0.021343220281123232
356,0.15567403728264304,0.060956885911282205,0.8191361833776054,0.16186275952380955,0.04602088250000003,0.12062273453781965,0.014923760278658646,0.202925458399876,0.1265559081428571,0.004748205000000033,0.13124068407611944,0.04519471933173119,0.7686074720186995,0.12755908238095234,0.03651488416666676,0.937808837128464,0.32848500496226823,0.6837409802598355,0.7577219361904762,0.16930163749999982,0.07878694420830935,0.014267858451472512,0.2891924168913883,0.08021288781904763,0.04906212893333334,0.1387893526220119,0.03217363798603482,0.23777923583297894,0.10783116531370822,0.010996071896172521
357,0.10987924636365674,0.026942181775972324,0.2863335937643455,0.09276206695238098,0.007119680500000003,0.05684337507472959,0.010915859189832098,0.2900642786353172,0.03451155019047618,0.002733777416666694,0.07541469663237953,0.012526548868021015,0.17546987149693993,0.06904470123809522,0.012200624250000014,0.44137763676962677,0.09512766449199012,0.21910528352514005,0.4227740399999999,0.10820214083333335,0.023350259442373757,0.003074762217533755,0.27339501620970064,0.013268500961904761,0.008519432941666662,0.056148776427028035,0.002466138851740538,0.0733275764503959,0.041176593911564065,0.008477358210398356
358,0.17223794835550668,0.03283432824718682,2.495302522091511,0.09067149428571428,0.024954045416666626,0.06275489913804887,0.012972274652570089,0.36277699200719843,0.042031311666666675,0.02577714504166667,0.10336193948139581,0.018962820537212762,1.2927471408560258,0.06085346476190475,0.014279094166666673,0.39585482373689845,0.09528948958872853,1.7736027819114004,0.21028071285714273,0.05910337041666669,0.029664400707930583,0.005187709718865516,0.3437604875621022,0.024957206238095237,0.013117268166666654,0.07368448277162307,0.017733498472118123,0.5857363356740384,0.032099588439459106,0.027965669053433617
359,0.06112494400367543,0.032201499832696406,0.6859209163205972,0.041280442222222234,0.02668278583333339,0.039389557660357497,0.017084452815640357,0.3371698834524233,0.034002339833333346,0.0168087158611111,0.04373968040554311,0.030632453613134446,0.5259354364619381,0.031059451666666644,0.03932578277777771,0.2751154547417078,0.19033192845192715,0.40377114710661377,0.14696267222222217,0.12990691944444444,0.01451937315546479,0.0031183451597399958,0.12998863351254875,0.010039701866666665,0.004717003197222222,0.038476508973018055,0.018830218589454776,0.21689640913869168,0.037019264095880126,0.020671978801652835
360,0.08149531367942296,0.023594490641562105,0.3258859277225894,0.0493767138095238,0.051903931250000035,0.04642655501617902,0.020482071232704843,0.2458122353915482,0.008976520952380955,0.007794598333333347,0.06350494382521128,0.016227887821496808,0.21941923289972143,0.03552713190476192,0.03860507083333331,0.368528317756499,0.06166936977053861,0.133233583596712,0.15827976190476192,0.15541165,0.023952839531647303,0.007524431378740842,0.8090187288285369,0.021583891223809524,0.008341763349999996,0.06343723023763964,0.02622855125158684,0.35165537497184773,0.03708797219963468,0.009064180668737043
361,0.08897935813137377,0.012677900746924627,0.22056671248747375,0.09791165380952384,0.06792586750000007,0.051428494748934434,0.014482814501222777,0.25735580992475154,0.02888675142857142,0.003311102083333295,0.062435155276945674,0.012018348092909557,0.24241478379229497,0.0346358319047619,0.02296251999999993,0.3901791888018553,0.049112640915859804,0.13602725659871936,0.23036677142857132,0.22905787249999987,0.021513507916897868,0.007168544891445886,0.5906680677360562,0.020760960347619047,0.005927640425,0.06511337193769477,0.02209983333218296,0.20257349135088698,0.05200337696658297,0.02463832527946841
362,0.07010210779244579,0.022163871004924774,0.993835169097727,0.042392035000000015,0.026192399444444514,0.037842210074083005,0.004863077184861627,0.16537972166353457,0.01203267777777777,0.0027751891666666917,0.050035009297838294,0.012134126567952281,0.4607435459387654,0.017630634444444432,0.009767225000000102,0.36561958939491973,0.09846607639294519,0.42453676736651347,0.21602454444444444,0.08732983888888901,0.034483053608340246,0.0034786745553408677,0.19628801925989386,0.02751817422373905,0.016368100078029045,0.06039308524752462,0.010434700109709722,0.09485369723265417,0.025769386241807173,0.021426173090684508
363,0.052550773319917976,0.015397830113426452,0.32196416382354737,0.03887436047619048,0.01621691000000003,0.021390545457886306,0.010847422554017975,0.4802438513078432,0.029475422952380953,0.014676705916666671,0.030449919418557875,0.00570458738076371,0.13283121917154164,0.03611329238095238,0.0019582912500000216,0.11866109942895987,0.002452240949093248,0.014384770603482191,0.14305074333333329,0.04006396833333348,0.026884728079724685,0.0029442193014535298,0.10959219984548675,0.014006664238095231,0.002399840999999986,0.023816812049886744,0.013212968491571228,0.36038860399891887,0.03136871115892028,0.009861168323337055
364,0.04390451396153074,0.010546285839552517,0.12587886211027205,0.0307474088888889,0.030294637222222365,0.025809837845324046,0.007563083603257206,0.0822819866374609,0.02992574833333335,0.025324840833333334,0.03314112770376607,0.010882697654626274,0.14235452912237484,0.023963771111111143,0.02059955583333334,0.23497516046395675,0.0839835734182588,0.1260325598974971,0.1193839166666667,0.1052558583333334,0.02005526983859517,0.008476743344410414,0.21906685034994255,0.021015502711111106,0.0006550437277777765,0.028147608702027014,0.005962366620425206,0.04961792897424882,0.027529835368305167,0.01630512408058643
365,0.09935173170578938,0.031385028123582716,2.063000131277731,0.054254407142857106,0.03886559166666659,0.04300625441560774,0.011174021196592436,0.31593285840265944,0.03049339928571428,0.0014876112499999927,0.07028686265337981,0.021747746357602037,0.6216365427360557,0.04385815476190472,0.031583140416666655,0.5024338926364565,0.1580708665550225,0.440672321144174,0.20047194047619035,0.15758483749999996,0.040328987303864645,0.021097702845913308,1.0308545911535003,0.0564011465,0.039003979704166664,0.08028796709959832,0.04029355200039284,0.4957224800806704,0.10159126983099562,0.08682850609121384
366,0.06270095305955165,0.011299769578232284,0.18809881954506733,0.028115821666666745,0.006356102777777983,0.03872056892544177,0.0026980916622193424,0.03308749259768327,0.024133958888888866,0.01798685416666665,0.04147416067868175,0.01013091537300508,0.14765412173734788,0.028536118333333332,0.00038191694444450475,0.23474731728276513,0.08145200439607846,0.15376997137335455,0.1596675333333333,0.007267672222222243,0.01805743948792605,0.0008312890253057587,0.049707355667359156,0.015062651722222228,0.0029841775277777843,0.040005941538261446,0.0030210624138132325,0.053224051003985494,0.02115124616030418,0.01625540247481555
367,0.03979072779144852,0.005571838967393871,0.08580373358092977,0.02300695555555554,0.006510406111110978,0.041030362671514255,0.006098496665349194,0.083690335041815,0.03171712833333334,0.020650684444444442,0.027843607548601018,0.008646371371063763,0.13280883284041747,0.016584994444444445,0.0058115324999999385,0.1937440206317763,0.05221873711118528,0.11167387044322513,0.08884386388888883,0.028001423611111242,0.018422998884563575,0.00271937769390474,0.09421613398157815,0.023317694388888883,0.003235702583333333,0.03526895751626911,0.013491046485450782,0.20286404612689704,0.02489034427660758,0.004190283868170386
368,0.060435308981919476,0.010951276745478395,0.25986594162474885,0.029433766111111075,0.023320099444444353,0.045460829795673764,0.008514556685685414,0.2145117679965691,0.030866354999999984,0.009711276388888801,0.04694297725605793,0.002312174815489784,0.03950890318302144,0.03173475722222224,0.003840577499999942,0.2976488082061029,0.05535029455057042,0.12825865118131707,0.18663801111111103,0.05321920555555559,0.01834090515723325,0.002545216591249204,0.25372028043980144,0.008895914916666666,0.0033592220666666638,0.03662648582644331,0.010930801220989727,0.16234584362308357,0.02279211430710243,0.009228404489111386
369,0.03554070859543543,0.008668533770045358,0.1673397532802404,0.03969326095238094,0.018670615833333293,0.02153178491077162,0.009505596512242259,0.18716612535102473,0.023770357142857135,0.007662890416666651,0.026150163079168873,0.012726117877755242,0.21411232229297186,0.02708144857142858,0.002236375000000068,0.17880752972196837,0.06926726427581657,0.20102991102535453,0.16446588571428572,0.015507375000000101,0.015885659829037637,0.0023136363137192615,0.14155447269014643,0.009209893999999996,0.0016042180000000045,0.02213814725467742,0.010340650797344999,0.2612381749044878,0.029416254067905292,0.017768326126882616
370,0.07707834739853542,0.020337054340194293,1.336206718189744,0.08461386444444445,0.01769815111111106,0.03791869534173544,0.005331610518525233,0.18423300781255045,0.039949030555555556,0.007017213888888846,0.05092874173355038,0.008823396340462772,0.3085717822477671,0.03878385277777776,0.00629437305555558,0.3332769892995711,0.04777950040395515,0.20618691421371538,0.2666968016666668,0.012846997499999624,0.021700047268423422,0.0019915145968891095,0.20155246880854494,0.01833223862112765,0.007647381284975191,0.038761220576985306,0.009548516501384547,0.1255471434515434,0.020580147136414217,0.0009961157260703901
371,0.0673755155055205,0.038995990482333105,0.8874072995198392,0.09458219476190477,0.07636525291666663,0.04019508850742643,0.013629139881570483,0.510188662021709,0.028349909523809527,0.02429954333333334,0.03765162133762854,0.017092813781871555,0.5205387876464627,0.044877734285714246,0.025263913333333277,0.19546777785200586,0.06705606148780009,0.38208507424936855,0.1719520838095238,0.06194462333333317,0.01706374397235446,0.005748532360028255,0.29994382506713063,0.016040254014285712,0.009702141316666663,0.04155562164268197,0.003992126284672953,0.0937966874458853,0.023099603215043958,0.015629144412782514
372,0.07506867181962577,0.015054646596830142,0.31388326239648673,0.013892301428571436,0.01515666374999991,0.048152918681385666,0.012117505079983253,0.23226564065202465,0.008490077142857131,0.00045699833333334716,0.05757338139961645,0.010096863510462475,0.2001091111508922,0.015472303333333366,0.0029248433333334267,0.5557241696669236,0.08505701613248363,0.08876143330220307,0.20552282857142856,0.02654169999999967,0.04070965989854886,0.012280758206240807,0.2999122761000022,0.014553668438095238,0.0032384876216666678,0.0974415444330408,0.04779371343501063,0.5802930339969768,0.036584514431196244,0.01854709065526694
373,0.05834977296381668,0.019851224262743928,0.4995442265519669,0.03911453111111113,0.031111923611111147,0.03482731411064178,0.011691816911705495,0.4233016670284216,0.009481131944444434,0.0019880745833333324,0.038562838949964484,0.019250331459878162,0.4239156217646909,0.01978197722222222,0.0035524299999999953,0.16113270786901668,0.06213361413974714,0.31202363998925337,0.07857888388888895,0.03624624694444456,0.028652306031263283,0.008442097927949902,0.49217399418748925,0.025212575,0.007698633944444443,0.04501672144462154,0.004405443517140517,0.09547982307445949,0.032095659548195744,0.021500967480068967
374,0.07041535204390113,0.028846763065692168,0.722535195685567,0.04504764666666662,0.04871586249999993,0.03528734578657427,0.011073322908363412,0.5104620450852473,0.024496083809523807,0.021312278333333323,0.05325809183781085,0.020810645417018096,0.4961322702911849,0.0420718433333333,0.04804786999999988,0.39094092836026006,0.13974839637874953,0.3435191646621452,0.2887863333333333,0.2699019333333337,0.015857836409832425,0.0018535907879933828,0.2851518883916126,0.010486370052380952,0.002799936708333336,0.041932743209664135,0.015414835237688431,0.1719580706968984,0.02459055706725844,0.02265382617652495
375,0.12449852302179247,0.01840752956888257,0.2725503372647149,0.04628356388888879,0.02537901583333313,0.040674660255659585,0.02314357507943704,0.34267001270251807,0.02579034166666665,0.02015844111111109,0.06849512801292164,0.013109889004426578,0.28680683345494334,0.024673879444444474,0.007553609999999988,0.42621754967624925,0.10424203382002308,0.8589476518199413,0.20348026111111125,0.13801209166666695,0.06475255425301205,0.027477039980767812,0.6761681283224661,0.03461142959666667,0.023230573255833338,0.21340699084943235,0.09096735334471599,0.4527893359846702,0.0883761754180858,0.07065428476103947
376,0.046902085551892646,0.02246145693650261,0.26792010321757714,0.045986184444444446,0.004644219444444375,0.03154561077428882,0.004077809914672223,0.04657459588160937,0.015031716861111113,0.0052448642083333455,0.03521785997724089,0.01804588448967515,0.26811021045631683,0.036303223055555556,0.00563401152777776,0.14670793826685266,0.07506471251047146,0.21770870961186659,0.12327278166666662,0.05759096638888872,0.040040895659005635,0.01604495313291947,0.5587293668520346,0.03720526666666666,0.019777783583333347,0.04223269376762003,0.004302230669777757,0.09847039040076615,0.04276792373184914,0.008611573817065732
377,0.06738712754613604,0.03230802851629292,0.7156706286247664,0.09580202761904763,0.11101915749999991,0.03700966803284068,0.011569102547312396,0.32489860383035046,0.042287086190476185,0.029513008750000014,0.04496289041450513,0.012038369133462994,0.2581025430703966,0.054554856666666686,0.053520592500000075,0.3120270049661951,0.07585821633452314,0.17803707680555522,0.35792560476190466,0.32242805416666664,0.009768124050280698,0.0004931587365147413,0.049463836118753476,0.006838432933333333,0.005047162666666667,0.052563718953334955,0.013397076029056201,0.10685201214089105,0.07359023144012908,0.08390437927797378
378,0.0540007180912131,0.016168057010110315,0.2656693932845945,0.018185616111111063,0.01631656250000002,0.030250308248186517,0.0043705216130963875,0.06494207084217657,0.021931628888888888,0.022888426388888883,0.042674118196578376,0.017424374751252872,0.31759371074920856,0.026425290555555547,0.02477953249999998,0.343513666301363,0.18312032394367891,0.34599553841564223,0.24030554999999995,0.25778570000000034,0.02420648383780757,0.0029373848252002236,0.1936773321753793,0.008863488255555555,0.009720721991000002,0.03289154038189579,0.007798136637845859,0.19478662785357947,0.024586894758029238,0.011988788667537165
379,0.05574909702085213,0.023021884200641544,0.7583687934309006,0.016929643333333338,0.013464149999999897,0.03205750306363592,0.017189469969382594,0.8657979814412333,0.02057991333333334,0.01476730361111106,0.039509611217175174,0.023353787193560713,0.5109707369803898,0.019788903333333357,0.01397294305555552,0.3347624698575506,0.18251380475483084,0.45049899954991834,0.20644707777777774,0.1560407555555554,0.017434704682580356,0.0005571235139120443,0.10456828435770077,0.017178879311111107,0.0026717494555555544,0.03502802485962637,0.00575686871327395,0.08094879223770382,0.02956017517303312,0.026423307940907304
380,0.08512916182346143,0.054878068302426815,0.7064447131121414,0.05447976055555551,0.0074758797222220785,0.05460738469319237,0.035810472085844924,0.5018099834931542,0.035724797222222215,0.00951864666666663,0.06298099649834005,0.04442987157912715,0.542477513141071,0.034915879444444436,0.00802431305555562,0.5584935392972855,0.37075190076269665,0.48726903846747066,0.27969496111111114,0.09739612777777795,0.020809536071089776,0.0033429697158359984,0.24235162741912203,0.017571183194444447,0.006552144291666659,0.046436046087462296,0.017325606417058534,0.21065682092029317,0.034406612335423685,0.008324352752066444
381,0.0847950204483119,0.024779445368371567,0.3994317654657053,0.0506149333333333,0.05069324416666676,0.05389902024860486,0.0213916934859371,0.40884763104272054,0.015148709999999994,0.008695551666666745,0.053824304364750275,0.02129912652269561,0.3217600305862201,0.03475607904761905,0.007001252083333298,0.3328994380721814,0.11767089664859226,0.27868296512950924,0.17665164976190476,0.034361071249999986,0.0172977883607562,0.004736647418478218,0.25560109971880596,0.015928835376190473,0.014778455381249998,0.059663256941447744,0.007461042750421086,0.14035832720009297,0.019341578197042495,0.020898680981499607
382,0.056359943891404675,0.013766905497703708,0.5345191081980841,0.018865344444444525,0.014837347500000209,0.03476289112104117,0.013642406489133242,0.34821780144161657,0.01762331388888888,0.002046583611111097,0.040053878348454704,0.012073957359134644,0.2869311506354424,0.014937872777777797,0.004029800555555463,0.2845727181083515,0.10186176742008149,0.2926842307604075,0.1411769833333334,0.011350916666666544,0.013673738534041661,0.002408313858855519,0.1574437393547182,0.014087413766666668,0.002928926022222219,0.04269398328738234,0.017858071090190754,0.1890107384623281,0.015753972553509077,0.006892388487399093
383,0.046913483276327106,0.007844225078668615,0.14999497771992723,0.10509114722222218,0.05626348444444451,0.03986474345255398,0.007354045156328813,0.10780530213703778,0.08660305184444443,0.030631159899999982,0.038321370205496516,0.00417642376743473,0.07458097115045252,0.06455045694444443,0.026431034027777744,0.2533176190749398,0.06025505740579113,0.13715269095654423,0.27477346777777784,0.12658224555555542,0.025495513273583483,0.005429179558702231,0.3233298224189883,0.06050598018888889,0.014953942761111113,0.034963627915073105,0.00667817249396172,0.2136716729947167,0.06699937687331813,0.02851062697882384
384,0.06123231125657899,0.0303906144283897,0.4004159113191778,0.06506958476190472,0.027536555833333365,0.02700949227547865,0.01796878687567869,0.3204922610873281,0.053091530000000005,0.05004427208333331,0.03977855668720608,0.024137644442513706,0.3622443253038607,0.03459358047619049,0.028463729999999965,0.20056573327444502,0.14346424449474401,0.32398422950587313,0.14037290857142865,0.11712363666666681,0.01695906847253108,0.00698409297678835,0.33327676968012093,0.010920362190476193,0.007311388041666665,0.02865062359521837,0.017693911134234033,0.22923599306515718,0.04399188957452015,0.029231339952878077
385,0.06850361453275208,0.03863606103281467,0.7599397700243922,0.08246791952380954,0.05224425499999996,0.03314923813110076,0.008352741465079356,0.23902003498452892,0.032004636190476186,0.0007812099999999766,0.05085382098577581,0.03116098091777974,0.5875804584721506,0.04930187666666665,0.04440013874999993,0.46683733070688865,0.2614853203156217,0.4107742711823377,0.2768891809523808,0.22322333333333333,0.020547956160501413,0.005994136683289208,0.5444024877748541,0.03348113406190477,0.016195504116666662,0.061270747922453093,0.005042150265851629,0.03716552274719332,0.06995952428659684,0.05543511495751818
386,0.05697171179003713,0.017093827214169504,0.478958065217147,0.05189917071428577,0.05934873541666663,0.031929512628194295,0.004883203970093535,0.1648575394705451,0.02216756833333333,0.011527677500000028,0.035714364284937135,0.007348206190364298,0.1606729682622443,0.03470889523809523,0.02023474083333332,0.17036072655875054,0.04559082692215265,0.23977207846000864,0.15324383571428576,0.07595246166666669,0.016500799659023294,0.0014813580509594163,0.08519123163192992,0.012970200619047615,0.006886885291666658,0.02796188062816039,0.008882061479663151,0.14124962752126216,0.010897022498966806,0.004799781349096366
387,0.0695664149162483,0.026381257936428964,0.7638575459928063,0.09554286222222223,0.022492316666666623,0.05861601528400994,0.01875127859505743,0.719076906070038,0.0472665588888889,0.00783705194444445,0.04650216358749935,0.02784232041314052,0.5379182757747565,0.06301120166666663,0.03792439555555549,0.3444142990104753,0.1804317570300391,0.48255892074251977,0.36606819444444444,0.23805240138888895,0.02574966298622877,0.008725260090182095,0.877078768202541,0.02377247408333333,0.026865858097222223,0.04596285516965829,0.005959626319046775,0.0433198918508734,0.04205044754963688,0.017497173533853605
388,0.1422169768093811,0.05160955146279527,0.8577746293778582,0.05899069619047627,0.06171725750000001,0.04406575530290934,0.016728394183633238,2.1902856450558628,0.02723832952380952,0.001171833333333372,0.10026954695092016,0.041192405519211994,2.059230956137993,0.054174030952380985,0.05490293624999998,0.559562353361114,0.17465413281602024,26.871117796466656,0.41726695238095246,0.41796585833333344,0.03735974318681859,0.011296107545258534,0.48043739012837944,0.016922090242857145,0.018880168975,0.0405530202095118,0.012037530896212477,0.17813434956816568,0.05101520515565994,0.019194005097397715
389,0.044059716763260065,0.005648861277019411,0.1300960716437477,0.05179909142857148,0.040496337499999924,0.029980565301928146,0.00304349865878451,0.07963745921629857,0.04262845904761904,0.028222436666666656,0.030750902855587195,0.0028550127038395046,0.05770189371366275,0.037997126190476196,0.03436553416666671,0.1781818223153332,0.01950760290970517,0.07419804014476976,0.2244775571428572,0.2015258000000002,0.014053730613835544,0.004041899687905846,0.16878405882297565,0.014594562838095237,0.008791096816666663,0.034540881572875236,0.0069527388071126016,0.08221562019010523,0.06860313195790864,0.06420874802885063
390,0.07447511682123516,0.023461195586932,0.7656052564692589,0.0908407457142857,0.04338751833333321,0.038829395723379616,0.01847671758401288,0.44309162703228877,0.06153853047619048,0.01616581708333331,0.04918888114010947,0.020990120939401728,0.4495513305180445,0.06167105952380952,0.03248594666666671,0.32039970151838976,0.11856787027747888,0.316655194821315,0.3594041542857142,0.05971489749999992,0.020917082895017477,0.0031250044004505297,0.16611291178250165,0.03256044601904762,0.010103684433333336,0.04819113201469124,0.028178275646595134,0.21001757484296932,0.08726570701337602,0.08108388330304539
391,0.09488695665605418,0.020090900983793625,0.32108376147457957,0.05302871428571427,0.013441587500000018,0.06211979601177212,0.02149515228847531,1.4154121989912605,0.04542383857142857,0.0408980075,0.08206834059403768,0.03598102132998731,1.9430502109413625,0.0465714938095238,0.004507160416666656,0.4168770183124552,0.14465079584968282,0.6336347489926734,0.22786034285714288,0.028790458333333158,0.044049772817769194,0.021142706682760356,1.2082149238717035,0.013063603839619048,0.0020443064138333314,0.07984777850758511,0.03862782262518019,0.8729341468152564,0.039537321120079356,0.03759511066340887
392,0.07691103706193964,0.04832508526698328,0.7018640267474517,0.08985211190476186,0.07265563083333337,0.03987124550584391,0.014070231620812328,0.28968757580380355,0.02164637333333332,0.010706599999999955,0.054311039249561675,0.02744774123048338,0.42148790877630316,0.06256962333333337,0.04947421583333339,0.3915078445398455,0.17609059075441302,0.4250317443466428,0.35738939904761896,0.2953261116666668,0.02141519310363232,0.007551372795770661,0.5137284248190208,0.019786482623809522,0.015324629558333334,0.039901595941951244,0.016507786921521564,0.19158197598319282,0.02582506351274375,0.015938485770901123
393,0.06939504090346262,0.015468474646849764,0.1920794778399224,0.017593221111111168,0.006499394444444251,0.036346009041649446,0.023840121323829323,0.17541960021849426,0.03209021166666665,0.020939595166666658,0.05518743939318316,0.013276135277700994,0.15243831036435668,0.019602272777777735,0.01941256750000009,0.399684047789533,0.1894801366465585,0.19130612572947334,0.277405461111111,0.10670928333333318,0.015233375125906503,0.0020017875309083677,0.0671250144944635,0.014641021195555557,0.01033804223,0.047441952601489784,0.02307669362095755,0.15631103729161797,0.04312437073736395,0.03392170358794866
394,0.08350715475151659,0.010886731480663029,0.32358525306544766,0.04112430761904762,0.03326579833333343,0.045618139271156405,0.007705982334286418,0.18027673494842464,0.02569307142857143,0.02505058250000003,0.062121868946625365,0.01859399690068653,0.422058984422469,0.0435392742857143,0.043574895416666704,0.43529223945291246,0.12608538261414184,0.521134950456012,0.29931026190476195,0.2826014541666668,0.024117022406554514,0.0044480018610546556,0.34102589938392985,0.01429160307952381,0.014700401360833337,0.07234436233730178,0.02305462042819138,0.39487986410762305,0.027440648266906478,0.017060514662511295
395,0.047707073045683564,0.013136087430945145,0.16119430321987538,0.02915940111111102,0.008032802499999825,0.03580657451211823,0.017024328607281067,0.1549151176859315,0.05629027083333335,0.035726960416666675,0.03447913485275555,0.012462653212300294,0.1623148070527441,0.024158491666666643,0.011008990833333288,0.2702505041248788,0.10411648179764733,0.13309499924161464,0.16876047222222232,0.0903999444444441,0.019413732357059347,0.00999946571938063,0.42933590869890376,0.018066208527777777,0.014461155916666666,0.04075572143374138,0.01677096162521921,0.11359437235792108,0.06371194572101158,0.04672276905976935
396,0.038160618255184325,0.017357361364610826,0.3235891430822194,0.06580724833333332,0.026031731249999912,0.022234367067886004,0.012193539748166173,0.3164239628047493,0.02397843880952381,0.013412347916666734,0.027212716037366576,0.011141957044915395,0.14107903976699485,0.04097799999999997,0.0017872166666667022,0.3235261189076222,0.1472260595535809,0.15396670290922665,0.27694376904761925,0.006392629166666275,0.015407809670496679,0.0038112874260001063,0.3990108129185671,0.01529268580952381,0.0041444928916666655,0.046232991880047335,0.011017276194137024,0.18768367232809488,0.04292593627840686,0.023832132746536394
397,0.06093582939932884,0.04604369148251268,0.9935630067541358,0.011914535238095223,0.0029119862499999982,0.045693385027037216,0.028273656265990224,0.7687403006754279,0.024170855238095233,0.020774261666666627,0.04777949371077108,0.03527043861833427,0.6275775867098535,0.0171157104761905,0.010377248750000012,0.2894275290686369,0.19867928241704555,0.5384656624166507,0.14619477142857135,0.02892770416666668,0.020316261930135197,0.0036422409534355533,0.3174176426603163,0.011437694047619048,0.007904126375,0.05536943056558979,0.020571835091177028,0.43973212988106364,0.03070980612108212,0.02511804841886134
398,0.09971020445187506,0.031668211889911084,1.2815204108410092,0.08794222809523809,0.09105665416666675,0.05150712650979159,0.019412584138805877,1.1693323798299107,0.03581758380952381,0.038047192499999966,0.07576354401259743,0.02071971188295518,0.49341705402951513,0.052367550476190475,0.04933088916666667,0.44307755913804775,0.14620843527862443,0.47795985045707556,0.2342782380952382,0.23524415416666677,0.0299997164894976,0.006355553191949328,0.5954791108892757,0.01159407514285714,0.008706924341666665,0.036605088587752216,0.003862021525123365,0.09678261764453314,0.024377045916424415,0.02669086816213001
399,0.07923020207913993,0.018022308890821848,0.3531845425681067,0.05588050444444446,0.001671606111111057,0.033371855655852455,0.02263078852155381,0.5179069878096138,0.04014967855555557,0.035987284861111135,0.050979071756378135,0.015779458096139492,0.26040976406443134,0.016073692222222224,0.0016719113888888915,0.369829681095822,0.10736150773576258,0.19033268247749804,0.1224370388888889,0.007034894444444495,0.029388207397836163,0.009209759694567556,0.5038231673736322,0.037791302577777776,0.004186662430555557,0.022246935087630038,0.006157746987877831,0.05451044936210413,0.017501876769202018,0.002430241500453706
400,0.09961361539485929,0.028709212396270258,0.4608675130339206,0.08161612722222222,0.0034912627777777816,0.03711645338761082,0.013307325224141055,0.33264566232250015,0.03375073333333333,0.011379969444444471,0.0651934329606735,0.020696827216881375,0.32856316001829006,0.04750071722222222,0.0005053280555555317,0.36461192904398687,0.12526017832169084,0.32647772881169457,0.29960444611111114,0.06116891750000031,0.01779519140086279,0.006907878126677202,0.5913692897303934,0.01576247361111111,0.0025285326111111122,0.04603392325059507,0.016992083995095865,0.25747762327244617,0.06002531542487514,0.008450259662383941
401,0.04929075713658218,0.01004973984872878,0.21082252020443176,0.02154486833333334,0.018205306666666754,0.03189460878687934,0.011875295397021089,0.172243365145543,0.02514274333333333,0.017707240277777703,0.036427002079561586,0.013774230241471843,0.261057360208684,0.024111345555555597,0.027855186944444443,0.23909698456962555,0.08688295414523725,0.2508693918324523,0.17626138055555554,0.18917260972222216,0.01556199822929962,0.002535701270603815,0.28392110936201415,0.009821983877777779,0.009267719269444447,0.0383737019332422,0.007619680738049342,0.16698641606364384,0.022135006831247656,0.016544491769147074
402,0.0813022107653616,0.02951079659601277,0.9252518748933289,0.033945564761904724,0.025438799583333283,0.0410579997440327,0.019878642641555876,1.1375699644706456,0.020978139523809534,0.002457191250000046,0.054781495615461,0.02028569058349947,0.5315217700016115,0.0214445376190476,0.010926174999999927,0.3919996709514298,0.06885028280864158,0.1248962631035489,0.23152027142857162,0.09104527499999993,0.05359887641680946,0.031293485075760415,0.37169396053425235,0.01164077415238095,0.004038123974999997,0.06410380984897529,0.01527246208703329,0.09999492363189208,0.03239941567572415,0.010630211658255617
403,0.032636839521285675,0.010020559857059765,0.22573943369012725,0.046047354285714256,0.020536564999999896,0.019341067140155616,0.000576435697749493,0.012107220734785536,0.025260690952380944,0.0038796266666666357,0.024208403460358813,0.002363554280636816,0.04713430638460337,0.021433045714285708,0.0035031816666666327,0.227980764587528,0.05030533474902206,0.11726662176130372,0.16917498571428607,0.10829998333333313,0.011454966050335733,0.004269106334431208,0.27707027381316696,0.013638379892380953,0.00362489110583333,0.024937154930968028,0.005868083866353012,0.09010039425402096,0.037946174207664975,0.018664877741798425
404,0.0556786865719923,0.015584184425521,0.35509466398329015,0.02370318952380947,0.002554987500000161,0.0383585609070096,0.013493763790720979,0.25844939765235614,0.036645580571428575,0.007970017583333322,0.042879029329444575,0.014444493715271456,0.30106200646125714,0.022476233333333335,0.006139865416666668,0.3186982257236506,0.0711790280038023,0.15017092024729453,0.16556809047619048,0.007502070833333319,0.015963208451733487,0.00018916418904245334,0.00822746927575015,0.02390084447619048,0.007195859125000002,0.04019300559546696,0.02313446993367183,0.41965427700652186,0.030506646505298853,0.011057733203404252
405,0.116494540959095,0.04629082363416014,0.4970808837754602,0.10543454428571428,0.10159962333333328,0.04926125689767089,0.01671803572505986,2.356640001338362,0.057510277619047624,0.028165967500000028,0.07532208449544973,0.026525610869529582,0.5974764507846085,0.06432440857142858,0.0704425483333333,0.42314976636608614,0.07889282163030083,0.1710016091832548,0.30618904285714293,0.2923023541666667,0.037895435721161726,0.010997910434079989,0.34800374205787327,0.01864170579047619,0.009947838941666667,0.09579768655834718,0.03399139363019274,0.3355399244652873,0.04330092909568086,0.01159549856464226
406,0.08127495711998861,0.0037626686993891953,0.06022952956965054,0.10299913000000002,0.010460557499999967,0.04327583911849903,0.005357899190853251,0.19403502590904068,0.02873145857142855,0.011713404166666663,0.0533166405326329,0.006842992593217278,0.1185176757392,0.06317491904761909,0.013101328333333384,0.38235297113090333,0.11177036750521095,0.26531160140776133,0.35679500952380955,0.0699648108333335,0.022646292482210766,0.0019275821444316732,0.12743533966587564,0.023996365295238097,0.01207714869166666,0.03557136384897739,0.013247068252550835,0.14974524381271906,0.02159321317149971,0.014645519076321556
407,0.1453115309282139,0.06446501601227775,2.4492618203217846,0.16342975777777774,0.1487516330555555,0.055181474616386096,0.003910807493104361,0.16237011709198026,0.027102129111111112,0.0019406892222221805,0.08636629050684624,0.03219057905166858,1.2899483290182514,0.08120292972222219,0.07105852319444439,0.37661298412619826,0.12418521328020271,0.7024560650835256,0.3193434316666668,0.24915105111111124,0.033277417160972746,0.020191776996344897,1.962506047565311,0.06892040949444443,0.06958779905277777,0.06437391577206038,0.019237759450905435,0.41112613272246384,0.06385723573006477,0.0525430340949799
408,0.0603139313999518,0.024749838353447975,0.61237411632938,0.09489356238095234,0.06280384333333322,0.022776332633131956,0.01609088472614941,0.6333351506100294,0.029827588571428563,0.03681393583333331,0.038986601954835276,0.015503158290332553,0.4110200861322968,0.04595367714285713,0.014726934166666705,0.2413635896638793,0.11743923349196751,0.45021693529322204,0.20139869333333324,0.05459894416666655,0.0141100624355485,0.0016341331097392078,0.12465370711432236,0.014632729809523811,0.0009540958333333349,0.03027033606544537,0.01279208910018782,0.27816386846592117,0.02787537885827143,0.005581166406399052
409,0.06399209010379485,0.008755334769594536,1.6360348107562834,0.04762429809523811,0.0211229791666665,0.058765019869666535,0.034132530312426426,1.1617740242159,0.03921444142857144,0.02665448500000006,0.05364551793369465,0.019075559090665602,0.9860121849839304,0.03469144523809523,0.02030474416666661,0.5341539441197516,0.042531994490281735,0.10815579996785966,0.17744238333333323,0.09414262916666649,0.03426841491978402,0.0075348358022104935,0.4092923623744931,0.013940106395238096,0.0038832136749999994,0.0641631843653201,0.02863968492852896,0.13698329679744028,0.04005272273825757,0.03601101077950275
410,0.07667843539840583,0.02159990696932947,0.5676841097813626,0.06125665222222224,0.012520520277777725,0.03335955862589431,0.01385489549767069,0.2167772347358888,0.028733112222222214,0.02621714833333333,0.05382683295269667,0.01505362789935163,0.325627906964899,0.03535640055555553,0.002356560000000063,0.3005078804081378,0.10427109601535318,0.35949311291645175,0.15678956666666663,0.04238945555555529,0.03668853784578,0.0009690185855667937,0.05984338046148743,0.04481647952777778,0.042418005125,0.03938496360557579,0.005906139827025877,0.2071776146115467,0.025877420093363468,0.015394165531472215
411,0.07059049219345097,0.02423191607487646,0.45554504362968246,0.10176350000000005,0.07359676972222229,0.04372376385582546,0.007221414089390309,0.23510430344594208,0.04491302222222219,0.03116215833333333,0.044379187569423585,0.009756509560303389,0.18618698557323873,0.053339548888888894,0.03474926388888894,0.24176328957616813,0.03359504390862419,0.09770529536719866,0.19921782444444436,0.13701471611111127,0.014934514122902134,0.004980427666815413,0.29950818666495205,0.0199576949,0.008342721855555554,0.0314487953311686,0.008424242260649981,0.12486039768887323,0.03085092377598202,0.025219852760597627
412,0.06731627333472869,0.005602435665275273,0.1543892737809075,0.060681615714285715,0.01907283958333339,0.031220334143755867,0.014093014500077137,0.31115631428274837,0.02442470809523812,0.010497398333333241,0.05084064784937888,0.0034280830075047565,0.07906163825081985,0.05465037428571433,0.004882539999999991,0.370938697807257,0.04716910828271889,0.13500062620253725,0.3618864476190475,0.013352962499999954,0.014852780725010081,0.002643815859913542,0.3249276185090815,0.012803757285714286,0.004272648999999996,0.02992724564546154,0.011630616765378346,0.3651992865674421,0.030071243792885703,0.0036817274280721013
413,0.06544052957038411,0.015240275285807934,0.21009918861695284,0.06857357916666672,0.016128688472222152,0.031325321524558275,0.005719005675726342,0.09586738338338731,0.027926711666666687,0.00696804044444449,0.04714894390519506,0.012869494451753227,0.15436550071694422,0.04961290111111108,0.008991300555555526,0.3523674668885574,0.1397404120549325,0.1911836449680392,0.26067072388888907,0.07548704972222198,0.02137842671461555,0.003048389545487208,0.21304840559870022,0.03055366311111111,0.0038431913291666654,0.035874601172524535,0.004106527601902503,0.07616806211121914,0.022586796964886784,0.01954289686025079
414,0.06491148374218249,0.013453780919854432,0.2258844488187617,0.07539789333333334,0.04972093749999995,0.04235947606173207,0.011597771860091534,0.3115463895652172,0.03335098714285715,0.008224490416666619,0.04403225599268107,0.005117906243735513,0.08782718728136382,0.04950956095238095,0.021519852916666637,0.26300588485476684,0.023449498522632322,0.05893077481133058,0.28801052857142856,0.09177171250000016,0.020078596721095934,0.0018473961259983262,0.15479679652478204,0.015882576152380947,0.011199811508333334,0.049297343234953085,0.008616447073746366,0.3244922230706148,0.05204083844688272,0.01597935480973456
415,0.030359662439137,0.01976202821240297,0.5033097600153652,0.03657670333333334,0.022654876666666657,0.021647843039160775,0.011579625274837108,0.3459379687997197,0.026631067619047637,0.02567256000000001,0.02190523404351741,0.016665992060497518,0.2673882923688246,0.013475595238095226,0.015050393333333245,0.2776266127114255,0.18712276700145292,0.23369182979347866,0.16507117142857128,0.1604247166666668,0.010581096306018624,0.0037522113148582754,0.24819146478744475,0.012286207652380953,0.0036028940400000004,0.036410709771866216,0.01783162640519725,0.14993658338190483,0.06283003498498986,0.07311283762585002
416,0.10822725059417236,0.012277786803781846,0.3882607244030069,0.0501359838888889,0.030205424444444406,0.0634353794843186,0.024332319755557583,0.6975601909602513,0.02073427638888889,0.01648424736111115,0.07583362377899437,0.022763762969249736,0.7339059418340061,0.038558713333333376,0.014476548888889051,0.5150050905057734,0.1603980116455525,0.541768703651635,0.3250121555555555,0.14757403888888865,0.019542086388596915,0.005007795100546796,0.6738889655211009,0.01516847919358851,0.015057546787604981,0.057814046577711754,0.022948995204963046,0.33213305360177275,0.025576468849668105,0.02305646079842566
417,0.07134847197776695,0.022830147757913775,0.4308953197183155,0.08324905666666663,0.037756457499999785,0.046454469389573226,0.005003345527390829,0.21066788625870872,0.04722856999999998,0.017737636666666612,0.05020535440875958,0.014098976049651579,0.2854865070650678,0.045038233333333344,0.009201505416666755,0.304763946413465,0.026640393867547577,0.07978415348876665,0.24492378571428566,0.009898623333333356,0.025136711967771275,0.002946533816921626,0.10477132299810091,0.027986751761904766,0.0019157058749999997,0.029539549800545194,0.010208824574459414,0.1588992569047192,0.02636511562841973,0.009496628664942108
418,0.08157224110647117,0.030008444835709164,0.4788245526947129,0.08685440999999998,0.07672330083333334,0.03757214770302941,0.015923413142702025,0.280519593119122,0.027459501777777767,0.025033869611111093,0.05230420108330844,0.025735535263232388,0.4019519325098955,0.05870012244444447,0.0656331397777778,0.3089933805401052,0.1356048103743703,0.3297298803463549,0.2480791377777777,0.229169317222222,0.021279790667228172,0.004729429113718762,0.30944552032919054,0.019802342144444447,0.0018547950027777808,0.04427820497819988,0.018756197841093822,0.5291632546026237,0.029471395612334444,0.02609771230854041
419,0.1213103664107258,0.00823414785394101,0.10299618411480925,0.0735776114285714,0.004460813333333369,0.05804717272508756,0.010002502254971896,0.14553009575547432,0.04191849761904763,0.0032725191666667097,0.07914603425157542,0.009069388596233548,0.12607290610837868,0.04936727523809521,0.02475527000000005,0.4464225183374788,0.08578133944727023,0.1629683990991829,0.2899924828571428,0.14229808916666653,0.019771560300882698,0.003128088274397889,0.29291144378144046,0.020987269606666668,0.006307957555833334,0.052045859016062394,0.005353002718273162,0.1719928711038429,0.05043012819069122,0.011286857207279677
420,0.09907786640351789,0.019712436752341373,0.26775023292189315,0.057444368095238056,0.023697772500000047,0.05442377186784592,0.02219990124579697,0.39160284667170264,0.04695932015238096,0.01585723888333332,0.06532811053246669,0.01152372130623608,0.15269199899381636,0.03820385380952379,0.01762913083333334,0.3605563738258198,0.09017426681542005,0.19523924502515813,0.16530054952380963,0.03996031666666666,0.04026858299030722,0.006894356454755872,0.25875519101332917,0.02334612223809524,0.00460993593,0.048331205006653825,0.014421712579476527,0.20472360693787878,0.03921008239228968,0.042301621510367426
421,0.06920188139315138,0.015914454183182186,0.372574618318982,0.05156170444444447,0.0014109205555555837,0.0413731942273152,0.0032055370724334772,0.12678820328170007,0.03129268166666667,0.005060556666666716,0.04949598907165939,0.010362507285916584,0.20224302863626914,0.02828796944444446,0.00043213444444445415,0.3459240018731584,0.045260461817942944,0.17347209511296435,0.2142212944444443,0.027024886111111535,0.02199607888069133,0.004990738815782117,0.36444584786463774,0.027788694466666663,0.0010261685583333284,0.0473239111803281,0.00628849982157478,0.07381239770525504,0.04365107335285664,0.0177993584644332
422,0.041852386923469286,0.008185911596806502,0.17763136192085918,0.024465796190476157,0.023011364166666604,0.030828687681760534,0.016133936968503466,0.2521882309370013,0.05012284809523811,0.030824426666666682,0.03351397391216077,0.006178719206927356,0.11821484115012422,0.027744060000000022,0.009368326666666649,0.28355124781498814,0.06674642625503503,0.1676551349354682,0.25398208095238084,0.040009624999999716,0.012122644065863072,0.0048117685568930145,0.2945546024279804,0.01316220138095238,0.0054470912499999975,0.04036798497041454,0.008827314302310159,0.2788519466052233,0.0487034917310154,0.007630446300285254
423,0.09963263566812053,0.038293060286383164,0.5861418621772583,0.04792804277777781,0.03804297166666659,0.06263612599442119,0.022708426444748527,0.3745851656450433,0.03520214055555556,0.03758449444444445,0.07061280059770411,0.015971811451618585,0.2000546595853791,0.033648491666666704,0.012441289444444559,0.44522710229642826,0.07478035586037315,0.1330519080968459,0.2606557250000001,0.10907564305555595,0.021865189048241297,0.004782681742929029,0.7668826729314675,0.020294323909587266,0.014781704223476157,0.036013459705251265,0.011956340130298709,0.20460042272267398,0.026971728125358706,0.02718153931833306
424,0.09124847343365151,0.0216682604381443,6.391555724845388,0.04346010857142849,0.025163956666666598,0.0520093653104719,0.016670238612154564,0.4213397878031425,0.03818624238095237,0.019961759583333294,0.06582768550185601,0.016701716753611505,0.5405604470387255,0.023731009761904707,0.013420453750000116,0.47932331661336525,0.08534653595600836,0.38361614219823825,0.24725044523809517,0.043782412500000145,0.03120583328023314,0.006924793700035527,0.9774507187279078,0.03233321451904762,0.029553695245833334,0.08737359894958861,0.022872683733955027,0.9083699872702576,0.048147631343904,0.027885838346257685
425,0.04363963269634591,0.019354692766210817,0.28114233624984564,0.04131412952380953,0.005822449166666632,0.02646312425888843,0.021700663859315867,0.32151698071488866,0.02360001333333336,0.013484399166666716,0.03516222293829043,0.02178765766230361,0.3187357493890685,0.03895584761904762,0.02499249583333324,0.2744290138918209,0.1394791258337231,0.27672363956200174,0.3056249380952381,0.19668140833333347,0.01811215141898072,0.004695124413877103,0.30643509345705494,0.012334473019047621,0.0027402291416666613,0.04396482582678623,0.01454347205320554,0.8418201752095485,0.026491190144648815,0.02289376418033562
426,0.10724719436861126,0.027356169315656435,0.7185293896709711,0.10385272666666671,0.026077777777777755,0.06174946734394213,0.026475942380792424,0.47465299691650653,0.052676783888888884,0.05355674111111114,0.07542483171399934,0.024996651196425804,0.45530264288257605,0.06919715166666666,0.011706506666666672,0.5127386954785937,0.15233010964726387,0.2972521144377249,0.3323556388888889,0.07295085555555536,0.023600108848264367,0.010645571348581602,0.9734066379809002,0.03158071193333333,0.027029400897222222,0.03977808197672017,0.009175918053946299,0.11606834143647513,0.024309513339586492,0.025332412102678226
427,0.0881973718341504,0.016396205054800134,0.6132079451451309,0.04896550809523809,0.007554523333333396,0.042761092490821474,0.013313963624654479,1.047020856297882,0.031240534761904755,0.03112065416666665,0.061872478676566374,0.008185172565453994,0.3972039008896016,0.036963543333333355,0.004007486666666837,0.39449872348891124,0.11153491317797451,0.5442865248162639,0.2552659619047619,0.0330767141666668,0.02149663117096892,0.003584836910383268,0.7060568086633303,0.013886578761904762,0.0019448586833333333,0.05750764669482278,0.022760214047061918,0.4253871096558934,0.045167864683763326,0.043269078140824146
428,0.050115912215120156,0.024291474627851736,0.33990832252308123,0.07470062888888894,0.06603886972222228,0.025806662277648565,0.006265226343972914,0.09385185463706595,0.02951157055555556,0.02600545138888888,0.03764034039637428,0.01379143172079021,0.17513425185858048,0.04475224277777779,0.031547554166666714,0.2611720355714822,0.06296875614361079,0.10347684178971377,0.21628706666666664,0.1051439472222222,0.01836738868494335,0.005830896410759376,0.23171574416385055,0.027074456166666667,0.017945671666666663,0.03074368704858328,0.015527908518276774,0.18660346995744687,0.022116650200101545,0.003479271877455725
429,0.043202401092585295,0.012993292374164142,0.39930224527748737,0.030176406190476186,0.025132702916666694,0.031553276760918236,0.010697104331452803,0.3639870853849513,0.020112569523809538,0.022940372916666674,0.03216447596908188,0.012620659442519774,0.27357445931976887,0.0235638557142857,0.02274453250000008,0.2633146886389123,0.11783356296873625,0.28446133951477726,0.19244561904761906,0.1880451458333332,0.01568236839573867,0.0019370967883646706,0.3207409299520852,0.012175052195238093,0.004051227320833333,0.03676441827533775,0.008036966729554937,0.2448201001671465,0.03947584029076662,0.02821209568175298
430,0.07487154879546272,0.018757258185364833,0.41787928841365585,0.08420522238095245,0.058969629166666704,0.04125646501011705,0.01865915278915806,0.2745365728287559,0.053179929523809503,0.03555284333333336,0.05263566280082479,0.017759773246329266,0.29390294275495604,0.06055206190476192,0.04787017166666674,0.5372766793115019,0.17541936219044918,0.24756806286648486,0.5509856342857141,0.49634053833333347,0.017501307522078992,0.0028189982876022524,0.2645434679078339,0.019039757414285714,0.003286463163333333,0.03986218851807991,0.021206958709074766,0.43669624771403304,0.0543233875665959,0.06124306059073381
431,0.0678712096261877,0.004096909447544444,0.09118136786547731,0.07695214500000008,0.035092019722222534,0.028287169020313,0.006500100212222314,0.18884939140653206,0.04091590000000001,0.014511507777777766,0.04510140849541031,0.005932792105824419,0.12017114762587339,0.042178575000000024,0.016102996944444448,0.30588375167988513,0.06269813323805272,0.1381956508630545,0.24048983888888875,0.04835668055555553,0.017886317242203242,0.004846975618826028,0.33506348669759134,0.01594303375,0.017580743730555556,0.042838836336284734,0.01097119343253227,0.0909644178743641,0.05155607458726688,0.024179792061940875
432,0.11655781591654575,0.011166137334805508,0.6368312635947193,0.0784129677777778,0.07974544416666685,0.051116455237878194,0.01924058157263323,0.3159137502489264,0.015484069999999997,0.015396708333333398,0.08524781502664232,0.014383413471714238,0.6464886948412637,0.04729959611111113,0.043834717222222264,2.4119193281753017,1.1866315275459671,0.6886111693619441,0.27859628222222227,0.21641656555555544,0.08226514195493416,0.03596269564770357,0.2673768167854192,0.02404978711111111,0.02893023050833333,0.07891152603122352,0.02621245718859718,0.1737594559639215,0.029969903437528672,0.00023512658682561804
433,0.12668891688068537,0.02815280555211891,1.1827134672712807,0.03886811333333334,0.011389523055555628,0.06344861965015926,0.009963974300378693,0.13472807190488933,0.024322121944444452,0.009567445527777801,0.09277326638800897,0.013729554508067317,0.25926357998907157,0.02106255666666665,0.0029627891666665906,0.4258190928377917,0.061494877941260816,0.21977933489546186,0.1374400527777778,0.030045231944444417,0.03566862736027168,0.004630825239946376,0.16751938984318665,0.015750178294444445,0.002569459978888888,0.055240300573412164,0.0028813227096738197,0.0896985497328191,0.022986651866840947,0.017395805408094933
434,0.08340261674572702,0.018618545673501553,0.6106611742891902,0.07890683285714288,0.014006235833333491,0.03722121495253056,0.009780420433230444,0.3118034912457559,0.04125958809523811,0.012946905416666654,0.0565391965596981,0.017355571839457778,0.31897362487476366,0.048828713333333336,0.010290528333333326,0.29477599905679297,0.06999556334943947,0.21054547838857318,0.25644331047619057,0.04966377333333316,0.028898419659438155,0.004760210368681564,1.205914051701106,0.030395544229523813,0.00044311220750000054,0.02655370336545867,0.007533533352669571,0.17819671272407192,0.03604208339876946,0.01686090325036943
435,0.06358476238172597,0.008900208119342517,0.35031834172161974,0.048997455714285695,0.003055176666666548,0.030554502957516452,0.011379282724022595,1.5151466076697173,0.021042744761904764,0.02557033208333337,0.043206184037482324,0.009567828760966134,0.27759397841832617,0.03659820238095237,0.0008280029166666258,0.3104960568817375,0.07060859211046364,0.2277705088171592,0.24383475809523825,0.020085578333333354,0.020086349964852777,0.0029681232237524476,0.2897120910374705,0.01316796308238095,0.014561270185833336,0.027616744570820955,0.005129434997578472,0.0704289574313583,0.026258082818842288,0.029496085421634566
436,0.04439833351500299,0.009787309924372201,0.17782477510670192,0.10060695047619053,0.0025052166666666986,0.02380997767541008,0.002786228820451967,0.05558358034514115,0.01746843095238095,0.002918655833333339,0.0319624849490836,0.003323952571438625,0.05673784967349394,0.05488764952380954,0.003835615833333361,0.2102248014750474,0.03142016077327331,0.0702439985274381,0.25117044285714296,0.002961279166666664,0.01466023861047516,0.0015085292352707972,0.12344923103185025,0.02486425414285714,0.007517914583333337,0.029883655108928497,0.005737790385358714,0.06996324365096042,0.06151546124646247,0.012320841260903825
437,0.049458717457645414,0.006824418175664731,0.09058719707255881,0.03685160952380947,0.020851052916666668,0.028740417392852047,0.010911602520456995,0.17745763360893205,0.03544025238095239,0.019652966250000015,0.03293104435649997,0.00710090962829503,0.1010221804014562,0.027650512380952397,0.015162371666666674,0.2393185147618608,0.012067629753955922,0.022065047527259917,0.17951792380952383,0.07823662083333338,0.015131254430580212,0.001708299751459853,0.09674774823643006,0.01744820957142857,0.006481364724999994,0.024479519652185866,0.008817996828634742,0.3443190747928658,0.03176600997100224,0.020201187474711835
438,0.06891843152802538,0.009610653911716427,0.514614053806332,0.0510886023809524,0.02162513874999994,0.030926339396377286,0.0037869943317821175,0.140662027760298,0.03984398238095239,0.022729939166666713,0.04571350164041721,0.006465524426263625,0.24954132820137018,0.03341277952380952,0.007865427916666667,0.28713164269058145,0.06710694792292328,0.2860917823613971,0.175593176190476,0.0498629833333335,0.021050477869355128,0.0015554519128900695,0.16171574492911855,0.005518565666666664,0.0023671587916666743,0.03346916574540329,0.004447558001891129,0.05408860818370623,0.026996110841202854,0.014263994322648577
439,0.11105122920886133,0.020884859856699314,0.5513027072713751,0.061264014722222225,0.025402337638888883,0.05426347576135448,0.015606835086918779,0.8634146908253766,0.052885655000000024,0.020624424722222257,0.07230444994432379,0.010489725054967963,0.3802251242131981,0.05391354861111112,0.023549562083333364,0.4786293361965574,0.06883053730405587,0.25066340425154315,0.331701875,0.20721216805555542,0.02016710048898312,0.00441319186289328,1.328332513981996,0.03202714166111111,0.013205518610833335,0.04242556605039489,0.02280839649729651,0.20231393610145446,0.02690381855942271,0.0016715621788877533
440,0.1165894080705613,0.07845890874636864,0.8010710405032992,0.1711757585714286,0.13137450041666676,0.05983473060648275,0.044806983166139645,0.6048714555658236,0.08509940180952381,0.06787437241666672,0.08782678533514378,0.0629736579857958,0.6201467989030236,0.11635107142857144,0.10355931708333332,0.7658964213462857,0.36455023933310604,0.45685781281418014,0.5047061171428572,0.20266842625000026,0.021992154938210443,0.0007738109711657141,0.13518668944814707,0.02869258805714286,0.008450479420833334,0.10737081502564555,0.07542535086220074,1.0040463294921447,0.20863974297055357,0.1608015459516976
441,0.107437178743379,0.028915404502166606,1.9515491239591123,0.06938106333333335,0.04794787249999999,0.035954356546243856,0.00921284757107267,0.5689878783437481,0.017969541428571434,0.02448024375000002,0.07401599564822957,0.010292230473499886,1.9297676740306806,0.042194150476190496,0.013243885416666712,0.4012167702706142,0.0685312095581421,0.544080068934097,0.25089322857142854,0.08191985833333315,0.02943444821176791,0.01217964134011256,0.9562666288237218,0.021702357714285716,0.029986746444166677,0.044814752833663596,0.016248663624280867,0.3137017011883313,0.05126330270629313,0.05074939791636962
442,0.04847701177135111,0.0199963564218318,0.4129589295077842,0.043167997142857094,0.028830534166666588,0.04306738980295844,0.02367415088938115,0.28222398539237725,0.05762751714285714,0.023723730416666644,0.044836363462329804,0.02074117125726586,0.3409611475244516,0.04956913047619048,0.009241261666666611,0.4056607380424186,0.1819230180756579,0.324728403880653,0.38435779523809527,0.0065578416666665085,0.020017492564101524,0.0016840125067452173,0.21872116144638787,0.016606410719047622,0.0014654364541666666,0.04800386520105491,0.015535932083988914,0.5760969856209077,0.05281643804475483,0.006838953312236051
443,0.0791437781311336,0.008964082537315041,0.1105389362401318,0.05490539976190467,0.025983813333333217,0.03863136124571919,0.008813048768504667,0.1795775227165839,0.025075338333333363,0.01727563083333339,0.0442538642725711,0.008507177333837728,0.14315086505891714,0.032809028571428554,0.025979187499999945,0.22839568064747964,0.06626745283263587,0.19748202040494095,0.15375991142857148,0.11889462250000005,0.028050429805085975,0.00934163321888906,0.6672939771500042,0.024058622334761907,0.010084493200833333,0.04288844471423381,0.010884698928429463,0.8294905634111364,0.02788991460700147,0.01780891885032493
444,0.0692757992176598,0.023568411662485234,0.6445178386610407,0.05965618166666666,0.015583337777777873,0.05834166489217982,0.0150424105287333,0.6420707190218441,0.04934124555555556,0.020368035277777752,0.05043614190974635,0.009267826325623936,0.35303219515207335,0.025360892777777793,0.011238343888888835,0.3227565004636208,0.07709543318783668,0.2592846685226026,0.14328734444444435,0.0068103111111113,0.020851388386404286,0.005656733011730491,0.6338834418067492,0.023730824788888893,0.0058887940722222205,0.03897326930965026,0.012112710456918944,0.4573659940061672,0.013322362380817937,0.00446875828172888
445,0.04711345073694013,0.010922569504996827,0.24311857689222435,0.033854913809523816,0.030337687499999988,0.022966574298698833,0.006538445457276237,0.20400670983832656,0.020703117619047615,0.01749368374999999,0.03347040854340221,0.0023770868296247847,0.046419506075024444,0.021916296190476185,0.0003856108333334385,0.2764576619860637,0.0073199454175755,0.017992745255932523,0.21714767619047598,0.027245154166666286,0.015653486113807635,0.004237000528548227,0.5722445884211723,0.007958824666666668,0.005301142691666667,0.027963063368025107,0.006944009612229532,0.13124450056314418,0.026073314764205453,0.017104555080361183
446,0.10213667619117069,0.0208585678438409,0.3914307322113691,0.17475125722222232,0.09423432305555557,0.060956079024957366,0.02015375635133468,0.3653589463965571,0.033019266111111105,0.02448673833333337,0.07370744245859369,0.01418399499813801,0.21314391495359233,0.11525869694444446,0.06847434624999998,0.4023117211203377,0.0774121590958971,0.19143775986817216,0.5197671844444445,0.3522619761111112,0.03042188535608194,0.002276940466206363,0.27006381011532815,0.029371155611111106,0.002277342727777777,0.05289694822792402,0.023369288854774746,0.6214760749712697,0.028747591906868097,0.01280374916930338
447,0.06567613962817999,0.012565756706696787,0.29684312047673655,0.0344466219047619,0.008979949166666557,0.030063663272608843,0.007022207459169949,0.08414250562698665,0.03223556666666667,0.03717363208333338,0.05279070868459157,0.016148791821016636,0.6967342097470896,0.02676731047619049,0.023165695833333277,0.5361597422310811,0.0875854304461148,0.14325747935579403,0.15483130476190474,0.13121064583333353,0.029225097170467437,0.008325373190852102,0.7420374198675918,0.016229400714285712,0.008074209066666666,0.022847582657950078,0.007134528650889743,0.04195135574308845,0.051150635361488374,0.02290928019936972
448,0.04621166480965134,0.012136663749855958,0.24293853429353346,0.06620139944444442,0.06630616027777769,0.02553508715292624,0.004609829636583518,0.11345744650507106,0.02845599944444442,0.012185211944444496,0.03410943943959423,0.009646989721650276,0.17282729116642714,0.055998081111111125,0.0446314630555556,0.34071569638395083,0.1650516179487269,0.26327819913666206,0.42592750555555564,0.28793179722222195,0.014956427615342839,0.0012288953556225347,0.1097332739130515,0.013346793094138049,0.0022501641495404102,0.02529599987809879,0.004062696038797946,0.03990052707673109,0.034816024311167544,0.014503811527507793
449,0.060515764918786276,0.005056136816445031,0.08058306459359371,0.0934615538095238,0.03170260624999999,0.03812510310941845,0.015114813049216327,0.2990259991058142,0.0448701223809524,0.01611050958333332,0.0428236083587385,0.007887383616835641,0.14148866659885162,0.05552120142857142,0.006000384166666761,0.3407262571074067,0.056974279239764836,0.15065133588482552,0.32648960476190475,0.03665505833333338,0.028201342542773625,0.008630003816476025,0.7523404061247687,0.042820107399999995,0.02324876380833333,0.040175641865960836,0.0060864871766628465,0.16209258860812026,0.03415907276358939,0.003457486948599542
450,0.07978019937171682,0.02896458546476101,2.123269941063476,0.06604533555555547,0.028372804999999834,0.0487491663035819,0.02209782300849507,0.4499979787745736,0.03777746111111114,0.014374117222222316,0.05733053654747486,0.019360267466972038,0.5917440843194314,0.03474812694444446,0.0025261584722222064,0.34285540393094843,0.07868910492170261,0.2638913318377972,0.16356665000000004,0.045347069722222244,0.01806869266941008,0.0017803438391932633,0.4132554468729899,0.011940673755555556,0.011659645275,0.055649898243656855,0.013502966647446931,0.376446105137679,0.0384361389399537,0.02674533157543535
451,0.09069463800836221,0.024433670703449366,0.3589707993449669,0.110871990952381,0.01956060500000001,0.03644727706531308,0.006535369832267969,0.2082239717569669,0.049404387142857144,0.01813928250000002,0.05873440631541323,0.022152149169366923,0.329690673582834,0.05884472000000002,0.02515975749999999,0.3227154959132558,0.11917858238264632,0.28909891914234087,0.302185623809524,0.04514909999999994,0.01731199771548686,0.005129847972391067,0.24293407067018227,0.01955262695238095,0.009992700000000007,0.04769660414731285,0.004496930711248347,0.07006084161159856,0.0760417712509444,0.03368831818295015
452,0.060793851799687694,0.018765068950699463,0.26607721507971277,0.051556905714285776,0.06550402124999999,0.028934579281753397,0.011482274765537115,0.26370684843357034,0.03215835857142857,0.004467811666666682,0.04237436462693634,0.011636694633049135,0.18425389355031535,0.03454223714285716,0.037265623749999977,0.3268054880305667,0.10505254426351816,0.15308250720158256,0.2328349476190475,0.2612542291666664,0.0258765639198718,0.008641755230170273,0.458018244390198,0.03494304161904762,0.027048780791666657,0.03242868253355662,0.004568481062526662,0.037603365741506634,0.042660301276393885,0.029659324115863972
453,0.05889123944735575,0.0049021658998367156,0.1208796967462526,0.09554005285714287,0.060938929166666767,0.03775853867591548,0.02167025768858483,0.6357607427920539,0.03418374761904764,0.004182359166666649,0.04406543500093759,0.014676641980613235,0.2614087378845872,0.05452269952380949,0.029682035833333287,0.31726652900622476,0.14015870179416498,0.3582754174258095,0.3639916861904763,0.10252755666666657,0.01885487790681002,0.0019295878829884432,0.0951044667603386,0.017577748976190476,0.013369140625000001,0.06364642487061718,0.015707010954842476,0.14314583057145924,0.037751303452416764,0.010377839786060328
454,0.07490764697789537,0.020662163109162666,0.5860446112744481,0.03616480333333335,0.021976293055555596,0.029863906679403765,0.011470399833142426,0.155771817795772,0.02137047055555559,0.01991344527777783,0.05427486846776768,0.018056063364913007,0.46753112939814856,0.03033171166666665,0.027281322499999927,0.31532327384139763,0.07805635304322772,0.3844784106245976,0.19514516666666681,0.1413777416666666,0.018665029020619055,0.0013811357772877929,0.14704583100712088,0.018540518061111108,0.003830842894444443,0.0329055483388998,0.006487321140604848,0.6787331565400399,0.018521832087920714,0.004710639421312557
455,0.06768093060662905,0.02814789265980613,0.48554453337910786,0.02555717888888892,0.002311028611111321,0.039186687751863465,0.012855814641824939,0.22187059896871056,0.01582700861111111,0.010500331527777795,0.05305825535827693,0.022476819337568697,0.3196381403820242,0.02034383444444444,0.008035423749999993,0.32699751690841156,0.12969994055183376,0.20956377259669542,0.1256065472222222,0.012422791666666821,0.018986774689691,0.002024523887408256,0.0905561041594956,0.021616558322222226,0.01405540604999999,0.03037323413287361,0.007812895407508805,0.16202793021150402,0.009812815472243636,0.007982793642341224
456,0.0563645228246652,0.027548554820786938,0.09740318717186633,0.05093682809523812,0.02022454583333333,0.03570120155520376,0.0081525265140569,0.2368516307246841,0.031143128333333336,0.019199213741666672,0.053373950023538765,0.012211292436907727,0.07743903122401975,0.02006475285714285,0.0003275500000000098,0.3276557897727805,0.06887201269846464,0.08494066935793593,0.0787723980952381,0.004758224166666658,0.05895899898246706,0.009995440456317754,0.07686828446088739,0.05271882899047618,0.005490485366666686,0.01922820616311011,0.006884388945725595,0.12456908433410757,0.023381669842524704,0.0035377828825744195
457,0.07356835348482237,0.012164645332497209,0.265602155986792,0.07207880388888893,0.032940395972222314,0.05078368938305067,0.014734008247879633,0.2003603672942781,0.039397223888888895,0.03662623041666668,0.05817915139715685,0.011196952938378394,0.17491240745927986,0.040502941111111086,0.013491888611111114,0.46295432640494893,0.05323230609455872,0.08150084730551893,0.26243027777777794,0.04000398333333344,0.02599333875437622,0.0016255209491461238,0.10159014872958337,0.030374471166666663,0.01033315853055556,0.05066588961037724,0.008811170786516095,0.1226376527969431,0.01922131229900646,0.01886866271604959
458,0.09222640455443278,0.020722568096759906,1.2160842455966288,0.021996043333333364,0.01895755555555556,0.03663359087274525,0.012946704746312326,0.4924720151833115,0.009975729444444434,0.011969293055555552,0.06638572048828771,0.017502500107824653,0.5133907286815768,0.0195728194444444,0.02235998305555542,0.4470947134477962,0.11282825592920766,0.32704713412370773,0.11366261111111113,0.12249869166666638,0.014129220906923078,0.0026471594459447794,0.20656089890505072,0.004582694050000001,0.0015090702166666685,0.05018810671829164,0.007144116072505723,0.08735046843742952,0.0298020087748538,0.0008274623352790833
459,0.08937667668399803,0.02454193922774084,0.5224701649556994,0.031952976111111066,0.018105423055555625,0.03991724536829479,0.003182104784940154,0.046003001886268116,0.037536235000000015,0.019289121666666686,0.06416093419555247,0.020924720179542507,0.3543112652211376,0.030467227777777772,0.020457517500000022,0.3653114756427662,0.11766759350511981,0.3078789619196221,0.2159300833333334,0.11449967777777759,0.02533051760338741,0.009816514925609249,0.8388393438868761,0.018678917433333334,0.00697434917777778,0.05497666388199659,0.008175559348905629,0.20271128487051956,0.03950116143776646,0.02981810307360766
460,0.1183097182845139,0.010833336434262146,1.2478409363691394,0.08554199571428567,0.07303899125000002,0.04152534591764138,0.008265278093751802,0.41797991067900514,0.01827022285714286,0.022944611250000024,0.07681378954598642,0.003348705426158114,0.18474068751570505,0.06502133571428569,0.043668862500000016,0.4211649457391447,0.024657082103353576,0.17329740498832558,0.3655749880952381,0.11303547083333343,0.019826113363708788,0.004495159340643811,0.7305863815042626,0.02110710562857143,0.018402699024999997,0.038306530680192775,0.019715208410875686,0.684639618902448,0.02122174667521173,0.023007989626619818
461,0.0462782608015585,0.005341142054255027,0.0745956263539021,0.047232782222222214,0.010488041111111124,0.023108981198999855,0.0037771025785832,0.05603936954201408,0.02792454444444442,0.007420147222222201,0.032427613635668734,0.005028914423393935,0.07591461156569412,0.038732108888888866,0.014754618055555557,0.2200816782050373,0.04396034421246986,0.10459419872801773,0.23503197777777773,0.09246221111111108,0.014370412267444488,0.002510043106527989,0.1309797811757391,0.009205970249999995,0.0065710472777777695,0.023343243652651058,0.0050412879582307606,0.11583983481859833,0.015446552382281709,0.007309303713130932
462,0.041168990834273674,0.006818063055371142,0.16240647618895118,0.03740278611111112,0.021623878055555545,0.047084751378910474,0.008401079307842797,0.32755994451093795,0.045835627222222196,0.0040882402777778215,0.03550654880058306,0.01589613216520451,0.3199895788949492,0.046713601111111135,0.0310558122222222,0.26945418433429486,0.13771303345122327,0.27639595162811575,0.10324941944444459,0.00523933194444437,0.0164964690711779,0.0031907805816807308,0.4711710005965357,0.032895749761111114,0.022560156477777784,0.037673032180806525,0.008212455840219283,0.1030474681603721,0.07313518928211414,0.04770720002013984
463,0.07198268472815046,0.02223485854187657,0.42158056209694056,0.03316338638888888,0.03769881263888886,0.025503815451443975,0.01299130430345822,0.3898655068626264,0.021695654166666672,0.02062368791666666,0.045611841117649925,0.016152901801884542,0.4857535780686217,0.027378840833333334,0.028798912916666697,0.2612455559015584,0.10928929661999408,0.3323749459345424,0.15810960555555556,0.19168359999999995,0.021213259740657492,0.0038503335233527835,0.17220410283782592,0.014871313733333336,0.008163145983333335,0.03295218942033779,0.009689831973526021,0.12733691916234546,0.022456562945009233,0.02175675477350053
464,0.09620835269035982,0.011431851418915426,0.46141915930343086,0.062494288888888916,0.03534553222222225,0.057989433179459086,0.02175692564516131,0.4405479370835369,0.02848264166666666,0.0008232986111110785,0.06711626749125175,0.02066778667806268,0.6051129566291884,0.03420454444444448,0.00347970277777776,0.3624398144342609,0.05927091346501394,0.5129651216346418,0.21717958055555545,0.032354520833333344,0.02900316249719867,0.004739855792360487,0.28057851098002373,0.01710846402777778,0.007292837225000002,0.06507021328492123,0.026513680918904256,0.6333700467009122,0.043624475037599635,0.02662934535098299
465,0.054813522238543376,0.00532294902567701,0.07721194375587906,0.062227998095238046,0.0008898899999999488,0.033113689193086986,0.013816760194137086,0.43717793711392866,0.0332063818095238,0.025052321333333336,0.0447639174702773,0.009231282414825613,0.11571346634052558,0.03143454095238095,0.02408915333333328,0.1807324699439804,0.06545868236740326,0.21010778661290333,0.1234467328571428,0.11331889166666664,0.020726976054659573,0.00482815030300746,0.28827835813682345,0.0261129678095238,0.0008560509999999966,0.02631230145999731,0.01124665860155395,0.2465218384287669,0.023305289539036458,0.015150629654600511
466,0.09529344362042501,0.02363170209756717,0.37596072724448737,0.11753357428571425,0.11333920583333323,0.048919198369202804,0.0072126168153174375,0.20245995383272306,0.05393861952380952,0.012907994583333304,0.07904401284668874,0.00897004103588548,0.2922538342297971,0.06808590904761905,0.05152775833333345,0.5714192576920597,0.07722847429340472,0.16786912877490243,0.3184888638095237,0.21348317666666672,0.07381504518356076,0.01578117856532181,0.16723633637913113,0.025226175780952383,0.010317102741666664,0.8291954036385834,0.6932799570293934,1.0004499359324188,0.048325940919663156,0.012667422918515636
467,0.0413827975946492,0.005154557638724976,0.19738502316134718,0.02665723142857143,0.01280322833333336,0.029797887438470113,0.01361725962453006,0.3170596724028336,0.04811836857142858,0.04568164375000003,0.03164944649069054,0.005878456598914214,0.11682781135180681,0.01726123476190475,0.013663184166666675,0.23999527801743722,0.04991080438100093,0.11676520854956947,0.12255512857142858,0.10586466666666672,0.023698296944593186,0.004697849271230578,0.22710266428576467,0.00700150814285714,0.0033484054999999985,0.050831309891788024,0.021068079608959202,0.1733682619172542,0.049547176440713915,0.043813917587344764
468,0.06281592835368634,0.04287162239771204,1.7628309173095986,0.03392134111111115,0.007312484166666411,0.036869957708679214,0.017727034940934826,0.34448881391605224,0.0251822088888889,0.02489141583333332,0.044750308054287126,0.025413713909516987,1.5417098635673112,0.013782217777777744,0.011227446944444441,0.2490570570170619,0.14087093351563335,0.6802106035365714,0.0604109722222221,0.049346469444443875,0.020662574272749614,0.005466744063414648,0.3826660207279362,0.01728963154444445,0.01153708055277778,0.051894867523258593,0.008027183485312405,0.20049365853012327,0.0351975462764074,0.0022052062568713726
469,0.09173260210916774,0.013996838249981484,0.34303475579146625,0.11600731277777782,0.032608188888888945,0.03321463750103281,0.010133316090192386,0.24185657567634491,0.03030964388888889,0.0008829222222222488,0.054284385806602824,0.006361103675142654,0.13985193604723908,0.07646574055555554,0.015647854999999933,0.32660231748567997,0.06487628737180667,0.22725239384839785,0.3460875805555555,0.1288508180555552,0.023520214406558635,0.002304373669305349,0.32164264031596623,0.02858138095555555,0.02417710614444444,0.034458936143681375,0.006294958599219061,0.09613859010794494,0.026250922241329105,0.011560230662317983
470,0.06504109500459233,0.013934997267266457,0.32917375121138603,0.04348638952380953,0.01936380999999998,0.02837629536990177,0.01676101205274072,0.8289962634248899,0.026884703333333333,0.017553619166666673,0.048949936720726284,0.018941885539756627,0.3696414926125103,0.026433705238095233,0.009525127916666709,0.369425993116484,0.18594574004321576,0.4756068413337099,0.15590792857142857,0.12737755250000005,0.01903882030244004,0.001978658627688758,0.13157958676568368,0.01277959167142857,0.007489582212499998,0.026666654080697752,0.006484445806787615,0.097667849720998,0.037859200045773436,0.028008605700303668
471,0.07884367268720317,0.031938340425035586,2.598710554948555,0.060351872380952395,0.04220008916666662,0.04020617457767351,0.007963208588089517,0.1913411603849867,0.018811396190476188,0.003880110833333339,0.05370499114682836,0.019376287607666045,0.6375182628983977,0.0427985704761905,0.025725904999999993,0.395076844209772,0.09791764111738434,0.3824736452966824,0.2700208871428571,0.13578335750000026,0.02579167572196772,0.0023497548404470717,0.1656814914180391,0.014205583447619047,0.0006295551416666684,0.0529923265904614,0.009454566063733648,0.4710065621855505,0.02729821525656711,0.003343267353927537
472,0.06097587692673398,0.0032475484881392546,0.06422983045138136,0.0772690400000001,0.04134884500000002,0.03158707272867031,0.010454991271072613,0.27653931834493467,0.04990086857142855,0.02017939999999996,0.044751176090449395,0.010755929171614262,0.24592341797884265,0.04167983999999996,0.031235464999999962,0.42410757340295396,0.0961295477968054,0.20769140556745969,0.4136032238095235,0.3104166250000002,0.024919394689017844,0.005458334072969599,0.40255239391153386,0.011222789680952383,0.0008982472083333345,0.03549922377701329,0.008337245323101176,0.065493871319176,0.038105579292923845,0.030062457253772323
473,0.09683421117872516,0.013829309781430299,0.2601395618794296,0.060616665277777794,0.03236359263888877,0.03989218676972906,0.012992690795979272,0.4135622196388628,0.037768585555555546,0.023274059027777794,0.05913805808994025,0.012505730131878197,0.20496321463388759,0.04996188777777779,0.035509398333333275,0.3086654532328666,0.01870990278012114,0.05070365473800388,0.19283999722222223,0.05497163472222222,0.021226329151839456,0.0025612460434113423,0.17754018728272275,0.009486647399999994,0.00848834995555555,0.04674202300533865,0.011736511038647585,0.15272877901155973,0.02955993572796241,0.020553279383398182
474,0.05675145145781734,0.006125489104192631,0.1668284532043322,0.047733914761904805,0.022417403333333308,0.03786380466868066,0.011379159300142487,0.1894867946012358,0.0168501973809524,0.00970932208333336,0.04402752487012499,0.009109147614574955,0.18422635527483186,0.03876010523809529,0.016340114583333343,0.27914842698258807,0.035075926321377085,0.08419541256599551,0.2622726738095237,0.047383324999999976,0.028599991099628515,0.006225434732889511,0.5021848122453962,0.016169833533333337,0.0020729940916666663,0.050591327819301625,0.014506565664256687,0.3369604816340467,0.017871960169675755,0.002422032435829391
475,0.13012778082996626,0.007724504031772275,0.209138230824642,0.11356798309523809,0.04778512333333329,0.06810719609869223,0.007225654613103673,0.2461798183736385,0.04112313404761906,0.02830686541666666,0.09241758796825417,0.004638773982999528,0.12074224639570594,0.0667200539047619,0.01850753300000002,0.5350662466910422,0.08367936757458264,0.3083968934331856,0.3113658714285714,0.030167009999999994,0.03154648346421445,0.027919602153416937,0.9351466647888216,0.032809746128571425,0.020565153737499998,0.044616070124174935,0.013036610866685108,0.1515375850628944,0.032850317115601914,0.03433397126682736
476,0.04046195830871669,0.005067228600739614,0.13958169248953545,0.03540652619047624,0.009791264999999938,0.01934847739815075,0.00599951427165306,0.1173607857760648,0.015668946666666662,0.00897594583333336,0.028334211578841983,0.0018212817970271835,0.04256329385819027,0.02414348238095238,0.0019362779166666733,0.19253619468961614,0.014182388261542207,0.05283156753513901,0.21737676666666653,0.019261870833333417,0.014643494736719602,0.001896744363875397,0.13917584157608096,0.00807658070476191,0.0036200817249999948,0.020984229045942243,0.004558271700744493,0.12635933657052595,0.01342862475655229,0.01214286785512353
477,0.08839032158673112,0.010176891794655566,0.23857584500526025,0.05528744095238095,0.05389524583333327,0.041389140375886306,0.006192025730759074,0.2554746557634586,0.04015377752380952,0.01582028299999999,0.057904631430906545,0.002246697211691478,0.05029941168961391,0.03756080047619048,0.030333263333333305,0.28523411374293717,0.03631991597842665,0.11652244999892258,0.14200524047619045,0.09031953958333339,0.06547417418385205,0.03814519634049958,0.42811415150773086,0.025603093071428575,0.0180826741875,0.05197906609082279,0.00889143247168803,0.08871553273125014,0.04468599652640588,0.0005425847080178237
478,0.0792035858091288,0.02661547850104634,0.45519265828338457,0.06674454777777779,0.030949825833333167,0.06171534249383024,0.021538300076152865,0.47113501083323556,0.04809814284444446,0.03210695426111114,0.05415486254385613,0.022842264636048132,0.4163866949968968,0.04214916166666669,0.014652329166666644,0.319922506772969,0.133880184470485,0.34070964262723136,0.1915628833333333,0.04852938277777774,0.025953606956332944,0.005501805783416721,0.6932199352835647,0.01869575863888889,0.00037477863888888546,0.040993137817389405,0.006485804329316493,0.12565111806195384,0.04178457536248822,0.025564049940995093
479,0.07546882816068935,0.03144224375225634,0.4593936872783707,0.06971515523809527,0.05554794499999993,0.045692425886358655,0.020556761644576205,0.3612017922554998,0.020003723809523786,0.0030459295833332733,0.05828650129706328,0.03059484818855227,0.4346745376349149,0.042925086666666654,0.024162912500000022,0.4119200069065057,0.1582040829298826,0.31210519845149615,0.29616755238095227,0.12205527499999969,0.02779006178594455,0.005417112728195021,0.7718735096089215,0.013857854333333336,0.005045183116666669,0.047902274094863195,0.022990483007923924,1.1552623051669262,0.03732182165291568,0.026781628747569175
480,0.0742709259975677,0.0044593186368099905,0.23123465185058664,0.06365869916666661,0.021143303194444463,0.04454812203781958,0.0169990237464727,0.6895578502521774,0.0473714575,0.013958207916666687,0.051472711594592706,0.004437939134118468,0.34565573520648013,0.03927032055555559,0.006293318055555608,0.28006625661436424,0.04945255336182101,0.2870547930900524,0.15557910833333324,0.013761437499999696,0.01979431146710276,0.004194041564209589,0.2446726467699369,0.012238621083333331,0.0025137296527777755,0.04327496727432434,0.01278189957882456,0.1861535800223336,0.04470260392300603,0.0038086470173113174
481,0.07562300868754286,0.0059786696534820695,0.09232105013556369,0.049532640952380934,0.028121476666666756,0.04290998267574761,0.008818457694646264,0.12059965221152061,0.03193453928571429,0.017540412916666637,0.06163878366668332,0.007750854195969581,0.09422534525787932,0.034064177380952375,0.020342296249999947,0.5353591776630351,0.21855243962321957,0.31112282578884143,0.19871800380952379,0.12116949499999974,0.05372273014918949,0.012892157266873237,0.18302377626595623,0.018980353380952383,0.009980542583333328,0.06087066222458671,0.01223220290612119,0.11277561163127832,0.035173540475981514,0.007926811852071114
482,0.10124735570856773,0.018089265980520478,0.5554275763296033,0.09657881777777777,0.06030541638888898,0.058334284108778944,0.009678525044808862,0.2819899495115656,0.04322260277777779,0.027370954999999975,0.05598222822762211,0.014905445005518835,0.503834787272899,0.05351481944444445,0.0361001125,0.4218727830421018,0.06964418186024887,0.17909369620146562,0.36028974444444434,0.19863926666666676,0.025608939675575246,0.0008733944698421645,0.09322329539985662,0.014747300277777778,0.001991973747222221,0.042844113612206865,0.007720441588823446,0.0761570050139114,0.016227297116728795,0.007471884632281378
483,0.09121875315684631,0.0634617209592655,1.2947814421115555,0.06019141944444445,0.055389814722222375,0.05012679443363199,0.03958261026984075,0.5960567370602059,0.025635874777777772,0.022818352722222268,0.06136531925932715,0.04237356801745338,0.6101119680536147,0.043666996111111106,0.04058512944444448,0.39027833939942225,0.24240497352025095,0.8082956328075629,0.2401316555555554,0.17762226111111112,0.023736745209696222,0.0026879694668207814,0.2831509490266249,0.015657776277777775,0.0013021451361111087,0.055615759075395545,0.025067617603300025,0.4301769812595129,0.04121823322446866,0.0418273445708256
484,0.03937167488286561,0.013752560410396237,0.5758308749231568,0.05554989714285711,0.029532769583333285,0.02018350829607828,0.006299243243416876,0.16656510975096578,0.02898490404761903,0.02146623249999996,0.03161854986471612,0.007331910710710942,0.20635572794239648,0.038100591904761894,0.01750926458333324,0.2912427331452164,0.038300638725402215,0.09960445264247937,0.31652800476190507,0.11237703333333382,0.017081360187239217,0.0018646431200422119,0.19382421734097408,0.012858725233333331,0.005591443975000002,0.04497748556554004,0.005987742741367802,0.11893510908150522,0.029666396434889535,0.027211289533430327
485,0.06900592018176696,0.012039726737103896,0.4376853702074743,0.03843249999999996,0.022092619166666605,0.0326533385282417,0.010720142571639798,0.39773753787005667,0.017359954444444454,0.0012325536111110202,0.051369905560109265,0.01084463233533605,0.3758305116665459,0.031333769999999955,0.00039790027777775183,0.3375275716745508,0.06382752403290887,0.22845894242250764,0.17602690000000032,0.003904674999999802,0.014720845994747043,0.003507235117754211,0.3014833599062035,0.01807664278888889,0.012096989427777777,0.03430372972285962,0.006165293650354144,0.06262002305207182,0.01428693985846267,0.014403731669652087
486,0.09279300027946101,0.03876105524891818,0.7761415757790849,0.043470888333333346,0.027953216388888813,0.043449820122085814,0.01840318556448529,0.24315012960897636,0.026487606888888886,0.011012204222222238,0.06080069761391795,0.027047739604036766,0.4009194199269345,0.030001435000000003,0.026729816666666684,0.46959383777433034,0.2542686945723126,0.4798206352564139,0.16489867222222213,0.0686254638888888,0.053345780584488,0.012694598063037932,0.23042479201814195,0.02141168502222222,0.014658177957777777,0.06495599922506932,0.01461503011264765,0.2040772432085683,0.018470052209364124,0.016059758856433348
487,0.053412476624249174,0.03639408173714458,0.37341208297633893,0.0632318111111111,0.03570837194444454,0.03183538249748518,0.02540401462649389,0.1903109212638643,0.020351743333333325,0.007770704333333295,0.04635352054786385,0.02780517324664561,0.27229359422545685,0.05283917111111105,0.013337429722222294,0.43763346486766624,0.19744106454924845,0.1534438450973137,0.5018408722222222,0.02946412499999962,0.017380126419389973,0.003719906788376722,0.11105260373744562,0.01585432362777778,0.00681018126388889,0.06125868996040148,0.034647442790797775,0.13843578595172734,0.061950787636091846,0.0009478889158300863
488,0.06025086130222567,0.024667823521388698,0.7663937215309391,0.08845952333333329,0.06328110333333326,0.044428696071833244,0.01211780996521615,0.5633741432540719,0.04187723833333331,0.01005436541666671,0.042474131766399685,0.010760906510461389,0.6406714743167916,0.06335094571428566,0.03455690249999993,0.2826876099461812,0.04757265105743118,0.2216000660946594,0.3319641595238094,0.11327322500000014,0.029606104687314908,0.0054543618575731,1.1505930615936695,0.025719748407619047,0.006436644530833333,0.05654090600990303,0.008584021837412036,0.29773764146056797,0.06225250607671572,0.0015327730195451306
489,0.040834992534753235,0.006118490910767852,0.15515451770668956,0.037638055714285724,0.03700869583333333,0.028432786206222485,0.006388111531951332,0.2693959448079662,0.024974907142857137,0.02458765958333331,0.03845151304465943,0.009148604607782933,0.16284396080387809,0.032974480952380945,0.020600750833333237,0.3637446250492962,0.06801978346424573,0.11432725640266868,0.31795455238095244,0.20694735833333366,0.015404308728454004,0.005245129930915778,0.32193397862623485,0.01748212814285714,0.006244991683333336,0.040516091248512374,0.004268476616933614,0.045959757098652354,0.030106436351734656,0.021175113339282015
490,0.14247335716933135,0.052549844457949996,0.4731082217615297,0.12515575694444442,0.10441171541666672,0.0658706177267885,0.0407870358229127,0.5981830412178889,0.03844928666666663,0.043190146388888906,0.0966153654928379,0.03827882462716889,0.382262472280678,0.07711187777777774,0.07268665611111103,0.5380768341713413,0.207769602849231,0.3380209813696323,0.32613764722222205,0.3324782027777782,0.036756448927103426,0.008821860185152781,1.2507844748574226,0.028325095944444444,0.02345251175277778,0.12250617357148352,0.06120458414236264,1.294309816935839,0.04026681683400022,0.01778097326203998
491,0.04665103964342473,0.013105851251529039,0.24329369821954894,0.05466265333333342,0.03379263833333335,0.032207578133288485,0.018568981722948134,0.3434028719600585,0.033474941428571416,0.012905399166666609,0.035864912254201305,0.014695403430393508,0.23298268651138737,0.0376559133333333,0.018910064999999976,0.22639955194584274,0.09046370586201621,0.20131499351254414,0.20254384761904767,0.09300769166666667,0.02012405035454964,0.007827588190763915,0.5052000464832183,0.019370263819047624,0.010672454441666661,0.02378344582229908,0.003716653170464952,0.043843413773233995,0.03310235873319283,0.010108297998472071
492,0.06581393262709906,0.01567228710494265,0.22994313671733504,0.022327554761904716,0.007077524166666627,0.049149217016926906,0.017292399541778376,0.2940709906114303,0.02633473952380954,0.019196144583333352,0.05330917269630453,0.02146295390588153,0.3412640369394249,0.02774457571428568,0.012205562916666635,0.5537562272219663,0.25402613513006794,0.3285552748968248,0.38886016190476186,0.2310072875000002,0.026217048569464583,0.005033274688451273,0.4038899233945388,0.01815725510952381,0.012686978429166669,0.06855131627337847,0.026762008121281496,0.3500891260567109,0.02983518191300903,0.017657157223978814
493,0.03749889125302892,0.018111830843220045,0.4447443910842321,0.04199343023809527,0.03350677541666669,0.021228862047354802,0.009564921933694313,0.6181398712784886,0.012133953809523796,0.008889225,0.027405392336657983,0.015357544518015052,0.3769219374603708,0.03804856619047619,0.03292334375,0.21042230136672416,0.13278405766642948,0.3533082892064402,0.18671291428571432,0.08997098333333353,0.013933935697129056,0.0018364776522770004,0.11956854926475427,0.016137832961904762,0.0027196555666666655,0.03819946116955852,0.0025436177590224224,0.028017179597308317,0.025184808962551247,0.004695536572013492
494,0.08401206684090651,0.024871673837119343,0.5003388603335568,0.028560020952380954,0.000204769166666674,0.04552310817908542,0.021550248250177144,0.27318462559803725,0.020650397619047623,0.011375790833333288,0.05946580769800124,0.02351594106323357,0.5257365212670155,0.02038495761904762,0.0002057841666666671,0.30059175122053644,0.10093272231774221,0.34054181721765975,0.08364855714285706,0.07162397500000006,0.033459343312185794,0.010477045126628415,0.2685049901861067,0.021629583523809528,0.008407647250000004,0.030045991313854756,0.014563053374275626,0.5266392125793613,0.02882548828572987,0.0044744801887274255
495,0.05713399197861598,0.014696278833327575,0.201995515512847,0.05881708738095242,0.00458266458333334,0.027471738830403308,0.009802268399014907,0.17513407131412911,0.021913218095238083,0.015652075833333334,0.03891892664084697,0.01016472338604408,0.1578836170804951,0.03802173666666665,0.003414008333333385,0.2747145647879549,0.06495623626449808,0.16693274689439974,0.20674981904761888,0.12368277500000002,0.01877801330923188,0.007247111891199802,0.4080751777012186,0.032580877055889204,0.009103520610527233,0.030506380636501896,0.010477446834545255,0.31867721742452765,0.036587693287905905,0.015289982360491339
496,0.058358412430832646,0.0074870949376749886,0.1714285263791755,0.043436598333333375,0.042604454722222296,0.023800839645136948,0.010202092426741957,0.19382741865513123,0.014024062222222225,0.008042068055555573,0.03916318977380209,0.012762760000608789,0.2993005763486361,0.018847033888888903,0.01277403638888891,0.30352160140479695,0.1055395624943029,0.2784113039613274,0.14850437777777772,0.09920230277777775,0.02078529390414821,0.004340606525216375,0.3318030180287852,0.01466162325888889,0.010430076503333332,0.030347879346175777,0.009792283418228487,0.17440932432954045,0.03665183414304817,0.005992638086251889
497,0.06698415611092477,0.01462647271111268,0.19167101584517307,0.08344133095238092,0.028030720000000064,0.044596856371994315,0.009437618475893443,0.25602432864574226,0.0305381580952381,0.0037854483333333855,0.049431914994324526,0.017006968166270845,0.21814226975628814,0.026999456190476192,0.008181665833333351,0.3293651783429425,0.14464887328855083,0.2638591918059218,0.21558934857142845,0.006478709166666707,0.02164118897837611,0.004062218745009819,0.20620528843775607,0.0241949005047619,0.0032614815250000054,0.033681296250489726,0.003318278550429113,0.03244122391063562,0.03396910667694449,0.01475406268464119
498,0.07120386494327573,0.009882329550320314,0.12432412410255698,0.09201155944444449,0.010383575833333492,0.03654064672952239,0.015435901127949637,0.22542759306275856,0.04513130166666668,0.01680087833333338,0.05143945811352704,0.007440025207720101,0.08312446070032133,0.05858099944444447,0.006314311388888827,0.39026414074004706,0.016492712002927096,0.019736249033041758,0.47063897777777797,0.005216600000000238,0.02106403158100117,0.005124806912697055,0.368128303560285,0.03759861641111111,3.911547222221201e-06,0.03432469710732883,0.005278050351099334,0.08181258554230028,0.03842471264091951,0.010470307445824611
499,0.10354312792957031,0.030945986392498438,1.212304202341453,0.03483623285714283,0.014733989583333384,0.047234078933204145,0.01680642179089369,0.883334121898998,0.021461988571428576,0.023768038749999942,0.06851533032082681,0.021065764384986148,1.3180635844043664,0.031423962857142836,0.019667056249999926,0.37358935567240087,0.12224225200030867,0.8376844944005729,0.1693269857142858,0.13891472083333345,0.023278396965344565,0.0008072268512382651,0.249738702511604,0.0055865812285714285,0.0004743076624999995,0.04775061857011609,0.012689303976529924,0.2893075835899851,0.04570251662972354,0.036732024610779124
500,0.057962666021360444,0.010989286270114074,0.18747356633416312,0.03969956380952384,0.009328323333333444,0.04418366257137859,0.004009577840477788,0.050505163576563795,0.05814535095238097,0.00844475750000001,0.04516170459782653,0.015194843962861764,0.1939622323676015,0.04227912666666665,0.013887059583333417,0.3488022162198054,0.08284383835295353,0.13063944105462766,0.2723950714285714,0.04932946666666638,0.017871433358453714,0.001782678805113152,0.5218070457019504,0.01713079152857143,0.014099914658333332,0.04243469712640661,0.009080550911288043,0.21689791351116786,0.07248110700426283,0.025377276478348032
501,0.07537404637579631,0.013486393457225932,0.1800249158256393,0.05508774714285709,0.02510495166666682,0.03296814163978888,0.016357983490946932,0.2423688954536642,0.022496132380952383,0.016950601666666676,0.05507576172124148,0.018424422828674715,0.26568770815173154,0.03968455666666665,0.007101050000000053,0.3631957547236715,0.14773406848719017,0.2908999174187698,0.23207306666666666,0.020479991666666697,0.021229946429676693,0.004148363394871519,0.9740457145292009,0.022463748761904764,0.0027106502708333317,0.03648743305143813,0.00857101548825119,0.5720590639339679,0.03583105000596396,0.022724947273657814
502,0.06820206984463835,0.022453163539661855,0.3357535113583196,0.05629640694444451,0.027272742083333412,0.04389492149088089,0.01130562970408578,0.14040442075010856,0.01387467777777778,0.0007554143055555629,0.045092009790288955,0.015810693876724548,0.22385644876939276,0.025582335555555547,0.017658530277777695,0.3189857063788711,0.10584464089918218,0.19086262330962817,0.09391238444444443,0.08629748833333317,0.022921955565556484,0.004024657357155229,0.16818161176953197,0.026469076577777778,0.015399054827777772,0.029687181000287124,0.0028145190724848885,0.04292983848910866,0.02496133012152697,0.003680892855433604
503,0.06942922834062724,0.024320196092468473,0.45996194139282026,0.14005171611111109,0.016778566388889082,0.05057946332644946,0.03820374193035902,0.6755783313438084,0.10575553833333336,0.06426582277777781,0.05476141835255272,0.02328886972794699,0.4363954234440631,0.08641665888888883,0.03127025944444439,0.650525217480023,0.2330329009263718,0.34234722953859864,0.69354725,0.3565211888888884,0.026124663587323054,0.005279381480393798,0.5360751381376369,0.05614576020555556,0.038602899747222225,0.057942287224021664,0.03916827516336027,0.33276803470829497,0.07893694685557621,0.017082326903224865
504,0.11365886072645925,0.032942436867158593,0.7364843231619999,0.12801237333333335,0.08562410916666674,0.0423530328737447,0.015588294009928321,0.23981447025858782,0.017013911428571424,0.004207647500000022,0.08316267710252818,0.014552527313837197,0.252157515719208,0.09472736523809525,0.052693313333333325,0.6840182274350308,0.1541864323192964,0.19183281793689944,0.7109384700000001,0.3915207966666667,0.04061675001773183,0.008201839850156328,0.9910526866991447,0.07402517124002331,0.05129225753829256,0.15147422979631756,0.05437690600874267,0.3012929884913326,0.40397278292487954,0.31279027627904943
505,0.07225879995209866,0.03851186173009756,0.934196534445578,0.15201295111111104,0.13396977916666675,0.041918006621137226,0.016869921321133945,0.45719752878214553,0.09676186505555555,0.01995042483333334,0.0520020965244938,0.03842774446356602,0.7898784708413952,0.12295163900000002,0.10903554938888893,0.4908463640789407,0.404210871679708,0.7242126667152367,0.9694545633333332,0.8984406072222222,0.020698690015616587,0.010203521906384641,0.3598982411673963,0.017522338447,0.008675148191888887,0.05321450980551862,0.028085321840303625,0.44917016886259215,0.11001141344512573,0.059434105261813586
506,0.09254658409796702,0.010001456358048659,0.1478919229588418,0.029154669523809486,0.019714306666666626,0.030132234930927024,0.004227399353573727,0.09953228031978517,0.022019413333333345,0.01180412708333331,0.064260906820182,0.005454065987545587,0.15973498309320192,0.02160711380952383,0.014758998333333384,0.47380826568651235,0.07668494825467306,0.1926457492244875,0.23211667619047624,0.04088295416666643,0.029583216479831417,0.009239663900754055,0.6885275831573153,0.014118349166666669,0.009070374337500001,0.08465524449449356,0.027587341392118773,0.21077520290290366,0.044483086625446054,0.01579942311687199
507,0.05741229457574177,0.013074133733641307,0.31056953078435523,0.09524565571428577,0.01442411999999993,0.03669540160241128,0.01683268417523721,0.6136277401711028,0.07885280333333335,0.04906148583333336,0.05118296542837238,0.011994172962003873,0.2243684276513637,0.06680244857142852,0.019098084166666696,0.4773030844296122,0.17641030877822397,0.24190391718572332,0.41748986190476195,0.21800265833333343,0.020758194916253827,0.00213834609739919,0.14847236864468585,0.02916651080476191,0.019069459883333334,0.05457876365599021,0.025337701571251675,0.14742242854435977,0.08666141772969681,0.08419249176637544
508,0.082762401738893,0.022891932103785553,0.2965304964505853,0.09859072238095243,0.11149457708333343,0.03298874295274962,0.007738877059259716,0.17951086809168815,0.04422406666666667,0.01795807416666667,0.06215869924835841,0.01815592797120733,0.29807916975692583,0.05934351809523812,0.0692329783333333,0.5721820842678947,0.14267396279766556,0.21141660204864252,0.635698976190476,0.6120890291666665,0.02329380348985512,0.007028146835570779,1.2869940455124182,0.026723076191904765,0.003800833652500001,0.07072582462848725,0.010588585738258407,0.1178515171835545,0.056112119769458325,0.05822139237981361
509,0.10607162169127492,0.03885346132682413,0.9620040470919686,0.07376433000000004,0.009959803611111151,0.049569770996794806,0.006697810290268933,0.08681077550634188,0.06070684622222223,0.05716481191666667,0.08104073533694486,0.032155122257716565,0.6863355161933375,0.05414389555555555,0.00514987972222225,0.646433422388465,0.27102875108026175,0.45549318955606216,0.29306371666666675,0.14564854444444442,0.024814702509328438,0.0031521661313525747,0.11479840976334722,0.015430847252222222,0.005886360177222216,0.08464049453432199,0.0492362300496357,0.42029484304641185,0.09599470398093657,0.011064769381482986
510,0.0788531235713745,0.04082921376581517,1.0699373953135796,0.087884165,0.08365944805555559,0.04883402041257121,0.016744240459270213,0.8224146675258339,0.02879323888888889,0.018197405833333347,0.058736209428737814,0.03243932356718526,0.617592435917738,0.06090847333333335,0.059913677222222295,0.46531360754481915,0.2565228905199241,0.4794075546569221,0.5049538299999997,0.5220569169444444,0.02764548590918751,0.007161897222303934,0.7111857693036555,0.032665414233333336,0.03664109851944444,0.05403144785962466,0.02232919332311638,0.5332835459800089,0.031767996188597374,0.017049291688261525
511,0.08548168893530926,0.04256954840338429,0.6131685888767844,0.1174104105555555,0.04199968861111125,0.03169557496923522,0.019838689880884417,0.31591702254691695,0.053642614999999984,0.029323402916666658,0.05639695557930277,0.036979296634527606,0.4582900690435699,0.08897063416666669,0.04518482097222215,0.452748798525264,0.2594589164419025,0.31374488034135545,0.5914172344444444,0.29181104666666635,0.026843561548986553,0.0033977387959701812,0.1995460008395549,0.014292541166666667,0.00381896297222222,0.07738080071409174,0.042161438183285785,0.30796302919107016,0.10884816875944302,0.06031628369923936
512,0.09060200565408523,0.019749814479007442,0.6293064889515131,0.06725150214285715,0.04350291500000003,0.06113259153594618,0.016028060506615056,0.6696004969133421,0.043670923714285714,0.046819999166666654,0.06427182691839058,0.013354159746499764,0.38332462047047633,0.04812255785714283,0.030409929999999974,0.2940258473749096,0.04773768748291384,0.2209799091609946,0.21983068095238092,0.1262234874999999,0.045734126555714065,0.010446116629800977,0.7688362212556251,0.03877433476190476,0.008664063624999996,0.07229246561586693,0.010914605627578412,0.24408175233325563,0.06009711788322979,0.03706405702402854
513,0.05687304225639273,0.029546793395211726,0.6687122503086735,0.05781386777777773,0.04709342902777791,0.03376583008603555,0.012301377387087331,0.2708729428583449,0.021350974444444448,0.012484440694444432,0.04580395052273268,0.026624522517232865,0.5952690984829199,0.0593214,0.04764476222222214,0.5256289059084124,0.2675981476686992,0.46664087332205206,0.4446121333333333,0.34630801111111076,0.01884323130743183,0.0024781495007977156,0.3322630879963817,0.012999020153888888,0.0021923940794444452,0.056343536074831814,0.033148570964606966,0.24867254844620318,0.07197929051268008,0.053446999255688965
514,0.07376098314727801,0.03224128028860337,1.0876630728758534,0.037003946666666655,0.045844444583333366,0.034529468936231766,0.010511282897631816,0.39181775435356725,0.021369196666666666,0.018083965000000007,0.05240914958714447,0.024870754937343753,0.845727635304183,0.03605529285714282,0.04211377458333332,0.35060071317602515,0.18212200216141483,0.559497521965754,0.26538075714285736,0.32685931250000033,0.02601341428405514,0.012680730215782945,0.8223690228297106,0.01854043142,0.00014852644083333116,0.04868869577682408,0.010453974811993156,0.09766654941353045,0.036335863138835786,0.034456273255608794
515,0.055673202352888494,0.03221211423086743,0.7234216905250003,0.10118553619047625,0.08352025666666674,0.039041801480629384,0.024792452612512655,0.4904258736748223,0.05801037371428571,0.036070579500000005,0.046722148851369105,0.027991645831284377,0.4871274618706416,0.06692635190476193,0.055962646666666616,0.5087879539743612,0.2758387295633619,0.380266860080851,0.5139615523809524,0.4339409833333332,0.016885120887758752,0.0015389447733043403,0.07492014169103682,0.013445281776190476,0.009714610341666667,0.0507014113388495,0.027699822728112344,0.2589302000797175,0.056925175905131985,0.030387987635786984
516,0.07505281551484717,0.039842134833053384,0.49395788995771717,0.09530310222222221,0.04380869249999997,0.04446987589636259,0.018165783524600923,0.3244849428059944,0.06743038666666668,0.0006368479166666691,0.0561693923449868,0.030184812626135638,0.429288439290012,0.06689231833333335,0.035096656111111124,0.35385142934136954,0.1935353438786239,0.3736699711589748,0.40374792111111124,0.2097216827777777,0.021864126389988577,0.00439127070329474,0.21846335625978255,0.011740931108888889,0.00239906743111111,0.06426815758833428,0.020300405849333115,0.15521868754283671,0.06797368993130219,0.031815472848381765
517,0.0584183089174852,0.016118412278099493,0.4454674394112956,0.0667805252380952,0.02928130333333334,0.03661893583501875,0.0185417457184822,0.3443175427742404,0.05453999571428573,0.026843769166666698,0.04621777160400264,0.018719882424416846,0.4013011491404676,0.056688761904761895,0.04226399916666668,0.399284642496998,0.16351895741595543,0.28086590760300395,0.3891638047619047,0.31129162499999996,0.023574201912116677,0.0026868868482501835,0.1768609717353175,0.019206715047619043,0.009927276374999997,0.06442235436879999,0.028608211542394436,0.3418888500870975,0.07846344885744848,0.07621583523157738
518,0.07038340047751103,0.030644576727878438,0.32060468489285227,0.12598832238095242,0.08898647250000002,0.043398608186084105,0.014909779817024946,0.17266402282021445,0.09994752652380952,0.06711365770833334,0.04761333551162349,0.028618273152189587,0.30558385477064426,0.1021955295238095,0.08680426833333327,0.3997192274216131,0.2225631499479816,0.25515832522799053,0.608780680952381,0.5247674999999998,0.03304187635785444,0.004902325130471601,0.13672974238948987,0.032550053571428574,0.025095038058333338,0.07224998191769957,0.02766573248556424,0.1726820489104807,0.14369518172191037,0.09638240586651403
519,0.10188965872347404,0.04567878479282332,0.8540424583496277,0.05969394000000001,0.02744408833333334,0.030701363869464978,0.011990822299984738,0.4386431242542973,0.018060634285714285,0.0003832291666667209,0.07484372443381983,0.0300847539987164,1.0749288397666714,0.047611775714285716,0.0001147716666666243,0.5068342619191925,0.16949980801103737,0.5335785436845646,0.23431788571428566,0.0027665083333330287,0.040032826565214216,0.009701778663714015,0.7990202317288775,0.0468289837047619,0.04105654572499999,0.1780394352672591,0.04684226868502423,0.5754388705112686,0.363789313774502,0.18571278612050146
520,0.03965887437606773,0.016963503153706667,0.2943364298020288,0.07609708857142854,0.027985402499999923,0.05654349399509797,0.025907967045642133,0.366720578202932,0.09703849178095238,0.033426413058333354,0.04202809287244841,0.02642684496076055,0.4256330334191392,0.06511558142857142,0.03481933083333322,0.4182052564968552,0.26569312826148006,0.3775112658355904,0.5279352857142858,0.2959271750000003,0.013763181674411318,0.0024681970555113955,0.0956778537889174,0.016303395666666668,0.008365835291666665,0.058551038671973775,0.026481537840710043,0.2331943482569478,0.09187159458149531,0.026301490143204098
521,0.055370743961294516,0.02656930058142501,0.3368794162010225,0.05097689833333341,0.016102408333333318,0.03519959755925037,0.01885222235663291,0.3500435802979498,0.03418348166666667,0.026957734722222237,0.0447120719551081,0.019779897308133194,0.21591350497280695,0.03262491388888891,0.01785241527777781,0.44502296401651886,0.16793412206777764,0.16271647143380205,0.2853592000000001,0.09710628055555559,0.018330363948160563,0.0033457201953218116,0.10156041777944921,0.008559964588888894,0.0034191375777777797,0.06558533855389966,0.01360277956744572,0.10496551301365914,0.03420496088274081,0.00842532498889359
522,0.1011318076219811,0.015671941168260088,0.26311021930926026,0.04062205777777785,0.028618305277777756,0.0430731268549674,0.01821965281450164,0.3420515090871568,0.05673639638888888,0.044537879305555556,0.0737600672416257,0.016516328761605296,0.22727585894923746,0.0434100955555555,0.04180711222222211,0.5719505572570381,0.19979234353195696,0.282413460698323,0.37772642500000003,0.3720418291666667,0.01795005268707733,0.005214272375510341,0.25468479706623887,0.022273375369444445,0.019669893940277777,0.06016567183592864,0.01870883342237424,0.13275718225123861,0.08145534242361537,0.0693343760253497
523,0.06540528085119968,0.015814207276771824,0.17213973108403244,0.12039993055555559,0.036457223611111145,0.04438560092862865,0.008160765477642275,0.08100553056251852,0.0707042545,0.008622292972222223,0.042004085556041966,0.006439476644509493,0.08325697751270081,0.07238158722222221,0.014532189999999945,0.2912117522158557,0.0710843531397037,0.1230955163168003,0.4327920411111112,0.10747960722222216,0.025171809878325842,0.0020028181350358987,0.07033085423872326,0.020491371055555558,0.011915169358333338,0.051876996210033534,0.011023758055070802,0.07227967041326198,0.06829621986811853,0.011360036252783146
524,0.06818244567004839,0.010926896010561085,0.2335128751998681,0.10137486333333341,0.005074187916666695,0.05186279867370976,0.014160522928790595,0.31303769554424177,0.03611315047619049,0.0017454108333333496,0.04948093381893933,0.009480859160009538,0.19288779556733435,0.05640930904761908,0.0030693800000000104,0.5769107164417825,0.16472553350427482,0.2767084221020448,0.495365742857143,0.0993256916666665,0.023235201567847096,0.008298238907381706,0.46377268438574104,0.01710027759047619,0.009157614783333334,0.06704559323406102,0.01725507320071826,0.06617271216691815,0.06820726793876276,0.01768331956510172
525,0.08082710535199979,0.027759031325222325,0.6785996561291965,0.06910893888888892,0.01154857999999992,0.06380092276915465,0.03257357709337015,0.8149008495629091,0.0309467483333333,0.004656805555555588,0.05995687748147943,0.02452766123859665,0.7221909463421776,0.055917828888888875,0.00785444638888888,0.6231996223700408,0.3218363045546047,0.7845264387960993,0.4580964722222222,0.2690852986111114,0.03476743453368098,0.01105112586110214,3.6089280457839545,0.03131801265,0.007798827260833335,0.09381564704887514,0.010322205900849863,0.11459964580815334,0.06255915630297894,0.017585246373631347
526,0.07775714199821046,0.014769959217732795,0.23598103576450932,0.061431776666666695,0.02310573583333342,0.04597476564410486,0.010826126522822277,0.13900461292583327,0.0460572838095238,0.0417537325,0.05963924590664404,0.015813715693129723,0.21497387652628475,0.04811424523809521,0.04090303249999999,0.476892964102759,0.18337275181640125,0.23095913177932695,0.3804107142857144,0.34885951666666704,0.034732539088162366,0.005536830629938352,0.2253436122825808,0.02806759193333333,0.019308061975,0.08225377845820528,0.025098202024280227,0.17997264167293636,0.07406854194692923,0.05191555263134495
527,0.053152137769047536,0.028862638057504685,0.8663367656346321,0.07926765428571426,0.05909340499999993,0.03578514170883188,0.010691717020118213,0.2793576538835503,0.06195010857142857,0.03504968666666666,0.03564961312769346,0.01833331129172944,0.4354374458403759,0.047419524285714325,0.04187438666666676,0.40984859629504733,0.21101352963551015,0.3714915700162379,0.42578050952380947,0.37221855833333306,0.014879081944273046,0.003730929426903701,0.2026441955312594,0.008587268180952378,0.008058744303333336,0.040879394443544784,0.0008596623647721871,0.009676284676494215,0.03793396140390935,0.013490841124773056
528,0.06777758552775986,0.018364513256434976,0.13452374267299477,0.15282075166666667,0.04131416388888898,0.05753078300119235,0.023288021997641864,0.16583078238264995,0.0887770985,0.042997277347222224,0.05290131880774223,0.007610462557146997,0.060361508754032,0.10829584444444444,0.02143352249999997,0.42626670461289984,0.08605255292969619,0.07673843728779359,0.6209696066666667,0.2117956855555556,0.0333291123357395,0.007158880885490914,0.1259953959613237,0.06603532622222223,0.0129948535,0.07273111079986043,0.010137335080466941,0.04874114943201821,0.1261020733642574,0.02191570792021602
529,0.06427200540682006,0.009631379517279243,0.13399202631923962,0.03803251523809527,0.0027813612500000584,0.02833278706053465,0.004078890888193825,0.11843072930422861,0.03158902666666667,0.012917522083333355,0.04298526708626044,0.010551855901747053,0.17761358671386326,0.021988231904761877,0.01872103916666662,0.28971373132597505,0.06947181405648885,0.13288370580686343,0.15434106666666653,0.11188454999999986,0.044221118499258256,0.0091367101236717,2.023310624476578,0.03312078980952381,0.002469713666666668,0.0664475789418764,0.0066194132010847055,0.06522713189598167,0.039848015297493974,0.011173485424091412
530,0.060468541518268165,0.007333771551005764,0.8170630269326027,0.032302514285714276,0.0009417404166666699,0.05697656314971011,0.01467108485337925,1.4120677982620091,0.05875774909285714,0.04869388237083333,0.05238602597597491,0.005594785401513775,0.3628545487028262,0.047753923333333344,0.014377397083333326,0.15801962813008236,0.008420303781149718,0.08491609694308166,0.18348171595238089,0.03649844583333339,0.053969862117963306,0.01811634713691156,0.908511893343063,0.06504864552380953,0.05818973808333333,0.06746471738817207,0.005938721130768053,0.1645418293876997,0.054341135799500395,0.038974385260865885
531,0.07608014066869814,0.02690319620396574,0.5199204508321374,0.11299961571428577,0.03320340416666678,0.04546547913042162,0.012535262054726682,0.23953524350006916,0.06744285809523809,0.002584625000000007,0.05944596813352377,0.025145899060453628,0.38824053067736936,0.0836074180952381,0.03034572083333331,0.496084170016814,0.1680912408201859,0.2410524441586742,0.5326164580952382,0.1535511300000001,0.02745273988092313,0.008629309226369107,0.3041632937948434,0.028329378380952387,0.026557202625,0.06401844669019253,0.019218071463990585,0.18679439500445563,0.09141882602888964,0.021510058517708208
532,0.06988743058701727,0.036822838457997636,1.1543145819129617,0.08573453952380951,0.056443335833333386,0.04662954444504758,0.018315940406069403,0.5703365122231543,0.03614719571428572,0.023736134166666645,0.05533063251982023,0.02535531697646176,0.6498349079776337,0.06217293666666668,0.035735326249999866,0.4886142316642963,0.19896016893154223,0.4579413971036596,0.45637373904761913,0.2681512258333334,0.02145906345293307,0.010673678864178275,0.8876667483468168,0.012071505800000002,0.012550194383333334,0.06572766143333426,0.02781724203086207,0.48802655038361886,0.07248725341736804,0.07844516865905526
533,0.07733171206980345,0.008599375387491065,0.14445076003494764,0.04909401380952384,0.006710044583333352,0.024868744198093012,0.0028711904027251345,0.08111940747416554,0.014627207142857142,0.015933170833333288,0.05390628121286677,0.008660500131756482,0.1536066561831456,0.032502657619047616,0.0037655466666667303,0.5003732459439235,0.057842586738038375,0.07970128857205046,0.2791944000000001,0.18010214166666705,0.02751892065738123,0.00369436654029044,0.7109876929560317,0.028645844499999993,0.0033900666916666673,0.06258794204826348,0.009793390145849547,0.08686269120811967,0.03391724790021163,0.006210423266106768
534,0.06400760386483666,0.030058173809971344,0.3912563802522196,0.06792878944444451,0.05801001333333344,0.0625493669197305,0.03457580670745477,0.6052048783317907,0.0526954038888889,0.013381379444444397,0.052283980122404095,0.03132731193501755,0.43869518974581295,0.05635903722222225,0.04961182125000008,0.4645507464528824,0.25867874112682526,0.30650551019933037,0.41162065,0.35156264027777784,0.022480209399640336,0.012288443319701869,0.8712990442443945,0.01722783771111111,0.013515633822222223,0.07455332755338767,0.03997416635540647,0.24279770240114257,0.0707205998452943,0.058044013295664554
535,0.076044090522024,0.02977387206927641,0.3109557140489231,0.09581997333333335,0.056958592500000016,0.052265014496977825,0.00882590407834013,0.0845032111086389,0.050611713999999995,0.014495739499999993,0.051478527560225744,0.014466437939634346,0.16927795138804733,0.057079405555555525,0.03937835416666663,0.3717905937105901,0.11027207261125628,0.1511167427499074,0.3339530027777778,0.20929596111111115,0.024388294456311684,0.003561587615552593,0.13002270113453088,0.02754472111111111,0.008307089972222223,0.09431184888139528,0.015831357260351772,0.12603006020827898,0.0857612744343073,0.03973759194584292
536,0.07536010756445724,0.023837120516602892,0.46065892533496605,0.12618541904761907,0.04964652083333332,0.03290282045594968,0.021608129569983134,0.4526374254713479,0.07414638857142856,0.04549252666666667,0.05580286849013929,0.023480660562572128,0.4300338598269621,0.09128143714285716,0.04965513750000006,0.4611309903881638,0.22232193858199492,0.42368100503444167,0.649518642857143,0.43399618333333345,0.02632348450424166,0.007829607007185824,0.3115210604887892,0.033609726904761904,0.003130109783333331,0.06637215506832043,0.034514168111770695,0.37284756444790385,0.09403679788184847,0.056714122978651305
537,0.12763028809554114,0.03416603779854345,0.41957747184311084,0.09103654380952379,0.029349513749999945,0.05124674051852291,0.024834567786128407,0.41386973936606064,0.02722901428571427,0.02307408624999996,0.0918859458075254,0.023666007355232662,0.5819017928537814,0.05614666095238098,0.0027195662500000273,0.6992915063519417,0.24193751944931655,0.626808231226889,0.32323276666666667,0.06020399166666657,0.027739596644641814,0.011847366167681533,0.8078310821838596,0.03360668218095238,0.013469925091666666,0.08561546829659272,0.06743627755996347,0.7221597083207649,0.062244805224067105,0.002377496001586543
538,0.052808274584035524,0.011174320241502075,0.5210407292283045,0.046611346666666664,0.011743826666666735,0.030870914625676194,0.006355032965680852,0.27626131877771076,0.051753006666666664,0.01563045958333334,0.04525845279648644,0.013466243609300748,0.6086563900312945,0.0394851761904762,0.022606778750000056,0.5153144449422237,0.18300403014161723,0.5498959316512643,0.44097151428571424,0.4056095000000002,0.01778757067528615,0.0096920204953636,0.8186913674338991,0.008111150847619047,0.006620929508333333,0.0669621977977869,0.029910141459679903,0.5151276428804933,0.06738580184116834,0.02671226792626802
539,0.06412300009579283,0.021516102672933232,0.7474823335643044,0.032490751388888926,0.008236740138888865,0.026584873334220705,0.010192015580890631,0.9419369537100816,0.025483592777777772,0.0039582805555555545,0.0468967950313132,0.024848903905063235,0.6063963993322069,0.02877949222222223,0.014121817222222166,0.4361715094571357,0.30197558659817325,0.7054076890979935,0.2580577527777778,0.1299105013888886,0.025013955991033135,0.012774647448410534,1.1258005413059833,0.030987648511111115,0.032688251513888884,0.0680910366673091,0.025082532534927822,0.2781048756553716,0.07442010288780108,0.054845942325938535
540,0.05820110623841684,0.005065425763703163,0.32175342861536654,0.0626353161904762,0.0001734204166669029,0.029335529803687536,0.008495295993806539,0.36738652125715493,0.0361691157142857,0.012653019166666668,0.03977388339953283,0.0027204268849696264,0.1109408493994503,0.034554691428571385,0.004195715000000044,0.34407930274782417,0.049041159597914386,0.146301840159653,0.22420975238095217,0.07869001666666664,0.01761576868073127,0.006356391163892669,0.30785167369855454,0.019442162338095238,0.014076620558333336,0.04910515997038478,0.017138551896494717,0.17621871983144063,0.06986456446372491,0.06459690080808544
541,0.07067776488914464,0.0059271013541520425,0.10471623064649858,0.02949549714285717,0.021754857499999947,0.04003689486071714,0.020841828482590644,0.3680787215068198,0.0326118042857143,0.03467587750000001,0.048689617423041044,0.0043255157317734685,0.251275339870101,0.014932975714285772,0.004466148333333364,0.43971420980477194,0.14353127586126627,0.4963899624975967,0.18250225714285723,0.052921458333333504,0.03018481772102358,0.00561807820600707,0.25561236330040416,0.019574850204761903,0.00019600550833333112,0.0637025820172936,0.01936459339825215,0.19443487392199738,0.050213396813023656,0.03917238267351608
542,0.07174555848812254,0.0328500161225392,0.7073529983383439,0.09564521472222222,0.046098502083333326,0.041865963904757754,0.028486903161631688,1.1185091243748424,0.044977270277777794,0.033921955138888904,0.05850799441861002,0.029691300497730232,1.105823817551122,0.05194890111111108,0.04884636305555545,0.568726817601514,0.37658892339484323,1.0502118319453408,0.5798841222222226,0.584084169444445,0.014680069322322622,0.0026594326393105756,0.3780607279581073,0.012848986922222222,0.0013931450944444437,0.05503228426267904,0.009503295758497681,0.1430386795448377,0.03089024754144898,0.006195503592489104
543,0.07537508998882557,0.026591472251410758,0.3294447780251952,0.111667785,0.051933620555555504,0.04527153752630756,0.011545853170654707,0.16012696373716837,0.09477294988888889,0.012356116083333313,0.0514555507073643,0.022249264722383224,0.2826889285189245,0.09883004666666668,0.04042227166666662,0.43163384591452675,0.19540291768886223,0.25683405438671747,0.7229758944444445,0.28682772499999976,0.022706934849042324,0.002856255534702706,0.0827653346989244,0.0383029955,0.0017727035500000043,0.07761832407013299,0.016461423478839266,0.13918274550629595,0.11753189165239823,0.019195702308458462
544,0.0911260728763134,0.03264061115196412,1.123995581747447,0.0785410355555556,0.08582498583333342,0.05500639327777782,0.029105806677481305,0.8199359641413143,0.05039960277777778,0.04746200694444447,0.07758411670535238,0.033583024606660614,2.151391963441826,0.0721729194444445,0.08040799972222223,0.7658721996834399,0.3569255286259801,1.1493295041861606,0.7034021666666664,0.7825713749999998,0.024499037594868434,0.0036195335958336163,0.5848753698498486,0.021642861433333337,0.004148465244444443,0.1073771397107497,0.03929777039408209,0.345420075338026,0.06764463957847118,0.05305352908904826
545,0.08252097947678116,0.01636044225875718,0.6927786465241165,0.07226133499999994,0.008295010555555593,0.045004516518438835,0.01288675211927807,0.30488999896819924,0.06904009217777778,0.005814827049999999,0.05355175604436322,0.01650253472799676,0.5081745009022004,0.04840815055555555,0.017931903055555587,0.3888166815831023,0.06876936173314312,0.27118566243130904,0.2739425477777779,0.02235654416666688,0.03140566233250281,0.00570984895379138,0.25853128341726045,0.029059457505555553,0.010907841978666668,0.0586321779670671,0.024783012165405977,0.2920301279871951,0.0680570532507038,0.02608317250256431
546,0.05161977934960036,0.03131744220933828,1.03027299222655,0.08199932857142855,0.06833754166666672,0.025139718833750897,0.015075444620879968,0.45368674767074874,0.030422133333333334,0.00994112333333333,0.04192483799250831,0.03487192966194982,0.7223801747135474,0.0437078357142857,0.04053982916666665,0.3719557648801166,0.36457240240350025,0.8047303170592638,0.32750488095238095,0.3048698000000003,0.016952262993645884,0.008380724855350363,0.538449848254553,0.02289480513809524,0.0029197752750000014,0.06915209176948099,0.04719609593531537,0.6418808126099683,0.06368544260540296,0.060125647188015274
547,0.10342595154430743,0.01790347970662163,0.5484417941845868,0.05106851777777777,0.02347056555555549,0.04256697679268647,0.02279880871043904,0.4089549851700499,0.059932182222222206,0.04255909236111108,0.06711390791287722,0.016650502856048476,0.40942907768742487,0.032902036666666655,0.021520188611111102,0.44112546903030125,0.12913604250137384,0.2835323171441187,0.21628654444444442,0.12452436944444423,0.03446950118929513,0.006172103289543472,0.26799982288101376,0.025283654238888887,0.01162656448333333,0.0874011237656322,0.03916166417795389,0.2963637534107009,0.06769217594569843,0.04450178246356984
548,0.061369655742134155,0.02372563027490699,0.43278974998483705,0.07148277500000004,0.059103055277777594,0.030260472431198865,0.018889446974608013,0.4726308973994229,0.05358599444444443,0.007507641666666648,0.043821263954178735,0.017774507031216337,0.31133559625148455,0.052028487222222274,0.03293582333333328,0.37849902736570384,0.17436639117734307,0.24353919735884116,0.40268178888888895,0.21194639722222242,0.017874625975453962,0.0012755291680522844,0.05090181997183616,0.028578741777777777,0.017454354744444445,0.0548413313083057,0.02723646469360936,0.21849053967757096,0.06337823997974913,0.02974258141490488
549,0.08034503128809113,0.03874069412094584,0.5650464222723623,0.11088396555555552,0.02901347138888888,0.038572879821166355,0.012250867299939992,0.5106147273713726,0.050577332666666676,0.004583333361111108,0.06012772641664806,0.030065456263512858,0.5330961034304114,0.07637074222222223,0.03259902388888902,0.41749363551098817,0.21755825877120982,0.3442938938015816,0.49881957777777775,0.25749396944444447,0.026892324881412893,0.0038190099457544946,0.4682094487523151,0.03855673225555556,0.009363174827777777,0.06805502618654596,0.019362434664290603,0.19186062746754778,0.06977488079241419,0.0419879746621139
550,0.059008960504869847,0.02682770901143669,0.218047524340151,0.1425991504761905,0.055946840833333344,0.0413295047493812,0.017140603217783244,0.16234325950108353,0.06411667458095238,0.03831599725833332,0.04854594667906847,0.02260009500215597,0.18917001619461762,0.10328091142857145,0.044663269166666686,0.4197961611650563,0.20457537179794943,0.17679429016945505,0.6101426742857142,0.20163472416666672,0.025318077005489274,0.009009801102053185,0.1699745183032956,0.02631857437142857,0.021360915033333337,0.05658429882848892,0.02727960446840764,0.1595683039557964,0.08476451091650825,0.04501714925233652
551,0.06902073032912438,0.03774682910320164,0.8069794599568497,0.07416305714285713,0.06795820583333334,0.03461419445626896,0.021385895967278107,0.40100768616620636,0.04888441952380954,0.02608029000000006,0.04895690357587921,0.027913087130481212,0.5500292078901853,0.05707964666666665,0.06063396166666668,0.3892148831047803,0.22918141564404196,0.37389845721893666,0.49782502857142863,0.5367160916666671,0.01619116364726819,0.005192858516758712,0.15682296071542381,0.011517265428571429,0.0015451058583333334,0.05919114743305331,0.03403177220150624,0.2507223345266985,0.10067735334780158,0.08328670133899796
552,0.0681542234284928,0.01776225023248115,0.164064258073736,0.10223818190476187,0.029616060833333235,0.04361795786659733,0.007591847129969034,0.07914358985631666,0.055232146,0.018209302583333337,0.049326015119937165,0.0162920617400297,0.15205835285578606,0.07640137285714285,0.028632749166666638,0.3816657298634696,0.11145295155308435,0.12559555502220432,0.5311630952380952,0.160645579166667,0.026248138277350123,0.009245112338287962,0.17674402837624964,0.040283848942857144,0.005185630741666662,0.06642804930099058,0.0123213091592509,0.08014508205785043,0.08416567238246057,0.02094777851817964
553,0.06345878711349924,0.038555625663080725,0.7549332975225369,0.04652559333333328,0.03570539166666664,0.04003232944560751,0.027471293300422937,0.7571838208233874,0.060627784285714297,0.055334150000000026,0.04920880569257863,0.03171255287943875,0.5327054843730888,0.031330654285714306,0.029612961666666715,0.4547457101659769,0.2657775668729399,0.3720568853153101,0.29299530476190466,0.29429524166666665,0.01954929648372743,0.005796202115546477,0.22730906761107755,0.012345689476190474,0.009495394058333335,0.07230329640137297,0.022635044448418917,0.22573359327054215,0.068694651565517,0.006775995322374051
554,0.05952762654551149,0.02618513645299327,0.5098898307289279,0.09013946380952385,0.06453451249999997,0.026916531642684132,0.0035087694221993086,0.13394962973519534,0.031186572857142856,0.009447214999999953,0.04318522438573499,0.0234829251729574,0.5441194289619927,0.07361241095238094,0.06097697083333331,0.39401503169534385,0.22751344383417058,0.40793659014729644,0.6289192857142858,0.5688252541666667,0.019786419021415314,0.007293912300362401,0.4389959673451112,0.011239522271428572,5.916766666666691e-05,0.05508566553457018,0.03357931105775379,0.25658423542291664,0.10116614947028595,0.10806534929414702
555,0.08606510019988554,0.04962160086438483,0.851094543700284,0.07077370285714282,0.07018063041666656,0.038387417377596524,0.025532409072885218,0.4535956272009369,0.05422844876190475,0.04935833475000001,0.06589267971752068,0.037580216324144905,0.6093058920808943,0.048759964285714295,0.058558884583333415,0.546783448775333,0.23529547219672706,0.42305861824242724,0.3268499238095237,0.3250405875,0.03709782605834424,0.009557210863621251,0.3160830770668249,0.028264423638095244,0.032192924633333335,0.07150599587757621,0.05190485842190025,0.4666558406177107,0.1366782027552947,0.16419257874051563
556,0.04794755013045978,0.014671259049374868,0.4174695017760547,0.03694077952380957,0.021619990833333325,0.0400867887372254,0.015343318532069642,0.6450914054734627,0.0250206626190476,0.01107866125000001,0.037304186429889905,0.009959408613823377,0.3793349873494809,0.019146123095238093,0.018851826250000037,0.6129140097210751,0.21046427334614526,0.37520091535125416,0.22459435238095266,0.1996395333333334,0.033466595887139385,0.00864747061773724,0.4673273588258139,0.020248664728571432,0.013451412055833337,0.15482893463430944,0.05354224610909513,0.32393306949262307,0.027107372588940377,0.004454792701667931
557,0.09766420527585366,0.036958063773293026,0.38933154310452467,0.06453417571428574,0.027475535833333287,0.03381998866715479,0.003470437199572448,0.06589581366868168,0.03452755238095237,0.0325630008333333,0.07204202318854962,0.026278802006722318,0.3664925874046314,0.04257794857142857,0.006757355000000076,0.4335295875673924,0.1628887428802691,0.28940446842351664,0.22506660952380958,0.12066632916666653,0.026225583507685803,0.004597425713358623,0.40860076116110106,0.03407964636190476,0.028413794733333334,0.0740875427120712,0.04983584204697898,0.36566704707968933,0.039664005779900535,0.020757448212762375
558,0.10526991260177514,0.02092716802447863,0.4541831465695902,0.12878814777777775,0.04346885277777779,0.09086669408292898,0.003736907408945589,0.0901235638426608,0.12421753418888891,0.00698711728055558,0.07714755507885816,0.01075972980995501,0.30767985828785416,0.08770030861111115,0.031083209305555526,0.4236577187711749,0.04651762696102214,0.27257844131085857,0.3631195316666666,0.07190059194444454,0.051223162805915524,0.0067235657183440925,0.2653076161976683,0.05431817142222223,0.010557361122222234,0.1114399238642343,0.020417284041965227,0.42514861318298636,0.12911569785379942,0.059206261943383465
559,0.06699311360707419,0.03443925799705917,0.3728431823973448,0.1326607344444444,0.06974270361111101,0.04464333430708081,0.019984110445473956,0.20576025489923172,0.10860780208333333,0.04608152925833335,0.04526414269702996,0.02633453209534982,0.2860898471434357,0.09595974055555556,0.05451878444444447,0.33596510497240395,0.18028997033846866,0.22730366563762583,0.5325574494444444,0.31378567166666627,0.02124233171932267,0.008544737373872917,0.24124970405105112,0.03213894428333333,0.007911899866666669,0.06167541488103435,0.025552667218605482,0.16945551837008835,0.12550311992677335,0.06149951419180921
560,0.09884480500743885,0.044894133725694736,0.5083306580244819,0.04225999238095236,0.02934429500000013,0.0425480127800608,0.0320572958188328,0.5991955449870916,0.025434878571428572,0.01317707833333337,0.07714953420938371,0.03869416326548492,0.7437431361306907,0.028353454761904713,0.016839045833333288,0.5657318549704761,0.303443804422735,0.8308439453612281,0.260565942857143,0.14415321666666658,0.02822621905865282,0.018388864448167893,1.7878528380979544,0.0220918206447619,0.00037725680833333285,0.10916953624997884,0.01597912860333805,0.13709951096054332,0.06743033578702906,0.017663050680483128
561,0.05709483496967662,0.011197312285751458,1.3422588870355905,0.06749946095238095,0.008826785416666705,0.028521362162991698,0.011890425567176574,0.36657202031647845,0.026610601428571436,0.002423239999999993,0.043718791521800277,0.012538230020172006,0.7359757816448741,0.03443828976190476,0.01800860416666672,0.4995470688021104,0.18207489500469354,0.49212158805777295,0.3147104380952381,0.19830685833333295,0.02185555889045329,0.002761091914550817,0.3235102794208333,0.020419001279047617,0.009178427894166667,0.06971633187066148,0.020241064635591638,0.28338517878133246,0.03972717525330708,0.018123878054326914
562,0.10295103796360822,0.037888453534224216,0.7034610885670466,0.06961508571428571,0.055191881666666665,0.050383999432652045,0.0299263041352097,1.8308873473367306,0.038531896380952384,0.029291584433333344,0.07618229487667065,0.029547807366448256,0.947122778493177,0.04935078276190474,0.04149901816666668,0.24161330118178037,0.09345471453076842,0.5148521319725308,0.16177483809523813,0.12374174833333329,0.06312125217618401,0.028804576115023583,1.8888389786000843,0.05375360928571428,0.04525279670833335,0.07650250716041081,0.0284087517175663,0.8344054212123058,0.04742410572047062,0.035969832980886574
563,0.07529617985496981,0.013650782104273701,0.32766366607786923,0.08119996,0.020810879999999976,0.06991430926236374,0.0203801566665994,0.2533286643871997,0.11342304657142857,0.03039119408333335,0.06015321770330643,0.015953766142101065,0.31007106532434375,0.05680624380952388,0.0018263058333333193,0.5768552917921982,0.1386082387480305,0.21517624272450092,0.452272580952381,0.00542979166666635,0.019091124792051554,0.009629149740744506,0.3662292767822418,0.04001692091428572,0.04424384874166667,0.08586986012738645,0.0312227769543461,0.20219231246508715,0.1336884186461543,0.11295589368690473
564,0.07544710058826648,0.01849441010953391,0.8343144868678256,0.10922697277777788,0.08025205722222217,0.03067523389806864,0.008283215285098358,0.8079399452488789,0.029500694444444447,0.014064519027777805,0.05861082875206894,0.021305028216125656,1.2485384533169883,0.07271999833333333,0.06623150222222218,0.413895343115488,0.15517289992579145,0.5572620060084871,0.5153661444444443,0.44272191388888826,0.024035385072826387,0.010510188688275555,0.6462598661107314,0.022690345680555554,0.01758659720972222,0.06354272434439258,0.028276596896181522,0.5016169232910197,0.0769268111472431,0.06262462710971428
565,0.056542753111962864,0.04769517744133295,0.4702405505236206,0.11073117777777776,0.0526129125,0.0419051648934875,0.034161951016083776,0.40191445274139675,0.07241604099999999,0.02900754216666665,0.042824378474427306,0.0366173172410192,0.3519783531977013,0.08107184166666666,0.04568716694444447,0.38855806623272376,0.28247283583239746,0.26961122966693474,0.5434613444444443,0.233336325,0.026829748221128446,0.005307338680541338,0.13389550559709093,0.02008001094444445,0.0021960921277777747,0.05701359697217633,0.04937624055099955,0.27942037198764874,0.11442639316206443,0.04689731280934595
566,0.0750304545317287,0.027942021193780087,0.5938682427126536,0.10995658666666666,0.08372030749999992,0.02538773663306612,0.006282461133703721,0.15669140055871816,0.040902619047619035,0.027903621666666656,0.05412686565453049,0.02374564686803771,0.574733798143452,0.08433759333333332,0.07054735124999989,0.44759288807747294,0.23410569582985374,0.39352472744053413,0.6917406761904762,0.6484100750000001,0.018414236472917445,0.007520388028290898,0.5352287007948419,0.01501090466190476,0.008863810033333332,0.055076749038447954,0.02222993324672021,0.1842103581198036,0.07912321358800452,0.08581296921638693
567,0.10849639272411189,0.03171162702686224,0.9212469279596998,0.08888047476190476,0.043591347500000044,0.04205048574662746,0.023271718521286983,1.0629748633600278,0.059983297142857155,0.05752678,0.07391569267559393,0.03650652609052572,0.937667556259151,0.05963326809523808,0.055315652916666624,0.5646516541111783,0.3698636523047665,1.0635502945280566,0.4851540857142856,0.45653154999999956,0.035930860917297046,0.01181545405010135,0.38760119555588884,0.0336645794,0.02427985590833333,0.15992333177501325,0.10767139227187468,0.9648153799463528,0.07176338187400493,0.04514308104124232
568,0.06483562241926519,0.026667579422690817,2.895619056257851,0.07351594194444439,0.029159232916666555,0.03800673626757606,0.016028622499479787,0.46227257776750813,0.06603861916666666,0.01786581958333336,0.053160716609318516,0.028763837694764958,3.3469429794442465,0.05234689388888888,0.03710830972222223,0.4642208151174965,0.28071294044895034,1.2699593820317545,0.45116157222222225,0.3059704999999999,0.016031402279613458,0.004869619917790715,0.28159064006012285,0.011052177722222223,0.011341829624999996,0.06846854473499654,0.037232630161677806,0.5141204327692632,0.09150820156569246,0.024679186613889237
569,0.04991907216180878,0.012707834622579454,0.6456113893866307,0.04326782666666668,0.03331679708333335,0.03972503270725338,0.008260734194825606,0.4601423926382689,0.049433560952380946,0.00997970250000002,0.03437404532689613,0.009932942870319766,0.3639482496464627,0.02277291142857147,0.02022665374999999,0.3321782141686724,0.09692991216160106,0.2601077776233814,0.27910299523809545,0.27516431249999984,0.016842927797855914,0.0015229066201080095,0.08213079291380616,0.00819152303,0.0007559796137500011,0.061266838188065664,0.010226255971476757,0.09855987784786975,0.07890595594217976,0.06497565443958431
570,0.12013892226001945,0.014945563546028717,0.2632439907821212,0.05687323261904763,0.050878594583333325,0.05397878140504831,0.02425610987878804,0.40192335276867114,0.030794684047619054,0.014449012083333324,0.07841058371491288,0.015641046458267326,0.7839362282929249,0.036135314523809546,0.021077383750000123,0.7511191178756395,0.25425090961108726,0.7978051514192137,0.1674260714285716,0.09871904166666656,0.03278180214543078,0.004337640767176619,0.1661868787516346,0.03524361641904762,0.011337382775,0.11558233747048917,0.028370869266784518,0.26985444713539997,0.09796957910714978,0.015563169209245165
571,0.0696670433794731,0.01632292829226252,0.2060093950260844,0.05019794833333333,0.04883219444444431,0.027579386651391355,0.01039409888620455,0.2188048643632839,0.028176546777777773,0.0027574796388888656,0.04891845287251056,0.013477311991669154,0.1677365246271269,0.02488166,0.02429443333333331,0.388833328532014,0.11715418183086482,0.14161447424872914,0.13717484999999996,0.08709656666666676,0.024793176491277904,0.002949858350675133,0.119662434203232,0.04130992344888889,0.0016178900133333326,0.04767154429598681,0.01866296262870676,0.1673306440465873,0.05701414891975596,0.0007603438242438365
572,0.07658465076925566,0.022738898272230197,0.34069260546815466,0.09415570999999999,0.06485257777777786,0.03279146730672327,0.015220434887584183,0.32125587587894305,0.07357230111111111,0.03294326722222221,0.052001734043245075,0.01861616017240471,0.27307360904764555,0.07821610777777775,0.05550062111111109,0.3899719905453998,0.14749789571459404,0.2116051090734486,0.5881750000000002,0.384834898611111,0.018508570694882123,0.0018068416902721643,0.08356792639920203,0.008353488588888888,0.002694853863611111,0.06856877042961373,0.03457378828671897,0.24068890949319308,0.11209740398629064,0.052493545580805434
573,0.07778697235889502,0.02977801517942309,0.29452350661092414,0.10982821809523806,0.0797876091666666,0.03747445728225128,0.017225635268294032,0.2273837640193209,0.06152226047619047,0.05359024374999999,0.05996720490742013,0.025238725434296262,0.23033057851236027,0.07511813714285713,0.06787111499999998,0.49963799336497944,0.1698755056367592,0.1575590037484798,0.5141429866666666,0.5022882083333333,0.026772778544001993,0.004223506524374707,0.13819506343227173,0.050681891539047626,0.020381828071666667,0.07820551598624038,0.042946426495796566,0.26108090459228694,0.11237612252656053,0.08549085330963552
574,0.04850188678497619,0.021744628607529078,0.6421000345714152,0.08605196476190478,0.024345831666666595,0.033426184478981553,0.011229234519571437,0.3859203982284531,0.04305698095238094,0.01394409958333337,0.0391549227726806,0.01844238174334923,0.4404877874181265,0.05328796000000001,0.027530445000000014,0.3967488328063313,0.20430902132651624,0.45783727392912443,0.4680574904761904,0.3117369833333332,0.019708959490852454,0.004910164416587366,1.3962044271287148,0.029063795685714287,0.02068084809166667,0.05419054004800286,0.02775623208901494,0.34116607405698146,0.07940746674779971,0.07867290072656785
575,0.07659808804449976,0.005880347763666222,0.07842077615465332,0.05392287666666662,0.017516586111111065,0.0388239165553282,0.018464514429388956,0.32865932974397777,0.030794147111111118,0.02241123933333336,0.05413931921820609,0.013028970138322342,0.20114211916177627,0.03460471666666667,0.023832183611111057,0.3627630721735988,0.054084925754617874,0.09702533514203776,0.26679490000000017,0.16636466388888893,0.02124318826906058,0.002216826217468271,0.12621197373594098,0.016753052322222222,0.0015088021222222196,0.049760792848049,0.011514652312556863,0.11053454369978384,0.0441071228883248,0.04144749070210341
576,0.09040808622113784,0.008302087576723648,0.34955817753890256,0.05870152888888889,0.017013680833333544,0.04559440072367687,0.014096352692787046,0.33882680448366154,0.06007448222222219,0.03753823638888887,0.060437431920209776,0.012308376142705173,0.3287357413714054,0.031263838333333356,0.028618062777777675,0.5536728143070794,0.1412533361950664,0.3865621924645318,0.2705088111111111,0.2839264777777779,0.026501236551222874,0.0035659614696622204,0.28301448292921483,0.02863050307222222,0.02304965756944444,0.06796855445357496,0.031417107974650665,0.36098127109750194,0.0652942049617591,0.054249994679053004
577,0.09157289867349112,0.02557337968054629,0.6173519889173288,0.13564678,0.09932283666666675,0.0458447982249256,0.015950052901626537,0.6960946481035618,0.053400052142857146,0.018638714583333327,0.07248739545457412,0.02363089061712687,0.6276649613409855,0.09618910214285714,0.06188184000000008,0.7893732303156357,0.21863802269430976,0.38945165831367606,0.8468750461904762,0.6009110050000008,0.022805610346474586,0.006115275615902898,0.8504276322119172,0.03891178327619047,0.037451320474999994,0.06641025587363764,0.023080998879260912,0.2276386652086077,0.051304675700573635,0.03699209448821916
578,0.06794772775168477,0.00953514252583216,0.11553470318501666,0.0759595685714286,0.04091849416666671,0.045533028353049586,0.018598751095263488,0.40208851727994904,0.05095846666666665,0.021735225416666615,0.051150609964690695,0.011943397278888327,0.1889592952571014,0.053279062380952355,0.04272795500000015,0.4735576974810654,0.09848771446771597,0.14692804443754953,0.5332241380952382,0.5444503041666664,0.03352246485808113,0.01817809723987998,4.589606342475668,0.011202610172809524,0.006577140210375001,0.063084009477093,0.017829134222961153,0.11091980338092164,0.06509768823819004,0.03456679881353408
579,0.04534497972287487,0.0026172311036116737,0.08850555402344591,0.057517318571428624,0.01819919041666651,0.03260530885965772,0.016833725688742095,0.5351682848086484,0.03821934666666669,0.017275662083333365,0.03915803113370245,0.002952079758642504,0.06223627967395312,0.03185620523809526,0.002112603333333296,0.46642008480283104,0.052473971741549885,0.08223910916936204,0.3964526095238094,0.06463741666666634,0.01976227288935478,0.006248113365293926,0.3275396234068901,0.02080708658095238,0.004746676833333333,0.04970562309480597,0.027977884902416057,0.24253494055533922,0.03359976806488233,0.022439858023601822
580,0.08422885779516297,0.03282589072666989,0.4540085818215691,0.055005697619047625,0.0025351645833332492,0.03107465879670406,0.010293917373653953,0.20373636045068622,0.021283098571428564,0.009844467083333336,0.05862516963146964,0.019513583092884965,0.3493953429433203,0.030602482380952385,0.0031238566666667023,0.4140126803410076,0.1320433958169074,0.23963891456389175,0.2680525142857144,0.05796401666666684,0.02524367404664039,0.004407782516826516,0.23177405184505634,0.029551768485714284,0.012009444366666663,0.06181730795691126,0.02718734983004412,0.2040638934198706,0.04505027848421999,0.009020003568690815
581,0.07873832934555493,0.023620384339124847,0.9363873616462758,0.07040542416666662,0.030559179305555517,0.04098211269189445,0.013139315405121947,0.5378683659363993,0.061355294999999976,0.0256866461111111,0.05758244794956726,0.018431308428350893,0.4952281078834174,0.051080969444444436,0.03017973000000007,0.5044351378305364,0.17097112195947922,0.35003047542927784,0.40686794444444446,0.3056260777777777,0.016662464464329434,0.004335624602626556,0.24726313261342897,0.009431636394444443,0.009426838408333334,0.0748264860632858,0.037755293981426775,0.5397078075293186,0.07411960154133083,0.051837179096621666
582,0.05454084033800844,0.006498550466841265,0.1453693261280774,0.11175382952380945,0.06750372958333317,0.03926458505326464,0.011870717345288932,0.25412820192989105,0.023661828571428574,0.01601260333333332,0.04150428746391651,0.0074002467486304685,0.1728796688199099,0.0715465576190477,0.05478867041666691,0.5624913198457621,0.047347011881624254,0.07513786406677458,0.7360358428571429,0.5321134333333335,0.0175064177275234,0.00395349575390465,1.5517167090399488,0.03021369713726849,0.012913635484780143,0.0513946400656021,0.008749511973604308,0.15339705339801205,0.04132552743655834,0.013492930634909084
583,0.060641612976691066,0.007878851816352662,0.1480262864038933,0.025230939444444378,0.009041691388888884,0.02594617437629672,0.005296268521456625,0.2001631266626052,0.02538559666666666,0.005819602222222164,0.04579412018011605,0.011380331791717364,0.23045130526187552,0.01895834444444444,0.004765323888888839,0.4348829340689259,0.11037760106158163,0.16649356277909735,0.18726637777777788,0.024679861111110757,0.021747063585479297,0.006995608483062901,0.39983776489037526,0.02188462621833334,0.0035695592893055534,0.0628218726076454,0.029984520259052204,0.4094425085900846,0.06242132729818086,0.02987694204301472
584,0.04952028196038446,0.02150971683139296,0.860830339433354,0.04109378976190476,0.001617032083333303,0.040998244025939726,0.022113354149580468,2.5948937946476662,0.02947309190476189,0.006305803333333304,0.03533210764672077,0.010268582580588582,1.4313234319432595,0.028779387619047653,0.006375277499999998,0.366380462851788,0.10668587625501165,1.1354304838771299,0.31114598333333326,0.06487604583333395,0.024360850227487654,0.010204035041797892,2.388018148985496,0.01915180172380952,0.002278944283333334,0.06801658505269946,0.050940742082310524,2.6278591944769203,0.04241342168588845,0.005762721160780138
585,0.052209262139864314,0.037025730547563515,0.563183950444563,0.08108447047619048,0.06879077083333329,0.040082737251561744,0.02242407447208295,0.3432029172432232,0.08459910323809525,0.04629072283333335,0.03940411671754749,0.029836359871580214,0.46944930025962467,0.06533320380952382,0.04879275999999999,0.4125532926795979,0.3097171399557795,0.3820063780237638,0.5397135523809523,0.3870855333333334,0.015633426156754577,0.0006309714861406104,0.0367490115768936,0.017130843395238095,0.002323506650000002,0.05830232421410045,0.03197884614192703,0.25265603866559666,0.10272657914762627,0.050696691238357405
586,0.08475735093690422,0.028527892426885238,0.5685945903005166,0.07520937047619046,0.03798437583333325,0.03624454926071053,0.009790272725017167,0.15255849974053332,0.03350907047619048,0.021749607916666663,0.0608080066812877,0.026337254967593742,0.4654704298442912,0.06277572523809527,0.055299372500000055,0.5012943732704562,0.2051171502368093,0.3216646318596934,0.629443285714286,0.5248100291666673,0.02746510447497462,0.004688706712812355,0.2051529003874018,0.016551209476190477,0.001415569008333336,0.07789139578821665,0.0431262399871865,0.3419013282737551,0.09071041002494375,0.08573814552099002
587,0.07099459181498936,0.058882019173017754,0.46650467868888107,0.17842488888888894,0.11920286722222229,0.04622956760051456,0.028898440941923953,0.24148829148529238,0.1156974697,0.06141090546944443,0.04884309114956675,0.04405002362773057,0.3874579848375848,0.11332385333333334,0.08726058805555548,0.31469224066530177,0.2552256292683478,0.31544521313501345,0.5445588444444445,0.4449293774999997,0.034576163990457424,0.009499064815260002,0.1788826936728289,0.052759594333333326,0.021428384749999994,0.06195659085391738,0.04925002860141169,0.350057370835226,0.12400804844744225,0.11400323108673327
588,0.07083189721947075,0.026662198368884414,0.7187450144425129,0.04687242388888888,0.003729811944444439,0.04954550492455337,0.027350101115161157,0.7018964735006548,0.047369756111111126,0.03214079083333332,0.05320791108384749,0.023923111820033156,0.3661677481624334,0.029609707222222226,0.003384422777777729,0.5452629387290245,0.21870409082715292,0.3922607962748829,0.1936337499999999,0.012736166666666104,0.03536357482386306,0.01123139891798078,0.45719912982253114,0.023707839461111112,0.011913698541666665,1.098841945086385,0.8302203450941009,0.9911243408281111,0.06962853772045112,0.05916580971560692
589,0.06042293677516191,0.023774529958637117,0.3486943920077725,0.07872907888888882,0.006086538888888882,0.03199383564208931,0.002081156307186982,0.04088034702961939,0.0616821211111111,0.008346273888888894,0.04307163617740017,0.013002238202108465,0.17477829589029992,0.06936154777777777,0.004045298333333336,0.3496131725899542,0.07906155012908525,0.10429891940105873,0.47422426666666667,0.01921596527777747,0.01801178423442763,0.0011585596803488883,0.05321127636184072,0.018757716999999997,0.003759891794444449,0.057572329595706705,0.008629481208617684,0.07879402603746996,0.088229225342354,0.011856055374011853
590,0.11843508663163138,0.05838171571476435,0.6366924697834733,0.0840840016666667,0.05440956583333323,0.04403836317591786,0.025919491338503964,0.5201382343137395,0.010845872619047625,0.008474351250000012,0.08692381508688007,0.049610065470253165,0.9610216732870583,0.06766773428571429,0.040034015000000145,0.6148230517177881,0.37097351417165475,0.6813648384623995,0.5564315380952382,0.4252738041666668,0.03710799751308593,0.016286922058773145,1.018409930461555,0.050679080742857145,0.03682962498333333,0.06993633775807284,0.012190980319992642,0.07918887666356608,0.03635618383388871,0.0024331104971727635
591,0.05297003631279026,0.01968699055280505,0.41994082400843685,0.07051363428571433,0.017952333333333348,0.029908807838761403,0.0011820662727834604,0.031468858757469784,0.04898259142857143,0.006333190000000044,0.04065593745234959,0.019975488877658685,0.34223019178174807,0.058966210000000005,0.03489002749999992,0.38473087415971824,0.18478955947181144,0.28889217002868595,0.4564248571428573,0.32870803333333365,0.01585004394872978,0.0027327849530403426,0.11446375163492728,0.0070082577333333345,0.00103086291666667,0.06156315244072925,0.019960066320292503,0.19744226979481727,0.08367466489646812,0.02744259053856113
592,0.08254337040964772,0.0019047626611824737,0.06723137302412503,0.08584995095238093,0.01980738416666661,0.03148784073834357,0.005381953414722376,0.13700761717587212,0.02062409619047618,0.002184249583333353,0.06326235319253319,0.002911666100773415,0.08663959418948575,0.04685960047619051,0.01959847749999999,0.5190281566385823,0.10005500299527258,0.4731981322411063,0.2710904190476189,0.12437622500000023,0.03421791303981212,0.007196855390221543,0.9862910485163233,0.026724115523809527,0.0006319560133333339,0.2575079037854937,0.18387541161103882,1.4753847348245661,0.018367673762957108,4.202433350730672e-05
593,0.04349570497311589,0.011056332989770674,0.21410246642507116,0.053006413333333335,0.004331773611110923,0.03371566140807663,0.010882803283419567,0.3018821516976225,0.060121096000000006,0.03780898605555558,0.03185780686573532,0.0037118871073123397,0.08193705887800552,0.04222440388888891,0.011349723055555427,0.28139410407460497,0.12015422222017572,0.27742871973703576,0.27861068333333333,0.15195574305555581,0.017881422753194313,0.0028016383822184084,0.1955601234576653,0.013225514707777776,0.006110758387777778,0.05186421788970242,0.019995150084518618,0.4325400099313818,0.08590132709774206,0.04531927034481076
594,0.0995534421410348,0.05621668415877307,1.5150924912895412,0.16155714238095237,0.16026905791666668,0.05571632254756765,0.01774510173594808,0.5730131872521708,0.0579518979047619,0.032182633166666696,0.07739569160459538,0.03864945868992253,1.2233115591959607,0.09394856676190473,0.09087244091666669,0.7829924749689682,0.403157771901822,1.3984934707274346,0.793631859047619,0.8263597850000002,0.029932178767123882,0.00594609550437979,3.1558341660823888,0.04378067534285714,0.015835054391666662,0.09231473368509328,0.07390217882737567,1.0332544849466176,0.12210389442590715,0.11584207694317561
595,0.11224507432734028,0.052690312185711484,3.085900534472995,0.07562612000000003,0.0005973650000000719,0.03719689488614995,0.01563442181513419,0.5629705024659681,0.02078678738095238,0.013442856666666642,0.07867700292309976,0.03872700605171324,2.2124725450048746,0.04297805904761899,0.00893004083333332,0.5441109096071636,0.29161963716511924,1.1466985884090573,0.31781307238095263,0.010802300833333334,0.03206034336018901,0.013620254858370448,1.9521247903580512,0.040676711676190476,0.03670885685,0.08456123068752203,0.04543707879417611,0.4558389744687419,0.08351583091268304,0.03963776352639292
596,0.0589715137012309,0.02812262019533976,0.339757434925117,0.09370168476190477,0.05200020333333333,0.03711120845829285,0.019116400454262574,0.20210319075875355,0.05477789961904761,0.027710122999999975,0.043805030908242754,0.02421721312291195,0.2740251107513998,0.06850807619047619,0.045055524166666694,0.43787169709421986,0.21544922620734377,0.19657862618421798,0.4921925714285713,0.3315478416666666,0.020620268095408244,0.002855214776342429,0.14560230599919238,0.019591048295238094,0.014922839816666667,0.05770285484940086,0.02773980435698672,0.1795773361006939,0.08047527121919829,0.08864650512439298
597,0.10083368110034154,0.018412851299122512,0.3992792201041136,0.06228067285714286,0.05586012583333333,0.04198164458728812,0.020132936962398245,0.6054922875219167,0.03151146571428572,0.005172840833333303,0.07304925099826902,0.02070704496503252,1.3953596693690218,0.03777777523809521,0.018180219166666567,0.5020265544566335,0.22239071096754728,0.8194179410441192,0.15132771666666686,0.051858279166666854,0.02009121340808188,0.005460538319284234,0.6719876198602674,0.023092930042857143,0.013277893075,0.06654300504908776,0.022179350163245806,0.203699323682256,0.053203710702466,0.019378885456455386
598,0.05244825877959928,0.015359865147584983,0.4195821143313291,0.04691755761904765,0.011975680000000044,0.030829553504386664,0.004474646269573608,0.13289485087835443,0.028767625476190457,0.03578421208333332,0.03941171151036461,0.014324460609300902,0.27053173407633013,0.02300170404761908,0.01713920875000008,0.4617728694034206,0.15636212272294037,0.24180643444291644,0.17917338571428587,0.11225801666666646,0.018182266049358617,0.004696406632116406,0.4497877735647125,0.02892785485238095,0.021842255833333334,0.0654807972257276,0.03525513704490672,0.31864737945965127,0.05145708437637664,0.023399400078472188
599,0.03824004953184082,0.030583699260580726,0.9682065126691882,0.02932117952380951,0.026895775833333246,0.04727791080751647,0.04420787118878099,1.170184339347354,0.03570837666666667,0.01838367250000003,0.04044706125810218,0.04112172941002903,0.8462295300038011,0.04050717833333333,0.04211695124999992,0.5963400933338305,0.6565865352927452,0.8268879306052038,0.526802707142857,0.5008501624999999,0.019896097092158407,0.008575436050424948,0.6978368537455718,0.023840155097619047,0.016322960704166663,0.06858017033876458,0.0556989090416765,0.4999849802262533,0.06614543489060122,0.04801146178918514
600,0.05472736816455379,0.009555937669005471,0.3079310563489032,0.06497428476190477,0.03201636249999995,0.03720107369563528,0.004344548320285916,0.24277872909244116,0.05152139671428573,0.022408221333333367,0.044325608628429235,0.0034433506140171973,0.14720825207458543,0.04797819761904761,0.026958599166666652,0.34336911635182976,0.06083003002773626,0.24891391468530588,0.306773057142857,0.07288071666666651,0.03509816478005725,0.009396954995541709,1.4817599678600444,0.052684724761904764,0.014195008833333328,0.053640983097623156,0.0222416739626079,0.2907001245739944,0.061248016331510065,0.06668203090001984
601,0.12530690931595456,0.068538861106285,0.8328132118960822,0.12541356928571426,0.09977202874999991,0.04802147168373184,0.03156545019004709,0.6803156292218379,0.033543017619047634,0.04007770500000002,0.0869087003905026,0.054539155558131464,1.3840983381881178,0.07519558071428574,0.04976647125,0.6651895717883751,0.4565918170283377,1.0976456695700423,0.3287876500000001,0.23517820416666702,0.038122111597077714,0.013313578522226548,0.5789900603451638,0.042090979590476196,0.014456426516666667,0.065098010873114,0.015029265452874134,0.1492680499734446,0.02773312347334455,0.0300214849451369
602,0.1291469602505382,0.04123470116318191,0.28914303524974494,0.1041389347222222,0.02939663347222221,0.13772887196794806,0.04750850683552109,0.37064033779996775,0.14871676111111112,0.09700084356944444,0.08296258980277986,0.02855663233292411,0.3364191844750468,0.07191245249999997,0.03110609819444443,0.5136710927912976,0.16709947101784126,0.28590482323670563,0.3764350072222222,0.1791642683333332,0.05564686522009673,0.013468441482160413,0.36244866740133636,0.04822052958333333,0.019109572430555548,0.1286604800816582,0.04337680656105511,0.23307562432821707,0.20505955461166625,0.12834059820420407
603,0.07141988618286392,0.024541077125435667,1.4360816787508988,0.12225084666666672,0.05526034999999996,0.031153231704325768,0.01724531729611699,0.6057784602241988,0.06616821285714285,0.032045780000000024,0.05110346145949779,0.022873487016698918,0.7780935537291382,0.07672234285714283,0.036686768333333286,0.43418899600317257,0.22350791312343493,0.6095826638828145,0.48817383333333336,0.3292917083333333,0.01594746162523003,0.0028848732288662463,0.20008788207801118,0.014793137523809523,0.010484663008333332,0.04587063547604014,0.021128372433019717,0.3270737668589913,0.055429711604143055,0.05456430365866616
604,0.09147077230109668,0.05150856857899595,0.939444664996693,0.11157397833333337,0.10238197555555573,0.050060832189544574,0.011987703787331239,0.1376890150341683,0.08227782855555558,0.01839662297222222,0.06729254505362196,0.040647912573978574,0.5945219526823685,0.07979918444444446,0.07867321361111124,0.5948124181623741,0.3396581776707106,0.39443208741234703,0.5355133138888887,0.5118881847222219,0.032707749782295265,0.009968773746721251,0.2894518914135091,0.02872964509444444,0.031047186097222217,0.08370011050798203,0.008737545981160704,0.054486672837072064,0.11403116774537447,0.0346302105836388
605,0.08989236524796711,0.026654805046762257,0.2220232662258642,0.10012247,0.04287021166666671,0.051527331921551976,0.022083384366688014,0.1822809386790987,0.08952864863333333,0.02384997875277777,0.06530088574634244,0.01925221505956861,0.2044892669708677,0.06812554499999997,0.026091300833333275,0.3401368240922822,0.11399803713435053,0.17342260993471836,0.3489907516666666,0.11867766194444451,0.025711194186896467,0.00461946517553341,0.13671010352172588,0.028123467583333336,0.005002639499999996,0.07236499185067706,0.019848713677606846,0.13037282956412616,0.07731904523626172,0.018873309642432
606,0.06873734578541087,0.017068879056956723,0.2599994069686658,0.0988789666666666,0.051070315833333435,0.03364493991292742,0.005260376725450576,0.11055209029133269,0.05481537438095236,0.004044086333333308,0.04731967241574939,0.013606505457516741,0.19404623024338194,0.06331454095238095,0.022471881666666638,0.3723839110539682,0.12154695921025674,0.16140018851769786,0.4459425142857141,0.1456453666666666,0.021878844266163582,0.004948803974275102,0.19511223283122983,0.03203050553333333,0.024855387,0.057969976553228615,0.015796285926610674,0.11194107054801652,0.07432678001522643,0.02571293657463214
607,0.09794020177996021,0.03220968393427825,0.7314046746341955,0.05344522333333331,0.0012549541666666553,0.05226784452865543,0.01868826710688412,0.43103757845623986,0.04085205555555555,0.01915687111111114,0.07521885206889299,0.02831455194073008,0.6462209066400072,0.03361289944444446,0.0016496675000000627,0.711539410540864,0.24231258673147646,0.47510510851751525,0.3592671222222221,0.00944730555555573,0.02570914354317716,0.0007124082345495664,0.03925118000387559,0.019395646900000004,0.01211438346388889,0.08819326594706141,0.015557724935223522,0.11212865966568604,0.04730075072188893,0.0035993707622306026
608,0.08352467488747926,0.01961749824496722,0.28659072469975966,0.06876067142857145,0.017973424999999987,0.03377013671693161,0.006827923495881696,0.16106664699696494,0.019417024285714284,0.00963561458333334,0.05957434893815447,0.017398450863766804,0.271270526809655,0.057279425238095226,0.03150311916666659,0.5411253302324525,0.18901284714366176,0.23283453420618538,0.5914075761904761,0.43721329583333324,0.019431662977531766,0.002120369220004052,0.15606280519173116,0.017887732847619048,0.0005609668666666685,0.06415956429301321,0.024417157567251765,0.19706879600576285,0.09518374868053012,0.08147503702070069
609,0.05979058053871547,0.035514331665234884,0.8475538119640071,0.09759525111111107,0.0757579258333334,0.02486157478563301,0.014967239514101118,0.3975485525079904,0.05247602044444446,0.023178734916666666,0.04149863582222926,0.026233337838390276,0.5715474093017846,0.05519351000000001,0.04806745999999995,0.3913297828704217,0.210736998797609,0.356537777154806,0.42128848888888876,0.3565940638888887,0.021563900563163055,0.0036489318839588547,0.27874419902430053,0.023636591902222222,0.011128953307777778,0.05959543882925142,0.03490838507280659,0.41429329661699305,0.0696931054725749,0.05473033779167902
610,0.08493031919635102,0.009181977720964267,0.15186417490407972,0.11897297666666663,0.039683309722222226,0.04401737940586379,0.013685794586589767,1.516265643133516,0.04166968833333332,0.017978093055555533,0.05957326277407753,0.009068148008319942,0.30226343727367105,0.08793065944444445,0.038876309444444423,0.4486061217629635,0.061571193207633775,0.302225527978187,0.6862048722222222,0.3659841388888889,0.02071533075735191,0.01015175487392154,0.6652380895151193,0.025223861355555557,0.02110501869722222,0.07751035371929932,0.014549540421698906,0.16482546262990638,0.10589135901497555,0.03454698605138651
611,0.1126862857484553,0.032243651723721754,0.7340868645711967,0.04349532857142851,0.036260023333333335,0.05912819449059855,0.022650260012992814,0.40555890077460693,0.029274442380952375,0.021688406666666715,0.08217201046197366,0.02437502664111023,1.5375069842848401,0.029060930000000002,0.023451912499999894,0.6339930920560646,0.23753910337783393,0.9830896080038155,0.19703343809523804,0.17421637499999987,0.02361270048159642,0.008276774708852233,1.1772973515913028,0.03398093360952381,0.01291794894166667,0.09704136145547144,0.053944415814906534,0.6769672085087519,0.06433155991185446,0.03810013385880251
612,0.07975275177101455,0.017512744195637732,0.2901447306349531,0.0773601757142857,0.03520538499999992,0.03489735574313211,0.006940406791871694,0.2135139334026836,0.049871108095238106,0.022910778333333326,0.06296013380981678,0.012482331007862562,0.17757687858858504,0.06105088904761903,0.027959995000000015,0.643077551330257,0.08353863244316226,0.09901071643173627,0.35489229238095243,0.012340580833333004,0.03174248172831954,0.006839607926725918,0.28541800545459195,0.051101104638095245,0.037213787600000006,0.07471737661092206,0.019531815602805418,0.3938228550298576,0.09621556462087204,0.020934668463020834
613,0.1333400248096757,0.01950819005913875,0.3051488035771769,0.30390346249999994,0.08053264083333345,0.04374068334103545,0.012800361326072398,0.43516339176443175,0.04537447166666666,0.015888354999999965,0.09281301203627054,0.011515932859903873,0.22218930878571527,0.23258075999999997,0.05176460666666671,0.6992731030824589,0.2165163130894716,0.5186192197384069,1.3765700966666667,0.17803856166666687,0.030925175478200916,0.003227004790931587,0.1975338860639933,0.06239100837222222,0.029357947825,0.10281245605383366,0.03987305991684164,2.7644388151027837,0.11689261820444569,0.026164745531141564
614,0.06231350786691894,0.010241804859151495,2.5519207041301026,0.03580599023809526,0.022485877916666674,0.024894781414950728,0.007917851098187115,0.3729284283079066,0.009836467619047606,0.002584588333333304,0.0526838739462444,0.016127414316622925,0.600404038663163,0.031974669047619045,0.00415216499999993,0.4907873082924692,0.1831872774969272,0.4953877165438988,0.4327649666666667,0.16144907500000016,0.019263118497510973,0.0013571201685900983,0.2468435335547726,0.015036261720749951,0.004528065356843794,0.03874248866767548,0.024124083753304167,0.2720218200042624,0.014474155865351343,0.007427565464186103
615,0.09806249582968389,0.05440762840396977,0.40564899904068763,0.18136996714285708,0.12627840749999997,0.05787365606838868,0.02658806587306282,0.17645029452313712,0.1362111979047619,0.09077991808333333,0.06949897244120572,0.042287146541857994,0.32524882803952365,0.13796850523809523,0.10930959999999995,0.5142344537519095,0.31714607079959367,0.31053472588652414,0.840389396190476,0.7627074308333333,0.04035744398344585,0.01183356994767018,0.18204625880931372,0.08791841742857143,0.04743022733333333,0.08453971085126759,0.04088635305324773,0.2054006265302245,0.16476884889298532,0.044911550579870285
616,0.07618974999636258,0.017146886156096858,0.5185353768491829,0.08848653444444438,0.01072708444444459,0.030249950681311907,0.0021427915782170717,0.05653930890749522,0.015504663055555557,0.002011912638888863,0.0538467025268998,0.015866622289760508,0.5368412644819054,0.06082959888888889,0.021748761111111126,0.4792018352204337,0.12266468873762568,0.34279256586316514,0.4818791444444445,0.14198862499999976,0.027585777266044952,0.007117543641917324,0.7781680056883017,0.04114852303,0.03331070389666667,0.05939589790676849,0.019182893051638516,0.6181321711234061,0.07306005109663405,0.028516676945790187
617,0.08712071024806058,0.024600305059476652,0.5073234181666463,0.09956215333333339,0.05559000041666684,0.038622185611097495,0.015626381634890846,0.5498061021434846,0.051466449047619045,0.0013415254166666557,0.06228105271466702,0.021684975250095304,0.42975758366692984,0.06619458285714286,0.0426817795833333,0.4624720262519995,0.17656768639123244,0.3755271614691228,0.44713706190476205,0.34495673750000044,0.026239653441351107,0.007596172643968113,2.654094953264351,0.03111290811904762,0.015719101290000002,0.05959808086389303,0.022577439997919727,0.2417242614766564,0.05802718558156107,0.043057174553880695
618,0.12151169972736774,0.02818466942841811,0.3982813827794784,0.08972739619047625,0.07500515083333337,0.043877096094780375,0.013493718043754765,0.4094170202875909,0.03738059190476191,0.04724134583333339,0.09266852842882578,0.025526752465562366,0.6881388971917848,0.05563805047619048,0.04242617916666658,0.7994952649693222,0.2850148973966109,1.119018126890857,0.3655656333333333,0.1944036416666668,0.02994751657176267,0.008094819229215558,0.615014429628995,0.03786759856666666,0.0086305772,0.0863253495675671,0.04135440572803757,0.3068348945101669,0.05047594748421116,0.0641349075752018
619,0.05979893575237591,0.024152363593743974,0.32065555618663516,0.05236813238095239,0.011095073749999962,0.05017205301531713,0.029273858253840036,0.6393167961662308,0.05743698095238094,0.0003985016666666341,0.04959047289684627,0.016404963377894096,0.29113314342451,0.03717606714285711,0.0076475270833333275,0.3657640690298905,0.1228941849934274,0.25351420079655645,0.26263133809523825,0.0077905400000000125,0.02451111605863812,0.005911450818290887,0.5967982088790588,0.027963250705714284,0.001232908342499995,0.06692655122985286,0.03960102973609503,0.39786104060507915,0.057246409123019475,0.03581898012325285
620,0.08087481230135155,0.025477646721006764,0.22338221297785696,0.12675583499999998,0.012973804166666603,0.05194675858812281,0.021361896922991244,0.20518986560580113,0.09827214746666668,0.010946893877777794,0.05562387126288786,0.0189670938188579,0.20053270075923854,0.09148084333333334,0.007246431944444409,0.38129337133820035,0.1915138941552232,0.2665268115929833,0.5605746955555556,0.08914826277777776,0.030585336877335532,0.008981397366337454,0.17018989474600213,0.03127066417222223,0.004628788258333336,0.08498006145283943,0.004659016971037015,0.02252589070605189,0.08484395422842905,0.00954075475701266
621,0.16527230237887436,0.10408402230565036,0.9366354579790108,0.19978699571428574,0.06313970000000002,0.1207066375448541,0.07679359826783275,0.6791642389996372,0.17455508733333333,0.09531469716666666,0.12847515867758186,0.09339568220857163,1.1499353329955033,0.15509287,0.08732169624999997,0.805783604826198,0.5076916815786072,0.7469021420762813,0.8328739076190476,0.5388218233333331,0.06781658294955088,0.03345592464722174,0.6564879906028797,0.12244667802857144,0.021121853566666696,0.12653745552260456,0.07911966466436342,0.5632077820962147,0.18637274511683488,0.09039941841931054
622,0.1256319009029754,0.008435454396889645,0.1145649487158836,0.030754915238095242,0.003016894166666506,0.03833295416317586,0.00567014223450212,0.12821460470812657,0.011129517380952374,0.004528006249999994,0.09137730160273012,0.004825123289624154,0.09145779374215855,0.025812729047619047,0.003598339166666631,0.6114724534680018,0.06505923098605873,0.13543694096125075,0.26346681904761915,0.07379310000000006,0.025053235898563782,0.006196076608192979,1.3888373239328569,0.017157203127619047,0.00022394389499999848,0.1098135133030847,0.025124644365662398,0.21345249636361832,0.019837692523619967,0.017355884873409666
623,0.0893680981813248,0.008290747920573677,0.19181053171174492,0.06582103571428569,0.019796420416666627,0.05862059561155084,0.015025957665404587,0.40052271789573424,0.06939310952380952,0.03629133500000001,0.06835407217817256,0.0046117608802808295,0.11967479465518209,0.045131635714285724,0.01834427500000002,0.566194704494685,0.06426931641767032,0.14751166343962033,0.3257646333333334,0.14750679166666636,0.0273997461997335,0.008968325402526576,1.0046640314699287,0.026904713961904764,0.021843593879166668,0.09076062870037248,0.02470265281234592,0.20264448399096824,0.11343795635468146,0.07366657974553292
624,0.04771636901664177,0.009587802845369756,0.23586807757957942,0.026594792222222236,0.0016794716666665988,0.04435934068011493,0.018511125471591245,0.3276337961002069,0.04629227818888889,0.03254448633611111,0.03580186832411996,0.010391166781568383,0.2840559801737746,0.03930252944444445,0.008488064999999989,0.1682822039253835,0.04005368570939268,0.16214943141318025,0.12768701500000004,0.06528459833333344,0.04111142715403521,0.0025071864267999424,0.06314985260056574,0.05231827338888889,0.017439163472222227,0.055916217232581424,0.014264096078537524,0.14896494665507806,0.05984552182534614,0.005817447794706387
625,0.07339196331992423,0.03405815033624247,0.4614674341750114,0.11778851857142858,0.06820949750000005,0.036474983691148495,0.01979156586810783,0.3770184507249175,0.07013189266666667,0.0408247581666667,0.052768804059883684,0.028857603117734686,0.3238595919198141,0.08386753571428567,0.05299247999999995,0.41596070013129155,0.25112533090585987,0.31310482116531607,0.5573962904761904,0.4117589291666668,0.020314564026179094,0.014309393691047579,0.6190672070098608,0.03015031085714286,0.027213010058333327,0.09300224984062462,0.03920616046573836,0.27601485214356913,0.13804770922959983,0.12374268353571949
626,0.06529090944057302,0.042342323182871254,1.0680595397030626,0.08416644166666676,0.07750148111111121,0.041146693526720284,0.0192568689766935,0.3637583658006252,0.0600493283333333,0.02835230111111109,0.046753037477069326,0.03612003155729042,0.6004229323618646,0.06802965388888886,0.060693994999999945,0.48039521552664727,0.39401500516753124,0.5047295474098494,0.6133885388888889,0.5446669111111113,0.02054953815105298,0.004468063360261692,0.22190436013424036,0.007125838375,0.0080589084125,0.07478968942930365,0.044559402395950395,0.38946862735018595,0.12935733829834592,0.08040846870804808
627,0.07024635064550325,0.00872604304719981,0.19124862838095388,0.029009800000000023,0.01667954124999982,0.034672005499881496,0.003351171308818948,0.15874362134024125,0.013482432619047616,0.001309474166666602,0.05504229483460129,0.01028253319979998,0.11734029252406694,0.011640642380952384,0.008705677500000175,0.7456840406610469,0.23408733210749394,0.23548502184774991,0.1253266714285713,0.03165767083333337,0.03376642189758429,0.011221785447500033,1.392344963547202,0.03368969599999999,0.039910798312499995,0.07865587043422938,0.028913446395400614,0.21799263108128214,0.060691189567833814,0.074605586450737
628,0.07197100589016373,0.03606488979778851,0.7130529273696911,0.10876317904761909,0.08616718499999998,0.030995063692147787,0.012101541688360591,0.6338318319238014,0.03982838219047618,0.02767759108333334,0.05643302173212408,0.03177821175666338,0.8387746625007082,0.08417528847619046,0.07916858366666668,0.45307291011409245,0.26831823604636185,0.6394218152801142,0.5365759114285715,0.5150110266666665,0.02194037373005485,0.00805580958579314,1.6029476603962423,0.03148453488571429,0.0005808356083333351,0.05932364466803847,0.037362852061003295,0.41507177205704665,0.07965464960528719,0.06444171219815753
629,0.06707512744749723,0.02068303377153237,0.20260973753517367,0.11252653333333328,0.09542179291666653,0.04303330685004861,0.012952919995259557,0.15488545990424343,0.06717263038095236,0.04379788366666665,0.04717805964094992,0.021740184736703735,0.22198201594975878,0.08174906523809523,0.07875999500000008,0.3836293653631568,0.1884887792741468,0.19956260894541097,0.49520331523809535,0.5146851433333335,0.0267357549646695,0.007449191391296294,0.1608174170406918,0.017084803090476185,0.0058282097583333276,0.07284467978084803,0.015625723173147105,0.10502497041238906,0.10614012183776719,0.0867574121999406
630,0.11077162810344247,0.02812196762074848,0.5484784261901539,0.06925569476190475,0.01646128875000008,0.04356757055927948,0.02462706095971203,0.8599745764066271,0.02265897785714285,0.00032700374999999893,0.07573975515915944,0.024626589671501723,0.5371940888572266,0.03686551000000001,0.0036079808333332464,0.5654196480500392,0.21977288403332737,0.45291259042686605,0.2945091976190476,0.04504673333333331,0.03541370435382885,0.008054567780072094,1.052850719837462,0.029379117885714283,0.0025592346416666717,0.07179548213159721,0.0409574714200132,0.5483761332561696,0.07826886488049771,0.009605845001555924
631,0.08120678871144558,0.030383345719460747,1.2300282674155751,0.10302049095238094,0.066957775,0.031822979359383795,0.005547543735845961,0.5156665043364513,0.036914009047619045,0.00016130916666667883,0.05767622540707834,0.029106612436690785,1.0516590102511336,0.08138280714285714,0.06954248000000007,0.5391424825344662,0.28060357651804235,0.7974129822248334,0.6267574761904761,0.6315125958333332,0.03569043579361076,0.005490085492393677,0.6229038624416305,0.020246355055523805,0.0037252167452500005,0.06703962161026966,0.021050583135135196,0.1539144846197889,0.06914305820490185,0.05853732523663857
632,0.08168989488331126,0.008083092112350839,0.20185443868213165,0.09485241761904772,0.0073159854166668925,0.036547393665312795,0.004552491272895713,0.20556239529081013,0.05375355428571431,0.02538070083333327,0.057555869637739586,0.01089142301013919,0.3447498441891648,0.052986517142857105,0.01504071166666665,0.5268764470243926,0.11109076516220594,0.2911405186853887,0.4896198047619046,0.22911942499999993,0.021704676924480807,0.0032588719790639445,0.19426954609265817,0.02386877811809524,0.008140766486666666,0.054616422014404475,0.01851946471769124,0.42942956810090666,0.07517248259498868,0.07972375914588903
633,0.10550709146662575,0.029026848977809022,1.5022079737894338,0.0973692480952381,0.1034939579166666,0.05000142372849398,0.011699802628650563,0.9118285250253084,0.03908088761904761,0.002487732500000034,0.07572489563364225,0.018657122765893437,1.0325891862027279,0.06107746333333331,0.06291971666666663,0.4321691611618681,0.10517261159505896,0.49630049493285144,0.3182658495238095,0.29055566583333303,0.058495410802949316,0.011844549173936472,0.8105154093168994,0.06256703161904761,0.019106793583333337,0.09343385863196231,0.03751001499713789,0.5340429108047253,0.07006994685601615,0.04509785219567297
634,0.08240837955286759,0.013474359203703355,0.40676209234416727,0.03883400857142857,0.013456004999999993,0.04177253713887497,0.013448477582806035,0.5111849231239843,0.01809299904761902,0.015590781666666609,0.059101313375867014,0.007368001327228939,0.3180214491577146,0.03241375761904767,0.003556899999999974,0.5078797281178732,0.06953914808506287,0.18612851685332052,0.29148885952380965,0.07590962499999998,0.027656400486516797,0.0033974309152767293,0.3213052618081492,0.010785869947619047,0.0035837127999999996,0.06444305988850904,0.039068002951057196,0.6756326556231399,0.03674568266645284,0.013080041437524503
635,0.09351450048981824,0.01253130048751381,0.35927021865157716,0.10035236972222218,0.045996671250000065,0.03791468085626185,0.0013757957939157996,0.055067251412707005,0.02055018750000002,0.016943162083333407,0.06262048601503632,0.007302042817287535,0.4361613632539029,0.06556844416666667,0.03265499541666672,0.49141038894373584,0.07954803187072035,0.3470656179672186,0.4381930027777778,0.12755490416666682,0.025411897357910215,0.0021502991812078725,0.3764153696257595,0.04245267345833333,0.0133068193125,0.08206598125146429,0.04030697245294767,0.3972355441511962,0.10812029065339367,0.07686295401987153
636,0.06014977877511198,0.002994068796268015,0.08285334129843515,0.059104058095238124,0.027694615000000034,0.03864286084207955,0.01686255975775925,2.2956737445506583,0.0581775326190476,0.05347944541666666,0.05049523943355688,0.010962038029213793,0.22997303675555136,0.05012605523809523,0.0274630775000001,0.5808998719239084,0.19474404807061105,0.30607642120609607,0.4488462119047619,0.1743501791666664,0.027486578708103438,0.008869972164007875,0.5465771205073755,0.00966666700238095,0.005847907845833333,0.05710327898857213,0.014339151814283772,0.1293148208396675,0.06304783275468898,0.016535647573034162
637,0.07627666182505553,0.02900422551967685,0.37873010252798855,0.06088348388888887,0.0006975002777778183,0.040337921778611695,0.010316346818186299,0.11220573909076531,0.029611193999999997,0.00025863902499999314,0.05598772944754254,0.027224323365714006,0.346592988158682,0.05650720333333333,0.009105804722222166,0.42658731554894097,0.19035537058194218,0.23844651359855593,0.2863990538888888,0.029721680277777995,0.03188024358621912,0.0037985471346757525,0.19238306128100635,0.02863666552222222,0.007430858366833335,0.06745887285241828,0.031812386083529716,0.23005137282184546,0.08997788688996178,0.08085135090104068
638,0.08801646854463835,0.04799674070557378,0.8591658999492539,0.11113235222222222,0.05259266138888885,0.05799040367202795,0.030334139986171644,0.46913752236754747,0.10558367044444444,0.030684292000000002,0.06375368591760512,0.038263808132263995,0.6749524767345391,0.08056312277777776,0.04284681916666666,0.4145920582289324,0.23528417069763555,0.4528920326655958,0.45149786944444453,0.23161699305555583,0.024612961475590917,0.011121756771393237,0.3080532836250478,0.024069931283333332,0.00710418743611111,0.06845812893672211,0.04558662184677553,0.4412604179106718,0.10890505804108143,0.043604637635120125
639,0.11298406169971043,0.04573131061453106,0.2666825361519158,0.17066524111111106,0.014766416944444472,0.08409758442722139,0.00952655497602226,0.05343869198501835,0.1266534648888889,0.013183067638888893,0.08095313015548898,0.02767106124759456,0.19701410551090803,0.11884049222222222,0.005480858888888829,0.5084329391754122,0.16264961930955452,0.17589920569869927,0.632713465,0.07146020527777752,0.05730757281802735,0.0010751647312052315,0.013651286783485601,0.10306929275555554,0.0015194367833333,0.11231422267130194,0.02890448225828021,0.13005256255728279,0.14860888806645023,0.018427104574243514
640,0.06027254035378244,0.023907356928232426,0.264895964509913,0.09927316555555554,0.06478456416666667,0.04620019176039187,0.007401912573449234,0.0718437902732646,0.08022510905555556,0.009235185805555587,0.04497748649372272,0.019254530947347512,0.21036949588885454,0.07667018111111111,0.0512441852777778,0.37625298001001295,0.17470518046966338,0.2067651800778024,0.5610443966666668,0.3319875308333333,0.02070490860416668,0.0052138886066948106,0.1836278242222684,0.027254130627777776,0.008467706874999995,0.057052741038807114,0.01839671174354423,0.11537762349066473,0.08782382060856675,0.03191640563974296
641,0.1085399253858431,0.0261656411584432,0.7951131589354846,0.10472335388888888,0.03286002416666667,0.035942646561665494,0.01090088092959608,0.3436579181963127,0.058280622222222245,0.00026226638888887654,0.07705389873302433,0.025069837022990604,0.8049536760395911,0.07718774777777777,0.011716323611111135,0.5413547054461947,0.22428477618697137,0.44066071231612236,0.45068715555555566,0.12854073888888862,0.03758364036332018,0.006525695553074202,0.22894085225281555,0.038261517966666665,0.023708923700000002,0.0726134339991195,0.024474520502446657,0.16772439733163028,0.10013116929575133,0.004425603568916414
642,0.06613870743541582,0.009901911606089638,0.26045563293909835,0.08443223190476183,0.020162769166666705,0.04328520981310868,0.00878269895966954,0.24348083125065828,0.06769550342857143,0.03496032416666667,0.051283166391343525,0.009962975792367657,0.2037242263758124,0.05780697809523806,0.010332447499999953,0.45704937499904247,0.15083919199154458,0.2577444660884956,0.523772657142857,0.0076629166666668524,0.021200758847985668,0.004832671009776158,0.2503700289595113,0.024227745485714287,0.02459889281416667,0.07110694418738273,0.025906514816930275,0.21917599250504288,0.06916019441198154,0.045326582569452045
643,0.10869151395381381,0.04356410517700553,1.3374275071464488,0.04791438611111113,0.035433560138888875,0.0458126411589514,0.02476516783418368,0.8594249608232014,0.036826802777777785,0.013329129305555548,0.07857584999868854,0.04163259161983655,0.9562316615493343,0.0470758361111111,0.044312809166666633,0.49767048334784886,0.27113301747107355,1.0636308201268292,0.3075533000000001,0.2811324777777777,0.020460774205172897,0.008378321527992678,0.4338554009192067,0.017639736155555554,0.006267642980555552,0.08289725073132549,0.02931526393251162,0.51986923190627,0.08148513891139157,0.0662473236462291
644,0.07829477914000114,0.009580413110292788,0.15348802733915132,0.13703294714285713,0.11877253083333328,0.037717648594329,0.010243686717934415,0.1742221730066153,0.08984641371428573,0.028001000499999984,0.05324241400066468,0.00648276588870099,0.11057964009451872,0.10750751523809522,0.07839142833333335,0.3751591802114691,0.061668855597190764,0.08626495009595116,0.6581216376190477,0.2846070991666665,0.022214883779700986,0.005116669670065059,0.18480081323511505,0.027687242285714283,0.02561078681666667,0.05919837871212232,0.01100275565780759,0.09106921091710567,0.12227389390906628,0.04820591049720058
645,0.0737180911095696,0.03965102948570718,0.6882638252243566,0.13139400333333331,0.1146492708333332,0.05175290937150398,0.027223253890311112,0.5595225103605393,0.07076944619047619,0.02990926916666667,0.04991564237617885,0.03212616774598022,0.6240759015691352,0.08378274714285719,0.0812758108333334,0.324045616321839,0.21012287531808205,0.5867025586207687,0.49651414285714285,0.499673225,0.03144750598933905,0.000569105457084148,0.026788516463927697,0.043339626923809514,0.005511272483333333,0.06659640619839233,0.039371436790566906,0.3659427569869991,0.08939944173488465,0.08985763973733085
646,0.08681868587569254,0.019970478128671056,0.636042984894344,0.06587595238095241,0.0016929666666667398,0.04213012682288502,0.006569188847895531,0.28670253251009453,0.03927819523809523,0.006496339166666643,0.06727676714611844,0.015101510101116983,0.25988645857816156,0.0511819278571428,0.0028268387500000047,0.6583767725753659,0.0676900538525799,0.09294010644467551,0.559943523809524,0.17011802499999984,0.014780603913996541,0.006078032855386777,0.3889760639838711,0.019945238961510726,0.01334419647326145,0.0861859482757158,0.01577607302954342,0.12384215101052358,0.11478940799518297,0.016953098919223142
647,0.07070031761467607,0.016923816943250715,0.17914999656217398,0.0789306494444444,0.024017126111110954,0.0385017236011247,0.008051451161780639,0.12213363302211012,0.05138916955555556,0.011264068555555562,0.05212235975181944,0.0139787273783207,0.13930377100384184,0.05752134722222225,0.029063838611111115,0.4352889563150925,0.1107432414929959,0.10675577519309284,0.35701249444444433,0.15936793333333266,0.025934062196615763,0.00613146501787726,0.3209043323369737,0.020139353911111112,0.0016014973972222203,0.07284027082682087,0.013356689350773252,0.07614223758090077,0.06520715110626847,0.013466665199472705
648,0.11708239625479573,0.054789676367719434,1.109677002650848,0.11528963476190478,0.045345771666666534,0.07414294769351928,0.03132978046733393,0.7936604751523064,0.07953244009523809,0.030520405,0.09526451095659831,0.036270438296987936,0.8128193698679698,0.10192098547619055,0.012141649166666546,0.6974156925614764,0.2579029189672952,0.5002825428426854,0.567405040952381,0.07010839208333297,0.05179586502054703,0.01307180545319193,0.44817492759500116,0.053357721319047625,0.007490033633333327,0.11096502444449201,0.03544609747965047,0.27419440487762414,0.10617659616328148,0.010414817446444902
649,0.06689272554910063,0.014205182018115483,0.3367749656285524,0.05743898476190474,0.03148618083333332,0.026321178927294908,0.017409530699762577,0.333681158113705,0.02984798380952382,0.03523518583333332,0.04758526184312225,0.01480150426974799,0.6580451842758622,0.03716719761904763,0.016838569166666595,0.46717448376854404,0.21021088830359,0.6820553088360921,0.410995680952381,0.19594732499999967,0.016271638281901545,0.004654329626719743,1.3836992318055785,0.014366628247619044,0.001608512758333334,0.060063055591554976,0.004885664281986118,0.047145622840079116,0.036224917678626414,0.03439594099274734
650,0.07988805786716112,0.019290769208665227,0.2389058461998443,0.06535020761904764,0.008027097499999969,0.035473533244238055,0.0229226358727534,0.44622874493221226,0.04859376314285712,0.021963331416666648,0.05639221429912016,0.020559984235637815,0.27705087553069696,0.06310909904761906,0.015041592083333333,0.4474325206541016,0.11712187421929031,0.1528128416196586,0.3230944142857142,0.13754673749999968,0.029778548946498822,0.01818625022749865,3.4754305573149047,0.023891356076190477,0.0035200743916666676,0.05861565300857524,0.014408746439768073,0.08529205460087882,0.037521499920438975,0.03883722341473861
651,0.08109683634197148,0.011072035878848717,0.2280597345211951,0.11200339166666663,0.04394691333333334,0.04451246748107702,0.007596962809687775,0.1858599794777196,0.043286518888888896,0.0012194345833333453,0.05767891877595583,0.010260225675608428,0.25018589005252406,0.0764618288888889,0.019840054444444477,0.5643065825368238,0.13956661508551962,0.3168995658249446,0.5464180666666665,0.01841893888888846,0.017733179203839964,0.007289136986919684,1.2845685506797981,0.013841683816666665,0.011579862702777777,0.063568768728632,0.019367401829586687,0.22987580616274012,0.06868713781352,0.05952454841621713
652,0.10122337269236674,0.04155319776493556,0.7947327269888756,0.03587183571428571,0.026648449166666754,0.04318298990893738,0.024267240939437846,0.4370038300306985,0.03938327142857144,0.024837922499999998,0.07701130485923367,0.030835178632254497,0.9773737274276247,0.01798843642857149,0.011357637083333372,0.5818562298909531,0.21334215955755204,0.5320473695809924,0.26819346190476184,0.16255908333333347,0.02449222411576449,0.005736283181474187,0.621644776790114,0.01654755380952381,0.0013891915000000012,0.08813268347739757,0.04205983809382339,0.5492689277901798,0.042394651993492745,0.003556867726796531
653,0.04841113206724503,0.03323307696999462,0.6920897092723471,0.0753510355555556,0.05827325833333341,0.03365975235564559,0.01336975346288774,0.3512441835251147,0.04800105555555558,0.026626181944444466,0.0326960134424651,0.023233563935324466,0.4455625235482331,0.0558643033333333,0.04885256722222209,0.32443755999423657,0.2625655859836079,0.4638842382037199,0.44753156111111086,0.38904082777777704,0.01651186999337325,0.0028264842518892727,0.10652321693680764,0.013440406166666667,0.0015691013888888897,0.05050925442637965,0.01936917558338838,0.19624360774584676,0.057555701564985316,0.03680667290072359
654,0.06922529839006876,0.021190073653144487,0.142534710994815,0.0811904855555556,0.015135993055555463,0.05155631983714241,0.01230412590728581,0.06746203403935343,0.08197730262444444,0.0006133664855555616,0.04389244588681412,0.011459924714689852,0.09751166435762791,0.03879795555555557,0.004582646388888945,0.27066075949082186,0.0595366358146516,0.07500532654311329,0.16376346277777773,0.021629614166666533,0.027266416818922043,0.006511202135185208,0.16334278994379064,0.04255866381111111,0.009289887911111114,0.06541076605016068,0.00883886997825206,0.049350135250284144,0.08483739359672093,0.03367365917206311
655,0.08818402342375249,0.014450068188564912,0.20468328734164798,0.05620906095238092,0.0016538924999998095,0.028603529326839586,0.007321908422455225,0.14930114308468467,0.027512646190476196,0.02239297500000001,0.06412024327098773,0.004808132583433462,0.12363354082170193,0.035592880952380966,0.027351496666666586,0.5029025333124738,0.12125329844895426,0.27514385250620754,0.3161134476190475,0.28867615000000013,0.0447026171306156,0.01012758640824602,1.7514369431664238,0.020129578652380947,0.011069035675,0.08126190511814003,0.017096418596720443,0.10697071590984499,0.0730038016673686,0.05821667285203769
656,0.07244762197302883,0.023459392991484182,0.7079470848363074,0.07872288777777775,0.030621887500000167,0.04834164708700763,0.006962577247048249,0.13491495203374118,0.07250038155555556,0.027976737666666696,0.05481395210666782,0.02329942119567827,0.5217082921030931,0.05165640277777778,0.007125020277777838,0.4533714939606426,0.21559785216319555,0.41047991916878834,0.38486643333333337,0.024893880555555414,0.023685829705528284,0.006251554291546588,0.20240010252701113,0.03384499506666667,0.006542918875000001,0.06647784378364294,0.010598539863901076,0.09358439931642389,0.07641965835527036,0.028213998276816588
657,0.07287194295153569,0.0406309844934929,0.6577418357728032,0.1133360897222222,0.08482702375000006,0.03380646888647793,0.02698829285147088,0.8500824247469027,0.0630008705555556,0.05282298333333335,0.05396367868491941,0.03223483422969361,0.8076435235636988,0.08867852388888887,0.07301851694444456,0.4671128658612907,0.26141417603495787,0.6371773405900029,0.6847956055555556,0.5060066083333332,0.0167762499363078,0.00328810173702704,0.6272833896715169,0.03745215255,0.011856413513888893,0.08415618479771746,0.06694873180306618,0.8971623226883361,0.11798536082879434,0.1190336919421674
658,0.07316543111592574,0.02713932569770978,1.067532661762848,0.06705996476190475,0.0413057391666668,0.03383957004960223,0.010625996848601492,0.9548585777659659,0.040491557142857175,0.020876911250000074,0.051129861606078235,0.020601793966842672,0.5741769956341988,0.048360021904761866,0.05001347791666666,0.41731166999069896,0.21556416032715242,0.4497817334924039,0.4599986666666667,0.5132692249999997,0.015335458085154066,0.006235743798338218,0.4689236315712334,0.01698963251904762,0.011455065568333334,0.04839594060185648,0.01802618429775852,0.24009240053298972,0.0765315793663441,0.07107250811017696
659,0.08260442812617715,0.036809522796383616,0.5470089080913066,0.10584783611111113,0.03621210388888885,0.05421512503043477,0.023268208123356466,0.29600186547169594,0.0742442185,0.00472278294444442,0.060552544838796456,0.02641267311993624,0.3521280762915287,0.07777580166666669,0.02949257472222222,0.48487915592977476,0.15880395888879323,0.23958450169599504,0.4913156944444445,0.13573519444444426,0.03404103851453222,0.0041581624001710464,0.17344813511529605,0.03217893635,0.008864466639444447,0.08927058498424723,0.037023969499980956,0.22985353704785597,0.10624061116221745,0.04521806068718376
660,0.04436913393058661,0.013737951010952336,0.31828130942118593,0.07624698000000002,0.05537475749999998,0.035759926580931814,0.008581960446025712,0.23309312423683734,0.061455558333333334,0.009673431388888876,0.03284473448796302,0.011853024336733124,0.26201318890392705,0.05574823111111108,0.04737653416666665,0.3285664373289629,0.12544612213930934,0.26982293166230015,0.4351792499999998,0.42228879722222157,0.02646399026312504,0.0036780839707780694,0.35321987964165047,0.03468355531666667,0.00547779999138889,0.05531087022946995,0.012861132265744396,0.20983364819556952,0.03875530043769539,0.015942969499139203
661,0.09612372614613927,0.019119242003176228,0.2907881810932449,0.10835213388888883,0.04196279361111099,0.05244810991907194,0.014364861708738602,0.32352185311071946,0.06940825055555555,0.0118515545,0.07185968834015183,0.017137042865929427,0.33651216119650323,0.0800462016666667,0.03257588277777779,0.5626321341405344,0.16256046516736666,0.31299244638312274,0.5418754199999999,0.2197665302777776,0.03032569101150592,0.008489134199743563,0.4355415464710725,0.020437547494444448,0.00279702105,0.08005345868397128,0.009498200944355124,0.0842491369313545,0.08197711326737889,0.016219228963494037
662,0.06815709899107224,0.02340371614217153,1.2049474344727396,0.07786991309523808,0.05075702375000013,0.06334034470000845,0.03827154879859837,0.5737023626272649,0.06340627328571427,0.03254515899999996,0.06167080282205814,0.027020759226007766,1.0002643324298277,0.06595651261904763,0.05091482541666659,0.6392453176984124,0.10819378520902997,0.20952254891528632,0.5240204071428572,0.3100105291666666,0.030300842536568815,0.009394487832973699,0.6441964888582118,0.01989694646190476,0.00139823465,0.0761098120485762,0.03370856356499717,0.2162315730848376,0.07280741428327783,0.03803785141789384
663,0.08051951385751063,0.026754801205915377,0.36764303399735715,0.06660734611111109,0.07205292625000004,0.03732550652428873,0.008797821222491809,0.17613052309795596,0.04635686611111112,0.0395433519444445,0.05689923458349282,0.01959825723318611,0.3635609893644434,0.04581270444444444,0.05061178819444451,0.29450718356406363,0.10146095375566984,0.27659087423300244,0.21407713833333342,0.23673567402777795,0.02947453410962531,0.004829513557398189,0.2756859356034716,0.031101041499999996,0.003836827319444437,0.04517953543732592,0.0216134950165463,0.19606124314785173,0.03932254304192006,0.021792332534782688
664,0.04891464930201845,0.009461803202728438,0.7255130172899343,0.04493369388888885,0.0162043105555556,0.032355902954513203,0.006798413209762958,0.1663528179835201,0.03649362833333331,0.01364652249999998,0.034990782998227554,0.009591466078337631,0.42798262491617717,0.02843839333333335,0.016254225833333358,0.43845702002218206,0.0924621446357985,0.23883547862682233,0.343600338888889,0.18506862222222242,0.015971033036087483,0.0019554453330460383,0.6044980938243428,0.012064048627777777,0.00531106883611111,0.04206878365450156,0.01203679889297728,0.0756256547683799,0.03715010923191644,0.031189885141280516
665,0.09526215844898621,0.032834645367089944,0.5807946421929686,0.10041371190476191,0.0615060466666667,0.04064703285738241,0.009716255878536768,0.16088925866911294,0.051793233809523796,0.043878769999999984,0.05709243966470821,0.026066715949679294,0.48552597953486637,0.0658595542857143,0.05382745749999995,0.39850509085411456,0.1675529891649733,0.33380599740104755,0.4112486885714287,0.3972959883333331,0.03189153979388835,0.005411183178377416,0.2856399191649489,0.038442774723809525,0.028457354100000002,0.05504754445446752,0.017198175981101755,0.11914578423303507,0.12449324946856043,0.10131851096939448
666,0.06399111395617442,0.02618058535338545,0.20245719104820062,0.12069525142857142,0.020314280000000018,0.04401395689329358,0.0032247150730551496,0.040244107566132246,0.0813903217352381,0.0003770803566666703,0.04886307951488931,0.01986131675408115,0.17241248449107013,0.08948096904761906,0.015489710833333281,0.3276701483413477,0.13254693658644973,0.151978799729791,0.4873168504761904,0.08412126000000009,0.03110011473944635,0.007683106091183395,0.14576292936880852,0.06382664766666667,0.005778968166666676,0.07487835623060396,0.019690629879837628,0.11784782536722613,0.12166888694828017,0.002244428899655093
667,0.061201692322218844,0.021400957086747538,0.4869421778382253,0.07924390555555556,0.04704265250000006,0.036385146884832666,0.021016732576775162,0.3746360951131234,0.07227176016666666,0.009595900472222196,0.0411645201129336,0.01866256146698897,0.37047036325076516,0.0510058988888889,0.014913600833333429,0.35098168229055166,0.1772355921850661,0.30736587138986027,0.3067413500000001,0.12288670000000002,0.02351193602611126,0.0055890616088896386,0.2837056967697166,0.04713414018333333,0.03137557535833333,0.07260812727098574,0.0456140491625789,0.4675667102248709,0.10005633586464736,0.07124441921540714
668,0.06317485582009617,0.0382084153484095,0.40701440914542264,0.08889669857142857,0.07684984333333333,0.036012369709957186,0.02001896266667933,0.3166955225389745,0.062034620952380944,0.03423461916666662,0.05130778781640379,0.03376520060451411,0.3746290473686598,0.07001213095238093,0.06750922083333333,0.3883455829848878,0.22906940256559444,0.2588569629156646,0.45866532571428564,0.4383675016666666,0.025639070691623984,0.015486649687798029,0.38996768247340724,0.028981690904761905,0.006308284666666671,0.06067092753126466,0.03742491912391572,0.2494399176080618,0.09066014127685025,0.05754895239595381
669,0.061132993416772384,0.02625045784117623,0.28382856838053705,0.11282682095238093,0.06081149166666666,0.03842024007309541,0.016123161635289714,0.18548665554607155,0.10316313314285716,0.06014467950000002,0.04528049260497371,0.023465497938793645,0.23265613520202427,0.09586959619047618,0.06333409083333336,0.43923940042411597,0.23410936124348544,0.20639087073086446,0.7350876095238095,0.5904157125,0.029383184370929117,0.004893999959436008,0.2152281946130073,0.012831459062857145,0.00823807537,0.0589568658110028,0.024083412676858984,0.1950469301898055,0.12967090181828364,0.08913942528677377
670,0.055239575125412166,0.030265865839481782,0.4269527190595741,0.0758403676190476,0.038545805833333224,0.03661339217512529,0.013934301021699883,0.2796105447344781,0.05925189619047618,0.03316235791666666,0.03899172343608098,0.0231496678580221,0.3666993468851219,0.05370780095238094,0.037096776666666664,0.34609323660548935,0.18126513040656667,0.27300510818256346,0.448863619047619,0.30420054166666644,0.015233350227895901,0.005358831672654525,0.16300009083675857,0.02819216965714286,0.0035112465499999926,0.050014568667712,0.013504947709955873,0.12200513405881655,0.08836728819581662,0.014953478156290334
671,0.08454912682863448,0.008567067601238033,0.3428185721765875,0.05870734380952374,0.021547285416666506,0.03672271725866578,0.01031530027133585,0.19641025255232006,0.0507808676190476,0.015958682499999988,0.06065784447753563,0.007716775570075443,0.1483322139500848,0.032105884761904756,0.00011008166666659491,0.530725298757153,0.13566565441604275,0.1831133445058233,0.24161719523809516,0.028341266666666698,0.01794949948689821,0.005484115202382631,0.27750274663535895,0.022169686619047616,0.0019945529999999996,0.06458945510556614,0.02057344991008665,0.1345425341468155,0.08155046525438393,0.00796758828709443
672,0.06751834054829249,0.020427354591536766,0.360873528795201,0.10569047142857146,0.008262671666666721,0.05290451192377329,0.0033939063007225306,0.062031770207180176,0.11691003238095236,0.039653504166666714,0.04964297851118948,0.01853715237731474,0.2672431519067709,0.06953371142857144,0.02809568750000002,0.48845256775090223,0.2016054266647401,0.27561716701361105,0.5694043857142858,0.1133924666666668,0.02748054568144725,0.002892882154355289,0.14765815789755238,0.033158721466666666,0.03628310934166667,0.08626375373946064,0.027107491885019697,0.25825468860550077,0.0740011455511496,0.012076157047262948
673,0.10079307304813563,0.005796438845187601,0.10543901488775861,0.05029171166666667,0.03311422291666677,0.031012480095565693,0.003646764559231394,0.10570689751912037,0.01713385095238094,0.003378840000000022,0.07149247535758291,0.005396350404839274,0.09434973448079562,0.03137342047619047,0.021166868333333366,0.5670858683289243,0.05924937549499527,0.08813065344087863,0.23737235476190474,0.11805268333333352,0.029830156033822705,0.005134576586257599,0.2933772545749727,0.02623096088571428,0.019198035391666667,0.0796802471351921,0.02513837021892408,0.23382554730692612,0.04008337252836182,0.0007308987259834199
674,0.0658686766166224,0.016316441155514422,0.5867755252338053,0.05623790500000005,0.0016726311111112668,0.02603820684168985,0.00944901772783292,0.37587138038721474,0.0564985198888889,0.0005330718611111229,0.04385107613965797,0.018066750558183697,0.4651499501123182,0.033644986944444476,0.014779451527777931,0.36403368465986774,0.17512156325244485,0.4332342183478903,0.2964572555555555,0.07216694722222194,0.022055249925881096,0.005249851524257049,0.40543253250475925,0.033717221949999994,0.01462848485833333,0.06011940825075578,0.02464760699025656,0.47312254752854893,0.057987208610242265,0.012108592020907305
675,0.06795817426950379,0.02102470404091522,0.5629126083230441,0.07565387500000004,0.02208469611111119,0.05322019896365318,0.010305432142249134,0.2564538745576888,0.08572677722222222,0.008932999722222196,0.05358930167298163,0.018676746836678956,0.44790994488094166,0.05339469111111106,0.018514322777777648,0.5389309283116422,0.14776366145277717,0.27308302195702017,0.5108373055555554,0.159093536111111,0.021606458799325174,0.009746798447856813,0.4156289406521708,0.025747839800000002,0.014569542847222222,0.07398424017054746,0.008565499079728303,0.06824573000087598,0.1063477455974337,0.0015549685897084942
676,0.09124687339981213,0.0019271216178388486,0.0636101485398773,0.08512555809523814,0.04755360833333344,0.04985237624999017,0.013712667561897773,0.28355445094638115,0.027774139523809506,0.0022624804166666568,0.06643586332922305,0.007096061131798914,0.17800487603284434,0.05445128857142856,0.04171302499999996,0.4277184276478068,0.08294033477416213,0.1670370268667952,0.3120392523809522,0.24600899166666634,0.022722422463456026,0.009180337896486377,0.37721750604568255,0.023561243359047617,0.0127629024725,0.05120481128471684,0.02145389259063057,0.1473256381801749,0.025747315857519906,0.01581230769277464
677,0.08503944629353843,0.027276890308636156,0.3056901681471745,0.10255950190476192,0.07220783333333336,0.04666197021264102,0.015068703187444065,0.1366627468255467,0.07071439342857143,0.05833468633333333,0.06628445639301868,0.03024892865343437,0.3193281481970211,0.08040526428571429,0.06557869166666663,0.4569763734004051,0.23175104036469557,0.24461620516766483,0.6124684628571428,0.4764609133333333,0.026402499800373305,0.005925327542506296,0.16408745119737186,0.024228470866666664,0.004476029658333328,0.06149027818854777,0.02880714303919428,0.1603162642290464,0.10794954790358138,0.08446136451106312
678,0.09838006972038561,0.022509770458696923,0.6342748513199994,0.08707727428571425,0.05169286250000005,0.038762020769538635,0.022547059691207013,0.5095983430901398,0.03112391895238096,0.04721784233333334,0.06667432615238968,0.01965999096206152,0.5224026796553792,0.051162843809523816,0.04156818083333341,0.48707302908851763,0.10256157831236341,0.22839379883667743,0.29209114857142854,0.1921742966666673,0.029425942727060467,0.0008049788302860291,0.16024127536431565,0.03058908669229347,0.022060948560756792,0.06529235887068928,0.024178427403229476,0.3023960875762249,0.040518972984966574,0.04176429903280321
679,0.0844574671479832,0.0213588426312583,0.284638512545856,0.05139930055555556,0.004733301666666745,0.037411078595717344,0.010934770838661935,0.18957112161158515,0.05757927055555554,0.005450313055555517,0.059662559082884536,0.02305762300846048,0.3165825506821248,0.037106371666666686,0.0165269394444445,0.43710042916061537,0.16490368449429674,0.21615057743366256,0.23609961666666657,0.08585087361111099,0.022983937753396484,0.00488334589827933,0.3065871534248099,0.020591928692222223,0.012068067892222221,0.05651761873239588,0.030678962921225097,0.1892468776830178,0.048292233824508944,0.0013322490785997454
680,0.0631175348925977,0.028027218231398532,0.6845443241570127,0.07074977444444445,0.024118907499999898,0.04004336053538088,0.0009816254643002956,0.04632009091705573,0.05653622666666668,0.029185591944444478,0.05388814981521112,0.0297094389268895,0.6464164173942597,0.06762067722222222,0.03258124000000007,0.4369731637439916,0.22694417407944842,0.43871831667177763,0.5174790555555554,0.20832907222222197,0.018023519208102242,0.005386192906551898,0.5360691484997608,0.02793573457222222,0.01849691481527778,0.06088836204363577,0.009465416863878667,0.13802979341121027,0.07471551318535263,0.010590328283502703
681,0.050670171954380845,0.019163924060493682,0.48446835406970895,0.057601048888888916,0.005950487499999824,0.033690733663841795,0.009962811672243188,0.41978051169787367,0.040955215555555584,0.008280563055555551,0.04240036238702812,0.027655418857563053,0.5858497630024171,0.04304136333333331,0.039375396388888984,0.46638738925768947,0.3111157872837479,0.5969018776671363,0.40127572222222235,0.36051180277777783,0.019223689649963373,0.009561043412498174,0.43746824734147943,0.031083119555555556,0.02639807138888889,0.058012306069236054,0.02970070706820254,0.24653952804228654,0.07204522956708954,0.06452438324661602
682,0.10105978996083381,0.031631749920888574,0.3041527225719079,0.13471563904761902,0.09336234333333326,0.07056457932251846,0.01910265666841425,0.19652309392294456,0.05846388619047621,0.04869735,0.08090035475475582,0.026841199783696718,0.3549422665196026,0.07969941714285714,0.07436205000000001,0.7309192901134676,0.24382073895464032,0.3018559993274115,0.7570602666666666,0.7478390083333333,0.035286248610484586,0.010806909402504342,0.8110107389385348,0.04340295857333333,0.034699721995,0.1092470327732889,0.014044523195969827,0.12048912071159672,0.08878104668183891,0.04346247008870918
683,0.07677319991098187,0.015805318536870804,0.2682450191496469,0.08981644523809527,0.09262845374999995,0.044085943408098634,0.016106337975025694,0.6592615150561809,0.028301252857142845,0.017787784166666654,0.05884200098619824,0.010130001571610384,0.23772284733366383,0.06887037904761904,0.06806968166666671,0.5915590436197903,0.07025414575610547,0.13020383092073826,0.6233237404761903,0.6574203604166664,0.022580072262155748,0.0002019955034518281,0.04170552653953067,0.046471293457142855,0.017829740016666668,0.05928126539692521,0.026525715865130833,0.28231908712597636,0.06826397507489089,0.06608939458474128
684,0.08469030560232144,0.040006306129789025,1.340034701021774,0.06364238055555554,0.05621663083333339,0.044976486214610305,0.029508139034153058,0.7697654125111917,0.03997577777777778,0.035620960555555525,0.0645605270497771,0.03223414229433432,0.9997467702064894,0.04652313222222224,0.0392746805555555,0.5264717460555753,0.28637192421266877,0.6503649090564431,0.4111542333333332,0.3747082499999994,0.015557992505354105,0.0018461522843114659,0.27222433810888963,0.01652729586444444,0.0009753402838888914,0.07225812417097997,0.02298959211088181,0.5107651223951357,0.03728460713742702,0.036008396032399914
685,0.06396650199318953,0.016988851020042425,0.1814964874666516,0.08971663523809523,0.04287801083333331,0.025648713513355324,0.004153936369742452,0.08703085019873061,0.01282333523809523,0.004183681249999988,0.04665074199621159,0.01626854224366169,0.19531870724970582,0.06908309761904759,0.04235061624999997,0.4261699225626853,0.1515696171931029,0.15078523090276189,0.5944547666666667,0.1902567125000001,0.028121367591911698,0.006947553711164751,0.3132512602423495,0.057895684171428576,0.034948491974999996,0.06332909639074513,0.01203316988763465,0.09916884152009428,0.07341462410345502,0.021212496295617722
686,0.06422841583969514,0.009282419355908837,0.18793708498427286,0.07793276714285716,0.014046451666666626,0.030782415445860873,0.018871944540388735,0.4785809004580537,0.019762845952380974,0.010485132499999994,0.045104137982705655,0.010080150212044255,0.22904356968459022,0.038022893571428594,0.007423540000000006,0.3589904630036876,0.10773052420252313,0.22768854264202584,0.2355059500000001,0.018263404166666497,0.029320515268094958,0.003589324942977049,0.2406974847070399,0.0522085580142857,0.012757851041666667,0.05580173169091356,0.03544920913052293,0.23842924501784143,0.021979426215187985,0.014170393281602078
687,0.0844664354306854,0.0016237912754051133,0.056701975058627486,0.08517261047619043,0.008812328750000042,0.044769955247077976,0.012018247824862719,0.1910739989091946,0.06781488666666666,0.007223917083333309,0.062087883611759265,0.0038489645451818422,0.09697427637623275,0.07177587666666664,0.02523947500000001,0.5298013372321527,0.07571202842143443,0.13248691301291818,0.710661480952381,0.4254273416666665,0.020927783817177983,0.007078865876326323,0.3033348676731417,0.012575853209999998,0.013629958246666666,0.06657438621315477,0.0031249093273940346,0.024619544854959277,0.08956249984051104,0.03765985953329265
688,0.10624738338839222,0.039071155165624545,0.29925615159028734,0.12197121428571432,0.040228046666666684,0.06716450406516088,0.02288219665026448,0.1459469781373043,0.1273186559047619,0.031381070216900016,0.07713391885550343,0.03307132314447271,0.255570380071615,0.0949390580952381,0.03881988624999999,0.5867640913626616,0.25194381364125473,0.21608464740196423,0.5323597866666667,0.25410116333333344,0.03385593409706797,0.00881681853488788,0.1875329109574503,0.056578467651028704,0.018489121402366443,0.08812673816151691,0.022121841244104358,0.10490001793545822,0.13173509233049566,0.05388831580424286
689,0.11238054043253791,0.02490850065024362,0.49138690192256,0.1121487471428571,0.048885762499999985,0.06492748018540757,0.011555453893813811,0.19281994195006935,0.048509643333333345,0.005983978499999987,0.08678267527975447,0.017951286929290846,0.2897233929541894,0.07138708580952378,0.030515527166666667,0.6722706216801481,0.10554262778788219,0.16062713681781207,0.39397168857142867,0.07592596083333336,0.01850561220568443,0.0022754834934662306,0.09595435008751046,0.019953923704761903,0.006068103274999995,0.06876705192374669,0.023767951574000707,0.2445085092427151,0.07764860237275228,0.01997518863255232
690,0.04747521698160467,0.02586399091364442,0.5470112769353515,0.06124388285714287,0.04814855166666665,0.0386353276257474,0.02321368354019452,0.502384329168493,0.058543322380952376,0.01939229500000003,0.044581532616476044,0.03701220357769432,0.566081025878565,0.06538814428571435,0.0651091033333333,0.5318588776578806,0.47096747559007585,0.5249238095135628,0.6761798428571428,0.6665523916666669,0.01815995445143929,0.010897694490496422,0.3193348362259924,0.026404953857142862,0.02605935661666667,0.055963531899060275,0.04576627309418404,0.29450216934794643,0.10579447134487238,0.08885935477473961
691,0.034314196577196206,0.012368262774788332,0.6226703311942928,0.07444380055555544,0.0037403699999999374,0.02841672563465397,0.02080628454462291,3.5475332299992237,0.07023167388888886,0.05831781611111114,0.031564834922766856,0.015471964133051455,0.7554894874138007,0.038496264444444504,0.0184846497222223,0.3270908942457045,0.17761830923426705,0.6074576628695826,0.37716831111111104,0.24747013611111157,0.011252032071790109,0.0020738110037040623,0.19000454088363714,0.0186323163,0.007177848052777777,0.04081681406386547,0.03168296103299016,1.5149495158955981,0.07801775941160342,0.07561399944677205
692,0.06663354416947466,0.026253687014285796,0.5021237019570682,0.06584083523809527,0.07251815499999992,0.030906118539167065,0.008544927855242364,0.21106122456879872,0.05090496523809524,0.04240318999999998,0.05237729900557361,0.019580601672598813,0.39621947077502684,0.05227900571428577,0.06825541083333342,0.53978265103403,0.22704497934220957,0.3162750618766388,0.7466917619047618,1.0542898749999998,0.020228715859231753,0.004176180783626722,0.25658917887560045,0.014816848347619049,0.002150464091666665,0.0884198681897503,0.02812221771199336,0.21563853198125343,0.12697727028689024,0.13555777107191103
693,0.08146399338998482,0.05615741154323135,0.7082644926705067,0.13430124944444446,0.11564709972222209,0.03950846812158983,0.023417558570144607,0.33044510741746774,0.06600336734444444,0.027819933161111116,0.05887277774069388,0.04820158792895585,0.6250869107628406,0.10406951916666667,0.10637130319444443,0.3748004444586203,0.2881276633934769,0.4513047759629029,0.4947030283333332,0.45141137305555556,0.024986636225616882,0.01422633996707057,0.5562508507517503,0.03745295318888889,0.026687250911111116,0.06131390838209391,0.04340903176133057,0.4885819167344788,0.09132533812350928,0.08116131397908638
694,0.07607429764592379,0.027950645043355152,0.815315877698755,0.05411245166666662,0.015730205555555488,0.04240404085801916,0.018482611058718405,0.5395120389742667,0.06631454444444444,0.021421730833333347,0.05379493216737646,0.023818852742032878,0.6636966866819186,0.04583977777777775,0.019801216944444422,0.38095895414314046,0.13740607621271286,0.338247913713239,0.4203648944444444,0.18303654166666639,0.03043671654644176,0.011181850570523772,0.6291387091108359,0.02818690117777778,0.012416566733333334,0.10234102493682372,0.036973692351533145,0.4261841441677074,0.09201842078862098,0.0317681211981059
695,0.05905939072747752,0.017164677364752873,0.9333967910067138,0.037853977142857195,0.0022991475000000428,0.04381260711491663,0.01773492614281444,1.4910867552215077,0.022369197142857154,0.01325919416666671,0.04733022926672762,0.003562257555182073,0.210279110947513,0.02278992142857141,0.016745466249999952,0.5060410673086241,0.030491905782332608,0.12871385501594135,0.28744670952380946,0.2753471833333325,0.020121861197079483,0.004982808501141724,0.2712686158318902,0.026701460628571427,9.90147950000013e-05,0.07305814342689852,0.013705669948320072,0.22083866389777698,0.07279581390161792,0.04945913366400323
696,0.06579672151386934,0.02338972278439222,0.3212158385832615,0.1503926495238095,0.04124946083333336,0.05579452502656945,0.03166151538171137,0.41907958097860387,0.10421749238095236,0.04779438,0.05216519741142759,0.022273023305847937,0.2918760827105523,0.1139988957142857,0.037662765833333334,0.5048312230896155,0.27119332138020064,0.3092140571445346,0.9331920342857142,0.5548672450000001,0.017126070428337487,0.007730913526430952,0.44670391845012214,0.027435718857142858,0.011442030791666667,0.07273338236840977,0.029176807159113336,0.19710035827721908,0.13156963512573958,0.04249762428864201
697,0.08074394923562254,0.022374053088237464,0.6084981131745166,0.03470316190476187,0.017037820833333384,0.0340581409519558,0.016861774318281075,0.30443214505616395,0.028146013809523803,0.00921155833333337,0.06098197907322416,0.017813580615899542,0.5861860727505654,0.035414919047619016,0.004096125833333297,0.5451990206866012,0.1900088843044747,0.5822901479578335,0.5813813666666666,0.3353561250000001,0.022601761346579544,0.012429596584068269,1.5805765152263704,0.017584748009523813,0.008402364554166666,0.06248325095173882,0.007851928354703826,0.08734511350475495,0.049751401706280236,0.021112957495156737
698,0.05667859355918937,0.019675784612764046,0.6186890470276274,0.05969351888888894,0.04128092652777782,0.030826029036369235,0.007990510107946344,0.3076978254802037,0.04803782944444443,0.009558486944444416,0.04307086907463275,0.016531714460310248,0.5251265181971454,0.04786221333333332,0.03670235597222227,0.3947481514171091,0.1545283941633538,0.36315749097626454,0.34335527222222223,0.2621265388888885,0.01663337446485508,0.008976586780996788,0.6066604050569967,0.012883152155555555,0.003170087713888888,0.04896096343715381,0.011361769477558663,0.11167136658139305,0.03951411566553282,0.03069539227570084
699,0.08663147887499285,0.012644310658515793,1.2991711693516657,0.031185681904761915,0.013874187500000024,0.05953214134850701,0.01692896945558558,0.6637545659236522,0.06922501657142859,0.035617973666666664,0.06944525850173393,0.02254508700666632,0.8020174264710763,0.02467004571428574,0.017563897500000092,0.5860939094929806,0.22617206812896615,0.4442045259392251,0.27394304285714277,0.24973442499999998,0.02116560753090504,0.005316658469407457,0.19003808052781695,0.02202514019047619,0.017927373133333334,0.0591505229454796,0.01167167838322853,0.1244671613708049,0.058108946737520664,0.05629500667170828
700,0.06749972828199659,0.01589658628977971,0.27047368501680413,0.0722624552380952,0.049064621666666586,0.03882914600577493,0.017806833106002878,0.7412814459272619,0.020537538571428576,0.001613934166666664,0.048818221663941015,0.016675014894334168,0.5757688881132815,0.04891269666666669,0.03873222874999993,0.41086132167610495,0.056207993851416324,0.1423147858582817,0.4318306571428572,0.19368297916666677,0.038993539064466204,0.005875340264392119,1.1216190071738088,0.06610825213333334,0.004337490043333333,0.36613023977927167,0.2850762513681045,1.109903830900091,1.5130027617315513,1.2920632129261085
701,0.07543365439485455,0.012934821270777665,0.27889568018570454,0.029787541428571478,0.009881889166666658,0.027414830920185023,0.015295626951504703,0.4107016399072272,0.0202856860952381,0.02282945733333333,0.05317229854182484,0.015174724203168528,0.7706684588199961,0.020233516666666673,0.005259218333333315,0.2809473391204476,0.1292396980350793,0.6992509363421648,0.1448977904761904,0.00693564999999996,0.03184336334099316,0.009573846643726576,0.4240003192110613,0.02494667908571429,0.010465715500000004,0.06284789278956553,0.018919270971546158,0.17927615401761648,0.06000543805017101,0.000390249918403196
702,0.04165567676619831,0.016018186112987526,0.6531766136218243,0.061634390555555564,0.0227835476388889,0.04422251262748924,0.023993427528047586,0.8960073241206965,0.04577000361111108,0.02443598069444447,0.03296627456307377,0.018755845893540367,0.5063229297453029,0.040892874166666704,0.022047630138888885,0.42946593774902087,0.2504967614853933,0.5236215204422151,0.27962313055555527,0.22384367083333334,0.017928022080853274,0.005099573582115905,1.1963553415219939,0.02053655744444444,0.013794554,0.08089065085055282,0.0290935622050508,0.2635658442905716,0.07540162898338343,0.0024447961044320454
703,0.070835334021519,0.014999149210236566,0.38167032480768953,0.05621243944444443,0.022714808611111192,0.04917631477396588,0.02225863995931315,0.6769705041596054,0.054248716666666676,0.0035923550000000193,0.06124358473486135,0.016007876000791225,0.33813994750511905,0.04685734277777778,0.03408793138888888,0.616699414312724,0.16601746265254036,0.24486440087680497,0.3406682055555555,0.2794754666666668,0.01578991380253227,0.002931557399652753,0.1454947854393818,0.01469298236388889,0.0070619657455555564,0.06851278000437772,0.010556785667428426,0.1502055682302078,0.046181407215733584,0.04375266176421233
704,0.0554878985430497,0.028656468588822873,0.6405822786936389,0.03167755111111107,0.018532254166666595,0.03657460535283047,0.0192194772039237,0.4443440730286405,0.03114841388888888,0.013138386944444413,0.044384580432002274,0.027798900521425675,0.5176153108929616,0.023344855555555582,0.021936943472222192,0.314551098116356,0.21385015401926322,0.4568471183505253,0.151419711111111,0.08659530555555528,0.021897095774097375,0.005001339413507913,1.344796423831197,0.021710988688888887,0.007948652808333333,0.06516687017060564,0.024307398554503323,0.21227378291615898,0.02116268602704674,0.011819197967527062
705,0.05609421743741685,0.01246275398440169,0.32488049916406586,0.059428451666666625,0.035708198888888876,0.027308215159114108,0.009612298763383632,0.3241012216684053,0.021756103333333332,0.01758944472222218,0.041384729972963906,0.014369259202598348,0.3203846525433593,0.047525650555555556,0.016889593611111087,0.44249139302701507,0.17978529988449166,0.3405762875762063,0.4151227555555559,0.09779897500000034,0.017070091508803415,0.004352069447498466,0.505122687108475,0.02293872285,0.0072221115583333325,0.04620364595207773,0.009734674645195696,0.18299060995470692,0.04509632120175087,0.0169745135882301
706,0.07453863147137722,0.03482255194894564,0.5183880872678391,0.093660240952381,0.07630196333333339,0.05062373774173929,0.028522357537837387,0.3374274673305902,0.07506257966666667,0.059311290500000016,0.05132230103597959,0.025950938920468302,0.5433060812616466,0.0689855504761905,0.053963422500000024,0.2661881887712736,0.12585776576059676,0.38974229555146805,0.33021755571428557,0.2391181566666667,0.028552103618954397,0.007221842924827855,0.2617540321569053,0.04014400406666666,0.00498374955833333,0.06822923536028734,0.029258975893893813,0.3662812536245868,0.08343188335252119,0.07784881185985582
707,0.06304510274832158,0.037231544283771185,0.539008796703129,0.07086375111111114,0.03445835916666662,0.032159975543124844,0.018699828494647797,0.3249895467811158,0.06574514,0.02671940680555554,0.04248413964129671,0.028512965747550963,0.4360778391758597,0.056741948888888886,0.03581779833333332,0.3371853597559282,0.21552979187595206,0.3320829333488053,0.3379766055555557,0.19613869166666675,0.026424353997169674,0.007121803963682002,0.39389300121410725,0.04446592045555555,0.03318873074444444,0.06116253213105857,0.03429961431218256,0.23224961179540105,0.11555128112114389,0.10327761988298267
708,0.11542605899987547,0.04279027446576644,0.5846307064518886,0.1195147547619048,0.0589851204166667,0.05060803908944955,0.012306259639997794,0.30648215974348464,0.06475300095238096,0.0015592079166666661,0.09078817051693444,0.04150460905652416,0.6748764221593454,0.10194979809523806,0.05512389708333332,0.7922314987509274,0.35763287871034233,0.5408153419570948,0.6606031714285716,0.2718837583333338,0.043890893005871824,0.008558683045085991,0.6928775044393886,0.030036288076190482,0.006351535937500001,0.10492709172253495,0.03886964493803541,0.3021023556160172,0.13177215567691888,0.036191452244738964
709,0.0640232200000813,0.018726418499226998,0.2669174340739576,0.05891567809523809,0.04421250791666653,0.03838120286023942,0.01354734797857247,0.5011716606374925,0.021807268571428562,0.0053023925000000305,0.04793678269417718,0.011771118903829035,0.2102447460723863,0.033205751428571455,0.021830240833333403,0.4113775231043964,0.10724606181940133,0.19998922392968457,0.25079233809523804,0.2007687374999998,0.027467611671112873,0.0073825504579211505,2.4106247624756927,0.01959567576285714,0.004652777098333334,0.05164828034254259,0.01800510440799827,0.14251343782993978,0.045460885287387454,0.03718657901312372
710,0.06845442586992537,0.04183962606332764,0.49217513182881706,0.12433153611111104,0.0820808097222222,0.04023961345293373,0.007184112963064999,0.1062355672479059,0.07590665827777777,0.016884669472222225,0.04959686020586162,0.028603098542187195,0.31830824148163106,0.0956611722222223,0.060949425,0.4256186499446017,0.2530805174970732,0.2737453901576497,0.7145494572222223,0.4956608380555556,0.025421484958311726,0.009182254689534947,0.2326664144551994,0.028642561241666666,0.012215597837500002,0.05344941234376643,0.018463760656731543,0.1432405610133204,0.09065400509250622,0.04391003726658471
711,0.05294809852391406,0.01300524728381074,0.35711878446104744,0.04559174095238096,0.03264517750000018,0.029614820118792313,0.0013141722566712565,0.08025213769164213,0.042457037142857146,0.014331809583333355,0.04220628567348458,0.009109683865661508,0.2112697903333643,0.038816383809523805,0.04162881333333335,0.4294948827064096,0.12627339993900405,0.2113542654398611,0.4995461904761903,0.5561304875000004,0.01617126217752345,0.0037158092516099872,0.2514361057753168,0.008497041823809524,0.009173581562500002,0.06042538601661735,0.023242518051079585,0.17878809614248586,0.09900413603349531,0.09813302046819694
712,0.08556139152502083,0.011977596305354873,0.2604622814855088,0.045267531904761925,0.004402513333333413,0.04446093879942701,0.006533074338179483,0.2116424795753822,0.029085849047619055,0.019220339166666656,0.06116513760179196,0.012764266162474806,0.3900703840709074,0.028729817142857137,0.02455706250000006,0.4073554452893302,0.056167945128904134,0.14797787148325164,0.22504333714285707,0.039662819999999765,0.0317947669383188,0.011910099669083235,1.2817789994038584,0.036726051297142855,0.03042708205166666,0.07782881895499395,0.03680240946706044,0.3166563757446387,0.06134212690877366,0.0009848163580236102
713,0.08490346206584064,0.014583943804377589,0.307826515203113,0.07298315761904764,0.024731795833333292,0.043844397822026905,0.010373434973770579,0.22434660809461526,0.025936023380952383,0.024842817916666676,0.05501923123329891,0.021002112027260413,0.5318140282608226,0.043756221428571405,0.0008658970833334001,0.40995292592397625,0.15562074414988467,0.37245103829085857,0.2098511285714286,0.09685261666666722,0.0272524707880456,0.00012699874042335297,0.006404628773545653,0.017622614688285715,0.001901807272750005,0.05403151363549963,0.010898569442791724,0.06508942691092283,0.03158055726470949,0.02582398832550553
714,0.11461010816267377,0.05250785497444121,1.4724452353752875,0.1101427222222222,0.0023758344444443358,0.04373121085684519,0.02987028366639966,0.38557691390456,0.08025524444444444,0.027229473166666657,0.07461219966777469,0.04380822343828761,1.2260800778917438,0.06545960777777778,0.015173616111111121,0.49175804259146855,0.3481607221011046,0.9423177637619213,0.41412422777777785,0.11021556388888887,0.03023774357414434,0.006754622888012287,0.3638065859321374,0.02260531241111111,0.004898899400000002,0.0842350711727215,0.053081062060041186,0.37093851134260225,0.08541580614426425,0.01361682309403539
715,0.048110862840442324,0.021491366329709927,0.3092052245559549,0.059712627142857175,0.05295045708333346,0.03376211390518488,0.020837765155985177,0.5190951733277227,0.03529688190476189,0.03324079416666664,0.03968677674957339,0.02081070888363714,0.3424502961890681,0.04578480190476191,0.05187517041666678,0.38828763119032317,0.17132354614610812,0.25181902564022557,0.3402250809523809,0.3813980958333336,0.024135986328531644,0.005663479925317881,0.22774473869450212,0.02516845366666667,0.014760566854166669,0.06045169807053961,0.027327153875229566,0.2597512705423257,0.0333986471810885,0.0031483830570260274
716,0.1076194530017643,0.038321442568852684,0.9762485052317363,0.09510902380952382,0.08113100708333332,0.04160002701207008,0.011550268978396356,0.27211940835792636,0.05709366761904765,0.010014935416666676,0.08129859220432907,0.029670575396289745,0.9885009830932644,0.06828628809523805,0.06225014541666657,0.6524256587908305,0.3126785481213341,0.6346509255624194,0.5929034523809523,0.5348517458333333,0.03028348086750403,0.009667885593300394,0.5886143039218685,0.02133457042857143,0.005107694529166665,0.10195360273570321,0.04255790821189542,0.5848772510288329,0.11114486730727036,0.12130904735463788
717,0.04111092918027687,0.02247402268571721,0.38214831503345575,0.08461134277777775,0.04897935222222227,0.04184804208415884,0.037755484571182975,0.5454864556043086,0.11041920722222225,0.07807225972222226,0.034128827640932384,0.024649534011194067,0.3256272755401675,0.0638987938888889,0.05488807388888883,0.4564486526854472,0.27227566689008265,0.2332979100283778,0.5742620166666667,0.5185329277777777,0.021132472778983415,0.011068340848155538,0.47976494528576435,0.013956202022222225,0.014427731766666667,0.07734551958664736,0.04195085894170427,0.350346349738553,0.09601077810441772,0.07800002967168251
718,0.06880063139229581,0.02300403339758137,1.2604050363122732,0.08680485666666675,0.03872251833333351,0.03674502241221284,0.02382243701254903,1.1097900934729101,0.04433499444444447,0.04455662305555563,0.04655717898319045,0.016219756192763665,0.5382744140864351,0.04351006333333332,0.022536713611111148,0.4116543550984977,0.21799996762714918,0.6432332007959035,0.3358853888888887,0.3545252999999997,0.028718673508459025,0.00769177014580208,0.8490056895150376,0.038101807991388896,0.024982284260138894,0.07330242158899117,0.01283248025694796,0.13613558113635443,0.07732521135193983,0.04671453845358453
719,0.06529216002163034,0.030392091305365673,0.424507704515359,0.05191243277777783,0.01459916305555553,0.036560180495094616,0.0116286003006399,0.16157367717998258,0.056910974444444457,0.009098368750000002,0.04732302431032732,0.02725312459501551,0.3440840869655383,0.04107039333333332,0.012560767500000014,0.39244491209200616,0.23099364378951756,0.2794435087045287,0.27012545000000004,0.0697551666666667,0.031817607049268386,0.0039143672005249545,0.1299160596789335,0.059540398938888885,0.0007272840611111074,0.0696672438317528,0.026021305051452018,0.18939600920331232,0.08342860521475244,0.013630695815381788
720,0.08484281857659137,0.0253464564241111,0.6302920239410071,0.061428543888888874,0.034321100833333285,0.04286093171972528,0.01906934167091254,1.7099739759761559,0.03231011083333334,0.02727045875000006,0.06156097872722449,0.023299160461668505,0.49578281378992667,0.04549468833333339,0.023730352222222195,0.5336525094672653,0.22756719326536543,0.42832176812434736,0.29158833333333334,0.1558540111111113,0.01616364393426897,0.002242227407088186,0.44746381018575987,0.018684780944444444,0.013709799216666665,0.08148662894975063,0.029277475149122146,0.8011270622606209,0.07929637919746145,0.04142864830001958
721,0.08122239245380955,0.005786397262286231,0.13773544917141584,0.07059180476190474,0.04665195749999995,0.03963934647215884,0.004839409357103488,0.13256278072975855,0.03775090428571428,0.010658829166666661,0.06367270630554711,0.009895563162216596,0.18103050900723308,0.04839466047619052,0.03796414916666668,0.5455264627746664,0.07703913414729836,0.13845644230831813,0.3628295371428573,0.2885013033333337,0.02028046212385376,0.009982959386636346,0.7060278221471677,0.009332636019047618,0.004801815683333332,0.06922276799424398,0.020563461651000085,0.33753349873111416,0.06335513058561412,0.04952366372972117
722,0.05582666816124002,0.01089870983042043,0.39154813556536505,0.06066985444444447,0.010477732777777637,0.03178837424209215,0.006553470439556528,0.7140698853411742,0.06596180777777777,0.0008187574999999614,0.04086873690926066,0.011549249727201389,0.4371256549442266,0.04344375722222225,0.021754448055555597,0.3687237344175662,0.1318067997350603,0.38443658552189586,0.40817382222222237,0.25369329722222256,0.015705079314778835,0.003923224466752529,0.3732871376087532,0.01331715068888889,0.011043181655555559,0.04412249690830661,0.007073124821107737,0.07542196591427991,0.061396154885305455,0.002017968376607837
723,0.07254058990157587,0.028634457822784364,0.9005432342132101,0.03254313952380953,0.015507231666666565,0.02908097730591055,0.007528508277451963,0.5454750389153517,0.019241032857142848,0.001877751666666705,0.05076958132605603,0.020571676437080078,0.3795504783441768,0.020084913333333343,0.007336724166666642,0.48516274956108,0.23493143066431058,0.3695080061539643,0.16770338095238094,0.10427046250000016,0.025643087435693924,0.008947834756637218,0.8568701825154666,0.018031354642857145,0.000492855020833332,0.08135143513635955,0.02539344810541213,0.21863175206244104,0.041419509740734384,0.021796061306824877
724,0.07223699259041534,0.024139245489820823,1.0724467868110026,0.06919267690476186,0.023881072083333454,0.03169100374873631,0.016190154307017732,0.44855276079273915,0.0174284842857143,0.003404882499999984,0.05299725744365332,0.015576888493141382,0.5252055720498985,0.05059698142857145,0.030810244166666667,0.5687605964534881,0.20144795891147782,0.46524319233819034,0.5444709595238094,0.1779655375,0.04590040886975442,0.003948018875725554,0.3037124609165933,0.10979824360666665,0.022694822944166665,0.08462070569124679,0.027873963105098633,0.214187940220981,0.09586370651535427,0.09549175235231655
725,0.0861038076563496,0.020349023226214364,0.15388692473655663,0.07681180666666658,0.053378115833333295,0.0922702539639761,0.016397383740664507,0.1115924102343992,0.09954804190476194,0.042405735583333326,0.06089014466927787,0.02027466265625378,0.1691598395359733,0.05338082571428573,0.05696242083333336,0.45560802883053414,0.18925540992141113,0.21068746604500224,0.37694176761904746,0.4152189966666666,0.04065676431956498,0.006373309041309032,0.10913544367322758,0.0427245792,0.008059885533333339,0.09989369921018405,0.023238217542478266,0.12160960061298896,0.09921486734702631,0.06289929456067311
726,0.09460104280894287,0.0337525490485237,0.45510032383529503,0.0728450188095238,0.02775315708333337,0.04210521460334069,0.014854601870819736,0.2690928656065626,0.04111570833333332,0.014623253333333364,0.07667514814159827,0.028759037240248236,0.4575169180930345,0.05507609904761907,0.021298682083333298,0.8094477061778363,0.24115987751579512,0.31295932184240033,0.47991770714285725,0.25043270833333375,0.02855071400812247,0.00131833332082797,0.12994103215599734,0.052190420079523805,0.01749278254083333,0.08408499533115289,0.035479387694442276,0.27316330732893707,0.10955308016773399,0.0527531384971478
727,0.050834548113856896,0.016331522198623147,0.3251700408847266,0.05893073523809522,0.03814780166666665,0.021020830693839507,0.011801851264405576,0.29740431092625136,0.02003021690476192,0.024326177916666664,0.03678987523846075,0.01302425404185805,0.2738591206034286,0.034656920714285736,0.025154827499999977,0.31573062441497884,0.14176352847906926,0.2312111998509118,0.28728410476190486,0.20180877916666695,0.021847289276439866,0.007120498200312435,0.6955115527275455,0.009633706823809525,0.006879262016666667,0.07280095575710034,0.0044554817851968544,0.03173247603548704,0.05618138787405195,0.049494598397881395
728,0.07429640958229146,0.019981703242391912,0.40919408951272057,0.055593897142857195,0.014961609166666667,0.028951106958641577,0.0056394213449991034,0.2841975382827446,0.019236922142857143,0.010808696250000027,0.0522720308982241,0.010510046063511178,0.6329634197973508,0.043707890238095244,0.009234643750000049,0.45681852434552755,0.08596630679715724,0.29726646882737046,0.3495792047619049,0.019795899999999644,0.03100806392469588,0.0069796574733106695,0.6992584078582855,0.028846529084761905,0.014964112128333333,0.060804073303896235,0.018794626692168123,0.26259155709865445,0.028984229500667574,0.010180696725694993
729,0.07750129589508052,0.04427658554625416,1.025391617107058,0.10827434142857142,0.09813315666666667,0.03390428631502836,0.008737846129591977,0.1696976006127729,0.038669594761904756,0.014450020833333299,0.057940480047565864,0.03678564399274324,0.6816173359406485,0.08185578476190479,0.08177013749999995,0.5527615008831126,0.3334318861675259,0.5169041879332166,0.6596797952380954,0.7018616333333334,0.03543474890966047,0.005296892437727389,0.2729376227971013,0.027667556699999995,0.009381295075,0.06726112155498488,0.007303940259864589,0.11356090522518457,0.05365894005447162,0.0005445836629336398
730,0.0898780874447674,0.030745447438998003,0.4530876679364001,0.07797413666666668,0.03465700180555553,0.08190984249121923,0.023913842450150602,0.3401488421381169,0.09207451077777778,0.027726738972222248,0.054102273653288464,0.018162276507118148,0.37132414354151033,0.0400492911111111,0.005248350277777758,0.27166760483371094,0.08341796100183603,0.23378067573970918,0.19167599999999999,0.04601333750000003,0.035495873256636626,0.010727957078523627,0.3745159418219379,0.020853682527777778,0.015394132597222224,0.10524752645055559,0.0454000518467285,0.37247778216203115,0.09432180123920374,0.04537773869781325
731,0.12371585994904986,0.04705865811374927,0.9897889809992085,0.06391901111111113,0.0073519380555555625,0.05554441535694591,0.009130730034773157,0.6234138033550474,0.05637185444444443,0.015142465305555547,0.09344578413801596,0.029929347365135407,0.8185975170647124,0.05575882666666664,0.0006249644444444313,0.6928244378200441,0.17515694149416045,0.7764842018904037,0.33060680000000003,0.07695981666666674,0.026405088982825467,0.011344774236609262,0.6406756904320853,0.011807180944444445,0.004358709319444445,0.09427137662215783,0.016134379450670866,0.41762227022007536,0.0636618574745517,0.03408394555284383
732,0.05776538019069811,0.018148007578736552,0.2540707503723221,0.08436626111111108,0.015675620833333292,0.041507912146779714,0.01693382155401163,0.2895405579255838,0.0556777577777778,0.010591244722222254,0.04725635601903644,0.01975491513290982,0.24955314562051834,0.06769356277777777,0.004392139444444443,0.40834762141900544,0.2210604356989632,0.26964520501961425,0.44582133333333324,0.00078480555555549,0.023239720603281843,0.0038528599139118925,0.10714462472103124,0.024340069238888897,0.0021056217805555597,0.07579186989500368,0.018982523856202735,0.15027444499083373,0.09407123671171173,0.0011359205023709351
733,0.07773627600132434,0.03642648280257692,0.5331682469446883,0.11754291142857141,0.06773884250000006,0.033776498176310475,0.014870495629165528,0.3423810537027435,0.05819230371428572,0.03232197366666667,0.06206990868014653,0.034850737252511414,0.43668649037591384,0.09338555761904765,0.057343122500000066,0.5479243716094528,0.23061755001564604,0.2634818534424471,0.7062498285714286,0.45717783749999996,0.02642942468164645,0.01487993685974961,0.5221152346893607,0.03221264116190477,0.03160218001666667,0.08481862394668553,0.041852876611629904,0.28535519963245426,0.11854213973429874,0.09925170691673746
734,0.08588221416154329,0.0405165631844462,1.1767408138499174,0.16380593944444446,0.12382815194444441,0.05981586935583457,0.01961773110599831,0.3281331293084018,0.12183603655555557,0.07283505831944445,0.06385206773454845,0.03357370992639416,0.8417634808365017,0.12368878361111113,0.09807915736111128,0.5609813958050092,0.2596387647982911,0.6235917537657818,0.8102926416666666,0.6415285708333331,0.023964367703014074,0.010541429730715113,0.37956675463853423,0.03389125389722222,0.025535098390277775,0.0872641448897995,0.03510558525719383,0.30941119826217983,0.1509171490784155,0.11781634576975719
735,0.05207774344741007,0.0386127830130394,0.5568638474698352,0.09080402444444441,0.057803276111111135,0.05438032457265712,0.02534744807988132,0.2746506849130401,0.05283923055555556,0.004353014166666641,0.04892761472248822,0.04014577976654675,0.6094849505679601,0.06830806833333332,0.0458591416666666,0.35687730807421253,0.29100223812610065,0.4463654904446125,0.5096800277777778,0.32753940277777804,0.018663328188182466,0.0010213223394406317,0.05988995059746513,0.012236664780000002,0.003927617123333333,0.05566471937594742,0.02506294279294874,0.1517343435442766,0.05520865935969766,0.03282022789936867
736,0.0730111429019487,0.04309569236835422,1.7696434287488663,0.12359309166666663,0.10458824874999995,0.03741385111108427,0.0048113786640828155,0.8154790272226916,0.06067756357142857,0.013436001249999996,0.054183140745448,0.032498012285691824,1.3347251695440947,0.0892757816666667,0.08631933624999999,0.5059180953804873,0.28792963218103923,0.8197378948223863,0.7229915261904765,0.73242735,0.020971684079852376,0.006001217153999223,0.6143054676648589,0.028380917719047615,0.016316916066666666,0.0837015446575612,0.024057771784431987,0.281087595382973,0.07485223753778082,0.046621410237999594
737,0.0994992992532742,0.03346706896643532,0.5290637693759231,0.04846763666666671,0.042623285833333524,0.05143790565454376,0.015689524539474347,0.618126098784265,0.027653560000000004,0.007919959166666601,0.07563953246972695,0.018000703602892614,0.8474368658135157,0.03501674761904759,0.01719197625000002,0.6413257989110145,0.017803481131441753,0.4739931696010246,0.22856584285714301,0.05693293333333349,0.02346628156407965,0.006989135393170842,0.696901821566845,0.021120143400000003,0.0027725674394034304,0.07603422363319326,0.02302330007211577,0.3151456184356238,0.04840485388731063,0.016995991463503946
738,0.06310483692032988,0.018849145398983077,0.30580311355861567,0.06060502428571435,0.018422721249999996,0.028393788089657642,0.008186162918778233,0.29103067724654924,0.019152333333333337,0.006784133333333331,0.045704895400009465,0.013022402980180604,0.2676723739781283,0.03811164738095239,0.017967531250000057,0.3660094842294719,0.12155656536089349,0.24261253657593954,0.24369784047619047,0.17994059999999967,0.02264699871576349,0.0021998863519057357,0.27102876189740954,0.009293456809523811,0.001890034145833333,0.06552220544600001,0.015137889701771125,0.13464954382196556,0.02685652384479647,0.005905094972478042
739,0.07727140961333114,0.011314045610048253,0.39439049784909824,0.06390735547619054,0.02438498458333338,0.030214938770553628,0.003437667921702982,0.06324233112032362,0.019801270714285706,0.015355412916666644,0.06203917021403967,0.004807448223709617,0.21256927467284062,0.03892244714285718,0.013570566249999971,0.625837358762024,0.1922313173848645,0.5342808983969666,0.35232377380952384,0.007091445833333765,0.02139624278027849,0.0076064465841917004,21.95743300614476,0.022633710185714286,0.009786599183333335,0.06939410162459868,0.016294894999320388,0.10526168181090978,0.06447385340539281,0.024280144391578884
740,0.07431638219864165,0.030827137273088223,0.541066675802736,0.06906681555555556,0.04062296361111095,0.04048682196854257,0.008611649564981685,0.2595380491311184,0.06895932022222222,0.005255044055555574,0.05634397727143552,0.02521397528177624,0.5040815702209906,0.05018255838888885,0.04425962841666653,0.45464816208368813,0.15722048066413685,0.3042687280532229,0.25350870277777776,0.1600220513888888,0.015453685734855381,0.0026418337510661746,0.10574256698623521,0.016483498,0.0009267672833333344,0.06132374416966652,0.0022457293287162145,0.022621159968195446,0.08031300749708374,0.004359106059959705
741,0.07224344030876234,0.037827048006828706,2.5327015956048338,0.07420521666666667,0.05069031750000008,0.039657390987634246,0.022827386767043868,0.5491570486133457,0.05657396583333335,0.023456271249999966,0.05614164424157516,0.03713853519331715,0.920087963393035,0.053479208333333285,0.04734228722222211,0.578907683725344,0.4248427913188069,0.656416447297436,0.3826915444444445,0.36028721388888885,0.017637707670555915,0.005995577843686597,0.35436827249841363,0.015889441547222223,0.013377468140277777,0.08161676560455575,0.0376935674731422,0.27611134122502023,0.045105069340300695,0.015904060760632333
742,0.07318081259754462,0.022159859540651857,0.5464884399005719,0.08938289428571435,0.013241176666666687,0.048786717084341985,0.01687212011439726,0.6990649022600982,0.06551071785714287,0.011137404166666642,0.05381454466424468,0.019660825056732466,0.6248260137750907,0.06683251952380952,0.008350831666666725,0.496455163213494,0.22566747755218525,0.4989367262226743,0.5111175952380952,0.215301325,0.020331323499475033,0.00459256683006356,0.296901541914307,0.019001706251428573,0.025263161136666663,0.08837858695249928,0.027864250556206904,0.31709360573243217,0.10356172843976488,0.019228081142685816
743,0.06969943120178754,0.020915203802657347,0.48318498124141995,0.041157075714285694,0.017622162500000038,0.039580721360829935,0.021719779049705956,0.5482958384519051,0.06167519276190476,0.030139925333333317,0.05361199855219506,0.026366501812311104,0.4996337485593757,0.0425273319047619,0.03648346500000005,0.3876731669263065,0.22097344019060364,0.3714623800187874,0.2950503714285714,0.2958116249999998,0.022972337852126,0.011034514205852714,0.3993791345365874,0.01628180014285714,0.002065983466666666,0.07007038229672513,0.028865542916759364,0.27303333471153424,0.08999909894811513,0.06914900126668055
744,0.06469824940940833,0.02779323511291216,1.0682167567680145,0.09511437571428565,0.04850372750000009,0.03738644716493882,0.01766377964079133,0.5353668052908979,0.0831445776190476,0.04794954750000002,0.05051122753237377,0.024366037419763925,0.46174746654050797,0.06693484142857142,0.05235132166666667,0.48306328260840853,0.2205554254496086,0.3330562760584794,0.505925457142857,0.4387910333333336,0.014447088124950207,0.0036672527020218623,0.2010315176501075,0.014912660704761905,0.010562637308333333,0.04125881070175782,0.021997186391561816,0.1871157416940576,0.08719973050787755,0.0721311403512308
745,0.10892148514246565,0.020037076979374853,0.3668901314232863,0.04777112476190474,0.025106889999999993,0.030784430539534446,0.001161834800857535,0.024233408896715925,0.026149478095238095,0.03060162000000005,0.07420807638370559,0.016807342441797896,0.5405935645441292,0.03270966238095241,0.012285360000000023,0.6147960089000686,0.15034448167864667,0.4199354848030059,0.2603787333333333,0.11733338333333299,0.03203033151320434,0.006791129364455894,0.6955346513632726,0.026618776128571425,0.010015506508333334,0.06242166904521992,0.009629613572975287,0.06886230172761058,0.04740663002267319,0.02858395181829132
746,0.07747739572406705,0.04186763741485255,0.7855126455275714,0.07102537904761905,0.03642071875000008,0.05792405596493278,0.04526566300794599,0.8144749699813075,0.09983917527142858,0.036468763891666686,0.06267044733876911,0.045328486146622014,0.7945336489027296,0.0599752052380952,0.029209139583333377,0.5909637247720891,0.5266691995707898,0.901530933874905,0.3906883952380952,0.26513210416666655,0.02131379991704829,0.010137270397383477,0.5360805943875883,0.027125454380952384,0.021882913166666667,0.0657155043927831,0.05712938347646606,0.5115263624157724,0.10692579295044033,0.05188217351210195
747,0.04890774798285518,0.017558026673609593,0.3996178021675478,0.05718459999999997,0.009904380416666747,0.025195858729895382,0.0021760911683657083,0.05161452822023056,0.022376555714285713,0.0031061474999999894,0.035994530401243174,0.014432923124318013,0.3011270924954172,0.03427582190476192,0.016698248750000144,0.427889829534001,0.14332372049722955,0.1867694493242577,0.3456984428571429,0.21769278750000032,0.022750005860808487,0.00579223209415152,0.36616117044201174,0.044497119357619054,0.009151181765416669,0.06294603805981018,0.016434122011222883,0.12431683621759684,0.0756747672902072,0.030281561698300097
748,0.12447929918808605,0.02152644268056668,0.16673905190494848,0.1027851771428571,0.023567605833333283,0.04256341691468696,0.023906737301775054,0.39939594082919505,0.03657348428571427,0.01844698166666664,0.09097194112192059,0.008653599467458107,0.09478246152234081,0.07643051761904761,0.02958103041666671,0.5944203973539978,0.06830279979063883,0.08559061731636038,0.6817931847619045,0.24374855333333345,0.036514055733042,0.00898624402401475,0.5641745409344671,0.04354005786190477,0.033140891925000006,0.0769834075966393,0.025903699202093754,0.1601452935191544,0.07245891906089807,0.0007377197528485313
749,0.10814817456412272,0.027670879798121557,0.4100566666915188,0.05481586095238094,0.033172624166666664,0.052716539350550734,0.019605121502816795,0.29270804368004805,0.07780532742857141,0.08592985624999999,0.07506946484875639,0.02026878531161785,0.5596278853120054,0.05571586428571428,0.02202722791666667,0.4560016832290417,0.1404079246737205,0.391061967610737,0.4512102099999999,0.0494274008333333,0.04147562646305389,0.01823871746762551,0.9118669631213945,0.06101320761428571,0.05092722899583333,0.11628329568657088,0.08359456130500115,0.712679601914242,0.07475103503057456,0.03201017529448291
750,0.07056052745003644,0.030833485026311832,0.7713941779394962,0.06303663619047621,0.028348072083333342,0.03914186703043717,0.015170874620810279,0.3547551909389767,0.04574620333333331,0.005294148333333415,0.05005157426384064,0.025451762546704653,0.3510776707722569,0.04813514833333327,0.03146041124999999,0.5386682082368118,0.20709584283519575,0.2761876900882911,0.4104168333333332,0.26671731666666654,0.021812649617150213,0.007793095959516758,0.6164791526494647,0.02764296708095238,0.010795535874999998,0.06405869726486234,0.016068655782911022,0.5010410988036688,0.03509689093071232,0.029438208543028366
751,0.05860425925679432,0.03152210462328768,0.7036101038252889,0.10924719142857141,0.07676452500000008,0.040241326945090326,0.021729994726272937,0.36498166381084896,0.07191246333333333,0.04073985291666665,0.044819365456889054,0.027711785300655913,0.5164754844716313,0.07574647904761907,0.06685264166666671,0.4375139600291325,0.21831716658327174,0.32376570805453314,0.5071015952380952,0.4230477499999994,0.020990524102278415,0.0026594158319470703,0.2191724498045844,0.03104753171809524,0.0018628980641666702,0.09872899765422001,0.07001607579823745,0.5663983510724953,0.2579617905777789,0.24338322662917744
752,0.08703407543249209,0.044018687576031675,0.8524053804655478,0.04368748111111106,0.014799323333333225,0.06186012024948961,0.03466067761564438,2.2550339991997315,0.07722977277777776,0.028754915833333283,0.06384436291603336,0.027395661821308207,0.7208284676777748,0.02520295888888886,0.015998958611111058,0.5206701819407884,0.2735323708696068,0.7903823145251637,0.2543079222222223,0.19812157500000027,0.03389131030732023,0.011838307341434663,0.7692575269248945,0.05187648481666667,0.03556153021944445,0.08916886957146629,0.06090411202464461,0.8462411606764574,0.06626057668636813,0.06449534202576956
753,0.06376220536806591,0.022649325978775156,0.35951244081234135,0.08109551277777782,0.011495746388888839,0.03785375781175427,0.016340047841990463,0.297338176363035,0.072115519,0.04521162844444443,0.04227485664740526,0.014708823706824524,0.2175723048325312,0.0605532088888889,0.018319629166666684,0.35627283613170846,0.11713088327859332,0.15748845633933808,0.48746482777777755,0.12733559999999988,0.028223231558935597,0.008599729483039343,0.5037423175802598,0.030670921533333336,0.008854856983333334,0.0509529365777761,0.013224700219207285,0.0970011346822757,0.07398491512826953,0.04249018365951163
754,0.06036927176589058,0.0032107241465328925,0.07177891791382701,0.12355196277777782,0.034203546111111094,0.025610516787423248,0.007632244340672966,0.09579314516016278,0.04036559722222222,0.02892219580555555,0.042765322522597266,0.002790536655190286,0.051060491160154944,0.07975926333333332,0.008061694444444434,0.3834853255600083,0.09657741529111853,0.14062899762391115,0.4185375444444445,0.006582016666666579,0.024056869592125548,0.006584393293063124,0.32161632388531475,0.04169606252777778,0.03102175953055556,0.05437686211198912,0.004644749445110316,0.0410316651034758,0.06888650953766777,0.007419455680902465
