NBR_amp,NBR_mean,NBR_pha,NDMI_amp,NDMI_mean,NDMI_pha,NDVI_amp,NDVI_mean,NDVI_pha,RATIO_mean,RATIO_std,RATIO_wetdry,RVI_mean,VH_amp,VH_mean,VH_pha,VH_wetdry,VV_mean,VV_wetdry,aspect_cos,cls,dewdep,dewp_mean,elev,precip_dry,precip_mm,precip_wet,reNDVI_amp,reNDVI_mean,reNDVI_pha,slope,soilm_dry,soilm_mean,soilm_wet,soilm_wetdry,temp_mean
0.0814109370112419,0.1729331910610199,-2.681922912597656,0.066899374127388,-0.0403570160269737,-2.4613332748413086,0.0721920132637023,0.448745846748352,2.826866865158081,-7.386614799499512,3.150660276412964,0.41299968957901,2.634080648422241,0.921683430671692,-15.667562484741213,-2.381697654724121,1.1208062171936035,-8.2809476852417,0.7078064680099487,-0.9948973059654236,1,3.173165798187256,19.404932022094727,77.0,47.21046447753906,189.25567626953125,331.3008728027344,0.0585281960666179,0.2478156983852386,-2.740368127822876,4.8840651512146,0.2967064082622528,0.3438679873943329,0.3910295963287353,0.0943231806159019,22.57809829711914
0.0525628291070461,0.3382537364959717,2.621999740600586,0.0464236177504062,0.1429332345724105,2.3903727531433105,0.0600186251103878,0.5129932761192322,2.6198489665985107,-6.273007392883301,3.124542713165283,-0.1551766395568847,2.386375904083252,0.559110701084137,-19.457054138183597,-2.5177361965179443,0.8611075282096863,-13.184046745300291,1.0162841081619265,-0.7658634781837463,1,3.657741069793701,19.799219131469727,267.0,46.63733673095703,174.24826049804688,301.85919189453125,0.0505730472505092,0.3178625404834747,2.363431453704834,8.205740928649902,0.2552598714828491,0.3047497570514679,0.3542396426200866,0.0989797785878181,23.456960678100582
0.2211587727069854,0.3611555993556976,-2.86647891998291,0.1753153800964355,0.0855343490839004,-2.82952880859375,0.1923018544912338,0.6655656099319458,-2.8791189193725586,-6.474452495574951,2.801499128341675,0.2998197674751282,2.833890914916992,1.349075436592102,-11.4917573928833,-2.4701764583587646,1.8708304166793823,-5.017305374145508,1.571010708808899,-0.6751439571380615,1,3.173165798187256,19.404932022094727,100.0,47.21046447753906,189.25567626953125,331.3008728027344,0.1528746783733368,0.4368759095668793,-2.977729558944702,15.855780601501465,0.2967064082622528,0.3438679873943329,0.3910295963287353,0.0943231806159019,22.57809829711914
0.1042788550257682,0.5486480593681335,2.9104673862457275,0.0852722227573394,0.261352002620697,2.707502841949463,0.1078376993536949,0.7663568258285522,2.977168083190918,-5.541215896606445,2.85896110534668,-0.2558631896972656,2.404982805252075,0.6109300851821899,-16.543081283569336,-2.753165006637573,0.6100072264671326,-11.00186538696289,0.8658704161643982,-0.140975996851921,1,3.994861125946045,19.950164794921875,280.0,47.220436096191406,155.07460021972656,262.92877197265625,0.0984962508082389,0.5118301510810852,2.87394380569458,27.50412368774414,0.2510209083557129,0.2809369266033172,0.310852974653244,0.0598320662975311,23.94502639770508
0.0878971964120864,0.3771503865718841,2.428213119506836,0.0788757055997848,0.1176081225275993,2.264270544052124,0.0890157222747802,0.4805819392204284,1.3448079824447632,-6.57118034362793,3.08851170539856,-0.1571647822856903,2.433197498321533,0.3990069031715393,-18.738262176513672,-1.1906347274780271,0.0220601130276918,-12.167081832885742,0.179224893450737,-0.8203425407409668,1,3.465940237045288,19.525362014770508,39.0,50.46172332763672,178.48760986328125,306.5135192871094,0.0798704922199249,0.3204374611377716,1.9735509157180784,6.5414862632751465,0.2780943512916565,0.3245622813701629,0.3710302412509918,0.0929358750581741,22.99130249023437
0.0533406659960746,0.5060240030288696,-2.5987701416015625,0.0407430417835712,0.2169618010520935,-2.5140380859375,0.0610387697815895,0.7754950523376465,-2.4290919303894043,-6.3583269119262695,2.429664373397827,-0.0986785590648651,2.5997087955474854,0.5373951196670532,-13.943936347961426,-1.8174082040786743,0.6235837936401367,-7.585608959197998,0.7222623825073242,-0.9662877321243286,1,3.411285400390625,19.20589637756348,50.0,55.94616317749024,185.4529266357422,314.9596862792969,0.0429059937596321,0.5250199437141418,-2.5346195697784424,2.737602710723877,0.2869293093681335,0.3307529091835022,0.3745765388011932,0.0876472443342208,22.6171817779541
0.131244421005249,0.4656791388988495,-3.0813698768615723,0.1203071624040603,0.2014201134443283,-3.000818967819214,0.1179273203015327,0.722800612449646,2.9291322231292725,-7.120543956756592,2.8806636333465576,0.0114394994452595,3.2147140502929688,0.8039183616638184,-9.969857215881348,-2.148839473724365,1.1449189186096191,-2.8493127822875977,1.133479356765747,0.3042015433311462,1,3.267818689346313,17.488300323486328,331.0,59.99748229980469,200.58523559570312,341.1730041503906,0.0929153561592102,0.4869428873062134,3.001927614212036,29.211557388305664,0.2885841429233551,0.3255399465560913,0.3624957501888275,0.0739115998148918,20.756118774414062
0.0788385197520256,0.3762448728084564,2.303552865982056,0.073697954416275,0.1461175084114074,2.238746404647827,0.0736767873167991,0.6446546316146851,2.4044206142425537,-7.551777839660644,2.389801263809204,0.0244834516197443,2.801116943359375,0.8706536889076233,-13.42534065246582,-2.439744234085083,0.8690548539161682,-5.873562812805176,0.8445714116096497,0.0690544620156288,1,,,7.0,,,,0.0708824023604393,0.3983546793460846,2.302459478378296,3.1385209560394287,,,,,
0.113329604268074,0.3848279416561126,-2.4202897548675537,0.11597840487957,0.0761662945151329,-2.191713333129883,0.0526698715984821,0.7192481160163879,-3.111685514450073,-5.378697395324707,4.914907932281494,-0.7500079274177551,2.2360775470733643,0.3691476583480835,-25.19869804382324,-0.25983926653862,-0.752793550491333,-19.82000160217285,-0.0027856028173118,0.5377100110054016,1,3.0651659965515137,17.78070068359375,1028.0,62.438507080078125,206.70101928710935,350.9635314941406,0.0714244693517685,0.4359864890575409,-2.767085552215576,45.98274993896485,0.2979689240455627,0.3340581655502319,0.3701474070549011,0.0721784830093383,20.845867156982425
0.1576139628887176,0.4726525843143463,-2.972858190536499,0.1324632912874221,0.2006181925535202,-2.945858955383301,0.1156917884945869,0.7410918474197388,-3.097881555557251,-6.160864353179932,2.472914218902588,-0.5539782047271729,2.642985820770264,0.1481408476829528,-12.879862785339355,-1.820805668830872,0.1567448228597641,-6.718997955322266,0.7107230424880981,-0.3121599853038788,1,2.9065990447998047,18.178577423095703,808.0,65.0228500366211,210.05548095703125,355.0881042480469,0.1082911789417266,0.4889123737812042,-3.0645971298217773,18.329465866088867,0.3107778131961822,0.3436519801616668,0.3765261471271515,0.065748356282711,21.085176467895508
0.0758238658308982,0.3051174581050873,-3.0688700675964355,0.0583869665861129,0.116059772670269,3.019417524337769,0.0847471505403518,0.6178677082061768,-2.829512596130371,-8.280716896057129,2.351032018661499,0.3182158172130584,2.925172805786133,1.05339777469635,-13.523406982421877,-2.6761927604675293,0.8506913781166077,-5.242690086364746,0.5324755311012268,0.6035799384117126,1,2.9364941120147705,18.98731231689453,167.0,51.80620193481445,207.6121368408203,363.4180603027344,0.0457498989999294,0.3802958726882934,2.7995800971984863,16.591392517089844,0.3372949361801147,0.3773913979530334,0.4174878597259521,0.080192930996418,21.92380714416504
0.1218303143978118,0.6742162704467773,2.4559128284454346,0.155454933643341,0.424519270658493,2.183415174484253,0.0795358642935752,0.8209537267684937,2.8647022247314453,-5.358841896057129,2.8959341049194336,0.6650095582008362,2.2963500022888184,1.370692491531372,-20.63716506958008,-1.7159029245376587,1.4414082765579224,-15.278322219848633,0.776398777961731,-0.7332350015640259,1,3.994861125946045,19.950164794921875,448.0,47.220436096191406,155.07460021972656,262.92877197265625,0.136106327176094,0.6369388699531555,2.233217000961304,31.216463088989254,0.2510209083557129,0.2809369266033172,0.310852974653244,0.0598320662975311,23.94502639770508
0.0513357818126678,0.59846031665802,-2.6479649543762207,0.0376603938639164,0.3413048088550567,-2.985536813735962,0.0466010048985481,0.8130543231964111,-2.5789263248443604,-6.767690181732178,2.6723792552948,0.5728816986083984,2.6164824962615967,0.4495496153831482,-14.487500190734863,-1.7025552988052368,0.6470785140991211,-7.719810009002685,0.0741968229413032,0.932484209537506,1,3.196359872817993,18.5269832611084,591.0,88.08850860595703,203.17916870117188,318.26983642578125,0.0416167117655277,0.5871269702911377,-2.769291639328003,21.251123428344727,0.418883204460144,0.4234925806522369,0.4281019568443298,0.0092187710106372,21.72334289550781
0.0889393836259841,0.5051731467247009,-2.3888978958129883,0.0840688049793243,0.19840107858181,-2.186850547790528,0.0831711664795875,0.7579704523086548,-2.5136070251464844,-5.939156532287598,2.6219687461853027,-0.1520615667104721,2.6444694995880127,0.7353866696357727,-12.332358360290527,-1.582978129386902,0.8517112135887146,-6.393202304840088,1.0037727355957031,-0.1748785823583603,1,3.036694288253784,18.5638484954834,157.0,62.96828079223633,233.67843627929688,404.38861083984375,0.0725442767143249,0.4803357720375061,-2.445584774017334,9.237359046936035,0.3499263226985931,0.3878600895404815,0.42579385638237,0.0758675336837768,21.60054397583008
0.0366741530597209,0.2154131382703781,3.05293869972229,0.0194106381386518,0.0331215895712375,2.9155426025390625,0.0513863340020179,0.3725515902042389,3.0953292846679688,-8.08454418182373,2.782754898071289,-0.2258878052234649,2.84254789352417,0.833713710308075,-13.874306678771973,-2.541056632995605,0.7151036262512207,-5.7897629737854,0.940991461277008,-0.844717264175415,1,3.909459352493286,20.36055374145508,28.0,49.019317626953125,162.9241943359375,276.8290710449219,0.0294768400490283,0.2433855533599853,3.080977201461792,11.82958984375,0.2508733570575714,0.296644389629364,0.3424154222011566,0.0915420725941658,24.2700138092041
0.0722554922103881,0.3597365319728851,-2.777261018753052,0.0573104918003082,0.1492687165737152,-2.811836242675781,0.0778033658862114,0.4282490611076355,-3.011812210083008,-5.980478763580322,2.5926406383514404,0.5371071100234985,2.4192843437194824,0.9353882670402528,-17.30806541442871,2.731233835220337,-0.0370064228773117,-11.32758617401123,-0.5741135478019714,-0.9816656112670898,1,,,27.0,,,,0.0663253217935562,0.3074308335781097,-3.033369541168213,18.526254653930664,,,,,
0.0127678457647562,0.5995384454727173,-3.030344724655152,0.0156330503523349,0.3161541819572449,-2.363168478012085,0.0211772974580526,0.8207935094833374,1.8144655227661133,-6.427227020263672,2.3965907096862797,-0.4797602295875549,2.5321547985076904,0.3474221229553222,-15.435500144958496,-1.7338848114013672,0.1443449705839157,-9.008273124694824,0.6241052150726318,0.9955571293830872,1,3.401810646057129,17.41118621826172,644.0,60.00816345214844,184.26480102539065,308.5214538574219,0.0259773768484592,0.5873104929924011,2.526718616485596,26.61894989013672,0.31657874584198,0.3488226234912872,0.3810665011405945,0.0644877627491951,20.81299591064453
0.0449322499334812,0.0203127227723598,-3.0435783863067627,0.0348374247550964,-0.0401263795793056,-2.901029348373413,0.0325178131461143,0.1242500767111778,2.512335062026977,-1.733364820480347,2.3605353832244877,0.3756269514560699,2.2909109592437744,0.1828176081180572,-6.61869478225708,-1.7850289344787598,0.1377925127744674,-4.885329723358154,-0.2378344237804412,-0.4480736255645752,1,3.843749761581421,19.93115997314453,38.0,42.767486572265625,168.25146484375,293.7354431152344,0.0276918280869722,0.0443371273577213,-2.905640125274658,1.0056227445602417,0.2462527602910995,0.300193041563034,0.3541333377361297,0.1078805774450302,23.77490997314453
0.1850284337997436,0.4247607886791229,-2.5929300785064697,0.1495948433876037,0.1469389498233795,-2.4599058628082275,0.1843725889921188,0.6783838272094727,-2.5842385292053223,-5.612337112426758,2.587242126464844,-0.2475571483373642,2.631115436553955,0.2088606357574463,-11.959027290344238,-1.9394789934158323,0.2796780467033386,-6.3466901779174805,0.527235209941864,-0.8571674227714539,1,3.410135269165039,19.074974060058597,89.0,59.13506317138672,187.2455291748047,315.3559875488281,0.1706322431564331,0.4421089291572571,-2.527695178985596,14.828017234802246,0.3334270119667053,0.3706133365631103,0.4077996611595154,0.0743726417422294,22.485109329223636
0.0462048351764678,0.6222133040428162,-2.641319274902344,0.0331347920000553,0.3377680778503418,-2.9887917041778564,0.0654323548078537,0.8194353580474854,-2.6598961353302,-5.648821830749512,3.0393102169036865,0.6057475805282593,2.412728309631348,0.8779493570327759,-16.622180938720703,-2.179159641265869,1.1344897747039795,-10.973360061645508,0.528742253780365,0.2930594086647033,1,,,92.0,,,,0.0434105694293975,0.6104620099067688,-3.0871706008911133,15.66712760925293,,,,,
0.030462110415101,0.1136209592223167,1.273868441581726,0.0320506952702999,0.0113073550164699,1.2034428119659424,0.0411071144044399,0.0220221597701311,1.1540881395339966,-8.476007461547852,3.460750102996826,1.4308512210845947,2.422561883926392,0.3734587728977203,-24.476821899414062,1.857461214065552,-0.1315009146928787,-16.00081443786621,-1.5623520612716677,-0.9891273379325868,1,,,0.0,,,,0.0418519601225853,0.010182018391788,1.2067629098892212,15.301149368286133,,,,,
0.2808709442615509,0.3466183841228485,-2.7030248641967773,0.2249383479356765,0.0764266848564148,-2.6381564140319824,0.2398706972599029,0.6284394264221191,-2.8862569332122803,-5.46192741394043,2.347954511642456,-0.1049858853220939,2.4761977195739746,1.155128836631775,-14.405938148498535,-2.6475942134857178,1.290255427360535,-8.944010734558105,1.395241379737854,-0.7534101009368896,1,3.657741069793701,19.799219131469727,113.0,46.63733673095703,174.24826049804688,301.85919189453125,0.1885538846254348,0.4223391115665436,-2.841913938522339,2.214771270751953,0.2552598714828491,0.3047497570514679,0.3542396426200866,0.0989797785878181,23.456960678100582
0.0265318378806114,0.4985095560550689,-1.0945535898208618,0.0162710957229137,0.2279609441757202,-1.3747124671936035,0.0440150164067745,0.7190406322479248,-0.3876953125,-6.113426685333252,3.094643831253052,-0.4730654060840606,2.3479933738708496,0.8133299946784973,-20.68541717529297,-0.3099506199359894,-0.1286987960338592,-14.571990966796877,0.3443666100502014,0.0644726231694221,1,2.833718061447144,14.984085083007812,1086.0,62.6628532409668,245.68785095214844,428.71282958984375,0.0153011679649353,0.5145873427391052,0.5627180337905884,37.81915664672852,0.3139130473136902,0.3572636842727661,0.4006142914295196,0.0867012590169906,17.81780242919922
0.1447321772575378,0.3968459963798523,-2.928464889526367,0.1196324452757835,0.135045975446701,-2.7903265953063965,0.110280342400074,0.7255804538726807,-3.13861346244812,-6.228663444519043,2.539740085601806,0.2990151345729828,2.471344470977783,0.5884503126144409,-16.464622497558594,-1.501452922821045,0.64629727602005,-10.235958099365234,0.3472821414470672,-0.0174222495406866,1,3.465940237045288,19.525362014770508,102.0,50.46172332763672,178.48760986328125,306.5135192871094,0.1031572818756103,0.4454724788665771,-3.1005795001983643,10.796290397644045,0.2780943512916565,0.3245622813701629,0.3710302412509918,0.0929358750581741,22.99130249023437
0.0483748279511928,0.0571135953068733,-2.3149900436401367,0.0358340442180633,-0.0373118184506893,-2.248516321182251,0.0869777724146843,0.2147335559129715,-2.5883166790008545,-5.361573219299316,2.8276193141937256,-0.4289822578430176,2.6235620975494385,0.1229306012392044,-12.560465812683104,-1.8426274061203003,0.069198340177536,-7.198892593383789,0.4981805980205536,-0.7429287433624268,1,3.173165798187256,19.404932022094727,78.0,47.21046447753906,189.25567626953125,331.3008728027344,0.0444908924400806,0.1250181198120117,-2.698251247406006,5.517343044281006,0.2967064082622528,0.3438679873943329,0.3910295963287353,0.0943231806159019,22.57809829711914
0.1620661467313766,0.3491178452968597,-2.818979501724243,0.1194747760891914,0.0901517271995544,-2.8426496982574463,0.1718489974737167,0.5745185613632202,-2.7389962673187256,-6.259346961975098,2.643500804901123,-0.0602731220424175,2.7963523864746094,1.2560771703720093,-11.432043075561523,-2.392702102661133,1.6228327751159668,-5.172695636749268,1.6831059455871582,0.9760482907295228,1,3.392768144607544,19.320724487304688,94.0,53.490020751953125,183.22525024414065,312.9604797363281,0.1381714642047882,0.381739854812622,-2.8277604579925537,19.84073829650879,0.3090569078922272,0.3536306321620941,0.398204356431961,0.0891474261879921,22.71349334716797
0.019860615953803,0.0615342743694782,-2.4574291706085205,0.0120608666911721,-0.067171387374401,-2.361321210861206,0.0331815592944622,0.2304473966360092,-3.110473871231079,-6.628777980804443,2.523277282714844,0.305962324142456,2.5696022510528564,0.3481425642967224,-15.22575569152832,-0.5837175250053406,-0.1633485853672027,-8.596977233886719,-0.4693109095096588,1.0,1,3.465940237045288,19.525362014770508,77.0,50.46172332763672,178.48760986328125,306.5135192871094,0.0293716788291931,0.1874492615461349,-3.135655879974365,3.704791784286499,0.2780943512916565,0.3245622813701629,0.3710302412509918,0.0929358750581741,22.99130249023437
0.0625635981559753,0.0540886744856834,1.543049693107605,0.0526677034795284,-0.0133334873244166,1.5793064832687378,0.013710344210267,0.1081921532750129,-1.184241533279419,-5.203307628631592,2.4774677753448486,-0.4258893430233001,2.752624034881592,0.5824584364891052,-9.92740535736084,0.0045916154049336,-0.3922737240791321,-4.72409725189209,0.0336156077682971,-0.4480736255645752,1,2.7860145568847656,20.13753318786621,19.0,232.08335876464844,291.12677001953125,350.1701965332031,0.0365578047931194,-0.0024125007912516,1.15639066696167,3.014791488647461,0.4843552410602569,0.4640510082244873,0.4437467753887176,-0.0406084544956684,22.923547744750977
0.0838024169206619,0.3972378075122833,-2.9643924236297607,0.0666143000125885,0.1979225426912307,-2.898137331008911,0.0933329164981842,0.6852249503135681,3.0122509002685547,-4.785139560699463,2.823279857635498,-0.760456383228302,2.3923215866088867,0.5993312001228333,-14.491877555847168,0.5704423785209656,-0.8377378582954407,-9.706738471984863,-0.077281467616558,-0.6333534717559814,1,2.734091281890869,17.478294372558594,389.0,71.77489471435547,227.84896850585935,383.9230346679688,0.0750445052981376,0.4234831929206848,2.8750789165496826,7.57720947265625,0.3990560472011566,0.4263354241847992,0.4536147713661194,0.054558727890253,20.212385177612305
0.0230859406292438,0.1587793827056884,-1.170454502105713,0.0187800526618957,0.0401526950299739,-0.8966633677482605,0.0059474362060427,0.4307751953601837,1.583112359046936,-5.727508068084717,2.192699193954468,-0.1535890251398086,2.623281478881836,0.3952876925468445,-12.290685653686523,-2.294171094894409,0.5281820297241211,-6.563177585601807,0.6817710399627686,0.7675844430923462,1,3.173165798187256,19.404932022094727,77.0,47.21046447753906,189.25567626953125,331.3008728027344,0.0043060830794274,0.2330513149499893,-0.5261574983596802,1.368884563446045,0.2967064082622528,0.3438679873943329,0.3910295963287353,0.0943231806159019,22.57809829711914
0.1492682695388794,0.4511043727397918,-3.1254079341888428,0.1280371099710464,0.169620007276535,-3.1039879322052,0.1161068156361579,0.7211815714836121,-3.085764169692993,-6.258440017700195,2.8093693256378174,0.1175849959254264,2.7355287075042725,1.2185214757919312,-11.926420211791992,-2.4756627082824707,1.35918128490448,-5.667980194091797,1.241596221923828,0.9996859431266784,1,3.118431568145752,19.026874542236328,146.0,50.53010177612305,196.1634521484375,341.7968139648437,0.1086458638310432,0.4748747050762176,3.110100507736206,15.336590766906738,0.3775820434093475,0.4161637425422668,0.4547454416751861,0.077163390815258,22.145307540893555
0.1181701943278312,0.3982128500938415,-2.3812496662139893,0.0995721444487571,0.1166934072971344,-2.181591272354126,0.0790481939911842,0.7283472418785095,-2.7898666858673096,-5.824706077575684,2.578463315963745,0.698140025138855,2.479657888412476,0.5705496668815613,-15.2319974899292,-2.1680965423583984,0.977408528327942,-9.407291412353516,0.2792685031890869,0.9191004037857056,1,3.465940237045288,19.525362014770508,56.0,50.46172332763672,178.48760986328125,306.5135192871094,0.1006767153739929,0.4395154416561126,-2.522671222686768,3.838407516479492,0.2780943512916565,0.3245622813701629,0.3710302412509918,0.0929358750581741,22.99130249023437
0.0730107799172401,0.5041143894195557,-2.8062551021575928,0.0565911680459976,0.2357035875320434,-2.703059196472168,0.0708775892853736,0.7144344449043274,-2.7881972789764404,-6.7881999015808105,2.5099449157714844,-0.4431074261665344,3.1008100509643555,0.5641405582427979,-9.903343200683594,-1.91009259223938,0.6591582298278809,-3.115142822265625,1.10226571559906,0.0097616696730256,1,3.093090295791626,15.316779136657717,1188.0,62.56459426879883,207.2670440673828,351.969482421875,0.0713019669055938,0.5164045691490173,-3.0605618953704834,39.54526519775391,0.3060979545116424,0.346006840467453,0.3859157264232635,0.0798177719116211,18.40987014770508
0.0453264936804771,0.0734787285327911,-3.105541467666626,0.0400933511555194,-0.0514912568032741,-3.053746700286865,0.0314443483948707,0.3801533281803131,3.0798451900482178,-13.345102310180664,2.8828976154327397,-0.9757372736930848,3.617661476135254,0.178943246603012,-15.184378623962402,-2.2707347869873047,0.2042165994644165,-1.839276432991028,1.1799538135528564,-0.6767305731773376,1,2.74457049369812,17.597362518310547,319.0,68.93495178222656,221.73089599609372,374.52685546875,0.0413726344704628,0.2364530116319656,2.5483431816101074,5.11007022857666,0.312336653470993,0.3466123938560486,0.3808881044387817,0.0685514509677887,20.34193229675293
0.1008167490363121,0.5580407977104187,-2.096682071685791,0.1085540726780891,0.24137744307518,-1.862950563430786,0.0355660244822502,0.8293116092681885,-2.8706626892089844,-6.293322563171387,2.366543769836426,0.0112741952762007,-1.0703052282333374,0.3030231595039367,-6.181056976318359,0.5434986352920532,-0.2415638118982315,0.112265408039093,-0.252837985754013,0.9818082451820374,1,3.161652088165283,11.970098495483398,1807.0,102.35829162597656,182.8824157714844,263.4065246582031,0.0911670923233032,0.5293877124786377,-2.44335412979126,45.92363357543945,0.3541832864284515,0.3610526919364929,0.3679220974445343,0.0137388035655021,15.131750106811523
0.0980863943696022,0.5351321697235107,2.9127471446990967,0.091078020632267,0.2630493640899658,2.831054449081421,0.0731442794203758,0.7755090594291687,-2.994938611984253,-6.149946689605713,2.4586737155914307,-0.2102155685424804,2.586134195327759,0.7755175828933716,-13.833101272583008,-2.0012028217315674,1.2657383680343628,-7.683155059814453,1.4759539365768433,-0.4480736255645752,1,3.39446234703064,19.99776840209961,41.0,43.35422134399414,185.5384979248047,327.7227783203125,0.078059583902359,0.5202414393424988,2.960527181625366,1.0063010454177856,0.2667435705661773,0.3173079490661621,0.3678723573684692,0.1011287793517112,23.392229080200195
0.1645808070898056,0.4980583786964416,-2.8744630813598637,0.1319676786661148,0.202852576971054,-2.8929378986358643,0.1266155540943145,0.7680846452713013,-2.825386047363281,-6.165519237518311,2.9572579860687256,-0.642304539680481,2.4312565326690674,0.5807214379310608,-17.422595977783203,-0.3964585065841675,-0.2657154202461242,-11.257076263427734,0.3765891194343567,-0.9130696654319764,1,3.0651659965515137,17.78070068359375,336.0,62.438507080078125,206.70101928710935,350.9635314941406,0.1090677976608276,0.5032582879066467,-2.9385268688201904,19.99203109741211,0.2979689240455627,0.3340581655502319,0.3701474070549011,0.0721784830093383,20.845867156982425
0.057585459202528,0.3342961072921753,-2.7773377895355225,0.0443992018699646,0.1345558166503906,-2.705594062805176,0.0618119537830352,0.6055569052696228,3.111685037612915,-8.557480812072754,2.57588267326355,0.5879337787628174,2.939127206802368,0.8221240639686584,-13.637523651123049,-2.4031994342803955,0.983905792236328,-5.080042362213135,0.3959720134735107,0.7723115682601929,1,2.74457049369812,17.597362518310547,323.0,68.93495178222656,221.73089599609372,374.52685546875,0.0391492284834384,0.3833484649658203,-3.106321334838867,2.110121488571167,0.312336653470993,0.3466123938560486,0.3808881044387817,0.0685514509677887,20.34193229675293
0.1109468415379524,0.4830558001995086,-2.797957181930542,0.0954025760293006,0.2109340131282806,-2.7379567623138428,0.0801567956805229,0.7430017590522766,-2.9658963680267334,-5.419064998626709,2.6157467365264893,-0.8000927567481995,2.4322915077209477,0.154748797416687,-15.33719539642334,-1.2027283906936646,0.2379011660814285,-9.918129920959473,1.0379939079284668,-0.7167425155639648,1,3.0651659965515137,17.78070068359375,917.0,62.438507080078125,206.70101928710935,350.9635314941406,0.0751302912831306,0.4971369206905365,-2.918853282928467,34.92453384399414,0.2979689240455627,0.3340581655502319,0.3701474070549011,0.0721784830093383,20.845867156982425
0.0878110900521278,0.4261746108531952,-3.10512924194336,0.0714264512062072,0.1789282858371734,-3.130234241485596,0.0952738597989082,0.6793929934501648,-2.8843207359313965,-6.207643985748291,2.5597102642059326,-0.7862980961799622,2.519472599029541,0.719782829284668,-15.1282377243042,-0.5119341015815735,-0.0708631426095962,-8.920594215393066,0.7154349684715271,0.8094333410263062,1,2.9758059978485107,18.21444702148437,124.0,61.34770584106445,214.45704650878903,367.5663757324219,0.0785427019000053,0.4445397853851318,-3.0750555992126465,5.46701192855835,0.3001894056797027,0.3443824350833893,0.3885754346847534,0.0883860290050506,21.19025421142578
0.1052738577127456,0.4035159647464752,-3.012111186981201,0.081226147711277,0.154580146074295,-3.0870823860168457,0.0969368368387222,0.5382194519042969,-3.129554510116577,-6.500720977783203,2.729804515838623,-0.0262219440191984,2.6140453815460205,0.8468600511550903,-13.992931365966797,-2.592578411102295,0.6514051556587219,-7.492210388183594,0.6776270866394043,0.9431185126304626,1,3.657741069793701,19.799219131469727,44.0,46.63733673095703,174.24826049804688,301.85919189453125,0.0906864255666732,0.378895103931427,3.098572254180908,3.537858009338379,0.2552598714828491,0.3047497570514679,0.3542396426200866,0.0989797785878181,23.456960678100582
0.1603783518075943,0.3371412754058838,-2.5804569721221924,0.129721313714981,0.0995459258556366,-2.611656665802002,0.1493180245161056,0.5806290507316589,-2.467555046081543,-6.222336292266846,2.843858242034912,-0.3014124035835266,2.5702638626098637,0.8157315254211426,-14.185429573059082,-1.9840781688690183,0.5589185357093811,-7.963092803955078,0.8603309392929077,-0.4627688229084015,1,3.410135269165039,19.074974060058597,116.0,59.13506317138672,187.2455291748047,315.3559875488281,0.0916649103164672,0.358450710773468,-2.5227017402648926,8.167522430419922,0.3334270119667053,0.3706133365631103,0.4077996611595154,0.0743726417422294,22.485109329223636
0.0830137655138969,0.2904404401779175,-2.560097932815552,0.0642511174082756,0.0889231115579605,-2.4109110832214355,0.0755530074238777,0.5410804748535156,-2.5205135345458984,-6.348302841186523,3.4860451221466064,0.7663952112197876,2.334156274795532,1.110119342803955,-22.19803047180176,-2.0369317531585693,1.5836336612701416,-15.84972858428955,0.8172385096549988,0.8036540746688843,1,3.411285400390625,19.20589637756348,75.0,55.94616317749024,185.4529266357422,314.9596862792969,0.0611403249204158,0.3330353796482086,-2.4973809719085693,19.690608978271484,0.2869293093681335,0.3307529091835022,0.3745765388011932,0.0876472443342208,22.6171817779541
0.1531559228897094,0.490489512681961,-2.694272518157959,0.1268315464258194,0.1883634626865387,-2.6479625701904297,0.1114152818918228,0.7720812559127808,-2.606841802597046,-6.585879325866699,2.7852230072021484,0.200674369931221,2.5955522060394287,0.6045892238616943,-14.554255485534668,-2.07973861694336,1.0072519779205322,-7.968376636505127,0.8065775632858276,-0.7541730403900146,1,2.74457049369812,17.597362518310547,570.0,68.93495178222656,221.73089599609372,374.52685546875,0.0921345427632331,0.4986245930194855,-2.674016237258911,20.646053314208984,0.312336653470993,0.3466123938560486,0.3808881044387817,0.0685514509677887,20.34193229675293
0.0278008170425891,0.2500267028808594,3.072115182876587,0.0159927997738122,0.0887257978320121,3.0358002185821533,0.0577651746571064,0.4209912419319153,2.7489309310913086,-5.824907302856445,2.788637161254883,0.1183165833353996,2.5292646884918213,0.1173058599233627,-14.087350845336914,-1.403488039970398,-0.0542119964957237,-8.262443542480469,-0.1725285798311233,-0.0714329332113266,1,3.657741069793701,19.799219131469727,57.0,46.63733673095703,174.24826049804688,301.85919189453125,0.0321343131363391,0.2945151329040527,2.877429485321045,4.42369270324707,0.2552598714828491,0.3047497570514679,0.3542396426200866,0.0989797785878181,23.456960678100582
0.1270273327827453,0.5124929547309875,-2.8143043518066406,0.1046715602278709,0.2291488051414489,-2.8160300254821777,0.0959780737757682,0.7578363418579102,-2.868215084075928,-6.706117630004883,2.650473117828369,-0.4488884210586548,3.930517435073853,0.5308522582054138,-7.396568775177002,-1.55682635307312,0.6168341636657715,-0.6904510259628296,1.0657225847244265,0.9346163272857666,1,2.6986870765686035,15.627185821533203,861.0,87.53201293945312,224.5735626220703,361.6151123046875,0.0946808829903602,0.528448224067688,-3.024526357650757,41.815528869628906,0.3380541205406189,0.356262058019638,0.3744699954986572,0.0364158600568771,18.32587242126465
0.007752017583698,0.4281815886497497,0.0876728594303131,0.0206381902098655,0.2188154757022857,1.173781394958496,0.0347447618842124,0.0475664213299751,1.2760045528411863,-10.864203453063965,3.055163621902466,-0.4188050925731659,2.640212059020996,0.014409102499485,-22.52374839782715,1.3601679801940918,-0.4487797617912292,-11.6595458984375,-0.0299746599048376,0.4536413848400116,1,,,8.0,,,,0.0353365503251552,0.1012859866023063,1.3808974027633667,10.810035705566406,,,,,
0.1607272773981094,0.4799652993679046,-3.083171129226685,0.1450460255146026,0.2137812077999115,-3.079728603363037,0.10451690107584,0.7362238764762878,3.038003444671631,-5.750351428985596,2.655836343765259,-0.1190515309572219,2.4490528106689453,0.4154040515422821,-15.760013580322266,-1.0085479021072388,0.1240256056189537,-10.009661674499512,0.2430771440267563,-0.9858981966972352,1,3.730838060379028,18.427261352539062,516.0,51.68056869506836,164.86322021484375,278.0458679199219,0.1177342161536216,0.5218915343284607,3.0645856857299805,29.72123146057129,0.3485242426395416,0.3771971762180328,0.4058701395988464,0.057345911860466,22.158100128173828
0.0894426107406616,0.5483347177505493,2.9151110649108887,0.0666355565190315,0.294391006231308,2.9113385677337646,0.0928427129983902,0.8140402436256409,2.8862316608428955,-6.352685928344727,2.684147357940674,-0.5609405040740967,2.520547866821289,0.6290178298950195,-15.483614921569824,-2.333055019378662,0.7215484976768494,-9.130928993225098,1.2824890613555908,0.7833824753761292,1,2.734091281890869,17.478294372558594,332.0,71.77489471435547,227.84896850585935,383.9230346679688,0.0793701186776161,0.5647332668304443,2.740895748138428,8.163084983825684,0.3990560472011566,0.4263354241847992,0.4536147713661194,0.054558727890253,20.212385177612305
0.0954454019665718,0.4265042245388031,-3.056720495223999,0.0910225063562393,0.2129227370023727,-2.9331748485565186,0.0701263174414634,0.6830252408981323,3.086465358734131,-5.566518306732178,2.691944122314453,-0.0390122272074222,2.520451545715332,0.4189133942127228,-13.702682495117188,-2.970341920852661,0.4648094773292541,-8.136164665222168,0.5038217306137085,0.7752004861831665,1,2.885401964187622,18.66289329528809,208.0,51.31468963623047,214.58322143554688,377.8517456054688,0.0641848891973495,0.4325475692749023,2.9635486602783203,4.214715957641602,0.3792149424552917,0.4163238108158111,0.4534326791763305,0.0742177292704582,21.548295974731445
0.1109273731708526,0.4710613191127777,2.9487593173980717,0.0784023255109787,0.1947510987520218,2.952963590621948,0.1029928997159004,0.6804051399230957,2.8991832733154297,-7.016018390655518,2.8765738010406494,0.6164131164550781,2.5332043170928955,1.13165283203125,-17.10015869140625,-1.970321536064148,1.712223768234253,-10.084139823913574,1.0958106517791748,-0.7195301651954651,1,3.118431568145752,19.026874542236328,102.0,50.53010177612305,196.1634521484375,341.7968139648437,0.0833887085318565,0.4739571213722229,2.814465284347534,11.527298927307127,0.3775820434093475,0.4161637425422668,0.4547454416751861,0.077163390815258,22.145307540893555
0.0604213923215866,0.1740743964910507,-2.587308883666992,0.0407602228224277,0.0150384977459907,-2.4455020427703857,0.0676759108901023,0.3062034249305725,-2.6530351638793945,-7.174103260040283,2.6316165924072266,0.5111522078514099,2.652331113815308,1.340835452079773,-15.016627311706545,-1.9815431833267207,1.5782625675201416,-7.84252405166626,1.067110300064087,0.3940467238426208,1,3.465940237045288,19.525362014770508,89.0,50.46172332763672,178.48760986328125,306.5135192871094,0.0372268185019493,0.2170915007591247,-2.837854623794556,5.897284030914307,0.2780943512916565,0.3245622813701629,0.3710302412509918,0.0929358750581741,22.99130249023437
0.0626041516661644,0.551952064037323,-3.1003756523132324,0.0566236823797225,0.2626055181026459,3.140543222427368,0.0696417465806007,0.760517954826355,-2.7606639862060547,-5.8902587890625,2.7676708698272705,-0.3321746289730072,2.509993553161621,0.5202997326850891,-14.68466854095459,-1.358103632926941,0.4812130033969879,-8.79440975189209,0.8133876323699951,0.3371590077877044,1,3.410135269165039,19.074974060058597,116.0,59.13506317138672,187.2455291748047,315.3559875488281,0.0696815699338913,0.5147947669029236,-2.946109771728516,14.744606018066406,0.3334270119667053,0.3706133365631103,0.4077996611595154,0.0743726417422294,22.485109329223636
0.184531882405281,0.4215863347053528,-2.863104343414306,0.1604678779840469,0.1567036062479019,-2.8464596271514893,0.1280974596738815,0.7181671857833862,-2.864887237548828,-6.344106197357178,2.929264545440674,0.5585815906524658,2.530120372772217,1.3003880977630615,-15.168766975402832,-2.724856376647949,1.3378034830093384,-8.824660301208496,0.7792218923568726,0.9250439405441284,1,3.657741069793701,19.799219131469727,68.0,46.63733673095703,174.24826049804688,301.85919189453125,0.1078948080539703,0.4724026322364807,-2.914267539978028,6.835289001464844,0.2552598714828491,0.3047497570514679,0.3542396426200866,0.0989797785878181,23.456960678100582
0.0405255332589149,0.3168014585971832,-3.0658767223358154,0.0364015027880668,0.1637594848871231,-3.0986533164978027,0.0181508027017116,0.5670204162597656,-2.8742733001708984,-4.42669677734375,2.5811781883239746,-0.1503390967845916,2.42233681678772,0.3155547380447387,-12.909923553466797,-0.850199282169342,0.3776257634162903,-8.483226776123047,0.5279648900032043,1.0,1,3.657741069793701,19.799219131469727,328.0,46.63733673095703,174.24826049804688,301.85919189453125,0.0251459088176488,0.3911847472190857,-2.910383939743042,2.7802884578704834,0.2552598714828491,0.3047497570514679,0.3542396426200866,0.0989797785878181,23.456960678100582
0.0577557943761348,0.3500354588031769,-2.6134743690490723,0.0385350584983825,0.1289620399475097,-2.5062708854675293,0.0364514514803886,0.613834798336029,-2.667278289794922,-6.193652153015137,2.9679994583129883,0.4967666864395141,2.563331127166748,0.4341268837451935,-14.26039981842041,-1.4342420101165771,0.6643795371055603,-8.066747665405273,0.1676128357648849,-0.6165115237236023,1,3.392768144607544,19.320724487304688,112.0,53.490020751953125,183.22525024414065,312.9604797363281,0.0316131450235843,0.3879419565200805,-2.6485626697540283,8.463142395019531,0.3090569078922272,0.3536306321620941,0.398204356431961,0.0891474261879921,22.71349334716797
0.0755432248115539,0.2015501707792282,-2.567753314971924,0.0607395321130752,0.0036483572330325,-2.2560842037200928,0.0771754831075668,0.4445824921131134,-2.6360747814178467,-4.808840274810791,2.259850025177002,0.1240203753113746,3.0189661979675293,0.5309778451919556,-7.380014419555664,-2.718924045562744,0.586120069026947,-2.571174144744873,0.4620997011661529,-0.9627588391304016,1,2.885401964187622,18.66289329528809,259.0,51.31468963623047,214.58322143554688,377.8517456054688,0.0541157573461532,0.2994933128356933,-2.548612356185913,13.373269081115724,0.3792149424552917,0.4163238108158111,0.4534326791763305,0.0742177292704582,21.548295974731445
0.077801801264286,0.5298060774803162,2.9774880409240723,0.0622218549251556,0.2563013434410095,2.9230339527130127,0.0733137279748916,0.7836122512817383,-3.023879051208496,-7.203422546386719,2.1739044189453125,0.3117364645004272,3.092345952987671,0.8754479885101318,-10.452467918395996,-1.5879218578338623,0.9432111978530884,-3.2490453720092773,0.6314747333526611,-0.1429940313100814,1,2.808234930038452,18.01627540588379,282.0,66.25189971923828,214.6026306152344,362.9533386230469,0.07164166867733,0.5387484431266785,2.957157850265503,20.375652313232425,0.3095056712627411,0.343427836894989,0.3773500025272369,0.0678443312644958,20.82451057434082
0.0343767814338207,0.6201083660125732,2.8268816471099854,0.0299617238342762,0.3532251715660095,2.3390984535217285,0.0428288169205188,0.8145215511322021,2.8915016651153564,-6.569082260131836,2.8744664192199707,-0.018676022067666,3.069761276245117,0.7346286177635193,-9.932794570922852,-1.992216110229492,1.042370080947876,-3.3637125492095947,1.061046123504639,0.5377202033996582,1,3.994861125946045,19.950164794921875,476.0,47.220436096191406,155.07460021972656,262.92877197265625,0.0485786348581314,0.5825085639953613,2.8067102432250977,23.43784523010254,0.2510209083557129,0.2809369266033172,0.310852974653244,0.0598320662975311,23.94502639770508
0.0745694637298584,0.1534454524517059,-2.2899365425109863,0.0549756921827793,-0.0055972067639231,-2.128321647644043,0.0768143683671951,0.379631906747818,2.6301889419555664,-5.838554382324219,2.363777875900269,0.1663278192281723,2.7302377223968506,0.470516562461853,-11.226484298706056,-1.63110089302063,0.4773153960704803,-5.387929439544678,0.3109875619411468,0.9979494214057922,1,3.5199265480041504,19.628707885742188,66.0,40.34352111816406,187.0533905029297,333.7632751464844,0.0424799919128418,0.2449299246072769,-2.714600086212158,8.445757865905762,0.2520710527896881,0.3043581545352936,0.3566452264785766,0.1045741662383079,23.14863586425781
0.0468717329204082,0.5724270343780518,-3.018110990524292,0.0457607097923755,0.2978949248790741,2.826129674911499,0.0520838871598243,0.7583038210868835,-2.91689395904541,-6.52863359451294,3.571329355239868,-0.4896244704723358,2.4050214290618896,0.4280196130275726,-19.193452835083008,-0.2384154945611953,-0.3944121897220611,-12.66481876373291,0.0952122882008552,0.9190003275871276,1,2.753003597259521,18.73645782470703,218.0,161.0562744140625,249.90972900390625,338.76318359375,0.0434609241783618,0.5404538512229919,2.9453938007354736,30.906776428222656,0.4725236296653747,0.4553488194942474,0.4381740093231201,-0.0343496389687061,21.48946189880371
0.1358550190925598,0.3754364252090454,-2.683906078338623,0.1124023720622062,0.1666030138731002,-2.549999237060547,0.1477952748537063,0.6412445306777954,-2.75513243675232,-6.695803642272949,2.6670663356781006,-0.041011307388544,2.668769598007202,0.5309739112854004,-13.714451789855955,-1.7748181819915771,0.6156242489814758,-7.018648624420166,0.656635582447052,-0.1299926489591598,1,3.118431568145752,19.026874542236328,123.0,50.53010177612305,196.1634521484375,341.7968139648437,0.0975390151143074,0.4289894700050354,-2.7341079711914062,11.281024932861328,0.3775820434093475,0.4161637425422668,0.4547454416751861,0.077163390815258,22.145307540893555
0.1493548303842544,0.4312312006950378,-3.013134002685547,0.1128599420189857,0.1529290229082107,-3.0300958156585693,0.1624563783407211,0.6225882768630981,-2.961282730102539,-5.485104560852051,2.6710808277130127,-1.2217121124267578,2.305216073989868,0.3574621081352234,-20.69508934020996,0.2257178872823715,-0.4674245119094848,-15.209983825683594,0.754287600517273,-0.546902596950531,1,3.173165798187256,19.404932022094727,197.0,47.21046447753906,189.25567626953125,331.3008728027344,0.1212134435772895,0.4357723593711853,3.134612560272217,23.95172119140625,0.2967064082622528,0.3438679873943329,0.3910295963287353,0.0943231806159019,22.57809829711914
0.0726258680224418,0.1052008047699928,-2.7251763343811035,0.046044111251831,-0.036707766354084,3.1187329292297363,0.083306610584259,0.266570121049881,-2.812763929367065,-6.640954971313477,2.7906205654144287,-0.665985107421875,2.4356260299682617,1.1019569635391235,-18.712352752685547,-1.3392565250396729,0.9674520492553712,-12.071398735046388,1.633437156677246,-0.5984600782394409,1,3.410135269165039,19.074974060058597,185.0,59.13506317138672,187.2455291748047,315.3559875488281,0.052487563341856,0.1806031316518783,-2.847727537155152,13.648222923278809,0.3334270119667053,0.3706133365631103,0.4077996611595154,0.0743726417422294,22.485109329223636
0.046473529189825,0.6413589119911194,2.5025651454925537,0.0673553645610809,0.3780277669429779,2.1520111560821533,0.0447828844189643,0.7971670031547546,-3.049628973007202,-6.0056562423706055,2.8566157817840576,-1.5631507635116575,2.436311960220337,0.5174475908279419,-16.85197639465332,1.5483109951019287,-0.8562501072883606,-10.846320152282717,0.7069006562232971,0.8872680068016052,1,3.983753442764282,20.45998764038086,214.0,45.82193374633789,152.7532958984375,259.6846618652344,0.0557049922645092,0.604142963886261,2.412198543548584,23.916410446166992,0.3597644865512848,0.3889688849449157,0.4181732535362243,0.0584087595343589,24.44374084472656
0.0683535784482956,0.3269481658935547,2.2442526817321777,0.0198270138353109,0.0248424839228391,-1.9594563245773315,0.2344530671834945,0.576848030090332,1.8269257545471191,-7.630856037139893,2.4662442207336426,0.497353732585907,10.40388298034668,0.4382321834564209,-6.149379730224609,-1.9975664615631104,0.67955082654953,1.4814761877059937,0.1821970790624618,-0.830361008644104,1,2.631620168685913,14.948774337768556,1228.0,87.93116760253906,229.4968719482422,371.06256103515625,0.1537688970565796,0.4305254220962524,1.8667532205581665,29.24517059326172,0.3340300917625427,0.3542193472385406,0.3744086325168609,0.0403785295784473,17.580394744873047
0.0418406426906585,-0.1187835037708282,2.051785945892334,0.034904234111309,-0.1578625738620758,2.034419298171997,0.0199511013925075,0.1015804186463356,-2.97673773765564,-6.882988929748535,3.4769186973571777,0.2797377407550812,2.4631364345550537,0.3870314955711365,-18.39310073852539,-0.598345935344696,0.133304476737976,-11.510111808776855,-0.1464332640171051,1.0,1,3.980741262435913,19.469581604003903,3.0,41.70575714111328,150.978515625,260.25128173828125,0.0327329263091087,-0.0838375613093376,2.070562601089477,0.9274099469184875,0.3164538443088531,0.3530171811580658,0.3895805180072784,0.0731266736984252,23.4503231048584
0.2004801630973816,0.2292726933956146,-2.711624383926392,0.1449624001979828,-0.0039886333979666,-2.723724126815796,0.1636109352111816,0.4803030490875244,-2.748466730117798,-5.599191665649414,2.5625338554382324,0.2003454715013504,2.478666305541992,1.5032438039779663,-14.872879981994627,-2.374368667602539,1.9143273830413816,-9.273688316345217,1.713981866836548,0.0216997563838958,1,3.173165798187256,19.404932022094727,101.0,47.21046447753906,189.25567626953125,331.3008728027344,0.1121564358472824,0.3235027194023132,-2.7697575092315674,7.532105922698975,0.2967064082622528,0.3438679873943329,0.3910295963287353,0.0943231806159019,22.57809829711914
0.0548023171722888,0.2268843501806259,2.590325832366944,0.0391738079488277,0.0438386686146259,2.3945436477661133,0.0639939233660698,0.3621754050254822,3.1093640327453613,-6.71265983581543,2.6382153034210205,0.5261642932891846,2.5239787101745605,1.1818166971206665,-16.171554565429688,-2.405580282211304,1.5409899950027466,-9.45889377593994,1.014825701713562,-0.5984600782394409,1,3.657741069793701,19.799219131469727,66.0,46.63733673095703,174.24826049804688,301.85919189453125,0.0470189377665519,0.2787359952926636,2.4415199756622314,0.9274099469184875,0.2552598714828491,0.3047497570514679,0.3542396426200866,0.0989797785878181,23.456960678100582
0.1516189724206924,0.4825756847858429,-2.945319652557373,0.1334680020809173,0.1856107711791992,-2.9279322624206543,0.1109143570065498,0.7487235069274902,-2.9944541454315186,-5.487631320953369,2.6504275798797607,-0.099378801882267,2.3495490550994877,0.2981103956699371,-18.47878837585449,-1.9540663957595823,0.1211080253124237,-12.991156578063965,0.2204868197441101,-0.6218034625053406,1,3.0651659965515137,17.78070068359375,586.0,62.438507080078125,206.70101928710935,350.9635314941406,0.0961004495620727,0.4915201365947723,-2.9822773933410645,24.643184661865234,0.2979689240455627,0.3340581655502319,0.3701474070549011,0.0721784830093383,20.845867156982425
0.0297957621514797,0.1896651834249496,2.203695297241211,0.0270195174962282,0.0545963235199451,1.756511092185974,0.0188703685998916,0.0467249006032943,1.7469383478164673,-5.275819301605225,2.7756800651550293,-0.3922531902790069,2.3932254314422607,0.7400891780853271,-16.374073028564453,0.0424545370042324,-0.6271939873695374,-11.09825325012207,-0.2349408119916916,0.8586366176605225,1,3.2021901607513428,16.90087127685547,570.0,63.20361328125,194.62864685058597,326.0536804199219,0.0335526280105114,0.1363808512687683,1.619489073753357,11.913423538208008,0.336027055978775,0.3724278211593628,0.4088286161422729,0.0728015527129173,20.10306167602539
0.0725083798170089,0.5987637042999268,2.5850729942321777,0.0872945934534072,0.3290769755840301,2.449392795562744,0.0880584716796875,0.7838233113288879,2.730287551879883,-7.10385799407959,3.065342426300049,-0.4816756844520569,3.286223888397217,0.30413419008255,-9.47852611541748,-1.6829607486724854,0.2193985879421234,-2.3746683597564697,0.7010743021965027,-0.8507005572319031,1,3.983753442764282,20.45998764038086,197.0,45.82193374633789,152.7532958984375,259.6846618652344,0.0884274095296859,0.5632774829864502,2.59032678604126,15.470779418945312,0.3597644865512848,0.3889688849449157,0.4181732535362243,0.0584087595343589,24.44374084472656
0.0439717844128608,0.1626835316419601,-2.875333547592163,0.0222561042755842,0.0376899689435958,-2.930696487426758,0.0636133253574371,0.2021594494581222,-3.0545101165771484,-7.987266540527344,2.8363914489746094,0.6642837524414062,2.5806803703308105,0.9725433588027954,-17.78225326538086,-1.916081786155701,1.0016266107559204,-9.7949857711792,0.3373428881168365,-0.0821921825408935,1,3.39446234703064,19.99776840209961,34.0,43.35422134399414,185.5384979248047,327.7227783203125,0.0333966687321662,0.1585666835308075,2.998807907104492,8.791728019714355,0.2667435705661773,0.3173079490661621,0.3678723573684692,0.1011287793517112,23.392229080200195
0.1291642785072326,0.212336778640747,-2.722668170928955,0.0858468413352966,0.0147316548973321,-2.752814531326294,0.1280398815870285,0.2870013415813446,-2.6211674213409424,-7.22747278213501,2.7070066928863525,0.0105505771934986,2.7040274143218994,1.306008219718933,-14.146648406982422,-2.6079540252685547,1.6892318725585938,-6.919175624847412,1.678681254386902,-0.8212816119194031,1,3.657741069793701,19.799219131469727,52.0,46.63733673095703,174.24826049804688,301.85919189453125,0.0962169617414474,0.2462265938520431,-2.9242043495178223,13.953636169433594,0.2552598714828491,0.3047497570514679,0.3542396426200866,0.0989797785878181,23.456960678100582
0.0409736447036266,0.0267038717865943,-3.022221088409424,0.0321947783231735,-0.0927252247929573,-3.0689680576324463,0.0589833781123161,0.3276196122169494,3.0497031211853027,-5.5256123542785645,3.6842660903930655,-1.899525761604309,2.2765016555786133,0.5260188579559326,-22.48447799682617,1.008251428604126,-0.7799587845802307,-16.958866119384766,1.1195669174194336,-0.4480736255645752,1,2.9364941120147705,18.98731231689453,201.0,51.80620193481445,207.6121368408203,363.4180603027344,0.0413310714066028,0.2160911411046981,2.8132784366607666,14.776473999023438,0.3372949361801147,0.3773913979530334,0.4174878597259521,0.080192930996418,21.92380714416504
0.0749444589018821,0.4102096557617187,2.2856204509735107,0.0775762423872947,0.2486068308353424,2.1952223777771,0.0727577656507492,0.6316252946853638,2.607189655303955,-6.924642086029053,3.016011476516724,-0.0062973815947771,2.576657295227051,0.2032841742038726,-15.590730667114258,-1.253960371017456,0.2968400418758392,-8.666089057922363,0.3031374216079712,-0.7878589630126953,1,3.196359872817993,18.5269832611084,20.0,88.08850860595703,203.17916870117188,318.26983642578125,0.0873460620641708,0.4264892935752868,2.209314346313477,4.113168239593506,0.418883204460144,0.4234925806522369,0.4281019568443298,0.0092187710106372,21.72334289550781
0.151351660490036,0.5714662671089172,3.049149751663208,0.132026195526123,0.3005513250827789,3.044785499572754,0.1320107579231262,0.7907099723815918,3.000962495803833,-6.161498069763184,3.0145070552825928,-0.1034741699695587,2.3707098960876465,0.5577496886253357,-19.75441551208496,2.1763899326324463,-0.3464717864990234,-13.592918395996094,-0.2429976165294647,-0.1774610430002212,1,3.994861125946045,19.950164794921875,303.0,47.220436096191406,155.07460021972656,262.92877197265625,0.1271325051784515,0.5819273591041565,2.925000667572021,24.195199966430664,0.2510209083557129,0.2809369266033172,0.310852974653244,0.0598320662975311,23.94502639770508
0.0946957990527153,0.5131348967552185,2.6599459648132324,0.0823514610528945,0.2297645360231399,2.713845014572144,0.0695336237549781,0.7807703018188477,2.328686475753784,-6.660254001617432,2.904847383499145,0.1301300078630447,2.517982006072998,0.9542935490608216,-16.31459617614746,-1.7527048587799072,1.231143593788147,-9.654341697692873,1.1010135412216189,0.1676671952009201,1,2.808234930038452,18.01627540588379,985.0,66.25189971923828,214.6026306152344,362.9533386230469,0.0938778296113014,0.54538893699646,2.451915740966797,10.28719997406006,0.3095056712627411,0.343427836894989,0.3773500025272369,0.0678443312644958,20.82451057434082
0.1668508201837539,0.3830603063106537,-3.11712646484375,0.1312364190816879,0.1454372853040695,-3.1023764610290527,0.1611432284116745,0.670319139957428,3.042962074279785,-7.1675639152526855,3.209028720855713,-0.8395009636878967,2.8731765747070312,1.0708303451538086,-12.31911277770996,-2.789240837097168,1.0126628875732422,-5.151548385620117,1.852163791656494,0.9843819737434388,1,3.657741069793701,19.799219131469727,69.0,46.63733673095703,174.24826049804688,301.85919189453125,0.1373967826366424,0.4400708973407745,3.090245246887207,6.016571998596191,0.2552598714828491,0.3047497570514679,0.3542396426200866,0.0989797785878181,23.456960678100582
0.0709335654973983,0.5647990703582764,2.9558329582214355,0.0672686249017715,0.2786193788051605,2.841733932495117,0.0607664920389652,0.7607825994491577,-2.906397819519043,-6.910543918609619,2.5429012775421143,-0.1856947988271713,2.860139846801758,0.5956117510795593,-11.764174461364746,-2.2934281826019287,0.6006243824958801,-4.853630542755127,0.7863191962242126,-0.6362659335136414,1,3.036694288253784,18.5638484954834,138.0,62.96828079223633,233.67843627929688,404.38861083984375,0.0630891844630241,0.5410751104354858,2.972017526626587,12.76455783843994,0.3499263226985931,0.3878600895404815,0.42579385638237,0.0758675336837768,21.60054397583008
0.0615098066627979,0.5821372270584106,2.8418400287628174,0.0582105442881584,0.2856720089912414,2.599477767944336,0.0676897689700126,0.7726525664329529,-2.7063751220703125,-6.525928974151611,2.585596799850464,0.9668356776237488,2.67657470703125,1.2141660451889038,-13.09122085571289,-1.686057448387146,1.588600993156433,-6.565291881561279,0.6217652559280396,0.8055985569953918,1,3.410135269165039,19.074974060058597,94.0,59.13506317138672,187.2455291748047,315.3559875488281,0.0618796497583389,0.505334198474884,2.929415225982666,2.2205278873443604,0.3334270119667053,0.3706133365631103,0.4077996611595154,0.0743726417422294,22.485109329223636
0.0943630561232566,0.4003381431102752,2.8711278438568115,0.0730823203921318,0.1555369198322296,2.701302289962769,0.0897491797804832,0.6215862035751343,3.117254734039306,-6.0045695304870605,2.3793132305145264,0.5294325351715088,2.737319231033325,0.3812877535820007,-11.332566261291504,-1.7522557973861694,0.4810703098773956,-5.327996253967285,-0.0483622066676616,0.9953193068504332,1,3.054409503936768,18.34471893310547,131.0,56.8506965637207,204.9571075439453,353.0635070800781,0.0689020454883575,0.438424289226532,2.6353988647460938,13.921823501586914,0.3400812745094299,0.3798059821128845,0.4195307195186615,0.0794494524598121,21.39912796020508
0.128941923379898,0.4606085121631622,-2.966442584991455,0.1056331545114517,0.1830772906541824,-2.972409009933472,0.1014472618699073,0.7306903004646301,-2.8802578449249268,-6.841378688812256,2.8297998905181885,-0.3648233115673065,2.4828052520751958,0.7514618635177612,-17.662260055541992,-2.0564279556274414,0.9743672609329224,-10.820881843566896,1.3391906023025513,-0.8444151282310486,1,3.054409503936768,18.34471893310547,152.0,56.8506965637207,204.9571075439453,353.0635070800781,0.0764210969209671,0.4727303385734558,-3.123373985290528,24.88088607788086,0.3400812745094299,0.3798059821128845,0.4195307195186615,0.0794494524598121,21.39912796020508
0.1321974396705627,0.2940063774585724,-2.9495668411254883,0.0994746536016464,0.0847271904349327,-3.0862016677856445,0.1444441825151443,0.4674534201622009,-2.7766783237457275,-6.490246772766113,2.808540105819702,-0.7940343022346497,2.900057554244995,0.8678424954414368,-10.779454231262209,-2.027686595916748,0.9558830857276917,-4.289207935333252,1.7499173879623413,0.8925351500511169,1,3.465940237045288,19.525362014770508,164.0,50.46172332763672,178.48760986328125,306.5135192871094,0.110587365925312,0.3284870684146881,-2.9903454780578613,14.524625778198242,0.2780943512916565,0.3245622813701629,0.3710302412509918,0.0929358750581741,22.99130249023437
0.187825858592987,0.2772572636604309,-2.8386154174804688,0.1335066854953766,0.0224204510450363,-2.8494107723236084,0.1785455197095871,0.4711515009403229,-2.824167490005493,-6.042464256286621,3.177725076675415,-0.2097830474376678,2.345470428466797,0.3796843290328979,-20.52597045898437,-1.3014578819274902,0.5424084663391113,-14.483506202697754,0.7521915435791016,-0.5789157152175903,1,3.657741069793701,19.799219131469727,201.0,46.63733673095703,174.24826049804688,301.85919189453125,0.1148958876729011,0.3226454555988312,-2.9088709354400635,24.935148239135746,0.2552598714828491,0.3047497570514679,0.3542396426200866,0.0989797785878181,23.456960678100582
0.1280317455530166,0.2646526098251343,2.9617133140563965,0.1002484932541847,0.0823663994669914,2.959839105606079,0.1373083591461181,0.5261138081550598,-3.11479115486145,-6.104275226593018,2.872317314147949,-0.3522270619869232,2.474071264266968,0.2821236550807953,-16.05508041381836,-3.033414602279663,0.5912922620773315,-9.950804710388184,0.9435192942619324,-0.8625136613845825,1,3.657741069793701,19.799219131469727,58.0,46.63733673095703,174.24826049804688,301.85919189453125,0.095758780837059,0.317030668258667,2.7810821533203125,3.838292121887207,0.2552598714828491,0.3047497570514679,0.3542396426200866,0.0989797785878181,23.456960678100582
0.0582831986248493,0.377726137638092,-2.349364757537842,0.0397030711174011,0.1526205986738205,-2.0627400875091557,0.0653170943260192,0.612623929977417,-2.0547242164611816,-3.072446823120117,2.638640880584717,0.6095898747444153,2.4342458248138428,0.7964569330215454,-9.025683403015137,-2.5616614818573,0.9539443850517272,-5.95323657989502,0.344354510307312,-0.7766050696372986,1,3.392768144607544,19.320724487304688,60.0,53.490020751953125,183.22525024414065,312.9604797363281,0.0437874235212802,0.4408547580242157,-2.414924144744873,2.217794179916382,0.3090569078922272,0.3536306321620941,0.398204356431961,0.0891474261879921,22.71349334716797
0.0516078919172287,0.3462611436843872,-3.137495756149292,0.0521676279604435,0.1888649761676788,-3.072471857070923,0.0318265967071056,0.5655418038368225,2.8382084369659424,-6.637259483337402,2.754617214202881,-0.3084794580936432,2.497760057449341,0.6836683750152588,-16.667423248291016,3.1121902465820312,0.4044833183288574,-10.030163764953612,0.712962806224823,-0.5984600782394409,1,,,11.0,,,,0.0324706956744194,0.350534051656723,2.709379196166992,1.854334115982056,,,,,
0.1262890249490738,0.1727667152881622,-2.3000752925872803,0.0853124782443046,-0.0239597782492637,-2.129977226257324,0.1052678748965263,0.5105507969856262,-2.451375961303711,-7.078717708587647,2.8872711658477783,1.6607455015182495,2.513637065887451,2.382797241210937,-17.257434844970703,-2.243450880050659,3.06557297706604,-10.178716659545898,1.4048274755477903,-0.045412540435791,1,2.9364941120147705,18.98731231689453,148.0,51.80620193481445,207.6121368408203,363.4180603027344,0.059792660176754,0.3227310180664062,-2.6401541233062744,4.428047180175781,0.3372949361801147,0.3773913979530334,0.4174878597259521,0.080192930996418,21.92380714416504
0.0672436282038688,0.4412617087364197,2.9580748081207275,0.0600440986454486,0.1955101937055587,2.9921774864196777,0.073540486395359,0.6648390293121338,2.9552488327026367,-6.950099468231201,2.882720232009888,-0.6825918555259705,2.5538246631622314,0.700908899307251,-16.207361221313477,2.5605058670043945,-0.1801514774560928,-9.257262229919434,0.5024403929710388,-0.9524332880973816,1,,,17.0,,,,0.0498166009783744,0.4245073795318603,2.825472831726074,10.58877944946289,,,,,
0.1747086942195892,0.4797434210777282,-2.9190380573272705,0.150423526763916,0.1903517097234726,-2.836270809173584,0.1384032517671585,0.7483447194099426,-3.0167887210845947,-5.953146934509277,2.9210398197174072,0.0643715634942054,2.7226674556732178,0.3308529257774353,-11.444842338562012,-2.570193290710449,0.2929643094539642,-5.491695880889893,0.2285927385091781,0.6318296790122986,1,3.267818689346313,17.488300323486328,215.0,59.99748229980469,200.58523559570312,341.1730041503906,0.1197861433029174,0.504855215549469,-3.053645133972168,17.964231491088867,0.2885841429233551,0.3255399465560913,0.3624957501888275,0.0739115998148918,20.756118774414062
0.2151194363832473,0.4083755016326904,-2.790547132492065,0.1798482686281204,0.1347067058086395,-2.756885051727295,0.1934138983488083,0.6809179782867432,-2.842475652694702,-5.0868821144104,2.816896438598633,-0.649891197681427,2.442019462585449,0.2794682681560516,-14.150493621826172,-0.9430264234542848,0.1553664952516555,-9.063611030578612,0.8052577376365662,-0.588946521282196,1,3.173165798187256,19.404932022094727,67.0,47.21046447753906,189.25567626953125,331.3008728027344,0.1533622443675995,0.4479343891143799,-2.833948850631714,11.44386100769043,0.2967064082622528,0.3438679873943329,0.3910295963287353,0.0943231806159019,22.57809829711914
0.0207000374794006,0.111268900334835,-2.6015725135803223,0.0111666107550263,0.0121821742504835,-2.5998694896698,0.0358944721519947,0.2272568941116333,2.8726322650909424,-4.589325428009033,2.8492274284362797,0.4047850668430328,2.6289706230163574,0.6496883034706116,-9.88976764678955,-2.1915805339813232,0.7962275743484497,-5.300441741943359,0.3914425075054168,0.4023272395133972,1,2.808234930038452,18.01627540588379,445.0,66.25189971923828,214.6026306152344,362.9533386230469,0.0141872661188244,0.1792428791522979,2.1362738609313965,1.368729829788208,0.3095056712627411,0.343427836894989,0.3773500025272369,0.0678443312644958,20.82451057434082
0.1437838971614837,0.5092138648033142,-3.0754780769348145,0.1213981732726097,0.2282149195671081,-3.093439102172852,0.1047539040446281,0.7500196695327759,-2.8464274406433105,-5.967865467071533,3.0844125747680664,-0.4024734199047088,2.377718925476074,0.6760836839675903,-18.814348220825195,-2.074068307876587,0.936514973640442,-12.84648323059082,1.3389884233474731,0.2649890184402466,1,2.9065990447998047,18.178577423095703,857.0,65.0228500366211,210.05548095703125,355.0881042480469,0.0991781204938888,0.5294399261474609,-3.087365865707397,32.72660827636719,0.3107778131961822,0.3436519801616668,0.3765261471271515,0.065748356282711,21.085176467895508
0.0744112804532051,0.3211101293563843,-3.090625524520874,0.0550375655293464,0.1005706191062927,3.035264730453491,0.0844857692718505,0.5201685428619385,-3.029054641723633,-6.358574867248535,2.796315908432007,-0.3237676620483398,2.5190200805664062,0.5297833681106567,-15.564529418945312,-1.7319098711013794,0.6270698308944702,-9.205954551696776,0.95083749294281,0.4043629169464111,1,2.885401964187622,18.66289329528809,339.0,51.31468963623047,214.58322143554688,377.8517456054688,0.0588176921010017,0.3990624547004699,2.8275606632232666,4.887454032897949,0.3792149424552917,0.4163238108158111,0.4534326791763305,0.0742177292704582,21.548295974731445
0.06600371748209,0.2500623166561126,-2.930551052093506,0.0486119017004966,0.046314675360918,-3.0361151695251465,0.0839646309614181,0.4020876884460449,-2.996815919876098,-7.074430465698242,2.4326326847076416,0.5026543140411377,2.674252986907959,0.9612587094306946,-14.152552604675291,-2.2583701610565186,1.1993873119354248,-7.078122138977051,0.6967329978942871,0.795203447341919,1,4.068943023681641,20.67410469055176,11.0,40.45014190673828,147.04530334472656,253.6404571533203,0.052200686186552,0.2098809331655502,-3.094691276550293,4.103354454040527,0.3781771659851074,0.4055792689323425,0.4329813420772552,0.0548041760921478,24.74304580688477
0.1488735675811767,0.2856566309928894,-3.121626615524292,0.1050662025809288,0.0423106029629707,3.1077020168304443,0.1374906450510025,0.5214453339576721,-2.981794834136963,-6.116943359375,3.0876481533050537,-0.4761757552623749,2.470176696777344,0.897912323474884,-16.137649536132812,-2.240896463394165,1.0008420944213867,-10.020707130432127,1.477017879486084,0.6836842894554138,1,3.657741069793701,19.799219131469727,77.0,46.63733673095703,174.24826049804688,301.85919189453125,0.1062101125717163,0.3608509302139282,2.986264944076538,7.069134712219238,0.2552598714828491,0.3047497570514679,0.3542396426200866,0.0989797785878181,23.456960678100582
0.1560996025800705,0.2051601111888885,-2.840162754058838,0.1134302243590354,0.0074280719272792,-2.854110717773437,0.1569901704788208,0.4574072062969208,-2.8082873821258545,-5.772027969360352,3.006112813949585,0.0404399149119854,2.627350330352783,1.224189519882202,-12.370687484741213,-2.613055467605591,1.5264869928359983,-6.598659038543701,1.4860471487045288,0.3910377919673919,1,3.392768144607544,19.320724487304688,102.0,53.490020751953125,183.22525024414065,312.9604797363281,0.126689925789833,0.2859706878662109,-2.920668125152588,8.16023063659668,0.3090569078922272,0.3536306321620941,0.398204356431961,0.0891474261879921,22.71349334716797
0.0471083559095859,0.4129331111907959,1.1713566780090332,0.0559352487325668,0.1559046655893325,1.030485987663269,0.0234514530748128,0.6665288805961609,2.3491194248199463,-6.831804275512695,2.5204381942749023,1.1063106060028076,2.5926501750946045,1.384782075881958,-15.04245948791504,-1.6292364597320557,1.628714084625244,-8.210655212402344,0.5224035978317261,0.3461936414241791,1,3.054409503936768,18.34471893310547,120.0,56.8506965637207,204.9571075439453,353.0635070800781,0.033424224704504,0.4254271686077118,1.6784749031066897,5.465614795684815,0.3400812745094299,0.3798059821128845,0.4195307195186615,0.0794494524598121,21.39912796020508
0.1312382817268371,0.3001708090305328,-2.987770795822144,0.0984598249197006,0.0754839181900024,-2.8811495304107666,0.1352032572031021,0.4994128048419952,-3.03263521194458,-6.504697799682617,2.979086875915528,-0.8899304270744324,2.634579658508301,0.927463710308075,-13.842525482177734,-2.6660947799682617,0.9216595888137816,-7.337828159332275,1.8115900754928589,0.9163989424705504,1,3.118431568145752,19.026874542236328,109.0,50.53010177612305,196.1634521484375,341.7968139648437,0.1049377173185348,0.3565533459186554,-3.0857391357421875,7.642910957336426,0.3775820434093475,0.4161637425422668,0.4547454416751861,0.077163390815258,22.145307540893555
0.0988174751400947,0.5915001034736633,2.823883056640625,0.0998309478163719,0.3142872750759125,2.690913200378418,0.085807554423809,0.8025386929512024,2.90756893157959,-6.185608386993408,3.133408546447754,0.4937539100646972,2.3866422176361084,0.3561500608921051,-19.11124992370605,-1.8193626403808596,0.6184750199317932,-12.925642013549805,0.1247210949659347,-0.410125195980072,1,3.994861125946045,19.950164794921875,181.0,47.220436096191406,155.07460021972656,262.92877197265625,0.0982774645090103,0.567047119140625,2.699484348297119,33.19416809082031,0.2510209083557129,0.2809369266033172,0.310852974653244,0.0598320662975311,23.94502639770508
0.0697754696011543,0.3189790844917297,-1.5136131048202517,0.056116871535778,0.0854009315371513,-1.644517421722412,0.0944106504321098,0.4471679627895355,-0.9098539352416992,-6.58909797668457,2.839491367340088,0.0085438648238778,2.479550838470459,0.8860235214233398,-17.060144424438477,-2.1215860843658447,0.9733984470367432,-10.471047401428224,0.9648545384407043,-0.6787645816802979,1,2.259446382522583,17.973438262939453,250.0,230.49093627929688,300.5049133300781,370.5188903808594,0.0575593039393425,0.2530602812767029,-1.159193992614746,5.111409187316895,0.4097487330436706,0.396050214767456,0.3823516964912414,-0.0273970142006874,20.23288345336914
0.1130109801888465,0.3785166144371032,2.997602224349976,0.0820812359452247,0.1498224437236786,3.0454955101013184,0.1112349405884742,0.5886152982711792,2.8196301460266118,-6.243717670440674,3.2225708961486816,0.4023173153400421,2.5004000663757324,0.414217084646225,-15.810251235961914,-1.5912792682647705,0.6138391494750977,-9.566534042358398,0.2115218639373779,-0.5984600782394409,1,3.465940237045288,19.525362014770508,92.0,50.46172332763672,178.48760986328125,306.5135192871094,0.078466810286045,0.3934781551361084,2.8895058631896973,6.464860916137695,0.2780943512916565,0.3245622813701629,0.3710302412509918,0.0929358750581741,22.99130249023437
0.1451775133609771,0.2824831008911133,-2.719618558883667,0.0930738002061843,0.0586049295961856,-2.8750417232513428,0.1740137785673141,0.455026775598526,-2.5348634719848637,-7.604512691497803,2.994956970214844,0.6065331101417542,2.928251981735229,1.6744760274887085,-12.481820106506348,-2.146613597869873,2.1994788646698,-4.877307891845703,1.5929456949234009,0.8308313488960266,1,3.392768144607544,19.320724487304688,93.0,53.490020751953125,183.22525024414065,312.9604797363281,0.1158732399344444,0.3367941677570343,-2.789992332458496,21.16161155700684,0.3090569078922272,0.3536306321620941,0.398204356431961,0.0891474261879921,22.71349334716797
0.1944363415241241,0.3671773672103882,2.9934065341949463,0.1701699644327163,0.1191235333681106,2.950807571411133,0.2074502408504486,0.5354694128036499,-2.9414384365081787,-5.435638904571533,2.611661434173584,1.035884141921997,2.459048271179199,1.3667558431625366,-14.723538398742676,-2.658130645751953,1.5005102157592771,-9.2878999710083,0.4646259546279907,0.923358917236328,1,3.935844421386719,20.27804946899414,22.0,40.82598876953125,149.36746215820312,257.908935546875,0.1514584422111511,0.3968104124069214,3.1322762966156006,8.88060188293457,0.3254987001419067,0.3647443950176239,0.4039900600910187,0.0784913673996925,24.21389389038086
0.0491206496953964,0.5027304887771606,-2.988184690475464,0.0391134209930896,0.220550537109375,-3.1103055477142334,0.0730620771646499,0.7198783755302429,-2.743211269378662,-6.805140495300293,2.738836765289306,0.3325164318084717,2.884040594100952,0.462615042924881,-11.392680168151855,-1.5997952222824097,0.6414476633071899,-4.5875396728515625,0.3089312613010406,0.6069545149803162,1,3.410135269165039,19.074974060058597,105.0,59.13506317138672,187.2455291748047,315.3559875488281,0.0637153685092926,0.4866240322589874,-2.8252227306365967,21.57289123535156,0.3334270119667053,0.3706133365631103,0.4077996611595154,0.0743726417422294,22.485109329223636
0.049829676747322,0.2344424873590469,2.625572919845581,0.0373807214200496,0.0455134809017181,2.322974681854248,0.0516362152993679,0.4330374896526336,2.3392674922943115,-6.793020725250244,3.2389795780181885,0.4184061288833618,2.551889419555664,0.8699995875358582,-15.79282569885254,-1.794531226158142,0.856662929058075,-8.999804496765137,0.4382568001747131,-0.3802119791507721,1,3.173165798187256,19.404932022094727,74.0,47.21046447753906,189.25567626953125,331.3008728027344,0.0565416812896728,0.2997283041477203,2.12412166595459,3.1572489738464355,0.2967064082622528,0.3438679873943329,0.3910295963287353,0.0943231806159019,22.57809829711914
0.0348614901304245,0.1198644116520881,2.9911224842071533,0.0259298533201217,0.0071957558393478,2.821992874145508,0.0344675369560718,0.1793320178985595,2.7159454822540283,-5.588337421417236,2.829355239868164,0.3847669959068298,2.4057860374450684,0.7987380623817444,-16.479448318481445,-1.7475371360778809,0.9128565788269044,-10.891111373901367,0.5280895829200745,0.9843819737434388,1,3.173165798187256,19.404932022094727,92.0,47.21046447753906,189.25567626953125,331.3008728027344,0.0311314072459936,0.2123056054115295,2.1444642543792725,3.018742084503174,0.2967064082622528,0.3438679873943329,0.3910295963287353,0.0943231806159019,22.57809829711914
0.2829267382621765,0.3383982181549072,-2.6506712436676025,0.2283715307712555,0.084610566496849,-2.602940559387207,0.2011449187994003,0.6258735656738281,-2.754467248916626,-5.645448684692383,2.744752883911133,-0.4443802535533905,2.427133083343506,0.108995147049427,-16.115663528442383,-2.9106369018554688,0.091165192425251,-10.47021484375,0.5355454087257385,0.967101514339447,1,3.173165798187256,19.404932022094727,115.0,47.21046447753906,189.25567626953125,331.3008728027344,0.1509131342172622,0.4045411944389343,-2.70090389251709,12.438559532165527,0.2967064082622528,0.3438679873943329,0.3910295963287353,0.0943231806159019,22.57809829711914
0.0855894535779953,0.592612624168396,2.7320284843444824,0.0912512764334678,0.3232112228870392,2.661019325256348,0.079887218773365,0.8074774742126465,2.82996129989624,-5.922966480255127,2.742884635925293,0.2832904458045959,2.676650285720825,0.9097515344619752,-11.98833465576172,-2.662850379943848,0.7670180797576904,-6.065367698669434,0.4837276339530945,0.2138647735118866,1,3.983753442764282,20.45998764038086,104.0,45.82193374633789,152.7532958984375,259.6846618652344,0.0844484269618988,0.5638614296913147,2.6012887954711914,6.2976508140563965,0.3597644865512848,0.3889688849449157,0.4181732535362243,0.0584087595343589,24.44374084472656
0.077861301600933,0.4981708824634552,2.615933656692505,0.0741490572690963,0.2363149523735046,2.6056692600250244,0.0655070692300796,0.6940981149673462,2.806654691696167,-7.695107460021973,3.1339306831359863,-0.8792447447776794,2.8398752212524414,0.2112878859043121,-13.371444702148438,-1.356714367866516,0.1526898443698883,-5.676337718963623,1.03193461894989,0.9755277037620544,1,3.465940237045288,19.525362014770508,260.0,50.46172332763672,178.48760986328125,306.5135192871094,0.0779144912958145,0.4998078346252441,2.732141733169556,8.211344718933105,0.2780943512916565,0.3245622813701629,0.3710302412509918,0.0929358750581741,22.99130249023437
0.0692649707198143,0.5793507695198059,3.040431261062622,0.0704980716109275,0.2903529107570648,3.084777593612671,0.0461398065090179,0.8007231950759888,-3.040613174438477,-6.120027542114258,2.812098503112793,-0.8236765265464783,2.483358383178711,0.315956562757492,-15.887134552001951,-2.7970426082611084,0.326178640127182,-9.767107009887695,1.149855136871338,-0.2318824529647827,1,3.173165798187256,19.404932022094727,77.0,47.21046447753906,189.25567626953125,331.3008728027344,0.0730917900800705,0.5851309299468994,2.8595879077911377,12.04629611968994,0.2967064082622528,0.3438679873943329,0.3910295963287353,0.0943231806159019,22.57809829711914
0.0404594354331493,0.0030343083199113,2.104560136795044,0.0351156778633594,-0.1211616471409797,1.8793938159942627,0.0476752929389476,0.1963336616754531,2.374199151992798,-9.592063903808594,3.679591655731201,-0.2372213751077652,3.035876750946045,0.7572080492973328,-15.77171516418457,-1.6590229272842407,0.7019639611244202,-6.179651260375977,0.9391853213310242,-0.9961530566215516,1,3.118431568145752,19.026874542236328,88.0,50.53010177612305,196.1634521484375,341.7968139648437,0.0442581064999103,0.0448063090443611,2.0796806812286377,9.701662063598633,0.3775820434093475,0.4161637425422668,0.4547454416751861,0.077163390815258,22.145307540893555
0.1649484187364578,0.1983960568904876,-2.5337283611297607,0.1123798936605453,-0.030716422945261,-2.451899766921997,0.1652442216873169,0.4242991805076599,-2.647130012512207,-7.049978256225586,3.499157190322876,0.5086606740951538,3.023366928100586,1.8411747217178345,-11.464683532714844,-2.2962734699249268,2.4409756660461426,-4.4147047996521,1.9323149919509888,-0.4227705895900726,1,3.465940237045288,19.525362014770508,112.0,50.46172332763672,178.48760986328125,306.5135192871094,0.1175107359886169,0.2718499600887298,-2.567056894302368,16.927532196044922,0.2780943512916565,0.3245622813701629,0.3710302412509918,0.0929358750581741,22.99130249023437
0.1035732924938201,0.4928284585475921,-2.489583969116211,0.0922630876302719,0.2146020084619522,-2.44177770614624,0.0905925408005714,0.7683595418930054,-2.6137444972991943,-5.7350592613220215,2.827411413192749,-0.5240580439567566,2.55121111869812,0.2123619616031646,-13.61343765258789,2.752857208251953,0.0431577377021312,-7.878378868103027,0.5672158002853394,0.9141444563865662,1,3.657741069793701,19.799219131469727,52.0,46.63733673095703,174.24826049804688,301.85919189453125,0.1003343090415,0.528203010559082,-2.6188607215881348,4.772253513336182,0.2552598714828491,0.3047497570514679,0.3542396426200866,0.0989797785878181,23.456960678100582
0.0226276367902755,0.1585647016763687,-2.78471040725708,0.0165044013410806,0.032714657485485,-2.485238552093506,0.0240320954471826,0.113428846001625,-1.5867706537246704,-4.464537143707275,2.2698118686676025,-0.3058054745197296,2.532351016998291,0.2018748521804809,-10.675676345825195,-1.3345239162445068,0.2514888346195221,-6.211139678955078,0.5572943091392517,1.0,1,4.068943023681641,20.67410469055176,6.0,40.45014190673828,147.04530334472656,253.6404571533203,0.0145088946446776,0.0640088394284248,-2.684802770614624,2.7802884578704834,0.3781771659851074,0.4055792689323425,0.4329813420772552,0.0548041760921478,24.74304580688477
0.1319206953048706,0.1637087613344192,-2.9430296421051025,0.0953606143593788,-0.0033575859852135,-3.06648588180542,0.1291407644748687,0.3492991924285888,-2.9184558391571045,-5.608132362365723,2.5734968185424805,0.0994060486555099,2.48577094078064,1.5195555686950684,-14.613229751586914,-1.906987309455872,1.8401187658309937,-9.005097389221191,1.7407127618789673,-0.9539059400558472,1,3.173165798187256,19.404932022094727,103.0,47.21046447753906,189.25567626953125,331.3008728027344,0.1011519730091095,0.2358562648296356,-3.0817112922668457,17.927635192871094,0.2967064082622528,0.3438679873943329,0.3910295963287353,0.0943231806159019,22.57809829711914
0.0583285987377166,0.3741898238658905,-2.812974452972412,0.0515977181494236,0.0478246174752712,-2.27012300491333,0.0842422619462013,0.6556850075721741,-2.9754111766815186,-6.224613666534424,2.4048826694488525,-0.2617830634117126,3.0293068885803223,0.5750386714935303,-9.527960777282717,-1.4959185123443604,0.5278814435005188,-3.30334734916687,0.7896645069122314,-0.0711767524480819,1,3.392768144607544,19.320724487304688,196.0,53.490020751953125,183.22525024414065,312.9604797363281,0.0649380907416343,0.359579861164093,-2.781157732009888,32.33955764770508,0.3090569078922272,0.3536306321620941,0.398204356431961,0.0891474261879921,22.71349334716797
0.1276181191205978,0.3437174558639526,-2.7189126014709477,0.0888573378324508,0.0796664729714393,-2.681887626647949,0.1712785810232162,0.5280638933181763,-2.746695280075073,-5.543259143829346,2.585275888442993,-1.0272053480148315,2.48561692237854,0.468212217092514,-14.410465240478516,-1.8237911462783811,0.4366966187953949,-8.867205619812012,1.4639019966125488,-0.0067101172171533,1,3.392768144607544,19.320724487304688,93.0,53.490020751953125,183.22525024414065,312.9604797363281,0.1145337522029876,0.3805562257766723,-2.8089346885681152,9.189477920532228,0.3090569078922272,0.3536306321620941,0.398204356431961,0.0891474261879921,22.71349334716797
0.0629152953624725,0.5221891403198242,2.9155757427215576,0.049148678779602,0.297008067369461,2.83948016166687,0.070834219455719,0.7543565630912781,-2.9388394355773926,-6.655547142028809,2.6263439655303955,0.175840675830841,2.6044669151306152,0.5210363268852234,-14.454184532165527,-2.3083224296569824,0.7121186852455139,-7.798637390136719,0.5362780094146729,-0.4282072484493255,1,3.036694288253784,18.5638484954834,129.0,62.96828079223633,233.67843627929688,404.38861083984375,0.0618234910070896,0.5216624140739441,3.090459108352661,3.166680097579956,0.3499263226985931,0.3878600895404815,0.42579385638237,0.0758675336837768,21.60054397583008
0.1057216227054596,0.5160288214683533,3.111774682998657,0.1041547060012817,0.2627457976341247,3.025200605392456,0.0794161036610603,0.762217104434967,-3.0578813552856445,-5.194551944732666,2.5414395332336426,-0.1820332556962967,2.3916261196136475,0.3146288990974426,-15.893945693969728,-2.9089465141296387,0.3725179433822632,-10.699393272399902,0.5545511841773987,0.7486327886581421,1,4.054532527923584,20.94973945617676,39.0,48.245243072509766,156.00076293945312,263.7562866210937,0.0841265469789505,0.5332009792327881,3.032717227935791,5.506481170654297,0.364945501089096,0.392319917678833,0.4196943640708923,0.0547488778829574,25.0042724609375
0.0164884682744741,0.0478497445583343,0.6890798211097717,0.0161940082907676,-0.0224373638629913,0.4937079846858978,0.0168840065598487,0.1260044872760772,1.2555807828903198,-10.034682273864746,1.8303375244140625,-0.8897749781608582,12.829089164733888,0.4370947480201721,-8.585420608520508,-0.9146615862846376,0.1306516677141189,1.4492616653442385,1.020426630973816,0.3950997292995453,1,2.9364941120147705,18.98731231689453,171.0,51.80620193481445,207.6121368408203,363.4180603027344,0.0176660679280757,0.0837416797876358,0.0995058938860893,2.110011577606201,0.3372949361801147,0.3773913979530334,0.4174878597259521,0.080192930996418,21.92380714416504
0.0896253734827041,0.3747722804546356,-3.077730894088745,0.0666429474949836,0.1631399542093277,-3.1189541816711426,0.0881136134266853,0.632426917552948,-2.804203987121582,-7.28348445892334,2.81873631477356,-0.94472998380661,2.755077362060547,0.3849137127399444,-13.477758407592772,-0.8349708914756775,-0.1480757743120193,-6.194274425506592,0.796654224395752,-0.8516312837600708,1,3.657741069793701,19.799219131469727,37.0,46.63733673095703,174.24826049804688,301.85919189453125,0.0837464779615402,0.4051286578178406,-3.0735433101654053,3.42932391166687,0.2552598714828491,0.3047497570514679,0.3542396426200866,0.0989797785878181,23.456960678100582
0.092461422085762,0.2589800953865051,-2.661949157714844,0.0691083744168281,0.0581122115254402,-2.912201166152954,0.1207631155848503,0.4206985831260681,-2.3426105976104736,-4.130656719207764,5.889586925506592,1.3335423469543457,2.157548189163208,0.4419769048690796,-27.221094131469727,-1.608353614807129,0.5782861709594727,-23.090436935424805,-0.7552562355995178,0.8950335383415222,1,2.74457049369812,17.597362518310547,656.0,68.93495178222656,221.73089599609372,374.52685546875,0.0586655661463737,0.2608330845832824,-2.7275216579437256,45.122501373291016,0.312336653470993,0.3466123938560486,0.3808881044387817,0.0685514509677887,20.34193229675293
0.0782076716423034,0.0310915187001228,2.117006063461304,0.0671152994036674,-0.0914681628346443,2.081671714782715,0.0229953601956367,0.1113762035965919,1.5255097150802612,-14.951030731201172,4.323943138122559,0.970646321773529,4.308628082275391,0.5895346999168396,-15.962782859802246,-1.882263660430908,0.6274770498275757,-1.0117518901824951,-0.3431692719459533,-0.979381501674652,1,3.657741069793701,19.799219131469727,59.0,46.63733673095703,174.24826049804688,301.85919189453125,0.0254271700978279,0.0661970004439354,1.8979910612106323,2.7346527576446533,0.2552598714828491,0.3047497570514679,0.3542396426200866,0.0989797785878181,23.456960678100582
0.0926560461521148,0.5956245064735413,2.9682180881500244,0.0771126970648765,0.2982643246650696,2.89936900138855,0.0834111869335174,0.8282684683799744,2.9376611709594727,-6.025879383087158,2.823039531707764,-0.5671674013137817,2.398573875427246,0.2212671041488647,-18.298067092895508,-1.8966246843338013,0.4470781087875366,-12.272187232971191,1.0142455101013184,0.7564138770103455,1,2.726567029953003,16.602685928344727,956.0,61.6507568359375,231.0189971923828,400.3872375488281,0.0843953862786293,0.6013447046279907,2.7258193492889404,20.583349227905277,0.3801235854625702,0.4184012115001678,0.4566788673400879,0.0765552669763565,19.329254150390625
0.0808439329266548,0.5311621427536011,-2.6234705448150635,0.0774032175540924,0.2125714272260666,-2.322408676147461,0.0470947101712226,0.7991845011711121,-3.046800136566162,-6.5637922286987305,3.0126326084136963,0.1222762614488601,2.44377064704895,0.264812022447586,-18.09461975097656,-0.2935836315155029,-0.1746533364057541,-11.530827522277832,-0.2969295978546142,-0.0009574724244885148,1,3.267818689346313,17.488300323486328,537.0,59.99748229980469,200.58523559570312,341.1730041503906,0.0454673022031784,0.5331238508224487,-2.8757619857788086,24.792137145996094,0.2885841429233551,0.3255399465560913,0.3624957501888275,0.0739115998148918,20.756118774414062
0.0866514891386032,0.4289198517799377,2.846580743789673,0.0704638808965683,0.1825753152370453,2.858573198318481,0.0862662270665168,0.6346622109413147,2.9775662422180176,-7.470682621002197,2.5535576343536377,0.7235513925552368,3.14417576789856,1.1351537704467771,-10.667133331298828,-2.31011700630188,1.3557265996932983,-3.19645094871521,0.6321751475334167,-0.3115479052066803,1,2.9364941120147705,18.98731231689453,197.0,51.80620193481445,207.6121368408203,363.4180603027344,0.0671519786119461,0.4408008158206939,2.902894258499145,23.255931854248047,0.3372949361801147,0.3773913979530334,0.4174878597259521,0.080192930996418,21.92380714416504
0.1427868753671646,0.4352504909038543,-2.614246368408203,0.1191741675138473,0.1453556567430496,-2.4817545413970947,0.1404523998498916,0.7141860723495483,-2.724062919616699,-6.083457946777344,2.682987928390503,-1.0092843770980835,2.65744948387146,0.4789797365665436,-12.630558013916016,-3.057985544204712,0.1564303636550903,-6.547099590301514,1.1657147407531738,0.3818309605121612,1,3.118431568145752,19.026874542236328,93.0,50.53010177612305,196.1634521484375,341.7968139648437,0.1175456196069717,0.4674173891544342,-2.6817517280578613,6.815514087677002,0.3775820434093475,0.4161637425422668,0.4547454416751861,0.077163390815258,22.145307540893555
0.181630477309227,0.2878898680210113,-2.713874578475952,0.13778156042099,0.0573799014091491,-2.7039761543273926,0.1649047434329986,0.5404784679412842,-2.626652479171753,-5.410832405090332,4.725564956665039,-0.9738356471061708,2.220860958099365,0.3986924886703491,-26.37905502319336,1.1663155555725098,-0.5017997622489929,-20.96822166442871,0.4720358550548553,-0.9374353885650636,1,2.808234930038452,18.01627540588379,538.0,66.25189971923828,214.6026306152344,362.9533386230469,0.1031029373407363,0.3635534942150116,-2.8166394233703613,47.534549713134766,0.3095056712627411,0.343427836894989,0.3773500025272369,0.0678443312644958,20.82451057434082
0.0880682915449142,0.3963319361209869,2.9788060188293457,0.06894301623106,0.1420283317565918,2.763367891311645,0.0618346892297267,0.6363735198974609,-2.9402389526367188,-6.0179548263549805,2.734214305877685,-0.7979855537414551,2.484323740005493,0.3510926067829132,-15.58024787902832,-2.046759366989136,0.4154588282108307,-9.56229305267334,1.2134443521499634,-0.0297154802829027,1,3.657741069793701,19.799219131469727,45.0,46.63733673095703,174.24826049804688,301.85919189453125,0.0745817497372627,0.388357013463974,2.7910685539245605,9.02699089050293,0.2552598714828491,0.3047497570514679,0.3542396426200866,0.0989797785878181,23.456960678100582
0.0214498806744813,0.2517717182636261,2.200358867645264,0.0195675604045391,0.1133128181099891,1.9140180349349976,0.0161997880786657,0.2693458795547485,2.37676739692688,-6.24218225479126,4.160107612609863,1.2393903732299805,2.3369028568267822,0.818271815776825,-21.83929252624512,-2.4901580810546875,1.0521267652511597,-15.5971097946167,-0.187263622879982,-0.6650315523147583,1,3.196359872817993,18.5269832611084,10.0,88.08850860595703,203.17916870117188,318.26983642578125,0.0218282882124185,0.1671395152807235,1.812283635139465,8.436573028564453,0.418883204460144,0.4234925806522369,0.4281019568443298,0.0092187710106372,21.72334289550781
0.1921671628952026,0.1529676914215088,-2.477880954742432,0.1457827240228653,-0.0371730662882328,-2.369292736053467,0.1656782031059265,0.4054464995861053,-2.7129111289978027,-6.286978244781494,2.9389069080352783,1.0973938703536987,2.402944326400757,1.6660531759262085,-18.80461883544922,-2.265530586242676,1.9525251388549805,-12.517641067504885,0.855131208896637,-0.4480736255645752,1,3.465940237045288,19.525362014770508,84.0,50.46172332763672,178.48760986328125,306.5135192871094,0.1238428875803947,0.257435142993927,-2.585155725479126,17.555233001708984,0.2780943512916565,0.3245622813701629,0.3710302412509918,0.0929358750581741,22.99130249023437
0.0443280823528766,0.475750595331192,-2.892099142074585,0.0324077680706977,0.19388048350811,-2.9664852619171143,0.0535566098988056,0.6453908085823059,-2.5719783306121826,-6.715970516204834,2.6423938274383545,-0.4237644076347351,2.7516958713531494,0.3001745641231537,-12.483545303344728,-2.379965782165528,0.2986238300800323,-5.767574787139893,0.7223882079124451,0.5825193524360657,1,3.410135269165039,19.074974060058597,100.0,59.13506317138672,187.2455291748047,315.3559875488281,0.0529660582542419,0.4775057435035705,-2.7750120162963867,8.901397705078125,0.3334270119667053,0.3706133365631103,0.4077996611595154,0.0743726417422294,22.485109329223636
0.0052406243048608,-0.0400380082428455,-1.8543074131011963,0.011371056549251,-0.1086988076567649,-0.831649661064148,0.0326001867651939,0.2091666013002395,2.083751916885376,-7.721306324005127,3.31913423538208,-0.6816567182540894,2.8068859577178955,0.4057390391826629,-14.11404514312744,-1.192291498184204,0.2367713451385498,-6.392739295959473,0.9184280633926392,-0.8576425909996033,1,3.657741069793701,19.799219131469727,100.0,46.63733673095703,174.24826049804688,301.85919189453125,0.0058782780542969,0.0768323093652725,0.1625930517911911,6.835241317749023,0.2552598714828491,0.3047497570514679,0.3542396426200866,0.0989797785878181,23.456960678100582
0.0473151169717311,0.5403349995613098,-2.88046932220459,0.0517507977783679,0.2470486611127853,-2.9671847820281982,0.0027809615712612,0.8057315945625305,2.253251314163208,-6.186308860778809,2.865410089492798,0.2279994040727615,2.3962855339050293,0.2396724373102188,-18.65287971496582,-2.9131078720092773,0.5404708385467529,-12.466569900512695,0.3124714195728302,-0.3049179315567016,1,2.9065990447998047,18.178577423095703,828.0,65.0228500366211,210.05548095703125,355.0881042480469,0.0303387641906738,0.5716372132301331,2.968506336212158,26.32196617126465,0.3107778131961822,0.3436519801616668,0.3765261471271515,0.065748356282711,21.085176467895508
0.2014101445674896,0.2817056179046631,-2.6947550773620605,0.1605143696069717,0.0888535380363464,-2.8036389350891118,0.1874521970748901,0.497232973575592,-2.663210868835449,-7.953062057495117,2.628697633743286,0.9282429218292236,3.001100540161133,2.0540571212768555,-12.615718841552734,-2.1606550216674805,2.5580787658691406,-4.662656784057617,1.629835844039917,-0.3661003708839416,1,3.657741069793701,19.799219131469727,124.0,46.63733673095703,174.24826049804688,301.85919189453125,0.1296351999044418,0.3172796070575714,-2.828521251678467,10.126432418823242,0.2552598714828491,0.3047497570514679,0.3542396426200866,0.0989797785878181,23.456960678100582
0.0200466867536306,0.5260776281356812,3.0999789237976074,0.0223379135131835,0.2403002381324768,2.5036699771881104,0.0242827869951725,0.7302094101905823,3.040123701095581,-5.659193992614746,3.2222275733947754,0.0728338435292244,2.284140348434448,0.4599009156227112,-22.769407272338867,2.6314501762390137,-0.2370250225067138,-17.110214233398438,-0.3098588585853576,0.9886184334754944,1,2.6531822681427,16.194042205810547,689.0,115.11774444580078,235.32456970214844,355.5314025878906,0.0194312948733568,0.4899787008762359,2.479326009750366,46.47893524169922,0.3721127510070801,0.3747601807117462,0.3774076402187347,0.0052948920056223,18.84722328186035
0.1427379697561264,0.3354935050010681,2.8956987857818604,0.108155570924282,0.0923727303743362,2.875894784927368,0.1478312611579895,0.487326830625534,2.956711530685425,-6.2982282638549805,2.729935884475708,-0.2273599952459335,2.680617332458496,0.9974231719970704,-12.76512622833252,-2.23584532737732,1.2445521354675293,-6.466898441314697,1.471912145614624,-0.0535262115299701,1,3.657741069793701,19.799219131469727,52.0,46.63733673095703,174.24826049804688,301.85919189453125,0.1138332113623619,0.3560967743396759,2.6815927028656006,15.446595191955566,0.2552598714828491,0.3047497570514679,0.3542396426200866,0.0989797785878181,23.456960678100582
0.0691743791103363,0.4775634407997131,3.012321949005127,0.0468844920396804,0.2170362472534179,-3.090039730072021,0.0677402913570404,0.7323817014694214,2.923589944839477,-6.570769786834717,2.6219077110290527,-0.7066699266433716,2.573181390762329,0.6031680107116699,-14.960748672485352,-1.165806770324707,0.4339957237243652,-8.389978408813477,1.1406656503677368,-0.4802971184253692,1,3.054409503936768,18.34471893310547,110.0,56.8506965637207,204.9571075439453,353.0635070800781,0.0584490559995174,0.5060285329818726,2.9067587852478027,14.17063045501709,0.3400812745094299,0.3798059821128845,0.4195307195186615,0.0794494524598121,21.39912796020508
0.147122323513031,0.3512515425682068,-2.654756784439087,0.1048929095268249,0.0813245773315429,-2.622090578079224,0.1305808573961258,0.5292490720748901,-2.743806838989258,-6.5730462074279785,2.443304538726806,-0.1604850739240646,2.6461522579193115,0.5663365721702576,-13.663661003112791,-1.9827786684036253,0.5713921785354614,-7.090615272521973,0.7318772673606873,0.9824178814888,1,2.74457049369812,17.597362518310547,899.0,68.93495178222656,221.73089599609372,374.52685546875,0.0810401812195777,0.3649245500564575,-2.8341050148010254,27.438364028930664,0.312336653470993,0.3466123938560486,0.3808881044387817,0.0685514509677887,20.34193229675293
0.0889658108353614,0.3783332109451294,1.976663589477539,0.0804861485958099,0.1841647922992706,1.9035084247589111,0.0666015371680259,0.621204674243927,2.2766335010528564,-7.379740715026855,2.7061383724212646,-0.0242815259844064,2.8029794692993164,0.1929604262113571,-13.121953964233398,-0.1538837999105453,-0.1011012941598892,-5.742212772369385,-0.0768197700381279,-0.5984600782394409,1,3.657741069793701,19.799219131469727,41.0,46.63733673095703,174.24826049804688,301.85919189453125,0.0816833078861236,0.4241650998592376,2.1412193775177,2.7802884578704834,0.2552598714828491,0.3047497570514679,0.3542396426200866,0.0989797785878181,23.456960678100582
0.0442428924143314,0.5618299841880798,3.079428195953369,0.054276417940855,0.3071237802505493,2.867919921875,0.0366660840809345,0.7729042172431946,-2.860057830810547,-6.495962142944336,2.635511875152588,-0.9254958629608154,2.8357748985290527,0.389537513256073,-11.282154083251951,-1.4297795295715332,0.3677862882614136,-4.786192417144775,1.293282151222229,-0.6627323627471924,1,3.0651659965515137,17.78070068359375,289.0,62.438507080078125,206.70101928710935,350.9635314941406,0.0478923507034778,0.5435886383056641,2.390789031982422,26.55816078186035,0.2979689240455627,0.3340581655502319,0.3701474070549011,0.0721784830093383,20.845867156982425
0.1204870045185089,0.3927050828933716,-2.4985456466674805,0.1062639206647872,0.112603098154068,-2.3475468158721924,0.1083888709545135,0.6678858995437622,-2.8172695636749268,-6.061298847198486,2.511542320251465,-0.5318763256072998,2.5854709148406982,0.3610354959964752,-13.537503242492676,-1.0536431074142456,0.2299582809209823,-7.476204395294189,0.7618346214294434,-0.9675042033195496,1,3.392768144607544,19.320724487304688,149.0,53.490020751953125,183.22525024414065,312.9604797363281,0.096929132938385,0.4122361242771148,-2.578827142715454,22.62591361999512,0.3090569078922272,0.3536306321620941,0.398204356431961,0.0891474261879921,22.71349334716797
0.0454256609082222,0.3550935983657837,3.052133083343506,0.0304840020835399,0.1156453713774681,2.862867832183838,0.0523307174444198,0.5456931591033936,3.0625240802764893,-5.515659332275391,2.901357650756836,-1.008110761642456,2.4626266956329346,0.4299867153167724,-14.8757963180542,-1.681396722793579,0.2984720468521118,-9.360136985778809,1.306582808494568,0.9843819737434388,1,3.173165798187256,19.404932022094727,76.0,47.21046447753906,189.25567626953125,331.3008728027344,0.04001035541296,0.357812225818634,2.799077272415161,1.0070178508758545,0.2967064082622528,0.3438679873943329,0.3910295963287353,0.0943231806159019,22.57809829711914
0.0905908793210983,0.5153598189353943,2.673320770263672,0.0876571163535118,0.2442433834075927,2.620800018310547,0.0659996271133422,0.7320512533187866,-3.1043853759765625,-5.152361869812012,2.6891467571258545,-0.3048184514045715,2.4225590229034424,0.3947326838970184,-14.893058776855469,-2.847625255584717,0.3384526669979095,-9.740696907043455,0.6432710886001587,-0.0638373419642448,1,,,14.0,,,,0.0616370774805545,0.5212864875793457,2.704788446426392,2.2157857418060303,,,,,
0.0423929654061794,0.4626150131225586,2.956657648086548,0.0314489230513572,0.2357604503631591,2.573462963104248,0.0244065690785646,0.6684848070144653,2.600965976715088,-6.496553897857666,2.7829885482788086,0.6555964350700378,2.501307964324951,0.5870570540428162,-16.30168914794922,-2.02233624458313,0.893842339515686,-9.805135726928713,0.2382459491491317,0.9646169543266296,1,2.7860145568847656,20.13753318786621,238.0,232.08335876464844,291.12677001953125,350.1701965332031,0.0304951537400484,0.4806718528270721,2.418837547302246,6.290027618408203,0.4843552410602569,0.4640510082244873,0.4437467753887176,-0.0406084544956684,22.923547744750977
0.1104713901877403,0.3977753818035126,2.841621160507202,0.0908500477671623,0.1676127910614013,2.766303300857544,0.0720761567354202,0.6584883332252502,2.6895089149475098,-6.6643595695495605,2.7916572093963623,-0.2649607360363006,2.5826964378356934,0.7852023839950562,-14.88863468170166,-2.49451756477356,0.6934532523155212,-8.224275588989258,0.9584140181541444,-0.7726816534996033,1,2.9364941120147705,18.98731231689453,213.0,51.80620193481445,207.6121368408203,363.4180603027344,0.0657234191894531,0.3973105549812317,2.464084386825561,3.15905499458313,0.3372949361801147,0.3773913979530334,0.4174878597259521,0.080192930996418,21.92380714416504
0.0290551390498876,0.0548357628285884,2.5885772705078125,0.0368979647755622,-0.0116168214008212,2.297547578811645,0.0373183824121952,0.1860145926475525,1.568758845329285,-5.806049346923828,2.2791988849639893,-0.4855341613292694,2.473017930984497,0.4203459620475769,-15.2646484375,-0.5022795796394348,-0.1044108271598815,-9.458599090576172,0.3811233341693878,0.7925918102264404,1,3.465940237045288,19.525362014770508,80.0,50.46172332763672,178.48760986328125,306.5135192871094,0.0851696282625198,0.1259493380784988,1.9644179344177248,5.349087238311768,0.2780943512916565,0.3245622813701629,0.3710302412509918,0.0929358750581741,22.99130249023437
0.1649581342935562,0.5039039850234985,-3.0164623260498047,0.1312865018844604,0.2429471611976623,-3.0151236057281494,0.176986962556839,0.7195035815238953,3.1210763454437256,-5.952755451202393,2.561591386795044,-0.9624114632606506,2.7073540687561035,0.1569914519786834,-11.637715339660645,-1.847740888595581,0.1924988776445388,-5.684959888458252,1.1549103260040283,0.8440494537353516,1,3.983753442764282,20.45998764038086,110.0,45.82193374633789,152.7532958984375,259.6846618652344,0.1365275532007217,0.4982619881629944,-3.094304323196411,26.86975479125977,0.3597644865512848,0.3889688849449157,0.4181732535362243,0.0584087595343589,24.44374084472656
0.1538940817117691,0.3816825449466705,-2.697420597076416,0.1107724085450172,0.1096400693058967,-2.741795778274536,0.158786803483963,0.5651902556419373,-2.615788698196411,-6.1531267166137695,2.51705265045166,-0.5377956032752991,2.5297324657440186,0.0609956309199333,-14.872024536132812,1.9216384887695312,0.1081635430455207,-8.718897819519043,0.6459591388702393,0.6082531809806824,1,2.74457049369812,17.597362518310547,487.0,68.93495178222656,221.73089599609372,374.52685546875,0.0888740271329879,0.3738093078136444,-2.8304250240325928,36.8976936340332,0.312336653470993,0.3466123938560486,0.3808881044387817,0.0685514509677887,20.34193229675293
0.0354483798146247,-0.028818242251873,1.4238532781600952,0.0148436184972524,-0.0645744800567627,-0.2531173527240753,0.0292647667229175,-0.0028474058490246,1.795607328414917,-2.993446588516236,2.2466228008270264,0.806075394153595,2.298804521560669,0.2312058806419372,-11.970415115356444,-1.5097674131393433,0.1541640311479568,-8.976968765258789,-0.6519113183021545,-0.9815188646316528,1,,,9.0,,,,0.0235226936638355,-0.129174143075943,0.2260633260011673,2.1091561317443848,,,,,
0.1180626302957534,0.4238406419754028,2.977278470993042,0.0904215276241302,0.1865592300891876,2.931548595428467,0.1026590093970298,0.6786329746246338,2.996490716934204,-6.93623685836792,3.0308985710144043,0.0387851037085056,2.71618390083313,1.1444076299667358,-13.368975639343262,-1.945435166358948,1.3618191480636597,-6.432738304138184,1.3230340480804443,-0.991166353225708,1,3.173165798187256,19.404932022094727,76.0,47.21046447753906,189.25567626953125,331.3008728027344,0.0825685486197471,0.4482847452163696,2.761660575866699,6.118870735168457,0.2967064082622528,0.3438679873943329,0.3910295963287353,0.0943231806159019,22.57809829711914
0.0783585757017135,0.5848676562309265,2.979020118713379,0.0683220326900482,0.2887968719005584,2.9091155529022217,0.0637618228793144,0.8230957984924316,3.01640248298645,-6.774280548095703,2.496944665908813,-0.6787381768226624,3.1068410873413086,0.6128306984901428,-10.084293365478516,-2.2136218547821045,0.9806596040725708,-3.310013055801392,1.659397840499878,-0.0892768129706382,1,3.267818689346313,17.488300323486328,576.0,59.99748229980469,200.58523559570312,341.1730041503906,0.0686572343111038,0.5767728686332703,2.825752019882202,14.552589416503906,0.2885841429233551,0.3255399465560913,0.3624957501888275,0.0739115998148918,20.756118774414062
0.0667102038860321,0.5425529479980469,2.865485668182373,0.0643277019262313,0.2724504172801971,2.8210442066192627,0.0650980398058891,0.8015723824501038,3.055550098419189,-6.504509449005127,2.8639402389526367,-1.1078734397888184,2.911207437515259,0.157010018825531,-10.740819931030272,1.0054147243499756,-0.0641811043024063,-4.236310958862305,1.0436923503875732,-0.6596149206161499,1,2.74457049369812,17.597362518310547,305.0,68.93495178222656,221.73089599609372,374.52685546875,0.0708150118589401,0.5533406138420105,2.656867265701294,16.690393447875977,0.312336653470993,0.3466123938560486,0.3808881044387817,0.0685514509677887,20.34193229675293
0.1267211735248565,0.2930392920970917,-2.727841377258301,0.0874027237296104,0.0644262284040451,-2.8230397701263428,0.1386677473783493,0.4011934697628021,-2.474507093429565,-6.28085470199585,3.008150815963745,0.2886700928211212,2.4832863807678223,1.2173908948898315,-16.346975326538086,-1.7201827764511108,1.7454041242599487,-10.066120147705078,1.4567339420318604,-0.0411150604486465,1,3.392768144607544,19.320724487304688,84.0,53.490020751953125,183.22525024414065,312.9604797363281,0.0840436667203903,0.3362675309181213,-2.7356879711151123,19.39199447631836,0.3090569078922272,0.3536306321620941,0.398204356431961,0.0891474261879921,22.71349334716797
0.0368766970932483,0.4409670233726501,1.974490761756897,0.0279700830578804,0.2189531624317169,1.7440086603164673,0.0567836761474609,0.5537653565406799,1.669529914855957,-6.04587459564209,2.909054040908813,0.3009445071220398,2.3919403553009038,0.2050432860851287,-18.50522804260254,2.329817771911621,-0.0301636401563882,-12.459352493286133,-0.3311081528663635,-0.9468241930007936,1,3.196359872817993,18.5269832611084,122.0,88.08850860595703,203.17916870117188,318.26983642578125,0.05056132376194,0.3949533402919769,1.6216857433319092,31.59656143188477,0.418883204460144,0.4234925806522369,0.4281019568443298,0.0092187710106372,21.72334289550781
0.049040250480175,0.4979946315288543,-2.7657246589660645,0.0439504496753215,0.2004172354936599,-2.3233203887939453,0.0716040059924125,0.7767775654792786,-2.437082052230835,-5.548540115356445,2.737342119216919,-0.3155399262905121,2.556072235107422,0.2132457196712494,-12.92096710205078,-1.7165114879608154,0.0095459325239062,-7.372427463531494,0.3250858783721924,0.0283107124269008,1,3.054409503936768,18.34471893310547,87.0,56.8506965637207,204.9571075439453,353.0635070800781,0.0654015466570854,0.5110827088356018,-2.517818689346313,6.236941337585449,0.3400812745094299,0.3798059821128845,0.4195307195186615,0.0794494524598121,21.39912796020508
0.0997797325253486,0.6535705924034119,2.662391662597656,0.1082632690668106,0.3722383379936218,2.63120174407959,0.078041024506092,0.826748251914978,2.73425817489624,-5.037938117980957,2.9654700756073,-0.625133216381073,2.3634679317474365,1.0259151458740234,-16.6414852142334,-1.6466490030288696,1.201215386390686,-11.60354709625244,1.8263485431671145,-0.9270957708358764,1,3.980741262435913,19.469581604003903,376.0,41.70575714111328,150.978515625,260.25128173828125,0.0859720483422279,0.6064234375953674,2.51735782623291,17.358596801757812,0.3164538443088531,0.3530171811580658,0.3895805180072784,0.0731266736984252,23.4503231048584
0.0331229344010353,0.2464649677276611,2.931904554367065,0.0171031802892684,0.0548521913588047,2.799569129943848,0.0577097237110137,0.3756190538406372,2.814256191253662,-6.416280746459961,3.027573585510254,0.8009933233261108,2.5475122928619385,0.8082262873649597,-14.938246726989746,-2.119950532913208,1.285751461982727,-8.521965980529785,0.484758198261261,0.7072548270225525,1,3.657741069793701,19.799219131469727,60.0,46.63733673095703,174.24826049804688,301.85919189453125,0.0350894331932067,0.2910375893115997,2.728330373764038,9.477367401123049,0.2552598714828491,0.3047497570514679,0.3542396426200866,0.0989797785878181,23.456960678100582
0.1642082631587982,0.3909916579723358,-2.8268380165100098,0.1392159909009933,0.1843959242105484,-2.8309884071350098,0.1879081130027771,0.5865758061408997,-2.722308874130249,-5.657670497894287,2.758890151977539,-0.1242091283202171,2.461854219436645,0.9808105826377868,-15.305971145629885,-2.8691282272338867,1.0026551485061646,-9.648300170898438,1.126864314079285,0.3744573593139648,1,3.657741069793701,19.799219131469727,65.0,46.63733673095703,174.24826049804688,301.85919189453125,0.1306369453668594,0.4258215725421905,-2.840657949447632,5.896499156951904,0.2552598714828491,0.3047497570514679,0.3542396426200866,0.0989797785878181,23.456960678100582
0.0824649855494499,0.528769850730896,-3.02303147315979,0.0572082176804542,0.2366056889295578,-3.03749418258667,0.0761408358812332,0.7793545126914978,-2.765028953552246,-6.262576103210449,2.821117401123047,-0.0023412487935274,2.538564920425415,0.4638262987136841,-14.940814971923828,-2.4330525398254395,0.733555793762207,-8.678237915039062,0.7358970642089844,-0.4790810048580169,1,3.173165798187256,19.404932022094727,68.0,47.21046447753906,189.25567626953125,331.3008728027344,0.0749059841036796,0.5342373847961426,3.112168788909912,7.24989128112793,0.2967064082622528,0.3438679873943329,0.3910295963287353,0.0943231806159019,22.57809829711914
0.1502490937709808,0.3685590922832489,-2.7125794887542725,0.1176473721861839,0.0819722190499305,-2.6097002029418945,0.1278969496488571,0.6560751795768738,-2.811314821243286,-5.770092964172363,2.5884668827056885,0.6093360781669617,2.4725377559661865,0.8498818874359131,-15.298591613769531,-2.343880414962769,1.1101495027542114,-9.528498649597168,0.500813364982605,0.5141733288764954,1,3.118431568145752,19.026874542236328,106.0,50.53010177612305,196.1634521484375,341.7968139648437,0.0887848734855651,0.4121730625629425,-2.767300128936768,9.17605209350586,0.3775820434093475,0.4161637425422668,0.4547454416751861,0.077163390815258,22.145307540893555
0.0693739354610443,0.3925724327564239,-3.1038618087768555,0.0523481331765651,0.1547848582267761,2.9845218658447266,0.0644347593188285,0.6285894513130188,-3.017286777496338,-6.779509544372559,2.962219715118408,0.0303840283304452,2.5006160736083984,0.7302769422531128,-16.989892959594727,-1.9045672416687007,0.9585393667221068,-10.210382461547852,0.9281553030014038,0.8870792388916016,1,2.734091281890869,17.478294372558594,368.0,71.77489471435547,227.84896850585935,383.9230346679688,0.0475262105464935,0.4454345107078552,2.715721368789673,16.775564193725586,0.3990560472011566,0.4263354241847992,0.4536147713661194,0.054558727890253,20.212385177612305
0.0420290678739547,0.0107466606423258,2.936429023742676,0.0287081394344568,-0.0881362855434417,-2.7597169876098637,0.0621690936386585,0.3067121803760528,-2.813771963119507,-3.839978694915772,2.592297077178955,-0.7370254397392273,2.443501710891724,0.4621481299400329,-11.0246000289917,-2.172990083694458,0.6404399275779724,-7.184621334075928,1.3774653673171997,-0.4480736255645752,1,2.734091281890869,17.478294372558594,399.0,71.77489471435547,227.84896850585935,383.9230346679688,0.0441077090799808,0.1477393209934234,3.0354700088500977,1.0080235004425049,0.3990560472011566,0.4263354241847992,0.4536147713661194,0.054558727890253,20.212385177612305
0.1154045909643173,0.5104546546936035,-2.90950870513916,0.1036222502589225,0.2459072917699813,-2.839508056640625,0.0922457575798034,0.7970112562179565,-3.0237550735473637,-6.795765399932861,2.6213228702545166,-0.6318170428276062,2.906512975692749,0.1935467422008514,-11.21730136871338,-1.6628146171569824,0.2679486870765686,-4.421536445617676,0.8997657299041748,-0.6340134143829346,1,2.734091281890869,17.478294372558594,368.0,71.77489471435547,227.84896850585935,383.9230346679688,0.0841851681470871,0.5661404728889465,-3.062692165374756,6.096276760101318,0.3990560472011566,0.4263354241847992,0.4536147713661194,0.054558727890253,20.212385177612305
0.0245453435927629,0.2556161880493164,2.1215362548828125,0.0297168157994747,0.1336222141981125,2.0009567737579346,0.015261529944837,0.4199526309967041,2.606481075286865,-10.017502784729004,2.7207047939300537,0.6728007793426514,2.831881284713745,0.7817685604095459,-17.210222244262695,-1.131895661354065,0.8584203720092773,-7.192718029022217,0.1856196224689483,0.1331985592842102,1,3.657741069793701,19.799219131469727,60.0,46.63733673095703,174.24826049804688,301.85919189453125,0.0341248847544193,0.2874523401260376,2.207843780517578,7.44560432434082,0.2552598714828491,0.3047497570514679,0.3542396426200866,0.0989797785878181,23.456960678100582
0.0456092469394207,0.5740407705307007,2.893402338027954,0.0534206703305244,0.3270488083362579,2.6917717456817627,0.0464140363037586,0.8015589714050293,-2.996060848236084,-6.163612365722656,2.915562629699707,0.6803838610649109,2.489466905593872,0.5576679706573486,-15.789851188659668,-1.3682405948638916,0.6440852880477905,-9.626238822937012,-0.0362985804677009,0.5037444233894348,1,3.196359872817993,18.5269832611084,67.0,88.08850860595703,203.17916870117188,318.26983642578125,0.0443954430520534,0.5620192289352417,2.810874462127685,28.427959442138672,0.418883204460144,0.4234925806522369,0.4281019568443298,0.0092187710106372,21.72334289550781
0.0413065515458583,0.3266412615776062,2.467524290084839,0.0271311998367309,0.0768379643559455,2.702338457107544,0.0854631289839744,0.4118309915065765,1.6971426010131836,-5.890362739562988,3.0827200412750244,0.3893111944198608,2.3159375190734863,1.0240803956985474,-21.69960021972656,-3.138659954071045,0.5657935738563538,-15.809236526489258,0.1764823496341705,0.3809040188789367,1,2.631620168685913,14.948774337768556,981.0,87.93116760253906,229.4968719482422,371.06256103515625,0.070125862956047,0.3200629353523254,1.8098063468933103,36.04713821411133,0.3340300917625427,0.3542193472385406,0.3744086325168609,0.0403785295784473,17.580394744873047
0.0308096520602703,0.50469571352005,3.091966390609741,0.0281228814274072,0.2215496599674224,2.4593706130981445,0.0369965396821498,0.6752817034721375,-2.9771740436553955,-6.121604919433594,2.8843443393707275,0.5093371868133545,2.4068052768707275,0.4120639562606811,-18.22306632995605,-1.9636601209640503,0.4440312683582306,-12.101462364196776,-0.0653059110045433,0.8390510678291321,1,2.671318769454956,17.709003448486328,405.0,170.2724609375,260.6195068359375,350.9665222167969,0.0247875489294528,0.4801840782165527,3.1026551723480225,32.95847702026367,0.4528476595878601,0.4381445646286011,0.4234414398670196,-0.0294062253087759,20.380321502685547
0.0757600143551826,0.3388428688049316,-2.172729969024658,0.058949526399374,0.1076682209968566,-2.0134036540985107,0.0815008878707885,0.5673122406005859,-2.682685613632202,-7.23405122756958,2.553483486175537,-0.184454470872879,3.693860292434693,0.5475102066993713,-8.36709213256836,-1.8439222574234009,0.5608792901039124,-1.1330413818359375,0.745333731174469,0.3915127515792846,1,3.657741069793701,19.799219131469727,281.0,46.63733673095703,174.24826049804688,301.85919189453125,0.0775062516331672,0.3184320628643036,-2.487122058868408,25.830059051513672,0.2552598714828491,0.3047497570514679,0.3542396426200866,0.0989797785878181,23.456960678100582
0.1856024116277694,0.3714620172977447,-2.8424103260040283,0.150491327047348,0.1256557703018188,-2.754469394683838,0.160802811384201,0.6205718517303467,-2.972498178482056,-5.99414587020874,2.7360730171203613,0.0082228602841496,2.787233352661133,0.1177083626389503,-11.018729209899902,0.4902422726154327,-0.0302476361393928,-5.024583339691162,-0.0384704954922199,-0.5984600782394409,1,3.980741262435913,19.469581604003903,517.0,41.70575714111328,150.978515625,260.25128173828125,0.1266191303730011,0.4073649644851684,-2.994649648666382,33.572174072265625,0.3164538443088531,0.3530171811580658,0.3895805180072784,0.0731266736984252,23.4503231048584
0.0437845326960086,0.0608032010495662,2.5814554691314697,0.0301366318017244,-0.0377978533506393,2.4718222618103027,0.0493369847536087,0.220439001917839,2.629936933517456,-8.923688888549805,2.0793049335479736,-0.4416978359222412,3.749089479446411,0.5238760709762573,-10.181170463562012,-1.9893114566802976,0.5191130042076111,-1.2574816942214966,0.9608108401298524,0.2393209636211395,1,2.808234930038452,18.01627540588379,291.0,66.25189971923828,214.6026306152344,362.9533386230469,0.0495373792946338,0.1511323004961013,2.208904981613159,17.379993438720703,0.3095056712627411,0.343427836894989,0.3773500025272369,0.0678443312644958,20.82451057434082
0.0523070655763149,0.3495608270168304,2.069564819335937,0.0570473670959472,0.1470362097024917,1.9153438806533811,0.0202379245311021,0.3779962956905365,1.018710970878601,-6.687187194824219,2.370875835418701,-0.0240465234965086,2.500964879989624,0.2676442861557007,-16.869163513183594,-2.4536378383636475,0.2970880270004272,-10.181977272033691,0.3211345374584198,-0.2985016405582428,1,,,3.0,,,,0.036417618393898,0.2049743235111236,1.3432852029800415,4.7343034744262695,,,,,
0.0492748953402042,0.3843471109867096,2.8217082023620605,0.0413289554417133,0.1914393156766891,2.834805011749268,0.0474777668714523,0.6916245222091675,-2.9276797771453857,-6.177708625793457,2.640425682067871,0.018276322633028,2.450702667236328,0.3447721898555755,-16.874677658081055,-0.2904829680919647,-0.0415737368166446,-10.696969032287598,-0.0598500594496727,-0.9631966948509216,1,3.054409503936768,18.34471893310547,118.0,56.8506965637207,204.9571075439453,353.0635070800781,0.0469096526503562,0.4904547929763794,2.8377249240875244,2.1107466220855717,0.3400812745094299,0.3798059821128845,0.4195307195186615,0.0794494524598121,21.39912796020508
0.0436030887067317,0.0823222398757934,3.002739667892456,0.0270002111792564,-0.0667922794818878,2.825958013534546,0.0494067035615444,0.2548508048057556,2.636173248291016,-1.5078362226486206,2.331439018249512,-0.3001095950603485,2.221027135848999,0.3392126262187958,-8.168912887573242,0.6585662364959717,-0.3018658757209778,-6.661076545715332,-0.0017562598222866,-0.8643101453781128,1,3.465940237045288,19.525362014770508,70.0,50.46172332763672,178.48760986328125,306.5135192871094,0.0438957624137401,0.2198893278837204,2.518909215927124,4.773280143737793,0.2780943512916565,0.3245622813701629,0.3710302412509918,0.0929358750581741,22.99130249023437
0.0856141597032547,0.1746391952037811,3.138519048690796,0.0637142583727836,0.0038082606624811,2.598960399627685,0.0937832444906234,0.2192814499139785,-2.6983914375305176,-7.660997867584228,2.7703678607940674,0.4514405429363251,3.3196372985839844,1.5261448621749878,-10.183329582214355,-2.32144546508789,2.035654067993164,-2.522331714630127,1.584213376045227,0.1640738844871521,1,3.392768144607544,19.320724487304688,114.0,53.490020751953125,183.22525024414065,312.9604797363281,0.0604903250932693,0.1884410679340362,-3.052854537963867,15.191997528076172,0.3090569078922272,0.3536306321620941,0.398204356431961,0.0891474261879921,22.71349334716797
0.0119893942028284,0.6426822543144226,-3.050372838973999,0.0059558260254561,0.3612647354602813,2.1439671516418457,0.0222021844238042,0.8418058753013611,-2.9238240718841557,-6.8108673095703125,2.639878034591675,-0.4422439634799957,2.979689598083496,0.5418515801429749,-10.690604209899902,-0.9150385856628418,0.2968280017375946,-3.879737138748169,0.7390719652175903,-0.8817559480667114,1,3.401810646057129,17.41118621826172,572.0,60.00816345214844,184.26480102539065,308.5214538574219,0.0304423421621322,0.6242542266845703,2.9802463054656982,21.40740394592285,0.31657874584198,0.3488226234912872,0.3810665011405945,0.0644877627491951,20.81299591064453
0.0355714447796344,0.6284707188606262,3.0515925884246826,0.0355520695447921,0.3383479416370392,2.632570266723633,0.0285351648926734,0.8317592144012451,-2.7936325073242188,-6.360929012298584,3.0110363960266118,-0.6902543902397156,2.4078497886657715,0.257466971874237,-18.716007232666016,-0.9200431108474731,-0.0941203236579895,-12.355077743530272,0.5961340665817261,-0.6539753079414368,1,3.0651659965515137,17.78070068359375,898.0,62.438507080078125,206.70101928710935,350.9635314941406,0.043909452855587,0.6343340277671814,2.4968338012695312,26.704500198364254,0.2979689240455627,0.3340581655502319,0.3701474070549011,0.0721784830093383,20.845867156982425
0.0887148678302764,0.1987291425466537,-2.5790274143218994,0.0598035417497158,0.0354142263531684,-2.559544324874878,0.0691804662346839,0.3908687829971313,-2.5397605895996094,-6.510618209838867,2.992725372314453,0.7100683450698853,2.6339948177337646,0.937680721282959,-13.695440292358398,-2.242681741714477,1.242059350013733,-7.184821605682373,0.5319909453392029,0.3803673684597015,1,3.657741069793701,19.799219131469727,46.0,46.63733673095703,174.24826049804688,301.85919189453125,0.0436069294810295,0.2573333084583282,-2.607656955718994,5.896735191345215,0.2552598714828491,0.3047497570514679,0.3542396426200866,0.0989797785878181,23.456960678100582
0.1426272988319397,0.4153908193111419,-2.8975486755371094,0.1104654595255851,0.1315577179193496,-2.894455671310425,0.1472117006778717,0.6955857276916504,-2.8797800540924072,-6.26738166809082,2.6198201179504395,0.2791749238967895,2.736349105834961,0.6553279161453247,-11.94139575958252,-1.9011200666427608,0.8890800476074219,-5.674014568328857,0.6099051237106323,-0.3825798332691192,1,3.392768144607544,19.320724487304688,147.0,53.490020751953125,183.22525024414065,312.9604797363281,0.1291689723730087,0.4409687221050262,-2.926952600479126,15.421067237854004,0.3090569078922272,0.3536306321620941,0.398204356431961,0.0891474261879921,22.71349334716797
0.1101750880479812,0.3360472321510315,-2.7576136589050293,0.084105834364891,0.0925729498267173,-2.701429843902588,0.097423642873764,0.5494569540023804,3.118455410003662,-5.774581909179688,3.096043348312378,0.2196998447179794,2.333882570266724,0.6750473976135254,-20.25570297241211,-0.7276540398597717,0.1015997901558876,-14.481121063232422,-0.1181000471115112,-0.99233740568161,1,3.392768144607544,19.320724487304688,89.0,53.490020751953125,183.22525024414065,312.9604797363281,0.0849423110485076,0.378921777009964,-2.890080690383911,14.479755401611328,0.3090569078922272,0.3536306321620941,0.398204356431961,0.0891474261879921,22.71349334716797
0.0659846737980842,0.4754505157470703,-2.9113335609436035,0.0624304302036762,0.2027065008878708,-3.094484806060791,0.0460162721574306,0.7134183645248413,-3.1333260536193848,-6.1789093017578125,2.5898425579071045,0.264325737953186,2.468099594116211,0.359361469745636,-16.33800506591797,-1.5748310089111328,0.575952410697937,-10.159095764160156,0.311626672744751,-0.029541976749897,1,2.753003597259521,18.73645782470703,348.0,161.0562744140625,249.90972900390625,338.76318359375,0.0380845144391059,0.4746321141719818,3.117309093475342,23.48130416870117,0.4725236296653747,0.4553488194942474,0.4381740093231201,-0.0343496389687061,21.48946189880371
0.0239182002842426,0.5550852417945862,2.0636508464813232,0.042204488068819,0.2913025617599487,1.6530605554580688,0.0450692065060138,0.7074217200279236,2.064436197280884,-6.927044868469238,2.579306125640869,-0.6968418955802917,2.7456350326538086,0.3760567605495453,-13.01142120361328,-0.7544924020767212,0.121109165251255,-6.084376811981201,0.8179510831832886,-0.3272008895874023,1,3.983753442764282,20.45998764038086,211.0,45.82193374633789,152.7532958984375,259.6846618652344,0.0615880265831947,0.5285578966140747,1.8826382160186768,14.652987480163574,0.3597644865512848,0.3889688849449157,0.4181732535362243,0.0584087595343589,24.44374084472656
0.0744512006640434,0.5869123935699463,3.0768961906433105,0.066701129078865,0.3033821880817413,2.993471622467041,0.0646139457821846,0.7761639356613159,-2.8693995475769043,-6.399613380432129,2.540499210357666,-0.0659482553601265,2.6903812885284424,0.8640807271003723,-12.688015937805176,-2.223001003265381,0.987843692302704,-6.288402080535889,1.0537919998168943,-0.988843023777008,1,3.054409503936768,18.34471893310547,119.0,56.8506965637207,204.9571075439453,353.0635070800781,0.0592943169176578,0.5521223545074463,2.989011287689209,5.898473262786865,0.3400812745094299,0.3798059821128845,0.4195307195186615,0.0794494524598121,21.39912796020508
0.0503955781459808,0.248602882027626,2.9973981380462646,0.0397483892738819,0.0848565399646759,2.71405029296875,0.0434950068593025,0.365557312965393,-2.9924476146698,-5.072657108306885,2.669670581817627,-0.6003276705741882,2.398487091064453,0.3958974778652191,-15.35181713104248,-2.814502000808716,0.2542640566825866,-10.279159545898438,0.8545917272567749,-0.3227266371250152,1,3.173165798187256,19.404932022094727,69.0,47.21046447753906,189.25567626953125,331.3008728027344,0.0405190102756023,0.329405665397644,2.6144044399261475,3.5404598712921143,0.2967064082622528,0.3438679873943329,0.3910295963287353,0.0943231806159019,22.57809829711914
0.0143937272951006,-0.0563925169408321,1.733768105506897,0.0220341421663761,-0.1399033963680267,1.5096145868301392,0.0338798835873603,0.1849135160446167,2.6031334400177,-7.485514163970947,2.51057243347168,-0.1789816915988922,2.6735756397247314,0.6436871290206909,-15.19660758972168,-2.7451391220092773,0.5557810068130493,-7.711092948913574,0.7347627282142639,0.9992424845695496,1,3.465940237045288,19.525362014770508,48.0,50.46172332763672,178.48760986328125,306.5135192871094,0.0429163724184036,0.0947409868240356,2.114409208297729,3.540254831314087,0.2780943512916565,0.3245622813701629,0.3710302412509918,0.0929358750581741,22.99130249023437
0.1462586224079132,0.4598850309848785,-2.918967962265014,0.1264860481023788,0.1836372315883636,-2.915097713470459,0.1108901798725128,0.6993713974952698,-2.77524209022522,-5.766790866851807,2.586553812026977,-0.144044816493988,2.5168793201446533,0.4310451149940491,-14.289530754089355,-2.7316622734069824,0.4958994686603546,-8.522740364074707,0.6399442553520203,0.0682565793395042,1,3.465940237045288,19.525362014770508,52.0,50.46172332763672,178.48760986328125,306.5135192871094,0.0826249867677688,0.4216491878032684,-2.9142322540283203,2.735475778579712,0.2780943512916565,0.3245622813701629,0.3710302412509918,0.0929358750581741,22.99130249023437
0.1266773045063018,0.4626932740211487,-3.033445358276367,0.1015750095248222,0.1880347579717636,-3.0836660861968994,0.1053315252065658,0.6949501633644104,-2.835587739944458,-5.669868469238281,2.946802854537964,0.3338516354560852,2.450308561325073,0.1550424098968505,-15.614558219909668,-1.8627485036849976,0.4109659790992737,-9.944689750671388,0.0771143436431884,-0.195767804980278,1,3.392768144607544,19.320724487304688,112.0,53.490020751953125,183.22525024414065,312.9604797363281,0.0961517468094825,0.4824777543544769,3.14041805267334,20.19794464111328,0.3090569078922272,0.3536306321620941,0.398204356431961,0.0891474261879921,22.71349334716797
0.0675042048096656,0.6007378101348877,-2.949768543243408,0.0497835054993629,0.295501708984375,-2.869853973388672,0.0586034059524536,0.8309118747711182,-2.8803155422210693,-5.652462005615234,2.65373158454895,0.0942956730723381,2.345261812210083,0.7263578772544861,-19.266212463378903,-0.0047260462306439,-0.597675085067749,-13.613749504089355,-0.6919707655906677,-0.9766892790794371,1,2.9065990447998047,18.178577423095703,760.0,65.0228500366211,210.05548095703125,355.0881042480469,0.0632242932915687,0.5810657739639282,3.10786771774292,19.960426330566406,0.3107778131961822,0.3436519801616668,0.3765261471271515,0.065748356282711,21.085176467895508
0.179639920592308,0.3376428186893463,-2.6798512935638428,0.134935662150383,0.0677120611071586,-2.577834129333496,0.1985766887664795,0.5788809061050415,-2.8268399238586426,-5.36217212677002,2.621516227722168,0.0313340686261653,2.570019483566284,0.979123830795288,-12.296321868896484,-2.204636335372925,1.275240778923035,-6.934150218963623,1.2439066171646118,0.3934659957885742,1,3.392768144607544,19.320724487304688,71.0,53.490020751953125,183.22525024414065,312.9604797363281,0.1528048664331436,0.3596349060535431,-2.691123962402344,1.3689804077148438,0.3090569078922272,0.3536306321620941,0.398204356431961,0.0891474261879921,22.71349334716797
0.0354290418326854,0.1315134316682815,2.9821248054504395,0.0287833865731954,-0.0356614217162132,2.3071436882019043,0.0638310834765434,0.2731317281723022,-2.909075975418091,-7.047391891479492,2.6310203075408936,-0.0577631443738937,2.989755392074585,0.9338743686676024,-11.052236557006836,-2.1689841747283936,1.1773970127105713,-4.004844665527344,1.2351601123809814,0.7334602475166321,1,3.392768144607544,19.320724487304688,219.0,53.490020751953125,183.22525024414065,312.9604797363281,0.0497179441154003,0.18119977414608,-3.127453088760376,25.04708671569824,0.3090569078922272,0.3536306321620941,0.398204356431961,0.0891474261879921,22.71349334716797
0.183594599366188,0.3277595341205597,-2.823310375213623,0.1359025537967682,0.1069583296775817,-2.7014119625091557,0.1667156815528869,0.5708988904953003,-3.045040845870972,-5.518833637237549,2.598335027694702,0.0972940400242805,2.5292365550994877,1.2064683437347412,-13.31149196624756,-2.488041639328003,1.342556118965149,-7.79265832901001,1.2452620267868042,0.999925434589386,1,3.465940237045288,19.525362014770508,36.0,50.46172332763672,178.48760986328125,306.5135192871094,0.1249631866812706,0.3780198395252228,-2.9789340496063232,14.887889862060549,0.2780943512916565,0.3245622813701629,0.3710302412509918,0.0929358750581741,22.99130249023437
0.1099689975380897,0.5575330853462219,2.9649617671966557,0.1070007607340812,0.272010862827301,2.9196786880493164,0.0844726637005806,0.7304248213768005,-2.9066240787506104,-6.194780826568604,3.0945608615875244,0.26307213306427,2.5064656734466557,0.7473945617675781,-15.372814178466797,-1.5857173204421997,0.7182712554931641,-9.178032875061035,0.4551990926265716,1.0,1,3.118431568145752,19.026874542236328,383.0,50.53010177612305,196.1634521484375,341.7968139648437,0.0765297561883926,0.4965148866176605,2.848940849304199,19.602388381958008,0.3775820434093475,0.4161637425422668,0.4547454416751861,0.077163390815258,22.145307540893555
0.0188891310244798,0.2750306725502014,-2.5365214347839355,0.0068453908897936,0.1030098423361778,2.982793092727661,0.027871485799551,0.4203037321567535,-2.519691228866577,-6.518965244293213,3.1517372131347656,1.2764097452163696,2.451164960861206,0.2043801248073578,-17.806594848632812,-2.2143800258636475,0.4118530452251434,-11.28762912750244,-0.8645566701889038,0.6605000495910645,1,,,7.0,,,,0.0051207174547016,0.2608950734138489,-2.4598584175109863,4.08857536315918,,,,,
0.1531315147876739,0.4186636507511139,-3.048103094100952,0.1257596313953399,0.1495004445314407,-2.998880386352539,0.1110890731215477,0.6377941966056824,-3.0929887294769287,-6.244912624359131,3.004481792449951,-1.6061636209487915,2.397889852523804,0.2839989066123962,-18.91574478149414,0.8386346697807312,-0.3175932765007019,-12.670832633972168,1.2885702848434448,-0.9315927028656006,1,2.808234930038452,18.01627540588379,205.0,66.25189971923828,214.6026306152344,362.9533386230469,0.1011326760053634,0.4296807050704956,3.089224100112915,20.356822967529297,0.3095056712627411,0.343427836894989,0.3773500025272369,0.0678443312644958,20.82451057434082
0.0367724262177944,-0.072840966284275,2.164996385574341,0.0178288854658603,-0.1394257247447967,2.259016513824463,0.0343553312122821,0.0846602693200111,2.017074584960937,-9.81288719177246,2.734685182571411,-1.0013041496276855,2.8622350692749023,0.6652564406394958,-16.617839813232422,-2.302496671676636,0.891731321811676,-6.804952621459961,1.8930355310440063,1.0,1,3.657741069793701,19.799219131469727,46.0,46.63733673095703,174.24826049804688,301.85919189453125,0.0352972745895385,0.0620258413255214,2.1961300373077397,0.9274099469184875,0.2552598714828491,0.3047497570514679,0.3542396426200866,0.0989797785878181,23.456960678100582
0.020251527428627,0.1418976485729217,-2.7845945358276367,0.0063945362344384,0.0189663674682378,1.7917616367340088,0.0325141958892345,0.1803911179304123,2.746092796325684,-6.641118049621582,2.648827075958252,-0.8405071496963501,2.5409486293792725,0.6978140473365784,-15.786210060119627,-0.9648404121398926,0.2636327743530273,-9.145092010498049,1.1041399240493774,0.8160157799720764,1,3.465940237045288,19.525362014770508,41.0,50.46172332763672,178.48760986328125,306.5135192871094,0.0229367464780807,0.1457048952579498,1.5835918188095093,17.63943862915039,0.2780943512916565,0.3245622813701629,0.3710302412509918,0.0929358750581741,22.99130249023437
0.0360267497599124,0.2550196349620819,2.269531726837158,0.0388652570545673,0.0707094520330429,2.2350244522094727,0.0184616725891828,0.2331511527299881,3.044993162155152,-10.86233139038086,2.295576810836792,-0.3399102389812469,2.886849403381348,0.0259568002074956,-17.726900100708008,1.7771620750427246,-0.0449550598859787,-6.864569187164307,0.2949551939964294,0.1088349074125289,1,,,6.0,,,,0.0230604223906993,0.1573671102523803,-1.8257219791412356,5.454354763031006,,,,,
0.0488389395177364,0.2106251865625381,2.9357738494873047,0.0373961217701435,0.0609867684543132,2.84638786315918,0.0983085185289383,0.3906385898590088,2.858849048614502,-6.0278496742248535,3.161008834838867,-0.4243817627429962,2.503337383270264,0.7283856868743896,-15.196383476257324,-2.5129339694976807,0.8657999634742737,-9.168534278869627,1.2901817560195925,-0.9953003525733948,1,3.657741069793701,19.799219131469727,63.0,46.63733673095703,174.24826049804688,301.85919189453125,0.0540541894733905,0.2830888926982879,2.591660499572754,2.95609188079834,0.2552598714828491,0.3047497570514679,0.3542396426200866,0.0989797785878181,23.456960678100582
0.1183529794216156,0.466347873210907,3.127686023712158,0.0973508656024932,0.1903606951236724,3.1384735107421875,0.1152311414480209,0.6936565637588501,-3.07480788230896,-5.78166389465332,2.675297737121582,-0.2691267728805542,2.389434337615967,0.8667381405830383,-17.755884170532227,-1.005387306213379,0.5084976553916931,-11.974220275878906,0.7776244282722473,-0.3928939402103424,1,3.909459352493286,20.36055374145508,58.0,49.019317626953125,162.9241943359375,276.8290710449219,0.1092535704374313,0.4676709771156311,-3.106114149093628,17.563432693481445,0.2508733570575714,0.296644389629364,0.3424154222011566,0.0915420725941658,24.2700138092041
0.0086498335003852,0.6442605257034302,-2.259262800216675,0.0213216133415699,0.3757678270339966,2.206220865249634,0.0295904967933893,0.8278379440307617,-1.8723739385604856,-6.09228515625,2.835132360458374,0.528777539730072,2.5378570556640625,0.7349879145622253,-14.609477996826172,-1.4314335584640503,0.9128995537757874,-8.517192840576172,0.3841220438480377,0.3496073484420776,1,3.196359872817993,18.5269832611084,662.0,88.08850860595703,203.17916870117188,318.26983642578125,0.0170415267348289,0.579046905040741,2.976693153381348,11.061890602111816,0.418883204460144,0.4234925806522369,0.4281019568443298,0.0092187710106372,21.72334289550781
0.0045835389755666,0.6199739575386047,2.7888686656951904,0.026217782869935,0.3560904264450073,1.812384009361267,0.0221291482448577,0.8014025688171387,-1.892130732536316,-6.507251739501953,2.6204562187194824,0.261602371931076,2.6297621726989746,0.8348417282104492,-13.780327796936035,-1.729335069656372,0.7121134996414185,-7.273076057434082,0.4505111277103424,-0.2441280335187912,1,,,174.0,,,,0.0298379994928836,0.6083126664161682,1.9277076721191408,25.689599990844727,,,,,
0.0671110823750495,0.1140813678503036,2.769712209701538,0.0514641217887401,-0.0040560103952884,2.727071523666382,0.0837288349866867,0.2801952958106994,3.1303935050964355,-6.879581928253174,2.41153335571289,0.2495028227567672,2.620381116867065,0.4185639321804046,-14.584633827209473,-2.2740700244903564,0.5210821628570557,-7.705051898956299,0.2715793550014496,0.9843819737434388,1,3.935844421386719,20.27804946899414,65.0,40.82598876953125,149.36746215820312,257.908935546875,0.0579114034771919,0.1544535011053085,2.8982255458831787,1.0016876459121704,0.3254987001419067,0.3647443950176239,0.4039900600910187,0.0784913673996925,24.21389389038086
0.0284879524260759,0.6294326186180115,3.072244644165039,0.0285342037677764,0.3575323522090912,2.552657127380371,0.051534280180931,0.8431664109230042,-2.904160499572754,-6.26767110824585,2.575509786605835,0.4924618303775787,2.466848850250244,0.4386492371559143,-16.64349365234375,-2.6856729984283447,0.7986255884170532,-10.375822067260742,0.3061637878417969,0.0173255838453769,1,3.196359872817993,18.5269832611084,401.0,88.08850860595703,203.17916870117188,318.26983642578125,0.0406867042183876,0.6235271692276001,2.9398081302642822,32.417823791503906,0.418883204460144,0.4234925806522369,0.4281019568443298,0.0092187710106372,21.72334289550781
0.0345537140965461,-0.0447485893964767,1.373945951461792,0.0280955322086811,-0.1377510875463485,1.1934319734573364,0.0400886051356792,0.2430776953697204,2.3625450134277344,-5.609375953674316,2.425194025039673,-1.1306685209274292,2.4784984588623047,0.1461943238973617,-14.929208755493164,-2.792707920074463,0.0319238528609275,-9.319832801818848,1.1625924110412598,-0.9727981090545654,1,3.173165798187256,19.404932022094727,84.0,47.21046447753906,189.25567626953125,331.3008728027344,0.0403811186552047,0.109124481678009,1.837238430976868,2.7362234592437744,0.2967064082622528,0.3438679873943329,0.3910295963287353,0.0943231806159019,22.57809829711914
0.0701246187090873,0.3805203735828399,-2.50473427772522,0.0563363507390022,0.1549806296825409,-2.5040619373321533,0.0377695672214031,0.6917312741279602,-2.33917498588562,-6.850560665130615,2.6857619285583496,-0.6501026153564453,2.575688600540161,0.8032187223434448,-15.513175964355469,-1.742322564125061,0.6769261360168457,-8.662615776062012,1.327028751373291,-0.994414210319519,1,3.465940237045288,19.525362014770508,78.0,50.46172332763672,178.48760986328125,306.5135192871094,0.0322297364473342,0.3958417475223541,-2.6122872829437256,7.074217796325684,0.2780943512916565,0.3245622813701629,0.3710302412509918,0.0929358750581741,22.99130249023437
0.1067724376916885,0.4891833662986755,-3.083243131637573,0.0928903594613075,0.2422826588153839,-3.0953967571258545,0.1043312847614288,0.7182579636573792,-2.927664041519165,-5.446408271789551,2.4143428802490234,-0.6121915578842163,2.78737735748291,0.0956965759396553,-9.929272651672363,0.4406020641326904,-0.1172374933958053,-4.4828643798828125,0.4949540495872497,-0.9586395621299744,1,3.465940237045288,19.525362014770508,294.0,50.46172332763672,178.48760986328125,306.5135192871094,0.0854621976613998,0.4671249985694885,-3.0192081928253174,13.361475944519045,0.2780943512916565,0.3245622813701629,0.3710302412509918,0.0929358750581741,22.99130249023437
0.0658934190869331,0.4897360503673553,-3.0204477310180664,0.0566005334258079,0.2548786997795105,3.044869899749756,0.0691527500748634,0.6774345636367798,-2.692723274230957,-5.875286102294922,2.635370969772339,-0.1258518695831298,2.539517641067505,0.4760566055774688,-14.070788383483888,-1.906971335411072,0.4241988956928253,-8.195501327514648,0.5500507950782776,0.9843819737434388,1,2.885401964187622,18.66289329528809,223.0,51.31468963623047,214.58322143554688,377.8517456054688,0.0516328737139701,0.4732327163219452,2.7918779850006104,2.015265464782715,0.3792149424552917,0.4163238108158111,0.4534326791763305,0.0742177292704582,21.548295974731445
0.134576216340065,0.4335314929485321,-2.8183841705322266,0.1124744191765785,0.186948537826538,-2.8650271892547607,0.1117445528507232,0.6718119382858276,-2.6751694679260254,-5.96185302734375,2.8779373168945312,-0.5873188972473145,2.334639072418213,0.4174711108207702,-20.79933738708496,0.453063815832138,-0.3285089135169983,-14.837484359741213,0.2588099837303161,0.8925011157989502,1,2.9065990447998047,18.178577423095703,457.0,65.0228500366211,210.05548095703125,355.0881042480469,0.0941712781786918,0.4401274621486664,-2.837687969207764,40.848331451416016,0.3107778131961822,0.3436519801616668,0.3765261471271515,0.065748356282711,21.085176467895508
0.0056328088976442,0.7014320492744446,1.4721221923828125,0.0260067861527204,0.4287931621074676,2.0342133045196533,0.0161420162767171,0.8561128973960876,-2.967891216278076,-5.260426998138428,2.849905014038086,0.3116562664508819,2.3615334033966064,0.5235276222229004,-17.317127227783203,-1.4751981496810913,0.2910948991775512,-12.056699752807615,-0.020561384037137,-0.6720051169395447,1,,,127.0,,,,0.0462570264935493,0.5645647644996643,1.557078242301941,7.027155876159668,,,,,
0.1243970766663551,0.2662066221237182,-2.607357978820801,0.0948450714349746,0.0631462484598159,-2.618344783782959,0.1059824153780937,0.6403680443763733,-3.0399670600891118,-6.464688301086426,2.635129928588867,0.0224351044744253,2.796984910964966,0.3785781562328338,-11.565197944641112,-1.0315536260604858,0.2884659171104431,-5.100510120391846,0.2660308182239532,0.2575157582759857,1,2.631620168685913,14.948774337768556,1197.0,87.93116760253906,229.4968719482422,371.06256103515625,0.1062564104795456,0.3030803203582763,-2.7051472663879395,35.77785110473633,0.3340300917625427,0.3542193472385406,0.3744086325168609,0.0403785295784473,17.580394744873047
0.1613320559263229,0.3252696990966797,-2.8439414501190186,0.1389554440975189,0.087753914296627,-2.5617566108703613,0.1505305022001266,0.6042124629020691,-3.049095630645752,-8.032876014709473,1.6484755277633667,0.4120107293128967,17.38914680480957,0.2806748747825622,-6.139122009277344,1.3359918594360352,-0.4026340544223785,1.8937537670135496,-0.8146448135375977,0.143841415643692,1,3.465940237045288,19.525362014770508,81.0,50.46172332763672,178.48760986328125,306.5135192871094,0.1318578422069549,0.447252869606018,-2.7821600437164307,11.69167423248291,0.2780943512916565,0.3245622813701629,0.3710302412509918,0.0929358750581741,22.99130249023437
0.10748952627182,0.5157126188278198,-2.827338933944702,0.0878091156482696,0.2474648654460907,-2.727168560028076,0.089775763452053,0.7609490156173706,-3.107494831085205,-6.926579475402832,2.332109212875366,-0.5857275128364563,3.255764961242676,0.1962330639362335,-9.479852676391602,3.033118963241577,0.4097868502140045,-2.553273677825928,0.9955143928527832,-0.8831630945205688,1,3.0651659965515137,17.78070068359375,834.0,62.438507080078125,206.70101928710935,350.9635314941406,0.0871694386005401,0.5397119522094727,-3.113818407058716,37.44450378417969,0.2979689240455627,0.3340581655502319,0.3701474070549011,0.0721784830093383,20.845867156982425
0.1241580173373222,0.5363815426826477,-2.879744529724121,0.1062164679169654,0.2412742972373962,-2.89484977722168,0.0920303389430046,0.8089098930358887,-2.8241984844207764,-6.871490478515625,2.817949056625366,0.1905411034822464,2.446578025817871,0.5034715533256531,-18.849777221679688,-1.87349534034729,0.6455766558647156,-11.978285789489746,0.455035537481308,-0.3936575055122375,1,2.9065990447998047,18.178577423095703,488.0,65.0228500366211,210.05548095703125,355.0881042480469,0.092194989323616,0.5443024039268494,-2.941882610321045,26.74686813354492,0.3107778131961822,0.3436519801616668,0.3765261471271515,0.065748356282711,21.085176467895508
0.1509768366813659,0.4476068913936615,-2.9574100971221924,0.1263620406389236,0.1671296954154968,-2.735464096069336,0.1736752986907959,0.690566897392273,3.026642084121704,-5.7153730392456055,2.530157804489136,0.5798514485359192,2.450596570968628,0.9106805324554444,-15.72469425201416,-1.474111557006836,0.7851656079292297,-10.009321212768556,0.2053141444921493,0.9290710687637328,1,3.465940237045288,19.525362014770508,130.0,50.46172332763672,178.48760986328125,306.5135192871094,0.1445789933204651,0.4736349880695343,-3.0310535430908203,18.868179321289062,0.2780943512916565,0.3245622813701629,0.3710302412509918,0.0929358750581741,22.99130249023437
0.0374518521130085,0.1024702712893486,-2.817817687988281,0.0216159969568252,-0.0737515091896057,-3.0424609184265137,0.0505309887230396,0.3870616555213928,3.1107468605041504,-1.9181681871414185,2.477444887161255,-1.0297279357910156,2.216148614883423,0.1779849231243133,-10.311779975891112,-1.431410551071167,0.2889650762081146,-8.393611907958984,1.3186930418014526,0.9949013590812684,1,2.734091281890869,17.478294372558594,367.0,71.77489471435547,227.84896850585935,383.9230346679688,0.0401601381599903,0.2472443282604217,2.8004844188690186,8.06342601776123,0.3990560472011566,0.4263354241847992,0.4536147713661194,0.054558727890253,20.212385177612305
0.0742482766509056,0.3761513233184814,-2.498746395111084,0.0577547810971736,0.1689788401126861,-2.311023235321045,0.0922071635723114,0.6326765418052673,-2.6441593170166016,-4.645636081695557,2.597280502319336,0.3093602061271667,2.497859477996826,0.6138399839401245,-11.872689247131348,-1.951526761054993,1.1127923727035522,-7.227053165435791,0.8034321665763855,-0.0640597119927406,1,3.465940237045288,19.525362014770508,79.0,50.46172332763672,178.48760986328125,306.5135192871094,0.0537158511579036,0.4107927680015564,-2.6925597190856934,2.2157671451568604,0.2780943512916565,0.3245622813701629,0.3710302412509918,0.0929358750581741,22.99130249023437
0.0644353553652763,0.4881903231143951,2.684190034866333,0.0521433241665363,0.2219464927911758,2.631566286087036,0.0565354041755199,0.6707417964935303,3.081517457962036,-6.717062473297119,3.077763795852661,0.1125799566507339,2.6391561031341557,0.7082031965255737,-14.00836181640625,-1.6024426221847534,0.9655768275260924,-7.291299343109131,0.8529968857765198,0.971608579158783,1,3.392768144607544,19.320724487304688,60.0,53.490020751953125,183.22525024414065,312.9604797363281,0.0513200275599956,0.4281683564186096,2.9844846725463867,6.299948692321777,0.3090569078922272,0.3536306321620941,0.398204356431961,0.0891474261879921,22.71349334716797
0.0246767345815897,-0.1124742329120636,1.3950620889663696,0.0091905891895294,-0.1748632490634918,0.4276077151298523,0.0144118787720799,0.1919004768133163,-1.3248785734176636,-5.826597213745117,2.5299973487854004,-0.825804591178894,2.522940397262573,0.3335784375667572,-14.22829818725586,-1.3145371675491333,0.0483255013823509,-8.401700973510742,0.8741300702095032,-0.5984600782394409,1,2.74457049369812,17.597362518310547,324.0,68.93495178222656,221.73089599609372,374.52685546875,0.0131790461018681,0.0605595409870147,0.6096397042274475,0.9274099469184875,0.312336653470993,0.3466123938560486,0.3808881044387817,0.0685514509677887,20.34193229675293
0.1112032234668731,0.4970898926258087,3.1327600479125977,0.0980026945471763,0.2469857335090637,3.1029322147369385,0.1029948741197586,0.7239482402801514,-3.0581185817718506,-6.390019416809082,2.836169719696045,-0.8974074125289917,2.679619789123535,0.7333000898361206,-12.851733207702637,-1.286421537399292,0.6025428175926208,-6.461713790893555,1.499950289726257,0.1712345480918884,1,3.657741069793701,19.799219131469727,52.0,46.63733673095703,174.24826049804688,301.85919189453125,0.0929055586457252,0.4870069026947021,3.078904867172241,7.0651140213012695,0.2552598714828491,0.3047497570514679,0.3542396426200866,0.0989797785878181,23.456960678100582
0.0845260098576545,0.3171678781509399,-2.828330516815185,0.0636780261993408,0.108832262456417,-2.809317111968994,0.0900307074189186,0.5200813412666321,-2.7916336059570312,-6.963517189025879,2.641132116317749,-0.0661470890045166,2.7041432857513428,0.6763328313827515,-13.61148166656494,-2.9003148078918457,0.5460799336433411,-6.647964477539063,0.6122270226478577,-0.3804574608802795,1,3.392768144607544,19.320724487304688,52.0,53.490020751953125,183.22525024414065,312.9604797363281,0.0764728188514709,0.3422261476516723,-2.663892984390259,19.68367958068848,0.3090569078922272,0.3536306321620941,0.398204356431961,0.0891474261879921,22.71349334716797
0.0734288915991783,0.1228413954377174,-2.216048002243042,0.0656798854470253,-0.0448369272053241,-2.023547410964966,0.02137341350317,0.3456315994262695,2.8686413764953613,-5.588220596313477,2.2866711616516118,-0.0323227010667324,2.60633397102356,0.6008418202400208,-12.379664421081545,-1.6962772607803345,0.7947202920913696,-6.791443824768066,0.8270429968833923,0.0600848421454429,1,2.808234930038452,18.01627540588379,458.0,66.25189971923828,214.6026306152344,362.9533386230469,0.0303367991000413,0.1738837361335754,-1.9320228099823,1.368729829788208,0.3095056712627411,0.343427836894989,0.3773500025272369,0.0678443312644958,20.82451057434082
0.0981786996126174,0.5110232830047607,2.656434774398804,0.0936256349086761,0.2395916581153869,2.492908477783203,0.0712792426347732,0.7122647762298584,-3.030451774597168,-6.43176794052124,2.6118922233581543,-0.4396543204784393,2.640643119812012,0.7643064856529236,-13.639020919799805,-1.9646008014678955,1.0247963666915894,-7.207252502441406,1.4644505977630615,1.0,1,3.3268885612487797,19.0765380859375,43.0,64.89746856689453,193.2596893310547,321.6219177246094,0.0726579427719116,0.4805934429168701,2.7282214164733887,3.704791784286499,0.3024540841579437,0.341533362865448,0.3806126415729522,0.0781585723161697,22.40342712402344
0.0532105304300785,0.5014492273330688,-2.973121404647827,0.0444164238870143,0.2884590625762939,3.062293767929077,0.0497292205691337,0.683164656162262,2.917066097259521,-8.232797622680664,2.7256510257720947,0.1413826942443847,2.8332624435424805,0.4801618754863739,-14.15230655670166,-2.426807403564453,0.3901642560958862,-5.919508934020996,0.2487815618515014,-0.3364651203155517,1,4.054532527923584,20.94973945617676,70.0,48.245243072509766,156.00076293945312,263.7562866210937,0.0443927943706512,0.4891198873519897,2.860214948654175,5.705582618713379,0.364945501089096,0.392319917678833,0.4196943640708923,0.0547488778829574,25.0042724609375
0.1104728356003761,0.3186776041984558,2.4707682132720947,0.087835855782032,0.10072523355484,2.358912706375122,0.1079776808619499,0.4927727580070495,2.408677577972412,-6.967324733734131,2.5906896591186523,1.4329147338867188,2.6463406085968018,1.1959798336029053,-14.384284973144531,-2.582515239715576,1.600380539894104,-7.416960716247559,0.1674659103155136,0.6742880344390869,1,3.657741069793701,19.799219131469727,60.0,46.63733673095703,174.24826049804688,301.85919189453125,0.0788011774420738,0.3617743253707886,2.20682692527771,8.806227684020996,0.2552598714828491,0.3047497570514679,0.3542396426200866,0.0989797785878181,23.456960678100582
0.1716111451387405,0.461805522441864,-2.761406898498535,0.1360958665609359,0.1774597913026809,-2.722977638244629,0.124365709722042,0.7500813603401184,-2.7837395668029785,-5.924618244171143,3.250872135162353,0.0405878275632858,2.334049940109253,0.0196456164121627,-20.633668899536133,-1.1417502164840698,0.0525441914796829,-14.709050178527832,0.0119563676416873,0.0700108334422111,1,2.9065990447998047,18.178577423095703,583.0,65.0228500366211,210.05548095703125,355.0881042480469,0.1153590083122253,0.4919653236865997,-2.825129270553589,37.123477935791016,0.3107778131961822,0.3436519801616668,0.3765261471271515,0.065748356282711,21.085176467895508
0.0346121750771999,0.5949876308441162,-2.6510634422302246,0.0281057339161634,0.3134476542472839,-2.8689911365509038,0.0272049084305763,0.8021762371063232,-2.3886053562164307,-7.174219131469727,2.644458055496216,0.0876705199480056,2.8805668354034424,0.7655446529388428,-11.87236499786377,-1.985730528831482,0.737112283706665,-4.698145866394043,0.6494417190551758,0.9979202747344972,1,2.9758059978485107,18.21444702148437,411.0,61.34770584106445,214.45704650878903,367.5663757324219,0.0306436214596033,0.5732117295265198,-3.0912139415740967,20.95343399047852,0.3001894056797027,0.3443824350833893,0.3885754346847534,0.0883860290050506,21.19025421142578
0.1952003240585327,0.3730880320072174,-2.776412010192871,0.1535149812698364,0.1075186654925346,-2.609403133392334,0.1970552653074264,0.6356363892555237,-2.858903169631958,-5.614931583404541,2.876795053482056,0.1604508459568023,2.434593915939331,0.5059705972671509,-15.970823287963867,-1.6706475019454956,0.4729899764060974,-10.355892181396484,0.312539130449295,-0.673805832862854,1,3.465940237045288,19.525362014770508,193.0,50.46172332763672,178.48760986328125,306.5135192871094,0.1504004597663879,0.4258978366851806,-2.80075478553772,8.160679817199707,0.2780943512916565,0.3245622813701629,0.3710302412509918,0.0929358750581741,22.99130249023437
0.0534788928925991,-0.0557767413556575,2.2422146797180176,0.0378974787890911,-0.1386901885271072,2.1794991493225098,0.0274608880281448,0.1715302467346191,2.553802490234375,-18.28407096862793,3.0151712894439697,-1.536946415901184,5.2654571533203125,0.524130642414093,-14.259775161743164,-1.4790140390396118,0.3638127446174621,4.024296283721924,1.9007591009140012,-0.853533148765564,1,3.657741069793701,19.799219131469727,55.0,46.63733673095703,174.24826049804688,301.85919189453125,0.0519919507205486,0.0480822622776031,1.9499577283859253,3.429481744766236,0.2552598714828491,0.3047497570514679,0.3542396426200866,0.0989797785878181,23.456960678100582
0.0608657076954841,0.3942838907241821,2.8132309913635254,0.0455790273845195,0.1942962706089019,2.7232296466827397,0.0826397612690925,0.6124110221862793,3.050006151199341,-5.956098556518555,2.5586698055267334,-0.4444082081317901,2.4881510734558105,0.5403540730476379,-15.40109634399414,-1.969959020614624,0.6206453442573547,-9.444997787475586,1.0650535821914673,0.9202439785003662,1,3.465940237045288,19.525362014770508,70.0,50.46172332763672,178.48760986328125,306.5135192871094,0.0630021691322326,0.3962133824825287,2.762882232666016,4.773288249969482,0.2780943512916565,0.3245622813701629,0.3710302412509918,0.0929358750581741,22.99130249023437
0.1114129200577735,0.4053104817867279,-2.983132839202881,0.0896777808666229,0.1267570108175277,-2.584258556365967,0.1092443466186523,0.6144416332244873,-2.9438395500183105,-6.400617599487305,3.1481363773345947,-0.3156652152538299,2.5833139419555664,0.7557207345962524,-14.372957229614258,2.908198356628418,0.5488836169242859,-7.972339153289795,0.8645488023757935,-0.0987443253397941,1,3.657741069793701,19.799219131469727,54.0,46.63733673095703,174.24826049804688,301.85919189453125,0.095856487751007,0.4199002683162689,3.04512357711792,10.007871627807615,0.2552598714828491,0.3047497570514679,0.3542396426200866,0.0989797785878181,23.456960678100582
0.0504031330347061,0.1227311342954635,-1.6722735166549685,0.0423305630683898,0.0168707463890314,-1.5469342470169067,0.0645265579223632,0.4422729313373565,2.684396266937256,-7.2966766357421875,2.755468845367432,-0.261703759431839,2.5606696605682373,0.7268015742301941,-16.851346969604492,-1.8258934020996092,1.0496015548706057,-9.554670333862305,1.311305284500122,0.3837197422981262,1,3.657741069793701,19.799219131469727,65.0,46.63733673095703,174.24826049804688,301.85919189453125,0.0392651557922363,0.1266946345567703,-2.55689024925232,2.9562630653381348,0.2552598714828491,0.3047497570514679,0.3542396426200866,0.0989797785878181,23.456960678100582
0.1515209376811981,0.4669519662857055,-2.7212226390838623,0.1236386820673942,0.1783804893493652,-2.648610830307007,0.1272935718297958,0.7746709585189819,-2.698861837387085,-6.972021579742432,2.7524185180664062,-0.8062772750854492,2.948780059814453,0.3937712013721466,-11.129863739013672,1.005898356437683,-0.5005558133125305,-4.157842636108398,0.3057214021682739,0.7776743173599243,1,2.6986870765686035,15.627185821533203,558.0,87.53201293945312,224.5735626220703,361.6151123046875,0.1133389249444007,0.5045058727264404,-2.755182981491089,26.167234420776367,0.3380541205406189,0.356262058019638,0.3744699954986572,0.0364158600568771,18.32587242126465
0.0739287510514259,0.4614703953266144,2.6711435317993164,0.0586034208536148,0.2216275483369827,2.634117603302002,0.1014743074774742,0.6072346568107605,2.694469928741455,-5.991002082824707,2.4242966175079346,0.4631937146186828,2.520915508270264,0.4793215095996856,-14.666080474853516,-2.0799033641815186,0.5915351510047913,-8.675079345703125,0.1283414512872696,0.9843819737434388,1,,,9.0,,,,0.0862804502248764,0.4064848721027374,2.609546184539795,1.9998303651809688,,,,,
0.1316079050302505,0.433957576751709,-2.9845778942108154,0.1098126843571662,0.1592054218053817,-2.85871958732605,0.1271983385086059,0.6769763827323914,-2.9794702529907227,-5.987437725067139,2.5823216438293457,0.1339006274938583,2.7076923847198486,1.175517201423645,-11.821734428405762,-2.51692795753479,1.6027132272720337,-5.834296226501465,1.4688125848770142,0.9588662385940552,1,3.392768144607544,19.320724487304688,69.0,53.490020751953125,183.22525024414065,312.9604797363281,0.1058497428894043,0.4551928341388702,-3.080775737762451,19.42909812927246,0.3090569078922272,0.3536306321620941,0.398204356431961,0.0891474261879921,22.71349334716797
0.0463335886597633,0.5946424007415771,-2.0502209663391118,0.0244225766509771,0.3353223204612732,-2.487029552459717,0.0628143176436424,0.8122626543045044,-2.169313669204712,-6.465654373168945,2.571530818939209,0.3916000723838806,2.6128814220428467,0.16800557076931,-13.9186372756958,-1.3826035261154177,0.0944211557507515,-7.452982425689697,-0.2971789240837097,-0.9680772423744202,1,2.829927921295166,17.95047950744629,654.0,111.52306365966795,225.99609375,340.4691162109375,0.0472003854811191,0.5809506773948669,-2.4607458114624023,30.77541160583496,0.4091136455535888,0.4080990254878998,0.4070844352245331,-0.0020291903056204,20.780406951904297
0.1269329637289047,0.3967571258544922,-3.092653274536133,0.0903562381863594,0.1380057632923126,-3.06949234008789,0.1810624897480011,0.6003961563110352,-3.0893313884735107,-5.69983434677124,2.6774048805236816,0.2463053911924362,3.106643915176392,0.987811803817749,-8.485249519348145,-1.8200795650482176,0.972443699836731,-2.785414934158325,0.7261382937431335,0.4213159680366516,1,3.392768144607544,19.320724487304688,256.0,53.490020751953125,183.22525024414065,312.9604797363281,0.137322261929512,0.4142349362373352,-3.1242763996124268,28.752504348754883,0.3090569078922272,0.3536306321620941,0.398204356431961,0.0891474261879921,22.71349334716797
0.1186277195811271,0.3563552796840668,-2.3015942573547363,0.0899552255868911,0.1357158422470092,-2.2870781421661377,0.0785300359129905,0.6763407588005066,-2.5223278999328613,-6.311311721801758,3.1239912509918213,-0.9345784187316896,2.5358963012695312,0.3333161771297455,-15.05591869354248,-1.97121262550354,0.3432799279689789,-8.744606971740723,1.2778583765029907,1.0,1,3.3140382766723637,17.497283935546875,355.0,67.23223876953125,175.78794860839844,284.3436584472656,0.0762025266885757,0.4227328300476074,-2.585127115249634,0.9274099469184875,0.3598673343658447,0.3956205546855926,0.4313737750053406,0.0715064480900764,20.811323165893555
0.0672443211078643,0.5471937656402588,3.027495861053467,0.0628735348582267,0.3040629029273987,3.0626323223114014,0.066543772816658,0.7844658493995667,-3.136958599090576,-6.898031711578369,2.5994839668273926,-0.276123970746994,2.804174900054932,0.5074849128723145,-12.249679565429688,-1.347371220588684,0.3644633591175079,-5.35164737701416,0.640587329864502,0.8423606753349304,1,2.74457049369812,17.597362518310547,289.0,68.93495178222656,221.73089599609372,374.52685546875,0.0630579739809036,0.5609591603279114,2.675574541091919,8.215314865112305,0.312336653470993,0.3466123938560486,0.3808881044387817,0.0685514509677887,20.34193229675293
0.0879784449934959,-0.0152326766401529,1.7005311250686646,0.0793983340263366,-0.0966042876243591,1.6351783275604248,0.0178880561143159,0.0280964653939008,0.4016281068325043,-15.242073059082031,2.7076783180236816,0.9843961596488952,4.321510314941406,0.3565479516983032,-14.571242332458496,-1.7910583019256592,0.435595154762268,0.6708307862281799,-0.5488010048866272,-0.5984600782394409,1,2.7860145568847656,20.13753318786621,26.0,232.08335876464844,291.12677001953125,350.1701965332031,0.0485150441527366,-0.1068936139345169,1.536387324333191,1.854334115982056,0.4843552410602569,0.4640510082244873,0.4437467753887176,-0.0406084544956684,22.923547744750977
0.0783763900399208,0.197915107011795,-3.125169038772583,0.0723001062870025,-0.0606903582811355,-2.0260872840881348,0.1940679252147674,0.4119768738746643,2.2377736568450928,-6.661471366882324,2.8382184505462646,-0.0548416711390018,2.41806697845459,1.2240595817565918,-19.320539474487305,-2.186891794204712,1.6918363571166992,-12.65906810760498,1.746678113937378,0.1447909325361251,1,3.465940237045288,19.525362014770508,173.0,50.46172332763672,178.48760986328125,306.5135192871094,0.065839298069477,0.209388718008995,3.061091184616089,11.555152893066406,0.2780943512916565,0.3245622813701629,0.3710302412509918,0.0929358750581741,22.99130249023437
0.0914599373936653,0.14898282289505,2.1799325942993164,0.0775348246097564,-0.003697398584336,2.0496859550476074,0.0689495131373405,0.2325368374586105,2.162790060043335,-7.16251277923584,2.7477500438690186,0.2439517825841903,2.4902188777923584,0.8421700596809387,-18.317893981933597,-2.235508680343628,1.1085246801376345,-11.155381202697754,0.8645728826522827,0.0666981413960456,1,3.173165798187256,19.404932022094727,60.0,47.21046447753906,189.25567626953125,331.3008728027344,0.0801562294363975,0.1551917046308517,2.125502586364746,4.213737964630127,0.2967064082622528,0.3438679873943329,0.3910295963287353,0.0943231806159019,22.57809829711914
0.026611603796482,0.642345666885376,2.441410779953003,0.0404325053095817,0.3835638165473938,2.146749973297119,0.0377005040645599,0.8040791153907776,-2.914377450942993,-5.681793212890625,2.924966812133789,-0.3259416818618774,2.3754186630249023,0.4825855791568756,-18.038196563720703,-1.1966959238052368,0.2516008615493774,-12.356403350830078,0.5775425434112549,0.0121561596170067,1,3.983753442764282,20.45998764038086,353.0,45.82193374633789,152.7532958984375,259.6846618652344,0.0419988818466663,0.6028996109962463,2.36403489112854,23.285327911376957,0.3597644865512848,0.3889688849449157,0.4181732535362243,0.0584087595343589,24.44374084472656
0.1349782049655914,0.3104799389839172,-2.173314332962036,0.1021296307444572,0.0842605903744697,-2.1177914142608643,0.1331468224525451,0.5183286666870117,-2.104560136795044,-5.944316387176514,2.598780870437622,0.4311445951461792,2.490044116973877,0.7393330335617065,-15.241623878479004,-1.8673704862594604,1.0391950607299805,-9.297307014465332,0.6080504059791565,0.1697876900434494,1,3.730838060379028,18.427261352539062,147.0,51.68056869506836,164.86322021484375,278.0458679199219,0.0778050571680069,0.3373127579689026,-2.0734341144561768,9.4755859375,0.3485242426395416,0.3771971762180328,0.4058701395988464,0.057345911860466,22.158100128173828
0.0828757062554359,0.3126953244209289,-2.4185593128204346,0.0667372271418571,0.1078980565071106,-2.275733709335327,0.0783579796552658,0.5852534174919128,-2.586596965789795,-6.730623245239258,2.648809671401977,0.3791660666465759,2.610295534133911,0.3794141709804535,-14.541611671447754,-1.214192271232605,0.1612033545970916,-7.810988426208496,-0.2179627269506454,0.9297523498535156,1,3.392768144607544,19.320724487304688,337.0,53.490020751953125,183.22525024414065,312.9604797363281,0.0595630034804344,0.3335731327533722,-2.6150951385498047,7.573598384857178,0.3090569078922272,0.3536306321620941,0.398204356431961,0.0891474261879921,22.71349334716797
0.0666081234812736,0.2640896141529083,2.271392345428467,0.0535923726856708,0.08999764919281,2.1536099910736084,0.0438377037644386,0.5488563776016235,2.7168960571289062,-2.1013405323028564,3.961545705795288,-0.0459281019866466,2.110881328582764,0.9924940466880798,-12.05374240875244,-1.2179585695266724,1.0124956369400024,-9.952401161193848,1.0584237575531006,-0.0604552179574966,1,3.465940237045288,19.525362014770508,46.0,50.46172332763672,178.48760986328125,306.5135192871094,0.0529255978763103,0.3459847569465637,2.052325963973999,13.071451187133787,0.2780943512916565,0.3245622813701629,0.3710302412509918,0.0929358750581741,22.99130249023437
0.1084844768047332,0.230782151222229,-2.6592512130737305,0.0860365778207779,0.0287532042711973,-2.5579071044921875,0.0958992466330528,0.563014566898346,-2.83267593383789,-6.906494140625,2.8363637924194336,0.1939297616481781,2.512904167175293,0.4880115687847137,-17.132762908935547,-2.3236987590789795,0.8118204474449158,-10.226268768310549,0.6178906559944153,-0.67838054895401,1,3.392768144607544,19.320724487304688,110.0,53.490020751953125,183.22525024414065,312.9604797363281,0.0833712965250015,0.3490042388439178,-2.703596591949463,8.161355972290039,0.3090569078922272,0.3536306321620941,0.398204356431961,0.0891474261879921,22.71349334716797
0.0930841714143753,0.4243597388267517,-2.5930464267730717,0.0826721563935279,0.1351552009582519,-2.298840045928955,0.0908494368195533,0.6621173024177551,2.810706377029419,-7.323304176330566,2.9382827281951904,0.525834321975708,2.8192317485809326,0.6328355669975281,-12.952265739440918,-1.7294652462005615,0.7965109348297119,-5.628961563110352,0.2706766426563263,0.9843819737434388,1,2.74457049369812,17.597362518310547,718.0,68.93495178222656,221.73089599609372,374.52685546875,0.0530776232481002,0.4550814926624298,2.782710313796997,20.26517105102539,0.312336653470993,0.3466123938560486,0.3808881044387817,0.0685514509677887,20.34193229675293
0.0595641657710075,0.1868870109319687,2.437938928604126,0.0461754091084003,-0.0172049440443515,2.2063000202178955,0.050621211528778,0.2194637507200241,2.5743768215179443,-6.657678604125977,2.9349589347839355,1.4472792148590088,2.437930107116699,1.495430827140808,-18.57417106628418,-2.1097543239593506,1.9609004259109497,-11.916492462158203,0.5136212110519409,0.0826157107949256,1,4.054532527923584,20.94973945617676,176.0,48.245243072509766,156.00076293945312,263.7562866210937,0.0449640601873397,0.1599856168031692,2.567011833190918,16.13046646118164,0.364945501089096,0.392319917678833,0.4196943640708923,0.0547488778829574,25.0042724609375
0.037711426615715,0.2505834996700287,2.95190978050232,0.0314894951879978,0.098276637494564,2.769138813018799,0.0570498369634151,0.3490399122238159,2.9155850410461426,-6.532183170318604,2.5549447536468506,-0.568501889705658,2.644351959228516,0.4363177120685577,-13.540731430053713,3.115585327148437,0.3553565740585327,-7.008548259735107,0.9238584637641908,-0.7451258897781372,1,3.465940237045288,19.525362014770508,60.0,50.46172332763672,178.48760986328125,306.5135192871094,0.0490953437983989,0.3063614666461944,2.549842834472656,5.042791366577148,0.2780943512916565,0.3245622813701629,0.3710302412509918,0.0929358750581741,22.99130249023437
0.0110167143866419,0.2188142538070678,2.0716545581817627,0.0283337533473968,0.0795593112707138,1.5340055227279663,0.0396748185157775,0.20064078271389,1.175818681716919,-7.260583400726318,2.0729079246521,0.3233538568019867,3.0151731967926025,0.6142703890800476,-10.932814598083496,3.127222776412964,0.3353567123413086,-3.672230958938599,0.0120028657838702,0.7440199851989746,1,2.671318769454956,17.709003448486328,137.0,170.2724609375,260.6195068359375,350.9665222167969,0.0248952955007553,0.2392365783452987,1.4014416933059692,8.153778076171875,0.4528476595878601,0.4381445646286011,0.4234414398670196,-0.0294062253087759,20.380321502685547
0.0364442728459835,0.0962389409542083,-2.5698482990264893,0.0249573178589344,-0.0142844747751951,-2.781437873840332,0.0414663590490818,0.3048527836799621,-3.0750324726104736,-6.949342727661133,2.5837574005126958,-0.3195231556892395,2.6641125679016118,0.3050737679004669,-14.10288906097412,-1.6245038509368896,0.1431071013212204,-7.153546333312988,0.4626302421092987,-0.9977309107780457,1,3.5199265480041504,19.628707885742188,58.0,40.34352111816406,187.0533905029297,333.7632751464844,0.0317014269530773,0.1982964128255844,3.055647611618042,2.9555411338806152,0.2520710527896881,0.3043581545352936,0.3566452264785766,0.1045741662383079,23.14863586425781
0.0809283033013343,0.2427205443382263,-2.666710138320923,0.0565720312297344,0.054888479411602,-2.8168845176696777,0.0815126597881317,0.4199540317058563,-2.511679649353028,-7.04345178604126,3.0387227535247803,0.6012710928916931,2.533530235290528,1.1135203838348389,-16.726659774780273,-2.349262237548828,1.5653572082519531,-9.683207511901855,0.96408611536026,-0.5984600782394409,1,3.657741069793701,19.799219131469727,68.0,46.63733673095703,174.24826049804688,301.85919189453125,0.0685544610023498,0.2811994552612304,-2.6446704864501958,6.464860916137695,0.2552598714828491,0.3047497570514679,0.3542396426200866,0.0989797785878181,23.456960678100582
0.1132840439677238,0.2676438689231872,-3.015315294265747,0.0772333815693855,-0.0135411890223622,-2.9618358612060547,0.1406744420528412,0.4699912667274475,-3.0843536853790283,-6.374410629272461,2.761561632156372,0.139843538403511,2.758100271224976,1.3122059106826782,-11.881729125976562,-2.1699776649475098,1.707390308380127,-5.507318019866943,1.5675467252731323,-0.6250287294387817,1,3.392768144607544,19.320724487304688,116.0,53.490020751953125,183.22525024414065,312.9604797363281,0.0982518047094345,0.3122386336326599,-3.0236241817474365,11.84064769744873,0.3090569078922272,0.3536306321620941,0.398204356431961,0.0891474261879921,22.71349334716797
0.0605338737368583,0.4738918244838714,2.7195498943328857,0.0582767724990844,0.2251307666301727,2.4927010536193848,0.071526400744915,0.6765649318695068,3.077439069747925,-6.594895839691162,3.0031187534332275,0.1222473084926605,2.420629978179932,0.2526706457138061,-18.97668838500977,2.3263602256774902,-0.0504233911633491,-12.381792068481444,-0.172670692205429,0.1697797626256942,1,,,27.0,,,,0.0615040883421897,0.4556542038917541,2.638177394866944,26.26398277282715,,,,,
0.0896327793598175,0.4014923274517059,-2.9878430366516118,0.066162958741188,0.1441312879323959,-2.8174691200256348,0.1023431494832038,0.574407696723938,2.859639406204224,-6.528543949127197,3.5721607208251958,-0.5554431676864624,2.3305342197418213,0.3333198726177215,-22.870519638061523,0.1921018809080124,-0.339742362499237,-16.34197425842285,0.2157007902860641,-0.0500935353338718,1,2.6986870765686035,15.627185821533203,1047.0,87.53201293945312,224.5735626220703,361.6151123046875,0.0751136541366577,0.3753345608711242,3.0119218826293945,29.964496612548828,0.3380541205406189,0.356262058019638,0.3744699954986572,0.0364158600568771,18.32587242126465
0.0270088836550712,0.6342206001281738,1.9986865520477293,0.0741407871246337,0.3610371351242065,1.8434998989105225,0.018984941765666,0.8230482339859009,-2.291013717651367,-5.959912300109863,2.7328362464904785,-0.0680034160614013,2.4760279655456543,0.9271430373191832,-15.582168579101562,-0.869460940361023,0.5287765264511108,-9.6222562789917,0.5967799425125122,0.9329314827919006,1,,,114.0,,,,0.0437936410307884,0.6188173294067383,1.8685240745544436,26.42050552368164,,,,,
0.1095631569623947,0.4650801122188568,-2.922694206237793,0.0805620178580284,0.1655982732772827,-2.544163227081299,0.1145559325814247,0.7152054309844971,-3.1354920864105225,-6.240237236022949,2.6753320693969727,-0.3571976721286773,2.520740032196045,0.2732657492160797,-15.3375883102417,-1.9643325805664065,0.37498340010643,-9.097352027893066,0.7321810722351074,-0.5341328382492065,1,3.054409503936768,18.34471893310547,122.0,56.8506965637207,204.9571075439453,353.0635070800781,0.0848272293806076,0.4505589306354522,-2.9198641777038574,11.167715072631836,0.3400812745094299,0.3798059821128845,0.4195307195186615,0.0794494524598121,21.39912796020508
0.2210901379585266,0.3585224151611328,-2.709061861038208,0.1823329478502273,0.0814775973558425,-2.6337890625,0.1792283803224563,0.664998471736908,-2.8039684295654297,-5.200472831726074,2.9899604320526123,0.1300826072692871,2.391106605529785,0.653722882270813,-15.994905471801758,-2.6910574436187744,0.9085436463356018,-10.794432640075684,0.7784610390663147,0.2481556832790374,1,3.392768144607544,19.320724487304688,127.0,53.490020751953125,183.22525024414065,312.9604797363281,0.1583210974931717,0.423939049243927,-2.7361228466033936,17.381757736206055,0.3090569078922272,0.3536306321620941,0.398204356431961,0.0891474261879921,22.71349334716797
0.0889328122138977,0.5786561965942383,1.929495930671692,0.0815315023064613,0.3184790313243866,2.08668851852417,0.0832366868853569,0.7723060846328735,1.757919192314148,-5.024036407470703,3.2854793071746826,1.069587230682373,2.2844109535217285,0.6909418106079102,-20.11823463439941,-1.192251205444336,0.5098464488983154,-15.094197273254396,-0.5597407817840576,0.8882128596305847,2,2.168123483657837,10.941106796264648,2987.0,182.8788604736328,320.37164306640625,457.8644104003906,0.0948630347847938,0.5041837096214294,1.9836491346359253,41.45550537109375,0.3957177698612213,0.3914103209972381,0.387102872133255,-0.0086148809641599,13.109230041503906
0.0632748305797576,0.6335902810096741,1.9327123165130613,0.076756477355957,0.4029376804828644,1.8043522834777832,0.0370923653244972,0.777670681476593,1.8984405994415283,-6.509889125823975,3.4993462562561035,-0.0212670974433422,2.3289802074432373,0.5912750959396362,-22.841732025146484,-2.307879447937012,0.6575132608413696,-16.331844329833984,0.6787803769111633,0.0222766697406768,2,2.5245156288146973,10.83508014678955,3021.0,126.10740661621094,259.38311767578125,392.6588745117188,0.0840124115347862,0.5941728949546814,1.7259442806243896,18.492509841918945,0.3763021230697632,0.3849989473819732,0.3936958014965057,0.0173936765640974,13.359596252441406
0.0509010218083858,0.5927705764770508,-2.416081190109253,0.0467391833662986,0.341649979352951,-2.573915958404541,0.018291812390089,0.8002908825874329,-1.9502437114715576,-5.523493766784668,2.769611120223999,0.480857253074646,2.4810791015625,1.3113319873809814,-14.61150074005127,-2.3595595359802246,1.4065563678741455,-9.088006973266602,0.9256991744041444,-0.9805492758750916,2,2.311365127563477,11.11164093017578,2508.0,166.17112731933594,318.911376953125,471.6516418457031,0.0256210342049598,0.574472963809967,3.062053680419922,34.43500518798828,0.381886214017868,0.3825000822544098,0.3831139504909515,0.0012277503265067,13.423006057739258
0.0261634700000286,0.6443132162094116,1.87742280960083,0.0355740301311016,0.3894045650959015,2.173452377319336,0.0335529781877994,0.7939872145652771,1.5377495288848877,-5.197049617767334,3.010763168334961,0.4431333541870117,2.3570730686187744,0.6602185368537903,-17.144689559936523,-1.859371542930603,0.651918351650238,-11.947639465332031,0.2087849676609039,-0.5437197089195251,2,2.342552900314331,14.374113082885742,2515.0,155.94219970703125,266.826416015625,377.7106323242188,0.0463702604174613,0.5222707986831665,1.641445279121399,25.16295051574707,0.3971030116081238,0.3923188149929046,0.3875346481800079,-0.0095683699473738,16.716665267944336
0.0366883799433708,0.517094075679779,-3.055255174636841,0.0276643596589565,0.2494001984596252,-3.019793748855591,0.061209637671709,0.7128515839576721,3.0681796073913574,-5.822023391723633,2.4151949882507324,-0.0799928456544876,2.3962228298187256,0.2335212528705597,-17.78781509399414,-2.3334765434265137,0.1771245598793029,-11.965792655944824,0.2571174204349518,-0.7852494120597839,2,1.725841403007507,14.88967514038086,1458.0,179.3502960205078,357.1086120605469,534.866943359375,0.057667963206768,0.4792759120464325,2.991408109664917,26.47528648376465,0.3999548554420471,0.4013100862503052,0.4026653170585632,0.002710472093895,16.615516662597656
0.0212316680699586,0.607683002948761,1.503291368484497,0.0301950946450233,0.3335685431957245,2.153355836868286,0.0290264431387186,0.7858858704566956,0.9585179090499878,-6.308380603790283,2.778940439224243,0.6485942006111145,2.462133407592773,1.0671449899673462,-16.88803482055664,-1.346035718917847,0.8289045095443726,-10.579654693603516,0.1803102940320968,-0.2632833421230316,2,2.631620168685913,14.948774337768556,2166.0,87.93116760253906,229.4968719482422,371.06256103515625,0.0457886904478073,0.538809597492218,1.6481144428253174,20.700485229492188,0.3340300917625427,0.3542193472385406,0.3744086325168609,0.0403785295784473,17.580394744873047
0.0292202793061733,0.5627431869506836,-1.7833998203277588,0.0595396310091018,0.2793623507022857,-1.5846365690231323,0.0568456351757049,0.8041927814483643,1.536441445350647,-6.49091386795044,2.669288158416748,0.5496149063110352,2.368061065673828,0.9087759256362916,-20.81417655944824,-1.8523958921432493,1.0550447702407837,-14.32326316833496,0.5054299235343933,-0.8863022327423096,2,3.256263494491577,10.562627792358398,3018.0,80.8882827758789,194.2398376464844,307.59136962890625,0.0560841858386993,0.5300734639167786,1.6088944673538208,20.26909065246582,0.3945942521095276,0.4200455844402313,0.445496916770935,0.050902672111988,13.818891525268556
0.1063032075762748,0.3455106616020202,-1.9839686155319212,0.1064135134220123,0.0120598012581467,-2.0099713802337646,0.0262721236795187,0.7697792053222656,-1.183955430984497,-5.4909281730651855,2.948355197906494,-0.0932663157582283,2.343922615051269,0.5099862813949585,-18.87527275085449,-2.077261209487915,0.6840386986732483,-13.384345054626465,0.777305006980896,0.5153822898864746,2,2.1990225315093994,11.888526916503906,2290.0,172.70802307128906,290.4419250488281,408.1758117675781,0.0287803653627634,0.3862978816032409,3.036303997039795,28.5225887298584,0.4042497873306274,0.401531457901001,0.3988131284713745,-0.0054366481490433,14.087549209594728
0.0694469511508941,0.687165379524231,1.4427697658538818,0.0724567994475364,0.42755126953125,1.5244765281677246,0.0382518805563449,0.8315760493278503,1.2951970100402832,-6.3139424324035645,2.338815212249756,0.2945226728916168,2.905311584472656,0.9331859350204468,-10.342164039611816,-1.760769605636597,1.078962802886963,-4.02822208404541,0.7844401597976685,0.5405696034431458,2,2.9994988441467285,13.140705108642578,1443.0,86.4842300415039,212.97108459472656,339.4579467773437,0.0668084770441055,0.6153863668441772,1.7146897315979004,33.57356262207031,0.3412277698516845,0.3654821813106537,0.3897366225719452,0.0485088564455509,16.14020347595215
0.02930873259902,0.580238401889801,1.896756649017334,0.0437722392380237,0.3088257908821106,1.7780611515045166,0.022305816411972,0.7786858677864075,1.9892699718475344,-5.0840325355529785,2.4318277835845947,-0.1340636163949966,2.4239213466644287,0.1428939700126648,-14.673830032348633,-2.1165196895599365,0.2204332947731018,-9.589797019958496,0.3544969260692596,-0.9226862192153932,2,2.1808969974517822,11.104517936706545,2529.0,152.79296875,250.44650268554688,348.1000366210937,0.0509960763156414,0.4909966886043548,1.7964807748794556,37.18984222412109,0.3948819935321808,0.3942601382732391,0.3936382532119751,-0.0012437331024557,13.285414695739746
0.045825108885765,0.6091043949127197,1.1176975965499878,0.0564754456281662,0.3828568458557129,1.6107587814331057,0.0377911664545536,0.7267171144485474,0.497842788696289,-5.466166496276856,3.314087152481079,-0.9948362112045288,2.3072235584259038,0.4691783785820007,-20.47979736328125,0.2500900328159332,-0.4933631122112274,-15.013630867004396,0.5014731287956238,-0.999993085861206,2,2.0253138542175293,12.353876113891602,2697.0,219.2881622314453,330.57574462890625,441.8633117675781,0.0593162328004837,0.5553371906280518,1.1901572942733765,38.55218505859375,0.409548819065094,0.4026102423667907,0.3956716954708099,-0.0138771338388323,14.379189491271973
0.0390276126563549,0.6323758363723755,-1.8777543306350708,0.0340964719653129,0.3391429185867309,-1.6740169525146484,0.0282594598829746,0.8457470536231995,-1.9978337287902832,-5.917585372924805,3.749231576919556,-0.5104079246520996,2.28561806678772,0.4906538128852844,-23.53532218933105,-0.9150513410568236,0.1734064221382141,-17.61773681640625,0.6838143467903137,-0.9765698313713074,2,2.591003894805908,11.93778133392334,2056.0,111.2269515991211,239.23634338378903,367.2457275390625,0.0300117935985326,0.5630823373794556,-2.849921703338623,33.592010498046875,0.3412215709686279,0.3566585779190063,0.3720955848693847,0.0308740157634019,14.528785705566406
0.0196190625429153,0.6244796514511108,-3.0410258769989014,0.0254068952053785,0.3767952620983124,2.7931365966796875,0.0088378768414258,0.8206081986427307,1.177674412727356,-5.644540309906006,2.848954916000366,-0.4921468496322632,2.3614964485168457,0.3592585027217865,-18.65265655517578,2.552073240280152,-0.0647461712360382,-13.008115768432615,0.427400678396225,0.7614041566848755,2,2.114704370498657,14.566030502319336,2499.0,285.5125427246094,394.3464965820313,503.1804809570313,0.0164157673716545,0.5598184466362,2.473311424255371,28.268978118896484,0.4116283655166626,0.4032114744186401,0.3947945833206177,-0.0168337691575288,16.680734634399414
0.0247983112931251,0.6594250798225403,2.075134515762329,0.027925195172429,0.3971187472343445,2.0350069999694824,0.0298215691000223,0.8142620921134949,1.4939961433410645,-6.676183223724365,2.9217562675476074,0.7612772583961487,2.452523946762085,0.6925227046012878,-18.069459915161133,-1.831088662147522,1.0713448524475098,-11.393277168273926,0.3100676536560058,-0.6542844176292419,2,2.6164915561676025,11.626665115356444,3132.0,159.6143035888672,233.0646209716797,306.5149230957031,0.0408159717917442,0.575931191444397,1.8455692529678345,20.93143844604492,0.3976653218269348,0.3949601352214813,0.3922549784183502,-0.0054103406146168,14.243157386779783
0.0295613408088684,0.5994594693183899,-2.8583357334136963,0.0250076986849308,0.3335854709148407,-2.7778432369232178,0.0227059945464134,0.7704407572746277,1.9584591388702397,-5.824192523956299,2.86611270904541,-1.0661782026290894,2.470688581466675,0.8258121013641357,-15.573609352111816,-0.9204014539718628,0.3530799150466919,-9.749417304992676,1.4192581176757812,-0.9621942639350892,2,3.206090211868286,12.190640449523926,2863.0,85.62943267822266,186.84141540527344,288.05340576171875,0.0369775183498859,0.5359386205673218,2.3051044940948486,29.246505737304688,0.4073606431484222,0.4289494454860687,0.4505382478237152,0.0431775860488414,15.396730422973633
0.0213470812886953,0.6367817521095276,2.2233150005340576,0.0229494497179985,0.3712284862995147,2.2962026596069336,0.0194585770368576,0.8158307671546936,1.5577045679092407,-5.864936351776123,2.7469024658203125,0.2650933563709259,2.4152956008911133,0.4997500479221344,-17.11980628967285,-2.094414234161377,0.6449141502380371,-11.254870414733888,0.3798207938671112,-0.6682158708572388,2,2.472319364547729,12.07876968383789,3102.0,137.91726684570312,258.05230712890625,378.1873779296875,0.0491281636059284,0.5297313332557678,2.0561423301696777,21.776153564453125,0.3758156597614288,0.3807484209537506,0.3856811821460724,0.0098655112087726,14.5510892868042
0.0632121041417121,0.572300374507904,2.1815922260284424,0.0492040179669857,0.2684549689292907,2.28878116607666,0.0524909272789955,0.7733201384544373,2.1242144107818604,-6.284512519836426,2.635161161422729,0.0470195449888706,2.541091203689575,0.6067787408828735,-14.91251277923584,-2.0154919624328613,0.650743842124939,-8.628000259399414,0.6037243008613586,-0.926032543182373,2,2.311365127563477,11.11164093017578,2288.0,166.17112731933594,318.911376953125,471.6516418457031,0.0810904800891876,0.528034508228302,1.94699227809906,7.607229232788086,0.381886214017868,0.3825000822544098,0.3831139504909515,0.0012277503265067,13.423006057739258
0.0083185704424977,0.6083512306213379,-2.9816465377807617,0.0189524795860052,0.3402973413467407,3.019251823425293,0.0176260136067867,0.7545607686042786,3.1187524795532227,-5.694671630859375,2.695452928543091,0.0221473407000303,2.430470943450928,0.5719999670982361,-16.133230209350586,-1.491655707359314,0.4352725744247436,-10.438558578491213,0.413125216960907,0.5359745621681213,2,2.374577045440674,13.355009078979492,2413.0,152.5118408203125,261.646484375,370.7811279296875,0.0377538539469242,0.5149913430213928,2.449401378631592,20.46166229248047,0.3875519037246704,0.3848758041858673,0.3821997046470642,-0.0053522111847996,15.729586601257324
0.0257247760891914,0.6090039610862732,2.7853071689605717,0.0211244858801364,0.331637293100357,3.02654767036438,0.0442729704082012,0.786033034324646,2.0102810859680176,-5.807713031768799,3.2465782165527344,-0.6564542651176453,2.296460628509521,0.7081413269042969,-22.487213134765625,-1.7357038259506226,0.5972446203231812,-16.679500579833984,1.2536989450454712,0.3553793728351593,2,2.264753580093384,11.622965812683104,2940.0,182.44244384765625,283.2895812988281,384.1367492675781,0.0365180522203445,0.4997160136699676,2.109653949737549,29.86570167541504,0.4041646122932434,0.3999592959880829,0.3957540094852447,-0.0084105832502245,13.88771915435791
0.0082001024857163,0.5139834880828857,-0.4660869240760803,0.0216015726327896,0.2252651751041412,-1.6020575761795044,0.0503389537334442,0.7507938742637634,1.2016992568969729,-6.960574150085449,2.6423428058624268,0.8495519757270813,3.8645565509796143,0.870374858379364,-7.763431549072266,-1.7740464210510254,1.1789326667785645,-0.8028572797775269,0.3293806612491607,0.7668473124504089,2,2.396925926208496,10.573004722595217,2940.0,133.5912322998047,287.5053100585937,441.41937255859375,0.0186162739992141,0.4074353277683258,1.3221291303634644,29.21116828918457,0.3830916583538055,0.3907442986965179,0.3983969390392303,0.0153052899986505,12.969930648803713
0.0469692125916481,0.6074513792991638,2.78702449798584,0.0549336187541484,0.3457724750041961,2.434232234954834,0.0380524322390556,0.7584917545318604,3.140765905380249,-6.073181629180908,3.791940212249756,-0.633804202079773,2.284104347229004,0.6255279183387756,-24.24682235717773,-2.2872567176818848,0.6186715960502625,-18.173641204833984,1.2524758577346802,-0.2467668503522873,2,2.264753580093384,11.622965812683104,2516.0,182.44244384765625,283.2895812988281,384.1367492675781,0.063817948102951,0.518777072429657,2.405290365219116,39.61225891113281,0.4041646122932434,0.3999592959880829,0.3957540094852447,-0.0084105832502245,13.88771915435791
0.0744876712560653,0.5487933158874512,-3.0044097900390625,0.0735860913991928,0.2736686468124389,-2.7777462005615234,0.0563078969717025,0.7722475528717041,2.540327787399292,-5.42372989654541,2.712660074234009,-0.6178592443466187,3.849700689315796,0.5982814431190491,-6.499384880065918,-1.798075795173645,0.462737500667572,-1.0756548643112185,1.0805968046188354,-0.2625791430473327,2,2.508857011795044,10.515066146850586,2666.0,132.89443969726562,284.6063232421875,436.3182373046875,0.0642834156751632,0.4949193298816681,2.881692886352539,46.75336837768555,0.3840961754322052,0.3885237574577331,0.3929513394832611,0.0088551575317978,13.02392292022705
0.0413942784070968,0.5846625566482544,1.727840542793274,0.0471346005797386,0.3186122477054596,2.066420555114746,0.046733733266592,0.7472357153892517,1.323144793510437,-5.880199909210205,2.573205947875977,-0.2103425562381744,2.5379321575164795,0.6458038687705994,-14.038938522338867,-1.8957884311676023,0.6098319292068481,-8.15873908996582,0.820174515247345,0.1384998112916946,2,1.9491608142852783,15.035136222839355,1959.0,278.5031433105469,397.58099365234375,516.6588745117188,0.0471323765814304,0.5114116668701172,1.820038080215454,18.988693237304688,0.4083227813243866,0.4040714800357818,0.3998202085494995,-0.0085025737062096,16.984296798706055
0.1571984589099884,0.5583236217498779,-2.270117998123169,0.1374156326055526,0.2551935911178589,-2.137117385864258,0.0937327221035957,0.811863362789154,-2.31199312210083,-5.610634803771973,2.5673370361328125,-0.8214337825775146,2.616966485977173,0.3054943382740021,-12.199821472167969,1.102394461631775,-0.3295024335384369,-6.589186191558838,0.4919313192367553,-0.5984600782394409,2,2.1675379276275635,12.636102676391602,2136.0,227.8977813720703,275.04229736328125,322.1867980957031,0.103052519261837,0.5650338530540466,-2.3541259765625,22.82535171508789,0.404887855052948,0.395339161157608,0.3857904970645904,-0.0190973598510026,14.803641319274902
0.0510361306369304,0.5166237950325012,-1.410006761550903,0.0885426625609397,0.1984137445688247,-1.3625448942184448,0.0741548016667366,0.8070149421691895,1.7437281608581543,-6.129651546478272,2.5869386196136475,0.5044383406639099,2.5413708686828613,0.5446667671203613,-14.51526927947998,-1.842310667037964,0.6633632183074951,-8.38561725616455,0.158924862742424,0.2670257985591888,2,3.0464086532592773,9.277715682983398,2365.0,96.77780151367188,206.31663513183597,315.85546875,0.0212503913789987,0.4481063187122345,-1.413471817970276,28.3206787109375,0.3426387906074524,0.3635255098342895,0.3844121992588043,0.0417734198272228,12.324124336242676
0.078369453549385,0.5147057771682739,1.926612377166748,0.0860148146748542,0.231292188167572,1.9395002126693728,0.0364328548312187,0.7399771809577942,2.5041561126708984,-5.839608669281006,2.5934031009674072,-0.4297206401824951,2.530339241027832,0.2088345438241958,-14.04887866973877,2.749847650527954,0.030256213620305,-8.209270477294922,0.459976851940155,-0.9941115975379944,2,2.9835357666015625,17.65381622314453,1029.0,57.520992279052734,258.1215209960937,458.7220764160156,0.0745544880628585,0.5195467472076416,1.9622802734375,25.56072235107422,0.2987532019615173,0.3404010236263275,0.3820488452911377,0.0832956358790397,20.637351989746094
0.0357404351234436,0.6598336696624756,1.8506147861480715,0.0231164768338203,0.4063053429126739,1.7644203901290894,0.0615759864449501,0.7968838810920715,1.853758215904236,-6.782970905303955,2.40185022354126,0.3967494666576385,14.083636283874512,0.8057270050048828,-4.564687728881836,-1.8557472229003904,1.0196185111999512,2.218283176422119,0.6228690147399902,0.9214365482330322,2,2.1990225315093994,11.888526916503906,3032.0,172.70802307128906,290.4419250488281,408.1758117675781,0.0569492764770984,0.5376487970352173,2.241971254348755,52.31747817993164,0.4042497873306274,0.401531457901001,0.3988131284713745,-0.0054366481490433,14.087549209594728
0.0327021479606628,0.585587203502655,2.255176067352295,0.0476732589304447,0.3106169700622558,2.1419360637664795,0.0297891907393932,0.7679389119148254,-2.895670175552368,-6.469141006469727,2.560469150543213,-0.1497045755386352,2.792783737182617,0.7723711133003235,-11.582199096679688,-1.3462599515914917,0.4719077050685882,-5.113058090209961,0.6216122508049011,0.2709439098834991,2,2.1808969974517822,11.104517936706545,2610.0,152.79296875,250.44650268554688,348.1000366210937,0.0448989160358905,0.5547993183135986,2.126095056533813,34.99763107299805,0.3948819935321808,0.3942601382732391,0.3936382532119751,-0.0012437331024557,13.285414695739746
0.0424690507352352,0.6326926350593567,1.742847204208374,0.061731182038784,0.3819666504859924,1.7720534801483154,0.0344507321715354,0.803166925907135,1.2341740131378174,-5.630490779876709,2.5891032218933105,0.1565688550472259,5.481496334075928,0.94157075881958,-4.771542072296143,-1.971185564994812,1.358769178390503,0.8589485883712769,1.2022002935409546,-0.9826897382736206,2,2.5245156288146973,10.83508014678955,3026.0,126.10740661621094,259.38311767578125,392.6588745117188,0.0530465729534626,0.5342668890953064,1.7360883951187134,41.46062469482422,0.3763021230697632,0.3849989473819732,0.3936958014965057,0.0173936765640974,13.359596252441406
0.0505280159413814,0.592379629611969,1.6627119779586792,0.0468606539070606,0.3591799437999725,1.7591087818145752,0.0506556294858455,0.7411860227584839,1.7462440729141235,-6.068951606750488,2.893918991088867,0.6042294502258301,3.842077255249024,0.967779278755188,-7.277865409851074,-2.291351318359375,1.3122177124023438,-1.2089136838912964,0.7079882621765137,-0.9519669413566588,2,2.186195135116577,15.123214721679688,2474.0,306.563720703125,386.6281433105469,466.6925354003906,0.0464277155697345,0.4702658951282501,2.0603363513946533,37.03339385986328,0.4136549234390259,0.4027512967586517,0.3918476700782776,-0.0218072533607482,17.309410095214844
0.0348902978003025,0.5758551359176636,2.5395171642303467,0.0324081815779209,0.3310320079326629,2.483947277069092,0.0336309075355529,0.7179610729217529,2.604247808456421,-5.999441146850586,2.751652956008911,-0.4962399005889892,2.4762251377105717,0.3417132198810577,-15.67726707458496,-1.008153200149536,0.1584567725658416,-9.677825927734377,0.6546966433525085,-0.8692769408226013,2,2.186195135116577,15.123214721679688,2619.0,306.563720703125,386.6281433105469,466.6925354003906,0.039859589189291,0.4645526707172394,2.490649938583374,40.98518371582031,0.4136549234390259,0.4027512967586517,0.3918476700782776,-0.0218072533607482,17.309410095214844
0.0450061485171318,0.6466091275215149,1.767528772354126,0.0478392653167247,0.3859197497367859,1.7420053482055664,0.0484023354947567,0.7787363529205322,1.8238900899887085,-5.629708766937256,2.612528085708618,0.092499628663063,3.37727689743042,0.6307557225227356,-7.074609756469727,-2.12250018119812,0.883236289024353,-1.4449011087417605,0.7907366156578064,-0.9942481517791748,2,2.15506362915039,11.897225379943848,2966.0,193.48573303222656,263.5609741210937,333.63623046875,0.0620440989732742,0.4990906715393066,2.207811117172241,52.44832992553711,0.4070813357830047,0.4011330008506775,0.3951846659183502,-0.0118966782465577,14.052289009094238
0.0489792861044406,0.5707204937934875,1.9424494504928589,0.0667380318045616,0.3057408928871155,1.8268394470214844,0.0360776707530021,0.7536702156066895,1.850346922874451,-6.440942287445068,3.523279905319214,0.7924651503562927,2.3095552921295166,0.5565931797027588,-23.90752220153809,-1.6849511861801147,0.8513533473014832,-17.46657943725586,0.0588881969451904,-0.9996734857559204,2,2.689971923828125,11.46717357635498,2955.0,159.47959899902344,223.8733673095703,288.26715087890625,0.0656204000115394,0.4915375411510467,1.8086363077163696,35.23942565917969,0.3908350765705108,0.3833300769329071,0.3758250474929809,-0.0150100458413362,14.157145500183104
0.0766683369874954,0.5149470567703247,-1.4256569147109983,0.1145458742976188,0.2154053896665573,-1.3800272941589355,0.0253262072801589,0.806406557559967,1.679471492767334,-5.959044933319092,4.453319072723389,-0.5002666115760803,2.2666895389556885,0.5006195306777954,-24.88330078125,-2.2013041973114014,0.3227880299091339,-18.92425537109375,0.8230546116828918,-0.3909187912940979,2,2.540849447250366,11.763349533081056,2565.0,114.04997253417967,241.5528717041016,369.0557556152344,0.0291842259466648,0.503949761390686,-1.595429301261902,24.627349853515625,0.3513676524162292,0.3625581860542297,0.3737487196922302,0.0223810765892267,14.304198265075684
0.0475006178021431,0.6058304309844971,2.2088565826416016,0.0521854907274246,0.3312263190746307,2.071451187133789,0.0416442565619945,0.8056461215019226,2.091730117797852,-6.324436187744141,2.7128539085388184,-0.7850930690765381,3.6980385780334473,0.3921066522598266,-7.198556900024414,-1.3481242656707764,0.3690133690834045,-0.8741209506988525,1.154106378555298,0.8076984286308289,2,2.6164915561676025,11.626665115356444,2608.0,159.6143035888672,233.0646209716797,306.5149230957031,0.0741758793592453,0.5372685194015503,1.9510071277618408,17.23560905456543,0.3976653218269348,0.3949601352214813,0.3922549784183502,-0.0054103406146168,14.243157386779783
0.0514052212238311,0.4906333684921264,2.656156301498413,0.0474983565509319,0.2196352630853653,2.535792112350464,0.0276331137865781,0.764103353023529,2.320363759994507,-6.006083488464356,3.1751949787139893,0.5171608924865723,2.3849990367889404,0.9051397442817688,-18.64849090576172,-2.2277119159698486,1.2770541906356812,-12.642406463623049,0.7598933577537537,-0.173339694738388,2,3.256263494491577,10.562627792358398,3015.0,80.8882827758789,194.2398376464844,307.59136962890625,0.0558111146092414,0.4463854134082794,2.490178346633911,38.98799514770508,0.3945942521095276,0.4200455844402313,0.445496916770935,0.050902672111988,13.818891525268556
0.02805713750422,0.609881579875946,1.9801021814346316,0.0053413580171763,0.3452325761318207,3.028034210205078,0.0579203031957149,0.8007457256317139,1.7281733751296997,-6.153610229492188,2.747199296951294,0.6661868691444397,3.833996534347534,0.8882220983505249,-7.490032196044922,-2.067143678665161,1.2499761581420898,-1.3364217281341553,0.5837892889976501,0.7062408328056335,2,2.168123483657837,10.941106796264648,2327.0,182.8788604736328,320.37164306640625,457.8644104003906,0.0210341587662696,0.5499778389930725,1.7911921739578247,43.497802734375,0.3957177698612213,0.3914103209972381,0.387102872133255,-0.0086148809641599,13.109230041503906
0.0212611891329288,0.6556164026260376,2.386354684829712,0.0320819653570652,0.4026969075202942,2.290377140045166,0.0178025346249341,0.8039864897727966,2.420823574066162,-6.380918502807617,2.5870602130889893,0.4107599854469299,2.403235912322998,0.9106689095497132,-19.1517276763916,-1.5468597412109375,1.1437362432479858,-12.770809173583984,0.7329762578010559,0.5008251667022705,2,2.8897159099578857,14.214011192321776,2950.0,102.60527801513672,232.2949981689453,361.9847106933594,0.0403731316328048,0.5225625038146973,2.287919521331787,23.99026298522949,0.406149685382843,0.4179338216781616,0.4297179579734802,0.0235682688653469,17.103727340698242
0.0312292631715536,0.579872727394104,-2.4888229370117188,0.0383375287055969,0.304109126329422,-1.9768918752670288,0.0417660064995288,0.764011800289154,2.012953281402588,-6.132839679718018,2.6033740043640137,0.3302013576030731,2.556149959564209,0.9068546295166016,-14.307299613952637,-2.270922899246216,1.202145218849182,-8.174460411071777,0.8719438910484314,0.9999824166297911,2,2.1808969974517822,11.104517936706545,2808.0,152.79296875,250.44650268554688,348.1000366210937,0.0286002289503812,0.5209473967552185,2.4449503421783447,20.612037658691406,0.3948819935321808,0.3942601382732391,0.3936382532119751,-0.0012437331024557,13.285414695739746
0.0611966364085674,0.4976208209991455,2.62753701210022,0.0501819439232349,0.2469670325517654,2.671835899353028,0.0646120458841323,0.6778878569602966,2.776059865951538,-5.07729959487915,2.491651058197021,0.1599904000759124,2.3305180072784424,0.5487850904464722,-17.88379669189453,-1.91515052318573,0.8258935213088989,-12.806496620178224,0.6659030914306641,0.9035570025444032,2,2.168123483657837,10.941106796264648,2666.0,182.8788604736328,320.37164306640625,457.8644104003906,0.0765775218605995,0.4843901395797729,2.393461942672729,38.715450286865234,0.3957177698612213,0.3914103209972381,0.387102872133255,-0.0086148809641599,13.109230041503906
0.0327300205826759,0.5058771967887878,-2.0915260314941406,0.0591306611895561,0.2561181783676147,1.975136160850525,0.0806236863136291,0.7147603034973145,-1.355454683303833,-6.300576210021973,2.542388677597046,-0.1646407097578048,2.401939868927002,0.4692639708518982,-18.852615356445312,-1.7245784997940063,0.2914194166660309,-12.552040100097656,0.4560601413249969,0.9824231266975404,2,2.0227770805358887,12.995169639587402,2319.0,230.9700469970703,354.7075500488281,478.445068359375,0.0470828078687191,0.4573524594306946,2.503084659576416,50.21795654296875,0.4035209417343139,0.3971312046051025,0.3907414376735687,-0.0127794984728097,15.01794719696045
0.0440007522702217,0.6715293526649475,2.232292413711548,0.0623157061636447,0.3903170824050903,2.0008797645568848,0.0237757991999387,0.8277711272239685,2.494481086730957,-5.41426944732666,2.8247554302215576,-0.0852041468024253,2.3210132122039795,0.3603149652481079,-19.61724281311035,-1.529499650001526,0.2822323143482208,-14.202972412109377,0.3674364686012268,0.8336080312728882,2,3.238830804824829,10.624256134033203,2416.0,79.74775695800781,183.81961059570312,287.8914794921875,0.0723757296800613,0.5715224742889404,2.014632225036621,45.72761917114258,0.3315815329551697,0.3569578528404236,0.3823341727256775,0.0507526248693466,13.86308765411377
0.0600165463984012,0.608409583568573,2.108405828475952,0.0620620176196098,0.351181298494339,2.0283432006835938,0.045614056289196,0.790289044380188,1.857910394668579,-6.21311616897583,2.380656242370605,0.0302606411278247,3.540652275085449,0.6413490772247314,-7.698144435882568,-1.7698274850845337,0.7929792404174805,-1.4850285053253174,0.7627186179161072,-0.1108960658311843,2,3.0223734378814697,13.549160957336426,2352.0,65.19623565673828,208.31253051757807,351.4288330078125,0.0663976222276687,0.5353353023529053,2.066641569137573,40.30379486083984,0.3731785714626312,0.4135167002677917,0.4538548588752746,0.080676294863224,16.571535110473633
0.0275639127939939,0.6419603228569031,2.05029559135437,0.0483425930142402,0.3800665140151977,1.983249306678772,0.0076077822595834,0.7918648719787598,-0.4536495208740234,-6.203479766845703,2.731071949005127,-0.2325524091720581,3.54944396018982,0.602915346622467,-7.538490295410156,-1.4305821657180786,0.6891800761222839,-1.3350105285644531,0.921732485294342,-0.1481713354587555,2,2.1675379276275635,12.636102676391602,2486.0,227.8977813720703,275.04229736328125,322.1867980957031,0.0427054911851882,0.5346436500549316,1.7343367338180542,23.98666763305664,0.404887855052948,0.395339161157608,0.3857904970645904,-0.0190973598510026,14.803641319274902
0.079054981470108,0.5310251712799072,2.088386058807373,0.109799288213253,0.2724147737026214,1.9307678937911987,0.0250464174896478,0.7174867987632751,2.6143274307250977,-6.376840114593506,2.5269112586975098,1.1078184843063354,5.19290828704834,0.8330078721046448,-6.230632305145264,-1.7056896686553955,1.2328792810440063,0.146207645535469,0.1250607967376709,0.9044439196586608,2,2.591003894805908,11.93778133392334,2517.0,111.2269515991211,239.23634338378903,367.2457275390625,0.080278679728508,0.4616878032684326,1.9835792779922483,37.30154800415039,0.3412215709686279,0.3566585779190063,0.3720955848693847,0.0308740157634019,14.528785705566406
0.0576687566936016,0.4568719565868377,1.8361772298812864,0.0447218082845211,0.2251430302858352,2.039689540863037,0.0977179929614067,0.5710626840591431,1.668914556503296,-8.398229598999023,2.978477001190185,0.1376345604658126,50.89127731323242,0.7482485771179199,-5.721897602081299,-2.11229944229126,0.9735496640205384,2.6763315200805664,0.8359151482582092,0.6849351525306702,2,2.168123483657837,10.941106796264648,3194.0,182.8788604736328,320.37164306640625,457.8644104003906,0.0488012284040451,0.3650350570678711,1.971848726272583,35.94966506958008,0.3957177698612213,0.3914103209972381,0.387102872133255,-0.0086148809641599,13.109230041503906
0.1005113720893859,0.4500910341739654,2.421672344207764,0.0969269126653671,0.1721763163805008,2.360356569290161,0.063579149544239,0.7475401163101196,1.908636689186096,-6.489992141723633,2.512018918991089,-0.2200831770896911,3.2868335247039795,0.6724752187728882,-9.060331344604492,-2.1695003509521484,0.8129922747612,-2.5703389644622803,1.0330754518508911,0.8443893790245056,2,2.168123483657837,10.941106796264648,2558.0,182.8788604736328,320.37164306640625,457.8644104003906,0.0814038142561912,0.4090159237384796,2.333319902420044,33.72999954223633,0.3957177698612213,0.3914103209972381,0.387102872133255,-0.0086148809641599,13.109230041503906
0.0424442179501056,0.5962367057800293,1.4483503103256226,0.0557432360947132,0.3559260964393616,1.7708898782730105,0.0384878106415271,0.7102332711219788,1.114518404006958,-5.840725898742676,2.841278314590454,-0.5679972767829895,2.687203884124756,0.1764308959245681,-11.710463523864746,2.544489622116089,-0.2359092533588409,-5.86973762512207,0.3320880234241485,-0.9035053253173828,2,2.342552900314331,14.374113082885742,2559.0,155.94219970703125,266.826416015625,377.7106323242188,0.0418498218059539,0.491467535495758,1.5242950916290283,18.875965118408203,0.3971030116081238,0.3923188149929046,0.3875346481800079,-0.0095683699473738,16.716665267944336
0.0712142959237098,0.6238085031509399,2.138864755630493,0.066742867231369,0.381131500005722,2.093830347061157,0.0663711428642273,0.7749767899513245,1.9831396341323853,-6.044098854064941,2.4561450481414795,0.1443008035421371,2.564426898956299,0.7030705809593201,-13.874695777893066,-1.6915463209152222,1.0810869932174685,-7.830596446990967,0.93678617477417,-0.5128594636917114,2,2.396925926208496,10.573004722595217,3080.0,133.5912322998047,287.5053100585937,441.41937255859375,0.0825603529810905,0.5374083518981934,2.114609479904175,32.42637252807617,0.3830916583538055,0.3907442986965179,0.3983969390392303,0.0153052899986505,12.969930648803713
0.0522778406739234,0.543121874332428,2.0866284370422363,0.0296722371131181,0.2912806272506714,2.326869249343872,0.0695900693535804,0.7434307932853699,1.8034225702285769,-7.049983501434326,2.519926071166992,0.0369883738458156,1.341054916381836,0.4334934949874878,-3.63918137550354,-1.8840094804763796,0.6317427158355713,3.410802125930786,0.5947543382644653,-0.7799635529518127,2,2.676055431365967,11.58388328552246,2871.0,93.26155853271484,256.4659118652344,419.6702880859375,0.0650178268551826,0.5075637102127075,1.9788562059402464,62.4134407043457,0.3421543836593628,0.3685893416404724,0.3950242698192596,0.0528698861598968,14.259939193725586
0.0463917925953865,0.590793788433075,2.0362255573272705,0.0586647354066371,0.3252889215946197,2.0571157932281494,0.0360202006995677,0.7883381843566895,1.643410086631775,-6.209218978881836,2.845110893249512,0.2059620022773742,2.393043279647827,0.7020753026008606,-18.920318603515625,-2.415663003921509,0.8160550594329834,-12.711100578308104,0.6100930571556091,-0.0838063284754753,2,2.264753580093384,11.622965812683104,2486.0,182.44244384765625,283.2895812988281,384.1367492675781,0.0745179206132888,0.5306583642959595,1.9170076847076416,27.83338928222656,0.4041646122932434,0.3999592959880829,0.3957540094852447,-0.0084105832502245,13.88771915435791
0.0521505437791347,0.6212244033813477,2.0809109210968018,0.0549763850867748,0.3506565392017364,1.9868388175964355,0.048724353313446,0.773674488067627,2.070784568786621,-6.38375186920166,2.7091994285583496,0.0989342555403709,2.4523091316223145,0.3512256443500519,-17.352441787719727,-2.5979177951812744,0.3734537065029144,-10.968690872192385,0.2745194435119629,-0.9130039811134338,2,2.1675379276275635,12.636102676391602,2642.0,227.8977813720703,275.04229736328125,322.1867980957031,0.0621540211141109,0.4704233407974243,2.101326704025269,42.28228378295898,0.404887855052948,0.395339161157608,0.3857904970645904,-0.0190973598510026,14.803641319274902
0.0419128835201263,0.6202516555786133,-1.819010615348816,0.0418163649737834,0.360300213098526,-1.6893941164016724,0.0267586559057235,0.8131879568099976,2.020435571670532,-6.109507083892822,3.227747201919556,-0.1175532937049865,2.3101766109466557,0.2827468812465668,-22.907835006713867,-0.1348169595003128,-0.0014109479961916,-16.79832649230957,0.1161423400044441,0.6328665018081665,2,3.0464086532592773,9.277715682983398,2511.0,96.77780151367188,206.31663513183597,315.85546875,0.0330660641193389,0.5260003209114075,-1.3466416597366333,45.42190170288086,0.3426387906074524,0.3635255098342895,0.3844121992588043,0.0417734198272228,12.324124336242676
0.0097255548462271,0.4654103815555572,2.839804410934448,0.0117939133197069,0.1862550228834152,-3.0251636505126958,0.0472099222242832,0.7712522745132446,1.6548211574554443,-6.483002185821533,2.638477087020874,0.9793400764465332,2.893905639648437,1.0696380138397217,-10.824663162231444,-1.7819700241088867,1.2881468534469604,-4.341660976409912,0.3088067173957824,-0.9991804957389832,2,2.8897159099578857,14.214011192321776,2599.0,102.60527801513672,232.2949981689453,361.9847106933594,0.0260517336428165,0.4209888875484466,2.6321470737457275,49.53139114379883,0.406149685382843,0.4179338216781616,0.4297179579734802,0.0235682688653469,17.103727340698242
0.049366220831871,0.5214763879776001,-1.879962921142578,0.0496226176619529,0.2377897351980209,-2.237485647201538,0.0361421778798103,0.761444091796875,-1.3584365844726562,-6.70762825012207,3.718538761138916,-0.63431316614151,2.2961387634277344,0.3874991834163666,-25.760353088378903,2.7968435287475586,0.0468148589134216,-19.05272483825684,0.6811280250549316,-0.9487528204917908,2,2.0253138542175293,12.353876113891602,2309.0,219.2881622314453,330.57574462890625,441.8633117675781,0.0398982651531696,0.4831783175468445,-1.9350711107254028,32.08149337768555,0.409548819065094,0.4026102423667907,0.3956716954708099,-0.0138771338388323,14.379189491271973
0.0077392985112965,0.5665784478187561,2.883458137512207,0.0230263993144035,0.2993674576282501,2.1771433353424072,0.0032686558552086,0.7626767754554749,-0.0641125291585922,-6.4345293045043945,3.7236289978027344,0.6327695846557617,2.337353229522705,1.3121520280838013,-22.15010070800781,-1.918067455291748,1.2481025457382202,-15.715570449829102,0.6153329610824585,-0.8093119859695435,2,2.5245156288146973,10.83508014678955,3015.0,126.10740661621094,259.38311767578125,392.6588745117188,0.0204917434602975,0.4587874710559845,2.0412042140960693,34.93478012084961,0.3763021230697632,0.3849989473819732,0.3936958014965057,0.0173936765640974,13.359596252441406
0.003363907104358,0.5684664249420166,-1.8129469156265257,0.0113296834751963,0.3204810917377472,2.523089408874512,0.0205132346600294,0.7163255214691162,-0.7216901779174805,-6.771410465240479,2.500653982162476,0.7906574606895447,2.5118184089660645,1.0255521535873413,-16.65267562866211,-2.1936652660369877,1.3129256963729858,-9.881265640258787,0.5222682952880859,-0.6654481291770935,2,2.2350451946258545,13.933812141418455,2880.0,180.94900512695312,282.8888244628906,384.8286437988281,0.0103333927690982,0.4856484532356262,1.5899903774261477,38.72120666503906,0.3967035412788391,0.3926628530025482,0.3886221647262573,-0.0080813681706786,16.16885757446289
0.0285095162689685,0.590544581413269,-2.0905637741088867,0.0260797999799251,0.3194503784179687,-2.7387619018554688,0.0235293097794055,0.7415890693664551,-2.4096858501434326,-5.902042388916016,3.016451358795166,-1.0527904033660889,2.413883924484253,0.4352074861526489,-17.366857528686523,-0.5047323107719421,-0.1036514192819595,-11.464816093444824,0.9491390585899352,0.2488132715225219,2,2.421508312225342,12.717432022094728,2256.0,149.68475341796875,259.3338623046875,368.9829711914063,0.0270808059722185,0.4846889972686767,2.498621940612793,17.925636291503906,0.3832699358463287,0.3827233612537384,0.3821767568588257,-0.0010931739816442,15.138940811157228
0.0261148009449243,0.6381226181983948,-1.6338366270065308,0.0131431277841329,0.3864907920360565,-2.9714038372039795,0.0407891869544982,0.7757020592689514,-1.428945779800415,-6.341434001922607,2.535524368286133,0.0883309096097946,2.795771598815918,0.3255380988121032,-11.414165496826172,-1.8618494272232056,0.3342500329017639,-5.0727314949035645,0.2459191232919693,-0.9847228527069092,2,2.09118914604187,17.090999603271484,1796.0,245.2740936279297,312.2718200683594,379.2695617675781,0.0068565402179956,0.5521872639656067,2.9466495513916016,15.95980453491211,0.4128749966621399,0.3986967802047729,0.384518563747406,-0.0283564273267984,19.182188034057617
0.0386213473975658,0.5710850358009338,2.242505550384521,0.0334602445363998,0.3314163088798523,2.3533945083618164,0.0397765412926673,0.7351557016372681,1.995028614997864,-7.331208229064941,2.8586456775665283,0.703014612197876,2.531074047088623,0.8407722115516663,-17.730451583862305,-1.8333897590637207,1.0152528285980225,-10.399243354797363,0.3122381865978241,0.093365341424942,2,2.5771069526672363,10.216212272644045,3381.0,111.04317474365234,261.8795471191406,412.7159118652344,0.0254164393991231,0.4364084303379059,2.813695907592773,33.81840133666992,0.3586351573467254,0.3759816884994507,0.3933282494544983,0.0346931107342243,12.793319702148438
0.0217370055615901,0.6682320237159729,-3.1096768379211426,0.0240677557885646,0.4071247279644012,-2.237908840179444,0.0543437972664833,0.7904183268547058,2.413006067276001,-5.710501194000244,3.049103260040283,-0.1562221944332122,2.9001355171203613,0.7794345617294312,-9.564970970153809,-2.028952121734619,0.811010479927063,-3.854469537734986,0.9672326445579528,-0.0272260084748268,2,2.9390385150909424,10.695751190185549,2890.0,94.82211303710938,217.88128662109372,340.9404602050781,0.0368241406977176,0.5848647952079773,2.9173266887664795,37.89043426513672,0.3454952836036682,0.3676656186580658,0.3898359537124634,0.0443406663835048,13.63478946685791
0.0458642244338989,0.6355781555175781,3.115445137023926,0.0349214933812618,0.353665292263031,3.0866076946258545,0.0423451922833919,0.8424291610717773,-2.809128761291504,-5.929018497467041,2.3759615421295166,-0.7472307085990906,2.673949241638184,0.7634687423706055,-11.966544151306152,-1.6156314611434937,0.5554501414299011,-6.037525653839111,1.3026808500289917,-0.6909700036048889,2,3.2021901607513428,16.90087127685547,561.0,63.20361328125,194.62864685058597,326.0536804199219,0.0479752235114574,0.6142264604568481,2.835324764251709,34.29334259033203,0.336027055978775,0.3724278211593628,0.4088286161422729,0.0728015527129173,20.10306167602539
0.0286599621176719,0.6128940582275391,2.0504751205444336,0.0331148318946361,0.3045655488967895,1.755052924156189,0.0262575335800647,0.8228515386581421,2.445089101791382,-6.546866893768311,3.904513120651245,0.1361531764268875,2.33745551109314,0.4935368597507477,-22.670976638793945,-2.197458267211914,0.8502254486083984,-16.124109268188477,0.7140722870826721,-0.9975693225860596,2,3.2238686084747314,13.654043197631836,1699.0,68.36591339111328,188.4541931152344,308.54248046875,0.0497505366802215,0.5796529650688171,2.043828248977661,47.319278717041016,0.3781856894493103,0.4049206376075744,0.4316555559635162,0.0534698441624641,16.877910614013672
0.0057797892950475,0.6158978343009949,-2.3227155208587646,0.0129507258534431,0.3319004774093628,-2.0269548892974854,0.0288832746446132,0.8364505767822266,1.5804011821746826,-6.168884754180908,3.037105083465576,0.4765909910202026,2.382833242416382,0.9751819372177124,-19.216983795166016,-1.5108366012573242,0.8864849805831909,-13.048099517822266,0.4098939895629883,-0.493072509765625,2,2.740138292312622,14.403328895568848,2581.0,86.10124969482422,250.3819274902344,414.66259765625,0.0074282479472458,0.5224036574363708,2.0592823028564453,30.862817764282227,0.3208167850971222,0.3552010655403137,0.3895853459835052,0.0687685832381248,17.14346694946289
0.0276747737079858,0.567234992980957,2.642022132873535,0.0161317810416221,0.2988817691802978,3.1257989406585693,0.044109258800745,0.7974358797073364,1.9409632682800293,-6.654090881347656,3.085038900375366,-0.485026866197586,2.418219566345215,0.7726519703865051,-19.35077667236328,-0.875218391418457,0.5176124572753906,-12.696684837341309,1.0026392936706543,-0.4084059000015259,2,2.7230725288391118,11.31434154510498,3050.0,86.90035247802734,238.06614685058597,389.23193359375,0.0418309792876243,0.5240960717201233,2.180816173553467,40.41707229614258,0.3223137259483337,0.3537817299365997,0.3852497637271881,0.0629360377788543,14.03741455078125
0.0213892217725515,0.5314074158668518,1.8548479080200195,0.0237699262797832,0.2390882968902588,2.3132004737854004,0.0183471012860536,0.7199275493621826,1.4958676099777222,-6.452930450439453,2.3016390800476074,-0.1331907510757446,2.6170613765716557,0.2572625577449798,-13.8401460647583,-1.6260781288146973,0.303941011428833,-7.387215614318848,0.4371317625045776,-0.2715143859386444,2,1.869519591331482,14.959676742553713,2377.0,277.64697265625,313.9234313964844,350.1999206542969,0.0384443812072277,0.4820212125778198,2.294708490371704,34.11539840698242,0.4141357541084289,0.4039641320705414,0.3937925100326538,-0.0203432310372591,16.82919692993164
0.0491831712424755,0.6369974613189697,2.135751485824585,0.0568898133933544,0.3528415560722351,2.1311733722686768,0.0551834292709827,0.8042140603065491,1.8540292978286743,-6.180050849914551,3.3688747882843018,0.6514161825180054,2.345546007156372,0.593309760093689,-20.771615982055664,-2.219585418701172,0.3356178402900696,-14.591565132141112,-0.3157983124256134,-0.7101678252220154,2,2.584074020385742,14.551252365112305,1956.0,90.11539459228516,234.5496063232422,378.98382568359375,0.066274881362915,0.5668246150016785,1.8226076364517207,37.68521118164063,0.3218467533588409,0.34608855843544,0.3703303635120392,0.0484835989773273,17.135326385498047
0.0501779653131961,0.6543822288513184,2.4064197540283203,0.0472390055656433,0.3415880501270294,2.422690868377685,0.0493182353675365,0.8320309519767761,2.4719841480255127,-5.806244373321533,2.9559600353240967,0.3149822056293487,2.422699451446533,0.638028085231781,-16.68094253540039,-1.048404574394226,0.3844324648380279,-10.874698638916016,0.0694502741098404,0.6746111512184143,2,3.251966714859009,15.618450164794922,1097.0,72.59166717529297,178.1016845703125,283.6116943359375,0.0656389147043228,0.5716111660003662,2.5116870403289795,25.25301551818848,0.3827604055404663,0.4054894149303436,0.4282184541225433,0.0454580709338188,18.87041664123535
0.0253234822303056,0.625917375087738,2.815394639968872,0.0303608048707246,0.3601319193840027,2.5504307746887207,0.0255414247512817,0.8117599487304688,2.6303133964538574,-5.973277568817139,2.69649076461792,0.2358185797929763,2.537510633468628,0.4071024060249328,-14.331116676330566,-1.9626671075820925,0.4456220269203186,-8.35783863067627,0.2098034471273422,0.6547366380691528,2,2.114704370498657,14.566030502319336,2579.0,285.5125427246094,394.3464965820313,503.1804809570313,0.0390978939831256,0.5311546921730042,2.2326011657714844,32.200435638427734,0.4116283655166626,0.4032114744186401,0.3947945833206177,-0.0168337691575288,16.680734634399414
0.0104329576715826,0.6368176341056824,-2.8513240814208984,0.0133733041584491,0.3593232631683349,2.6232314109802246,0.0098634483292698,0.8373688459396362,-2.523037433624268,-6.177323818206787,4.33350944519043,0.3836590349674225,2.253309726715088,0.3005769252777099,-27.2507381439209,-0.6720332503318787,0.3050273656845093,-21.073413848876957,-0.0786316692829132,-0.4269609451293945,2,3.076063632965088,9.839106559753418,2467.0,104.60731506347656,202.7960968017578,300.98486328125,0.0137540977448225,0.5609251856803894,2.415426731109619,34.47570037841797,0.3818768262863159,0.3955010771751404,0.4091253578662872,0.0272485297173261,12.915169715881348
0.014260365627706,0.4731770753860473,-1.73219895362854,0.0321650393307209,0.1966563910245895,-1.907436728477478,0.0387010425329208,0.7151845693588257,1.2161184549331665,-5.973143577575684,2.625461339950561,0.6744760870933533,-0.3695493936538696,0.946656048297882,-5.078932762145996,-1.5706251859664917,1.1326689720153809,0.8942108154296875,0.4581928849220276,0.2563470304012298,2,2.232830286026001,15.233722686767578,2407.0,191.5272216796875,282.0672302246094,372.6072082519531,0.0143825868144631,0.4113108515739441,2.5908732414245605,46.68856048583984,0.4039355516433716,0.3947303891181946,0.3855251967906952,-0.0184103548526763,17.466552734375
0.0647963434457779,0.5997252464294434,1.555261731147766,0.0805018097162246,0.354261040687561,1.6911673545837402,0.0297965612262487,0.7650430798530579,1.4534218311309814,-5.976537704467773,2.4855971336364746,0.0573710203170776,3.7939565181732178,0.6107177734375,-6.80824613571167,-2.331559419631958,0.9287567734718324,-0.8317083716392517,0.8713857531547546,-0.3211848437786102,2,2.491358757019043,11.45556354522705,2611.0,121.86615753173828,263.7652893066406,405.6644287109375,0.0718173310160636,0.509998619556427,1.899540662765503,34.75092697143555,0.3687959015369415,0.3837510943412781,0.3987062573432922,0.029910359531641,13.946922302246094
0.0233842283487319,0.6381902694702148,1.8443371057510376,0.0263817328959703,0.3615023195743561,1.9994009733200075,0.0280096773058176,0.8075879812240601,1.5641547441482544,-5.657932281494141,3.2865936756134038,-0.2476111799478531,2.290667772293091,0.3002373576164245,-22.33100128173828,-1.1140559911727903,0.5407833456993103,-16.67306900024414,0.7883945107460022,0.8997686505317688,2,2.15506362915039,11.897225379943848,2352.0,193.48573303222656,263.5609741210937,333.63623046875,0.0457360111176967,0.5768869519233704,1.8688745498657229,30.35613441467285,0.4070813357830047,0.4011330008506775,0.3951846659183502,-0.0118966782465577,14.052289009094238
0.0467713326215744,0.5779606699943542,2.247164726257324,0.0558324307203292,0.2823584377765655,2.129887342453003,0.0276721194386482,0.812228798866272,2.651978015899658,-5.994835376739502,2.8288838863372803,0.1507180035114288,2.4062249660491943,1.0586891174316406,-17.96061897277832,-1.7418097257614136,1.494842529296875,-11.96578311920166,1.344124436378479,-0.8498436212539673,2,3.177990674972534,11.129830360412598,2382.0,100.3249740600586,188.9864959716797,277.64801025390625,0.0658526867628097,0.5489708781242371,2.2112574577331543,36.5573844909668,0.3492433130741119,0.3611747324466705,0.3731061816215515,0.0238628480583429,14.307821273803713
0.0383879989385604,0.6319190263748169,2.361992597579956,0.0376443937420845,0.3616210222244262,2.343629837036133,0.0333311595022678,0.8092448711395264,2.039027452468872,-5.659299373626709,3.481760263442993,-0.0354392044246196,2.2620816230773926,0.4856508672237396,-24.32015419006348,-1.5321890115737915,-0.0637849122285842,-18.66085433959961,-0.0283457115292549,0.994296133518219,2,2.6164915561676025,11.626665115356444,2727.0,159.6143035888672,233.0646209716797,306.5149230957031,0.0413240939378738,0.5342481136322021,2.1454758644104004,35.10025405883789,0.3976653218269348,0.3949601352214813,0.3922549784183502,-0.0054103406146168,14.243157386779783
0.069325566291809,0.633695125579834,1.7528355121612549,0.0760494172573089,0.3698219954967499,1.888950228691101,0.0586045570671558,0.7737458348274231,1.6228690147399902,-6.19743013381958,2.695218086242676,0.2925672233104706,3.633103370666504,0.8967240452766418,-6.402877807617188,-2.021416664123535,1.0889681577682495,-0.2054476141929626,0.7964009642601013,-0.1387937813997268,2,1.969373106956482,15.120513916015623,2418.0,286.7223815917969,357.9887084960937,429.2550659179688,0.0812357664108276,0.5124183297157288,1.9401323795318604,30.38912010192871,0.4104996025562286,0.4020611643791199,0.3936227262020111,-0.0168768744915723,17.089887619018555
0.0389389172196388,0.4331795871257782,-2.834641456604004,0.0455457344651222,0.1832856833934784,-2.5073580741882324,0.0727221667766571,0.6614164710044861,2.163363456726074,-6.652822017669678,2.584928512573242,0.1574464291334152,-42.618595123291016,0.8693094253540039,-2.882675886154175,-2.1221232414245605,1.1074745655059814,3.770146369934082,0.9500281810760498,0.8253191113471985,2,2.472319364547729,12.07876968383789,2877.0,137.91726684570312,258.05230712890625,378.1873779296875,0.0417034029960632,0.4556387960910797,2.535487174987793,38.3896713256836,0.3758156597614288,0.3807484209537506,0.3856811821460724,0.0098655112087726,14.5510892868042
0.0136249605566263,0.5859145522117615,1.389662504196167,0.00766640342772,0.3345824480056762,2.1006407737731934,0.0336828902363777,0.7593467235565186,1.1070775985717771,-5.418795108795166,2.7284109592437744,-0.3817462921142578,2.349956750869751,0.6583580374717712,-18.203096389770508,-1.68394672870636,0.5341933369636536,-12.7843017578125,0.9159396290779114,0.6140440702438354,2,2.500115156173706,12.39033031463623,2499.0,113.75953674316406,244.5976104736328,375.4356994628906,0.030706126242876,0.5387048721313477,1.4534977674484253,29.38389587402344,0.3608787059783935,0.3689065277576446,0.3769343495368957,0.0160556435585021,14.890445709228516
0.081737607717514,0.624024510383606,1.9288265705108645,0.0804678499698638,0.3728771209716797,1.882273554801941,0.0775610357522964,0.7232835292816162,1.906957507133484,-6.476592063903809,2.8020057678222656,0.0772837027907371,2.869283676147461,0.7920116186141968,-11.087274551391602,-2.378535747528076,1.1147037744522097,-4.610682487487793,1.0374200344085691,0.6716547608375549,2,2.168123483657837,10.941106796264648,2905.0,182.8788604736328,320.37164306640625,457.8644104003906,0.0853436291217804,0.5185914635658264,1.926145076751709,20.61690330505371,0.3957177698612213,0.3914103209972381,0.387102872133255,-0.0086148809641599,13.109230041503906
0.0510441102087497,0.6980524063110352,2.310953140258789,0.0533988885581493,0.4415749907493591,2.125784158706665,0.0452395603060722,0.8460891842842102,2.4656786918640137,-5.927089214324951,2.598301649093628,0.3631732165813446,2.5346121788024902,0.5490828156471252,-14.218279838562012,-2.2057864665985107,0.9562482237815856,-8.291191101074219,0.5930750370025635,0.7054372429847717,2,2.9390385150909424,10.695751190185549,2495.0,94.82211303710938,217.88128662109372,340.9404602050781,0.0665862932801246,0.628054141998291,2.3861145973205566,26.155332565307617,0.3454952836036682,0.3676656186580658,0.3898359537124634,0.0443406663835048,13.63478946685791
0.0418341383337974,0.6313433647155762,2.456343173980713,0.0321083851158618,0.3639013469219208,2.554405212402344,0.0616473779082298,0.7823052406311035,2.0788464546203613,-6.118923187255859,2.633323431015014,-0.3066762089729309,3.1227121353149414,1.0115244388580322,-9.046194076538086,-2.2076973915100098,1.1332080364227295,-2.9272713661193848,1.4398841857910156,0.9653518199920654,2,3.076063632965088,9.839106559753418,2883.0,104.60731506347656,202.7960968017578,300.98486328125,0.0640795305371284,0.4981293678283691,2.3188729286193848,39.56560134887695,0.3818768262863159,0.3955010771751404,0.4091253578662872,0.0272485297173261,12.915169715881348
0.0997349768877029,0.568130612373352,2.003552198410034,0.1007248759269714,0.3063519895076751,2.1020331382751465,0.0787297189235687,0.772548496723175,1.6083178520202637,-5.582504749298096,2.82324743270874,-0.1294170469045639,2.356743335723877,0.5729758739471436,-18.588653564453125,-1.1759024858474731,0.5901864767074585,-13.006149291992188,0.7196035385131836,-0.1187612041831016,2,2.168123483657837,10.941106796264648,2418.0,182.8788604736328,320.37164306640625,457.8644104003906,0.1411762535572052,0.571025013923645,1.6966745853424072,38.23144912719727,0.3957177698612213,0.3914103209972381,0.387102872133255,-0.0086148809641599,13.109230041503906
0.0683246254920959,0.593103289604187,2.2478747367858887,0.0653773471713066,0.3429217040538788,2.3163228034973145,0.0475237630307674,0.7896262407302856,1.9335274696350095,-7.055561542510986,2.7999420166015625,0.0339473187923431,2.953355312347412,0.8660843968391418,-11.156624794006348,-2.2913644313812256,1.0219061374664309,-4.101063251495361,0.98795884847641,-0.1345409601926803,2,2.508857011795044,10.515066146850586,2922.0,132.89443969726562,284.6063232421875,436.3182373046875,0.0598463863134384,0.576724648475647,2.244720220565796,12.510581016540527,0.3840961754322052,0.3885237574577331,0.3929513394832611,0.0088551575317978,13.02392292022705
0.056468166410923,0.5182076096534729,2.251023054122925,0.0542665310204029,0.2285584509372711,2.2359747886657715,0.0452479124069213,0.7766208648681641,2.0565319061279297,-6.074736595153809,2.506092071533203,-0.0595328621566295,2.545954704284668,0.4664630889892578,-14.440415382385254,-1.5376360416412354,0.3749628365039825,-8.365678787231445,0.4344957172870636,-0.136415809392929,2,2.9390385150909424,10.695751190185549,2325.0,94.82211303710938,217.88128662109372,340.9404602050781,0.084103375673294,0.4807043373584747,2.143517255783081,45.42081069946289,0.3454952836036682,0.3676656186580658,0.3898359537124634,0.0443406663835048,13.63478946685791
0.0213628858327865,0.5284056067466736,1.7435017824172974,0.0362287163734436,0.251065582036972,1.514946222305298,0.0383676402270793,0.7463777661323547,2.531552314758301,-7.179739475250244,2.3152761459350586,0.3541346192359924,2.574373483657837,0.7600910663604736,-16.21772003173828,-1.5684103965759275,0.7034150958061218,-9.03798007965088,0.349280446767807,0.8377419114112854,2,3.34713077545166,12.928462028503418,1967.0,60.87043380737305,195.47671508789065,330.0830078125,0.0864247009158134,0.5351713299751282,2.2624170780181885,43.76984786987305,0.3405411541461944,0.3763794004917145,0.4122176468372345,0.0716765001416206,16.275592803955078
0.0398177951574325,0.5604244470596313,2.3463597297668457,0.054045021533966,0.2740736007690429,2.172785520553589,0.0049695479683578,0.7728536128997803,-2.61318039894104,-6.941885471343994,2.991499423980713,0.2788325250148773,2.5744361877441406,0.7168006300926208,-15.641103744506836,-2.615741491317749,0.8844377398490906,-8.699217796325684,0.6056052446365356,0.3012767136096954,2,2.067157030105591,14.120906829833984,2125.0,147.44190979003906,313.3966369628906,479.3513793945313,0.0523576997220516,0.5081107020378113,2.1226634979248047,3.8418514728546143,0.3857701420783996,0.3921095728874206,0.3984490036964416,0.0126788392663002,16.188064575195312
0.0496344938874244,0.5654965043067932,1.8958678245544436,0.0531892925500869,0.3280387222766876,1.9273173809051516,0.0571516379714012,0.7694616913795471,1.7110822200775146,-5.899530410766602,2.6849961280822754,0.3336502909660339,2.3677847385406494,1.032534956932068,-19.073707580566406,-1.6909904479980469,1.128542184829712,-13.174177169799805,0.794891893863678,0.396086186170578,2,2.509036064147949,12.231477737426758,2958.0,117.16107940673828,281.437744140625,445.7144470214844,0.0857559517025947,0.5373488068580627,1.79590106010437,16.744718551635742,0.3533608615398407,0.3698451519012451,0.3863294124603271,0.0329685360193252,14.740513801574709
0.0450485795736312,0.6367834210395813,2.34245228767395,0.0319716520607471,0.3453652262687683,2.3636317253112797,0.037944559007883,0.8208009600639343,2.490039825439453,-6.142167091369629,2.5624048709869385,-0.2759097516536712,2.4335567951202397,0.6436553001403809,-17.460460662841797,-1.64343523979187,0.7655851244926453,-11.318294525146484,1.041494846343994,0.8504501581192017,2,3.206090211868286,12.190640449523926,2434.0,85.62943267822266,186.84141540527344,288.05340576171875,0.0539543144404888,0.5551738142967224,2.3681583404541016,41.95392227172852,0.4073606431484222,0.4289494454860687,0.4505382478237152,0.0431775860488414,15.396730422973633
0.0107729379087686,0.5277271270751953,-1.5086456537246704,0.0200780294835567,0.2583363056182861,-2.7643802165985107,0.0234837606549263,0.6933621764183044,-0.6541934013366699,-6.140291213989258,3.011268615722656,-0.1137012392282486,2.34963321685791,0.5114763379096985,-20.76714324951172,-1.9284791946411133,0.7955227494239807,-14.62685203552246,0.909223973751068,0.5717487335205078,2,2.2350451946258545,13.933812141418455,2295.0,180.94900512695312,282.8888244628906,384.8286437988281,0.0108171543106436,0.4472246170043945,3.1412363052368164,29.46147918701172,0.3967035412788391,0.3926628530025482,0.3886221647262573,-0.0080813681706786,16.16885757446289
0.0181279126554727,0.5575810670852661,-2.627318859100342,0.026072684675455,0.2831586897373199,2.987390756607056,0.0052196751348674,0.736677348613739,-2.017023801803589,-5.501790046691895,3.3217365741729736,-0.6262445449829102,2.286485195159912,0.4948532581329345,-22.045307159423828,0.2916606962680816,-0.8953588008880615,-16.543516159057617,-0.269114226102829,0.9377878308296204,2,1.9491608142852783,15.035136222839355,2040.0,278.5031433105469,397.58099365234375,516.6588745117188,0.0171436183154582,0.4824852049350738,-3.06775975227356,13.523911476135254,0.4083227813243866,0.4040714800357818,0.3998202085494995,-0.0085025737062096,16.984296798706055
0.0378064103424549,0.4843743741512298,-2.645893812179565,0.0280579309910535,0.184362530708313,-2.6424810886383057,0.0220809709280729,0.7760910987854004,-2.021010637283325,-6.149211406707764,2.5458247661590576,0.4539322257041931,3.255136728286743,1.060595989227295,-8.399848937988281,-1.1889933347702026,0.6491991877555847,-2.2506372928619385,0.195266917347908,-0.7094779014587402,2,2.508857011795044,10.515066146850586,2190.0,132.89443969726562,284.6063232421875,436.3182373046875,0.0335093028843402,0.4609827399253845,-3.0163631439208984,23.02808380126953,0.3840961754322052,0.3885237574577331,0.3929513394832611,0.0088551575317978,13.02392292022705
0.0549840368330478,0.6522303223609924,2.046414613723755,0.0631707608699798,0.3939989805221557,2.020049571990967,0.0445882119238376,0.8036868572235107,1.9572737216949463,-4.50252103805542,2.450718402862549,0.3506493866443634,2.294882774353028,0.5040952563285828,-17.66795539855957,-1.5234700441360474,0.8146822452545166,-13.165433883666992,0.4640328884124756,-0.9892146587371826,2,2.7653069496154785,11.124781608581545,2336.0,121.75146484375,239.6002349853516,357.4490051269531,0.0641456171870231,0.5632326006889343,1.9593483209609983,28.554702758789062,0.3748750686645508,0.3808901906013489,0.3869052827358246,0.0120301991701126,13.89008903503418
0.0799256861209869,0.6227383017539978,2.26428747177124,0.0819889083504676,0.3853563070297241,2.151444435119629,0.0535108633339405,0.7821773886680603,2.357357978820801,-6.155569553375244,2.449683427810669,-0.5489763021469116,11.849227905273438,0.6330938935279846,-3.619056940078736,-1.4970134496688845,0.6016006469726562,2.536512613296509,1.150576949119568,-0.8272647261619568,2,2.689971923828125,11.46717357635498,2570.0,159.47959899902344,223.8733673095703,288.26715087890625,0.0613284930586814,0.5455260276794434,2.291738510131836,40.72648620605469,0.3908350765705108,0.3833300769329071,0.3758250474929809,-0.0150100458413362,14.157145500183104
0.0207324456423521,0.562300980091095,-2.3918380737304688,0.0257730036973953,0.2855009436607361,-2.985116004943848,0.007929990068078,0.7618528008460999,-1.4017055034637451,-5.360677719116211,3.065673828125,0.000785531650763005,2.2890989780426025,0.2425562441349029,-21.20437431335449,-0.6729969382286072,0.1559715569019317,-15.84369659423828,0.1551860272884369,-0.9192358255386353,2,2.311365127563477,11.11164093017578,2682.0,166.17112731933594,318.911376953125,471.6516418457031,0.0125614143908023,0.4894334673881531,2.794960021972656,34.91121292114258,0.381886214017868,0.3825000822544098,0.3831139504909515,0.0012277503265067,13.423006057739258
0.0411848351359367,0.6328036189079285,1.884873628616333,0.0382520221173763,0.3641470074653625,2.1244029998779297,0.0449083112180233,0.7930757999420166,1.5611218214035034,-5.291563510894775,2.8286807537078857,0.4886414706707001,2.399165630340576,0.9584757685661316,-16.04070281982422,-1.8011362552642822,1.026225209236145,-10.749138832092283,0.5375837683677673,-0.965500831604004,2,2.618417978286743,10.939435005187988,2601.0,161.89894104003906,230.22702026367188,298.5550842285156,0.0565067939460277,0.5457273125648499,1.9688342809677124,19.893016815185547,0.397110641002655,0.3894602358341217,0.3818098306655884,-0.0153008149936795,13.557852745056152
0.067388080060482,0.4677507877349853,1.91140878200531,0.0780505314469337,0.2263296991586685,1.933666467666626,0.046227641403675,0.7023507356643677,1.3693455457687378,-6.989555835723877,2.626919269561768,0.4215989112854004,2.943545341491699,0.905197024345398,-11.09322452545166,-1.5703483819961548,1.2064546346664429,-4.103668689727783,0.7848557233810425,0.9590854644775392,2,2.289671897888184,10.34890079498291,3455.0,157.61044311523438,292.9158020019531,428.2211608886719,0.0500565618276596,0.4457328617572784,1.775960087776184,32.15964889526367,0.3962461054325104,0.395896852016449,0.3955475986003876,-0.0006985224317759275,12.638571739196776
0.1201772838830947,0.5686530470848083,1.967002511024475,0.1172992289066314,0.3349682688713074,1.863449215888977,0.1462479680776596,0.6623954176902771,1.996438980102539,-6.402464389801025,2.5013415813446045,0.3890807032585144,2.81936264038086,0.7483219504356384,-11.317445755004885,-1.644777774810791,0.7758577466011047,-4.914981365203857,0.3867770433425903,0.9645553827285768,2,2.689971923828125,11.46717357635498,2838.0,159.47959899902344,223.8733673095703,288.26715087890625,0.1596785634756088,0.5357533693313599,1.9436705112457275,17.13653564453125,0.3908350765705108,0.3833300769329071,0.3758250474929809,-0.0150100458413362,14.157145500183104
0.0391896925866603,0.648289680480957,1.5255001783370972,0.0470373183488845,0.4004038870334625,1.5990166664123535,0.0370424948632717,0.7733776569366455,1.5891615152359009,-6.266654014587402,3.7140824794769287,-0.1016384586691856,2.2847607135772705,0.2607015967369079,-24.884122848510746,-2.896618366241455,0.4308463335037231,-18.617467880249023,0.532484769821167,1.0,2,2.143515348434448,11.81642246246338,3006.0,148.7855224609375,278.3658447265625,407.9461669921875,0.0562371201813221,0.5150560140609741,1.7835983037948608,44.63832092285156,0.3977797031402588,0.4006450772285461,0.4035104513168335,0.0057307654060423,13.959938049316406
0.0176308024674654,0.6711894273757935,-1.9500398635864256,0.0227594543248415,0.4098349809646606,-2.29217529296875,0.0124653838574886,0.8231267333030701,-0.9469609260559082,-6.877564907073975,3.192638874053955,1.1436384916305542,2.356001853942871,0.9329674243927002,-22.60956573486328,-2.186018943786621,1.603392481803894,-15.732001304626465,0.4597539901733398,-0.6039859652519226,2,2.1808969974517822,11.104517936706545,2602.0,152.79296875,250.44650268554688,348.1000366210937,0.0178340394049882,0.5735288262367249,2.920200824737549,23.040721893310547,0.3948819935321808,0.3942601382732391,0.3936382532119751,-0.0012437331024557,13.285414695739746
0.0240479949861764,0.6563688516616821,1.7400085926055908,0.0371686965227127,0.405283510684967,1.7897791862487793,0.0078049614094197,0.7856981158256531,0.6826144456863403,-6.477115631103516,3.136245012283325,-0.2345878034830093,2.382778644561768,0.8342267870903015,-20.33401298522949,-1.3312357664108276,0.4983637928962707,-13.856897354125977,0.7329515814781189,-0.9548547267913818,2,2.7653069496154785,11.124781608581545,2868.0,121.75146484375,239.6002349853516,357.4490051269531,0.0401441976428031,0.5726047158241272,1.5677030086517334,32.68098449707031,0.3748750686645508,0.3808901906013489,0.3869052827358246,0.0120301991701126,13.89008903503418
0.0247394517064094,0.659236490726471,1.593808889389038,0.0304428655654191,0.3767083883285522,1.5307196378707886,0.0074387351050972,0.8089631199836731,2.561037063598633,-5.278098106384277,2.770603895187378,0.242898404598236,2.3880271911621094,0.5534167885780334,-16.384016036987305,-1.9935033321380613,0.7680307626724243,-11.105916976928713,0.5251323580741882,-0.9992521405220032,2,3.251966714859009,15.618450164794922,1841.0,72.59166717529297,178.1016845703125,283.6116943359375,0.0337197296321392,0.5936083793640137,1.5727068185806274,20.588254928588867,0.3827604055404663,0.4054894149303436,0.4282184541225433,0.0454580709338188,18.87041664123535
0.0664406865835189,0.5999689102172852,1.8751710653305051,0.0690559446811676,0.3536641299724579,1.8725371360778809,0.0650833621621131,0.770954430103302,1.8570215702056885,-6.765769004821777,2.5702195167541504,0.487921804189682,-6.56309986114502,0.916696548461914,-2.7439913749694824,-2.134626865386963,1.1874659061431885,4.021777629852295,0.6995441317558289,0.7713482975959778,2,2.740138292312622,14.403328895568848,2229.0,86.10124969482422,250.3819274902344,414.66259765625,0.0792886763811111,0.5156188607215881,1.8478429317474363,51.43536758422852,0.3208167850971222,0.3552010655403137,0.3895853459835052,0.0687685832381248,17.14346694946289
0.059389654546976,0.5869995355606079,-1.9478973150253296,0.0913189575076103,0.313581258058548,-1.6384270191192627,0.0367019511759281,0.8080134391784668,2.690432548522949,-6.029634475708008,2.6054251194000244,0.7485028505325317,2.4619390964508057,1.0006794929504397,-16.201812744140625,-2.066242218017578,1.3548545837402344,-10.172179222106934,0.6063517332077026,0.9980669021606444,2,2.5245156288146973,10.83508014678955,2217.0,126.10740661621094,259.38311767578125,392.6588745117188,0.0187727808952331,0.6050207018852234,2.931934118270874,23.84476661682129,0.3763021230697632,0.3849989473819732,0.3936958014965057,0.0173936765640974,13.359596252441406
0.0122302277013659,0.6301791667938232,1.4823689460754397,0.0326572768390178,0.3875473141670227,1.7107436656951904,0.0174732282757759,0.7504942417144775,-1.18885600566864,-6.792885780334473,4.05863618850708,1.180720329284668,2.31412935256958,1.0775948762893677,-24.731884002685547,-1.7033323049545288,1.501010775566101,-17.938997268676758,0.3202904164791107,0.9981999397277832,2,1.8199360370635984,11.835160255432127,3161.0,195.3959197998047,284.8388671875,374.2817993164063,0.0256486311554908,0.4727047681808471,2.230703592300415,14.060588836669922,0.4047535955905914,0.3993774652481079,0.3940013349056244,-0.0107522504404187,13.655096054077148
0.0352099649608135,0.5801982283592224,-1.480678677558899,0.0407045818865299,0.2822553515434265,-1.798295497894287,0.0591215752065181,0.7938674092292786,1.1855745315551758,-6.172560214996338,2.4320693016052246,-0.5191445350646973,2.9613373279571533,0.502034604549408,-9.778643608093262,-1.4493274688720703,0.475873589515686,-3.6060831546783447,0.9950181245803832,-0.9393697381019592,2,2.6164915561676025,11.626665115356444,2670.0,159.6143035888672,233.0646209716797,306.5149230957031,0.0495792925357818,0.4470066428184509,2.0555405616760254,37.73722839355469,0.3976653218269348,0.3949601352214813,0.3922549784183502,-0.0054103406146168,14.243157386779783
0.0238317809998989,0.2424937486648559,-2.4516961574554443,0.0195936616510152,0.102199412882328,-2.287445068359375,0.0199162848293781,0.2311411499977111,2.5500214099884038,-6.705158710479736,3.228865146636963,-0.2728481590747833,2.3558108806610107,0.4928493797779083,-22.39341735839844,-1.844796895980835,0.2138848602771759,-15.688258171081545,0.4867329895496368,-0.209895983338356,2,2.0253138542175293,12.353876113891602,2794.0,219.2881622314453,330.57574462890625,441.8633117675781,0.0162198562175035,0.1629299819469452,2.519105672836304,48.70846939086914,0.409548819065094,0.4026102423667907,0.3956716954708099,-0.0138771338388323,14.379189491271973
0.0553386770188808,0.688182532787323,1.9210914373397827,0.0631344765424728,0.4143289923667907,1.936673641204834,0.0373997576534748,0.8581066727638245,1.8211989402771,-5.68442440032959,2.8932526111602783,0.6125264167785645,2.321797609329224,0.7166425585746765,-20.45110893249512,-1.6339526176452637,0.8211323618888855,-14.766685485839844,0.2086059749126434,0.7136505246162415,2,3.3644285202026367,13.71791934967041,1378.0,61.33974075317383,177.55616760253906,293.7725830078125,0.0550466142594814,0.616816520690918,1.9229732751846316,34.113773345947266,0.3136453330516815,0.3476036489009857,0.3815619349479675,0.0679166093468666,17.082347869873047
0.0126731898635625,0.5117353796958923,-2.4297754764556885,0.0093603050336241,0.2224071770906448,-2.267765522003174,0.0125790257006883,0.7742840647697449,1.411880612373352,-6.364934921264648,2.6192965507507324,-0.2244322150945663,2.5650219917297363,0.1837391555309295,-14.613829612731934,1.1696797609329224,-0.2045557051897049,-8.248894691467285,0.019876504316926,-0.7998448014259338,2,3.159424066543579,15.532679557800291,1146.0,58.325828552246094,200.85638427734372,343.3869323730469,0.0203860532492399,0.5098555684089661,2.456691026687622,11.70895290374756,0.3250092267990112,0.3708584308624267,0.4167076349258423,0.0916983857750892,18.692102432250977
0.0125604998320341,0.4910238087177276,2.004509449005127,0.0442507900297641,0.2300394177436828,2.046248197555542,0.0089109158143401,0.7239060997962952,1.0184268951416016,-6.4779863357543945,2.895479917526245,-0.573777973651886,3.066691637039185,0.6603277921676636,-9.690329551696776,-2.152995586395264,0.8407927751541138,-3.212343692779541,1.414570689201355,-0.0826068073511123,2,2.500115156173706,12.39033031463623,2366.0,113.75953674316406,244.5976104736328,375.4356994628906,0.0478889308869838,0.4493148922920227,1.9491610527038572,33.47542190551758,0.3608787059783935,0.3689065277576446,0.3769343495368957,0.0160556435585021,14.890445709228516
0.0512965321540832,0.6743289232254028,1.7937464714050293,0.060041818767786,0.4126724898815155,1.8959354162216189,0.0428404919803142,0.8182811141014099,1.497090220451355,-4.979340076446533,2.667060613632202,-0.1381133496761322,2.310027599334717,0.5168355703353882,-18.62341690063477,-0.4174099266529083,-0.015971602872014,-13.644076347351074,0.1221417412161827,-0.936880111694336,2,2.7653069496154785,11.124781608581545,2789.0,121.75146484375,239.6002349853516,357.4490051269531,0.0671055316925048,0.5936556458473206,1.7760788202285769,32.83058547973633,0.3748750686645508,0.3808901906013489,0.3869052827358246,0.0120301991701126,13.89008903503418
0.0392950773239135,0.6982329487800598,1.821487307548523,0.0379596278071403,0.4476975202560425,1.8589681386947632,0.0361892059445381,0.8285479545593262,1.5570849180221558,-6.038717746734619,2.737934827804565,0.3537772297859192,2.9524037837982178,0.9447237849235536,-9.726381301879885,-1.6421202421188354,1.2626967430114746,-3.6876637935638423,0.9089195132255554,0.9659544229507446,2,2.618417978286743,10.939435005187988,2878.0,161.89894104003906,230.22702026367188,298.5550842285156,0.0551627166569232,0.5437514185905457,1.907386064529419,31.42250633239746,0.397110641002655,0.3894602358341217,0.3818098306655884,-0.0153008149936795,13.557852745056152
0.0176345445215702,0.4480928182601928,2.888052701950073,0.0206662807613611,0.1561104208230972,-3.1254985332489014,0.0291828978806734,0.7228375673294067,1.4313414096832275,-5.869266986846924,3.12076735496521,0.9073710441589355,2.3263604640960693,1.052010178565979,-20.738849639892575,-2.5119383335113525,1.2863893508911133,-14.869583129882812,0.3790182769298553,0.4500370919704437,2,2.264753580093384,11.622965812683104,2406.0,182.44244384765625,283.2895812988281,384.1367492675781,0.0253726076334714,0.4298127293586731,1.48870587348938,25.560466766357425,0.4041646122932434,0.3999592959880829,0.3957540094852447,-0.0084105832502245,13.88771915435791
0.0426203645765781,0.6510707139968872,2.0524423122406006,0.0440881215035915,0.3788899779319763,1.9933021068573,0.0361930578947067,0.789888858795166,2.101032018661499,-5.719138622283936,2.829284429550171,1.3938496112823486,4.120505809783936,1.2836235761642456,-6.416607856750488,-1.8733880519866943,1.8228226900100708,-0.6974689960479736,0.4289730787277221,-0.900647759437561,2,2.1808969974517822,11.104517936706545,2734.0,152.79296875,250.44650268554688,348.1000366210937,0.0665942952036857,0.5605039596557617,2.063416719436645,29.96824836730957,0.3948819935321808,0.3942601382732391,0.3936382532119751,-0.0012437331024557,13.285414695739746
0.1473308652639389,0.4537343084812164,-2.737901210784912,0.1320121884346008,0.1776149868965149,-2.668804407119751,0.1098629534244537,0.689562201499939,-2.7540383338928223,-5.656909942626953,2.5405545234680176,-0.3539551496505737,2.459806442260742,0.5333597660064697,-15.245535850524902,3.0930285453796387,0.327219158411026,-9.58862590789795,0.6811742782592773,-0.8319191336631775,2,3.174811363220215,16.0226993560791,864.0,79.67658996582031,183.924072265625,288.17156982421875,0.108436144888401,0.4673522114753723,-2.790959358215332,16.94112777709961,0.3453863859176636,0.3655174970626831,0.3856486082077026,0.0402622185647487,19.197511672973636
0.0825037062168121,0.5916420817375183,1.815851330757141,0.0777183547616005,0.3461379110813141,1.7934880256652832,0.0931747257709503,0.7307842969894409,1.849159240722656,-6.6317877769470215,3.269247055053711,0.4472045302391052,2.3551366329193115,1.002761960029602,-21.975805282592773,-1.596903920173645,1.065361738204956,-15.34401798248291,0.6181572675704956,0.5031999945640564,2,1.729284167289734,12.242716789245604,2739.0,180.59225463867188,307.0220031738281,433.4517822265625,0.1073007062077522,0.5152150988578796,1.937936902046204,27.234188079833984,0.4016599953174591,0.4002357423305511,0.3988114893436432,-0.0028485178481787,13.972001075744627
0.0991079211235046,0.3171952068805694,2.0069448947906494,0.1007124483585357,0.1029755845665931,1.97558856010437,0.0286836586892604,0.2808298170566559,1.6290074586868286,-8.625950813293457,2.7806968688964844,0.4858324229717254,2.9995265007019043,0.3487992584705353,-13.40777587890625,-2.319444179534912,0.729160487651825,-4.781825065612793,0.2433280646800995,0.1907349377870559,2,2.289671897888184,10.34890079498291,2325.0,157.61044311523438,292.9158020019531,428.2211608886719,0.0946287885308265,0.2556698322296142,1.7732350826263428,19.212013244628903,0.3962461054325104,0.395896852016449,0.3955475986003876,-0.0006985224317759275,12.638571739196776
0.0255964789539575,0.5947328805923462,-2.250454425811768,0.0223191995173692,0.317354142665863,-2.2840967178344727,0.0109103852882981,0.7845252156257629,-1.9947588443756104,-6.582284927368164,2.897650957107544,0.5426657795906067,2.432415008544922,0.5763554573059082,-18.591794967651367,-1.8225826025009155,0.9344955086708068,-12.009509086608888,0.3918297290802002,-0.7227911949157715,2,2.7653069496154785,11.124781608581545,2813.0,121.75146484375,239.6002349853516,357.4490051269531,0.0195181556046009,0.4966310262680053,-3.08919095993042,39.55326461791992,0.3748750686645508,0.3808901906013489,0.3869052827358246,0.0120301991701126,13.89008903503418
0.0379112176597118,0.5607584118843079,1.6212499141693115,0.0178311485797166,0.2964111566543579,2.0480213165283203,0.0813275948166847,0.7803230881690979,1.3419004678726196,-6.393276691436768,2.455845832824707,0.6998809576034546,-16.87558364868164,0.5419012904167175,-5.251229286193848,-2.154205083847046,0.7788284420967102,1.1420471668243408,0.078947477042675,-0.9257700443267822,2,2.289671897888184,10.34890079498291,2873.0,157.61044311523438,292.9158020019531,428.2211608886719,0.0412317253649234,0.492074966430664,1.6881951093673706,44.04255676269531,0.3962461054325104,0.395896852016449,0.3955475986003876,-0.0006985224317759275,12.638571739196776
0.0662426874041557,0.6505070924758911,2.0104808807373047,0.1024221032857894,0.4009495377540588,1.827830791473389,0.0250977128744125,0.7994049191474915,2.675626277923584,-6.269609451293945,2.6036019325256348,-0.635698139667511,3.797819137573242,0.5279943943023682,-7.696105003356934,-2.1549417972564697,0.5103061199188232,-1.4264955520629885,1.1460041999816897,-0.7411638498306274,2,3.206090211868286,12.190640449523926,2436.0,85.62943267822266,186.84141540527344,288.05340576171875,0.0655276328325271,0.562544584274292,2.077071189880371,48.193729400634766,0.4073606431484222,0.4289494454860687,0.4505382478237152,0.0431775860488414,15.396730422973633
0.0463006310164928,0.5987956523895264,2.5420470237731934,0.0606558360159397,0.3196943998336792,2.2136521339416504,0.0314432121813297,0.7405783534049988,1.9808638095855715,-5.648995876312256,2.899219751358032,-0.4028006494045257,2.422961711883545,0.1453278511762619,-16.289323806762695,-2.008795022964477,0.2465704679489135,-10.640328407287598,0.6493710875511169,0.0542969182133674,2,2.689971923828125,11.46717357635498,2381.0,159.47959899902344,223.8733673095703,288.26715087890625,0.0874431133270263,0.5367888808250427,1.8520028591156008,38.10597229003906,0.3908350765705108,0.3833300769329071,0.3758250474929809,-0.0150100458413362,14.157145500183104
0.015400898642838,0.3974627256393432,2.1994378566741943,0.0181300994008779,0.1617736369371414,1.870527982711792,0.029365761205554,0.5512309670448303,1.924145221710205,-8.072165489196777,2.6873319149017334,0.867679238319397,-4.035752296447754,0.769100546836853,-2.927464723587036,-1.889425277709961,1.0743050575256348,5.144700527191162,0.2066258937120437,0.5578678250312805,2,2.5771069526672363,10.216212272644045,3588.0,111.04317474365234,261.8795471191406,412.7159118652344,0.035346258431673,0.349487155675888,1.892870545387268,40.43741226196289,0.3586351573467254,0.3759816884994507,0.3933282494544983,0.0346931107342243,12.793319702148438
0.0992775484919548,0.493994265794754,-2.915413379669189,0.0883337631821632,0.2261685729026794,-2.907710313796997,0.0821383744478225,0.7164602279663086,-3.049126625061035,-5.592811107635498,3.0609092712402344,-0.468034952878952,2.299753904342652,0.7010752558708191,-21.5706844329834,-1.7368355989456177,0.9932347536087036,-15.97787380218506,1.461269736289978,0.7163310050964355,2,2.618417978286743,10.939435005187988,2816.0,161.89894104003906,230.22702026367188,298.5550842285156,0.0828006342053413,0.4631349146366119,-2.88818907737732,23.683692932128903,0.397110641002655,0.3894602358341217,0.3818098306655884,-0.0153008149936795,13.557852745056152
0.0416590198874473,0.5133697390556335,-2.581005334854126,0.0471593961119651,0.2138778567314148,-3.1039528846740723,0.018633896484971,0.7400391101837158,-2.146430492401123,-6.532541275024414,2.6553187370300293,0.1346640288829803,2.876880645751953,0.6251848936080933,-10.969477653503418,-1.625982642173767,0.7921221852302551,-4.436936378479004,0.6574581861495972,0.7444902062416077,2,1.9748759269714355,15.176698684692385,1080.0,162.92649841308594,310.6430053710937,458.3594970703125,0.0384862720966339,0.4810451567173004,-2.9511613845825195,32.88578796386719,0.3964815735816955,0.3981764912605285,0.3998714387416839,0.0033898756373673,17.151575088500977
0.0714580193161964,0.5886713862419128,2.745246410369873,0.0747503936290741,0.3200163841247558,2.732001304626465,0.0453294962644577,0.7737748622894287,2.509074687957764,-5.11744499206543,2.7442057132720947,-0.965109884738922,2.308502435684204,1.042097091674805,-19.15669822692871,-0.3310180306434631,-0.5618047714233398,-14.039252281188965,0.4033050537109375,0.9982134103775024,2,2.669259786605835,10.629318237304688,3084.0,130.13050842285156,226.66192626953125,323.193359375,0.0643710419535636,0.5035159587860107,2.5523431301116943,23.17801284790039,0.38062584400177,0.3859888315200805,0.3913518190383911,0.0107259759679436,13.298578262329102
0.0573088899254798,0.4845142364501953,2.8282229900360107,0.041811354458332,0.2075067907571792,2.9865376949310303,0.0458025895059108,0.7720183730125427,2.1234588623046875,-5.7612810134887695,2.9978606700897217,0.5548158884048462,2.3435449600219727,1.26924467086792,-19.645435333251957,-1.7982661724090576,1.617539405822754,-13.8841552734375,1.0627235174179075,0.9542412161827089,2,2.689971923828125,11.46717357635498,2923.0,159.47959899902344,223.8733673095703,288.26715087890625,0.0460013374686241,0.4836134016513824,2.378791093826294,23.77476501464844,0.3908350765705108,0.3833300769329071,0.3758250474929809,-0.0150100458413362,14.157145500183104
0.0547510609030723,0.616941511631012,2.147735834121704,0.0498063117265701,0.3416248559951782,2.0923705101013184,0.0548391491174697,0.7942672371864319,2.0059728622436523,-5.668890476226807,2.5467844009399414,-0.0380620546638965,2.519007921218872,0.9023782014846802,-13.908544540405272,-1.837268948554993,1.156221628189087,-8.239653587341309,1.1942837238311768,0.0248706378042697,2,2.1808969974517822,11.104517936706545,3028.0,152.79296875,250.44650268554688,348.1000366210937,0.0738907530903816,0.4979591965675354,2.185929536819458,30.416046142578125,0.3948819935321808,0.3942601382732391,0.3936382532119751,-0.0012437331024557,13.285414695739746
0.0513347052037715,0.5560600757598877,1.9608770608901975,0.05952974781394,0.3082712292671203,2.0110440254211426,0.0467589572072029,0.7291638851165771,1.6481081247329712,-4.922081470489502,3.29464054107666,0.1553327292203903,2.3358852863311768,0.6672970652580261,-17.197010040283203,-1.6699659824371338,0.690902054309845,-12.27492904663086,0.5355693101882935,0.3312330245971679,2,2.396925926208496,10.573004722595217,3244.0,133.5912322998047,287.5053100585937,441.41937255859375,0.0662895962595939,0.4924726784229278,1.841006875038147,40.15571212768555,0.3830916583538055,0.3907442986965179,0.3983969390392303,0.0153052899986505,12.969930648803713
0.0483499877154827,0.5697433948516846,1.8053667545318604,0.0634007006883621,0.3072344362735748,1.9340732097625728,0.0276551358401775,0.7100961208343506,1.346721887588501,-5.126224517822266,2.366398811340332,0.7308516502380371,2.482367038726806,0.3387107253074646,-13.398561477661133,-1.9745393991470337,0.4703358709812164,-8.272336959838867,-0.2605157792568207,0.9089961647987366,2,2.168123483657837,10.941106796264648,2319.0,182.8788604736328,320.37164306640625,457.8644104003906,0.0689992234110832,0.4775404930114746,1.7124816179275513,35.41474914550781,0.3957177698612213,0.3914103209972381,0.387102872133255,-0.0086148809641599,13.109230041503906
0.033493772149086,0.561519980430603,1.3001195192337036,0.0303815528750419,0.2892007231712341,1.5182507038116455,0.0392642989754676,0.7483895421028137,1.5068446397781372,-6.273282051086426,2.789603471755981,-0.1913473010063171,2.3650903701782227,0.8645071983337402,-20.39632797241211,-2.471252679824829,1.0197128057479858,-14.123046875,1.2110600471496582,-0.9569693207740784,2,2.491358757019043,11.45556354522705,2755.0,121.86615753173828,263.7652893066406,405.6644287109375,0.0413052849471569,0.4095159769058227,1.9533250331878664,32.687774658203125,0.3687959015369415,0.3837510943412781,0.3987062573432922,0.029910359531641,13.946922302246094
0.0529648810625076,0.6510750651359558,1.8570610284805296,0.0648198425769805,0.4060395061969757,2.0873517990112305,0.0631347447633743,0.8105155229568481,1.4889910221099854,-4.614458560943604,3.0045573711395264,-0.3911099135875702,2.428593397140503,0.1362827122211456,-13.188032150268556,-0.543685257434845,-0.0013290443457663,-8.57357406616211,0.3897808790206909,0.8555622100830078,2,2.396925926208496,10.573004722595217,2665.0,133.5912322998047,287.5053100585937,441.41937255859375,0.0769516974687576,0.5816195607185364,1.5173344612121582,40.114295959472656,0.3830916583538055,0.3907442986965179,0.3983969390392303,0.0153052899986505,12.969930648803713
0.0160222370177507,0.541532576084137,-3.011636972427368,0.0133087476715445,0.3305306136608124,2.588395595550537,0.0098715117201209,0.7365713119506836,2.0407490730285645,-4.991389274597168,4.593417167663574,0.5175145864486694,2.190838575363159,0.6275104284286499,-27.907520294189453,-1.02619206905365,0.5889444351196289,-22.91613006591797,0.0714298114180564,-0.9898549914360046,2,2.1808969974517822,11.104517936706545,3031.0,152.79296875,250.44650268554688,348.1000366210937,0.0302418116480112,0.4347757399082184,2.3798062801361084,37.59511947631836,0.3948819935321808,0.3942601382732391,0.3936382532119751,-0.0012437331024557,13.285414695739746
0.0204129200428724,0.6203790903091431,-2.72598934173584,0.0143331689760088,0.3260951936244964,-2.583555221557617,0.0204750876873731,0.8082425594329834,3.0723843574523926,-6.447074890136719,2.6022636890411377,0.2331946343183517,2.48258376121521,0.6689757108688354,-16.63418960571289,-1.6989085674285889,0.7515223622322083,-10.187115669250488,0.5183277130126953,-0.8744397163391113,2,1.8199360370635984,11.835160255432127,2472.0,195.3959197998047,284.8388671875,374.2817993164063,0.0257931109517812,0.5436565279960632,3.0353264808654785,24.5310001373291,0.4047535955905914,0.3993774652481079,0.3940013349056244,-0.0107522504404187,13.655096054077148
0.1014419049024581,0.5797306895256042,-1.499303102493286,0.1194955185055732,0.2921313047409057,-1.3914817571640017,0.0184725206345319,0.7991456389427185,-1.7403799295425415,-6.3392333984375,2.389900684356689,-0.3366316258907318,2.549668788909912,0.7616211175918579,-14.845709800720217,-1.501638889312744,0.6621479988098145,-8.506475448608398,0.9987796545028688,0.3097509741783142,2,2.264753580093384,11.622965812683104,2444.0,182.44244384765625,283.2895812988281,384.1367492675781,0.0537213198840618,0.5237659215927124,-1.1506270170211792,39.10302734375,0.4041646122932434,0.3999592959880829,0.3957540094852447,-0.0084105832502245,13.88771915435791
0.1084071844816207,0.5213775038719177,2.212253332138061,0.1008506417274475,0.2627368867397308,2.2484867572784424,0.0777436420321464,0.6834555268287659,2.1050260066986084,-7.3870086669921875,2.71687650680542,0.8062849640846252,2.9347939491271973,0.707544207572937,-11.849202156066896,-2.678478479385376,0.6734563112258911,-4.462193489074707,-0.1328286677598953,0.9843819737434388,2,2.168123483657837,10.941106796264648,2978.0,182.8788604736328,320.37164306640625,457.8644104003906,0.090945079922676,0.4879700541496277,2.044637441635132,26.316883087158203,0.3957177698612213,0.3914103209972381,0.387102872133255,-0.0086148809641599,13.109230041503906
0.0178699716925621,0.6460851430892944,-3.101733922958374,0.0148167526349425,0.3637756705284118,-2.543734550476074,0.0381527580320835,0.8171858191490173,2.151178359985352,-6.221335411071777,3.854843854904175,0.7047194242477417,2.3347606658935547,1.0268762111663818,-21.47629737854004,-1.890203833580017,1.0278648138046265,-15.254962921142578,0.3231454789638519,0.799479067325592,2,2.591003894805908,11.93778133392334,2517.0,111.2269515991211,239.23634338378903,367.2457275390625,0.0178329162299633,0.5095182061195374,1.2708446979522705,40.29854965209961,0.3412215709686279,0.3566585779190063,0.3720955848693847,0.0308740157634019,14.528785705566406
0.0792052745819091,0.6346243023872375,2.0231776237487797,0.0917135179042816,0.3748601675033569,2.0960187911987305,0.0483286269009113,0.7809795141220093,1.8956807851791384,-5.235272407531738,2.884662628173828,0.0035417929757386,2.520749807357788,0.5879151821136475,-12.856643676757812,-1.820719599723816,0.8635302186012268,-7.621371746063232,0.8599883913993835,-0.8428519368171692,2,2.168123483657837,10.941106796264648,2882.0,182.8788604736328,320.37164306640625,457.8644104003906,0.0670556351542472,0.5408802032470703,1.8486363887786863,23.27008628845215,0.3957177698612213,0.3914103209972381,0.387102872133255,-0.0086148809641599,13.109230041503906
0.0151716554537415,0.6124260425567627,2.2238266468048096,0.0156836472451686,0.331035166978836,3.044452428817749,0.0346187502145767,0.7899315357208252,1.3797067403793335,-6.175424098968506,2.792176961898804,0.4726595878601074,2.4073634147644043,0.4072833657264709,-18.254392623901367,-2.254767656326294,0.4675669968128204,-12.07896900177002,-0.0050925775431096,0.873517632484436,2,2.15506362915039,11.897225379943848,2545.0,193.48573303222656,263.5609741210937,333.63623046875,0.0375653952360153,0.5106191039085388,2.041179180145264,23.30122756958008,0.4070813357830047,0.4011330008506775,0.3951846659183502,-0.0118966782465577,14.052289009094238
0.0260949414223432,0.5753624439239502,1.563190221786499,0.0125146815553307,0.2915845811367035,-2.177548408508301,0.1014633998274803,0.8039708733558655,1.2609940767288208,-6.440396308898926,2.775914669036865,0.2836363911628723,2.7264771461486816,0.773562490940094,-12.334585189819336,-1.8006818294525146,0.9180433750152588,-5.894189357757568,0.6344069838523865,-0.8145917654037476,2,3.3644285202026367,13.71791934967041,1803.0,61.33974075317383,177.55616760253906,293.7725830078125,0.0476566366851329,0.529877781867981,1.5273674726486206,12.176836967468262,0.3136453330516815,0.3476036489009857,0.3815619349479675,0.0679166093468666,17.082347869873047
0.0419124290347099,0.63569575548172,1.8356096744537356,0.040295336395502,0.3849774599075317,1.8035533428192136,0.0454442575573921,0.7813388705253601,1.9099422693252563,-6.659517288208008,2.530459403991699,-0.07684126496315,3.060028076171875,0.3981610536575317,-9.886792182922363,-1.8473917245864868,0.4031515717506408,-3.2272751331329346,0.4799928367137909,0.1009384915232658,2,2.1808969974517822,11.104517936706545,2977.0,152.79296875,250.44650268554688,348.1000366210937,0.0535237155854702,0.4864365458488464,2.1749112606048584,16.089427947998047,0.3948819935321808,0.3942601382732391,0.3936382532119751,-0.0012437331024557,13.285414695739746
0.0497082285583019,0.6448521614074707,2.3911118507385254,0.0477787442505359,0.3839089870452881,2.39665961265564,0.0353580005466938,0.8007704019546509,2.207748413085937,-5.366380214691162,3.057804822921753,0.3393103778362274,2.301884174346924,0.873184323310852,-20.439666748046875,-1.438554286956787,0.8755590915679932,-15.073286056518556,0.5362486839294434,0.9848166108131408,2,2.6164915561676025,11.626665115356444,2738.0,159.6143035888672,233.0646209716797,306.5149230957031,0.0562975853681564,0.5298292636871338,2.072624683380127,32.22421646118164,0.3976653218269348,0.3949601352214813,0.3922549784183502,-0.0054103406146168,14.243157386779783
0.0555491559207439,0.5996642112731934,2.254478454589844,0.0589432604610919,0.3288421630859375,2.322744607925415,0.0377637259662151,0.7753981947898865,2.111213207244873,-4.947890758514404,2.730994462966919,0.2339706867933273,2.3517017364501958,0.3522100150585174,-16.63874053955078,-1.7573779821395874,0.3409863710403442,-11.69084930419922,0.1070156693458557,0.6042311787605286,2,2.7653069496154785,11.124781608581545,2678.0,121.75146484375,239.6002349853516,357.4490051269531,0.0497376509010791,0.5242297649383545,2.150583505630493,16.96351432800293,0.3748750686645508,0.3808901906013489,0.3869052827358246,0.0120301991701126,13.89008903503418
0.0566508211195468,0.4541307985782623,2.634681701660156,0.0452236458659172,0.2110618948936462,2.668532609939575,0.0669122785329818,0.7300469875335693,2.16642427444458,-9.3916015625,3.156515121459961,1.4498523473739624,8.379826545715332,1.3461543321609497,-6.515168190002441,-1.7751473188400269,1.699920654296875,2.8764328956604004,0.2500682473182678,0.7740193605422974,2,2.591003894805908,11.93778133392334,2970.0,111.2269515991211,239.23634338378903,367.2457275390625,0.0757897719740867,0.4631549119949341,2.2437045574188232,30.71087074279785,0.3412215709686279,0.3566585779190063,0.3720955848693847,0.0308740157634019,14.528785705566406
0.032131653279066,0.6477760672569275,-2.891033887863159,0.0381920784711837,0.3611048460006714,-2.9606802463531494,0.0274323001503944,0.8378561735153198,-2.733632802963257,-6.036588668823242,2.817039966583252,-0.2110126912593841,2.5860912799835205,0.1355390846729278,-13.523280143737791,3.074916362762451,0.2024509757757187,-7.486691474914551,0.4134636521339416,0.5766630172729492,2,3.5696117877960205,16.92194938659668,637.0,58.38742446899414,154.03871154785156,249.69000244140625,0.0431201718747615,0.6115724444389343,2.8600399494171143,19.96021270751953,0.3045106828212738,0.3361372649669647,0.3677638173103332,0.0632531270384788,20.491559982299805
0.0219638589769601,0.4774981141090393,1.7634495496749878,0.0258095171302557,0.260566383600235,1.7920702695846558,0.0220776926726102,0.5424886345863342,1.8743027448654173,-6.269540786743164,2.7304811477661133,0.2250281125307083,2.4383106231689453,0.4944378137588501,-17.617591857910156,-1.734489917755127,0.5962350368499756,-11.348051071166992,0.3712069094181061,-0.5984600782394409,2,1.8199360370635984,11.835160255432127,3219.0,195.3959197998047,284.8388671875,374.2817993164063,0.0387930758297443,0.3914238810539245,1.9740655422210691,29.53467559814453,0.4047535955905914,0.3993774652481079,0.3940013349056244,-0.0107522504404187,13.655096054077148
0.058193165808916,0.5026143193244934,-1.955230712890625,0.0644731000065803,0.246286079287529,-1.7596570253372192,0.0191774386912584,0.7625116109848022,2.701698303222656,-5.686057567596436,2.735731601715088,-0.180130049586296,2.3517749309539795,0.6838706731796265,-19.106836318969727,-2.073512554168701,0.8310472369194031,-13.420778274536133,1.0111773014068604,-0.9191644191741944,2,2.311365127563477,11.11164093017578,2778.0,166.17112731933594,318.911376953125,471.6516418457031,0.0202779471874237,0.4950481653213501,-2.765633344650269,34.80886459350586,0.381886214017868,0.3825000822544098,0.3831139504909515,0.0012277503265067,13.423006057739258
0.0412489883601665,0.5490944385528564,0.1242657825350761,0.0256728995591402,0.2942391633987427,0.9933859705924988,0.1034517288208007,0.7017279267311096,-0.3854848146438598,-6.740864276885986,2.580980062484741,0.5014637112617493,2.5713205337524414,0.4956403374671936,-15.278694152832031,-2.3338191509246826,0.8528639078140259,-8.537829399108887,0.3514001369476318,0.9975889921188354,2,3.0007355213165283,16.329998016357422,2266.0,84.75988006591797,214.05528259277344,343.3506774902344,0.0493837371468544,0.4871717989444732,0.1490337401628494,14.973631858825684,0.3157172799110412,0.335853636264801,0.3559900224208832,0.0402727611362934,19.330734252929688
0.0521891377866268,0.5262169241905212,2.575255870819092,0.0399537533521652,0.2525396347045898,2.752785444259644,0.0373135507106781,0.7502127885818481,2.2677526473999023,-5.4009294509887695,3.0952744483947754,0.0056330375373363,2.362631320953369,0.5290485620498657,-17.720775604248047,-1.0069329738616943,0.258161336183548,-12.31984519958496,0.2525283098220825,0.3458523750305176,2,2.8187038898468018,11.054662704467772,2661.0,77.2525405883789,232.3199920654297,387.387451171875,0.0495042316615581,0.4663121998310089,2.170337677001953,32.08047103881836,0.3048929870128631,0.3447792828083038,0.3846656084060669,0.0797726437449455,13.873366355895996
0.0382320992648601,0.5854825377464294,-2.7190253734588623,0.0409672893583774,0.3083607256412506,-2.593273401260376,0.0197039879858493,0.7972251772880554,2.4704813957214355,-6.174950122833252,2.568987369537353,0.6641194820404053,6.396075248718262,1.1005064249038696,-4.555882453918457,-1.785797953605652,1.3283517360687256,1.6190677881240845,0.6642323136329651,-0.9141507148742676,2,3.206090211868286,12.190640449523926,2575.0,85.62943267822266,186.84141540527344,288.05340576171875,0.0361221246421337,0.5046408772468567,2.872537612915039,39.53301239013672,0.4073606431484222,0.4289494454860687,0.4505382478237152,0.0431775860488414,15.396730422973633
0.0980666428804397,0.378918707370758,-1.5696711540222168,0.0679528191685676,0.1011575236916542,-1.698043942451477,0.0471236146986484,0.6323527693748474,-1.7591159343719482,-6.128502368927002,2.462166786193848,0.1798966377973556,2.647974729537964,0.5875415802001953,-12.701196670532228,-1.445440411567688,0.4509951770305633,-6.572694301605225,0.2710985541343689,-0.7568350434303284,2,2.232830286026001,15.233722686767578,2644.0,191.5272216796875,282.0672302246094,372.6072082519531,0.0537665821611881,0.3085194528102875,-1.8486154079437256,25.03175926208496,0.4039355516433716,0.3947303891181946,0.3855251967906952,-0.0184103548526763,17.466552734375
0.0128490375354886,0.6097481846809387,1.0384517908096311,0.0107890097424387,0.3489820957183838,1.3103865385055542,0.0451242811977863,0.7845136523246765,1.5602905750274658,-6.506217002868652,2.7283034324646,0.1022883430123329,3.088652849197388,0.5104912519454956,-9.574368476867676,-1.7101154327392578,0.8554983735084534,-3.0681514739990234,0.7532100677490234,0.9917919635772704,2,2.491358757019043,11.45556354522705,2337.0,121.86615753173828,263.7652893066406,405.6644287109375,0.0257311537861824,0.5247779488563538,1.4272831678390503,10.973844528198242,0.3687959015369415,0.3837510943412781,0.3987062573432922,0.029910359531641,13.946922302246094
0.1917119622230529,0.5334718227386475,-2.407186269760132,0.1703021377325058,0.2286020964384079,-2.32581090927124,0.0981336832046508,0.7895568013191223,-2.59387731552124,-6.037509441375732,2.8075428009033203,-0.3756824731826782,2.3783628940582275,0.7428564429283142,-19.0449161529541,0.7876272797584534,-0.844404935836792,-13.007406234741213,-0.4687224626541137,-0.8534047603607178,2,2.1808969974517822,11.104517936706545,2236.0,152.79296875,250.44650268554688,348.1000366210937,0.1125134825706482,0.5406270027160645,-2.651923179626465,35.35493087768555,0.3948819935321808,0.3942601382732391,0.3936382532119751,-0.0012437331024557,13.285414695739746
0.0268331691622734,0.6666570901870728,2.3025715351104736,0.0536967813968658,0.4293428659439087,1.930706262588501,0.0236497092992067,0.7879957556724548,2.177825927734375,-6.141684532165527,2.668197631835937,-0.3052686154842376,2.454947233200073,0.5764569044113159,-16.736474990844727,-2.601818323135376,0.5987907648086548,-10.5947904586792,0.90405935049057,0.9564448595046996,2,2.591648817062378,10.415995597839355,2643.0,125.38251495361328,252.1925506591797,379.0025939941406,0.0516788214445114,0.5872637033462524,1.997185230255127,27.24246597290039,0.3682892322540283,0.3800232708454132,0.3917573392391205,0.0234680958092212,13.007644653320312
0.1101035475730896,0.5751373171806335,-2.229801654815674,0.091768130660057,0.2729563415050506,-2.147000551223755,0.0623737685382366,0.79718416929245,-2.3703742027282715,-5.882705211639404,2.568208694458008,-0.4330660104751587,2.354845762252808,0.3753674626350403,-19.51788330078125,1.0291094779968262,-0.3905126750469208,-13.635177612304688,0.0425533205270767,-0.9973846673965454,2,2.669259786605835,10.629318237304688,2208.0,130.13050842285156,226.66192626953125,323.193359375,0.0596521161496639,0.5357869863510132,-2.778071165084839,15.833197593688965,0.38062584400177,0.3859888315200805,0.3913518190383911,0.0107259759679436,13.298578262329102
0.0322122052311897,0.7387000918388367,2.148813009262085,0.0391424149274826,0.4619265794754028,2.060497760772705,0.0367675572633743,0.8671323657035828,2.4115095138549805,-6.993188381195068,3.001232385635376,-0.0849328190088272,-6.138826370239258,0.9572207927703856,-4.022087574005127,-1.0715750455856323,0.8808295130729675,2.9711008071899414,0.9657623171806335,0.5777785181999207,2,2.9390385150909424,10.695751190185549,2270.0,94.82211303710938,217.88128662109372,340.9404602050781,0.0768189802765846,0.6347236633300781,2.17238998413086,26.10121726989746,0.3454952836036682,0.3676656186580658,0.3898359537124634,0.0443406663835048,13.63478946685791
0.0205635391175746,0.6232600212097168,1.6214097738265991,0.021115843206644,0.363620787858963,1.8584614992141724,0.0293819904327392,0.7936614751815796,1.4494476318359375,-5.821293830871582,3.24470329284668,0.3181796073913574,2.3977396488189697,0.7552580833435059,-17.681072235107422,-2.508603811264038,0.971994161605835,-11.859777450561523,0.6538145542144775,0.9751232862472534,2,2.289671897888184,10.34890079498291,2909.0,157.61044311523438,292.9158020019531,428.2211608886719,0.0364374555647373,0.5250589847564697,1.801721453666687,29.881092071533203,0.3962461054325104,0.395896852016449,0.3955475986003876,-0.0006985224317759275,12.638571739196776
0.017744667828083,0.5088965892791748,-2.7233240604400635,0.0317085795104503,0.2609327733516693,2.861169576644897,0.0367123037576675,0.653724730014801,-1.182467699050903,-5.958977699279785,2.3297410011291504,0.5465412139892578,2.740774393081665,1.228683590888977,-11.264559745788574,-1.7690775394439695,1.4082626104354858,-5.305582046508789,0.861721396446228,-0.392680287361145,2,2.2350451946258545,13.933812141418455,2767.0,180.94900512695312,282.8888244628906,384.8286437988281,0.0181677900254726,0.4678639471530914,2.7944459915161133,20.562938690185547,0.3967035412788391,0.3926628530025482,0.3886221647262573,-0.0080813681706786,16.16885757446289
0.0320731438696384,0.4391748309135437,-3.0088534355163574,0.0461172796785831,0.1593249291181564,-2.220986843109131,0.0539032258093357,0.7397284507751465,1.6758692264556885,-6.531165599822998,2.360203981399536,0.4727230370044708,3.1185877323150635,1.197469711303711,-9.56250286102295,-1.7457623481750488,1.4898542165756226,-3.031337022781372,1.0171310901641846,-0.6219637393951416,2,2.311365127563477,11.11164093017578,2799.0,166.17112731933594,318.911376953125,471.6516418457031,0.037723671644926,0.4647309482097626,2.394266366958618,37.207275390625,0.381886214017868,0.3825000822544098,0.3831139504909515,0.0012277503265067,13.423006057739258
0.0385467335581779,0.4560581743717193,2.5643179416656494,0.0264374930411577,0.1778846234083175,-2.822497844696045,0.0778376087546348,0.7127104997634888,1.898433804512024,-6.397119045257568,3.180863618850708,0.3773469626903534,2.3027331829071045,1.25268816947937,-24.12939453125,-1.89827823638916,0.9966951012611388,-17.732276916503906,0.6193481087684631,-0.4266235530376434,2,2.168123483657837,10.941106796264648,2498.0,182.8788604736328,320.37164306640625,457.8644104003906,0.0547681674361228,0.4238773584365845,2.24153995513916,47.627079010009766,0.3957177698612213,0.3914103209972381,0.387102872133255,-0.0086148809641599,13.109230041503906
0.0764818862080574,0.6497637629508972,1.940536975860596,0.0957080423831939,0.4091286063194275,1.944984436035156,0.0465234741568565,0.7764748930931091,1.83011257648468,-6.018301010131836,3.8228752613067623,0.1952855288982391,2.274948835372925,0.5187761187553406,-24.700721740722656,-1.5107581615447998,0.4355354607105255,-18.68242073059082,0.2402499467134475,-0.8395885229110718,2,2.289671897888184,10.34890079498291,3002.0,157.61044311523438,292.9158020019531,428.2211608886719,0.0792331174015998,0.5298537015914917,1.7892978191375732,31.533281326293945,0.3962461054325104,0.395896852016449,0.3955475986003876,-0.0006985224317759275,12.638571739196776
0.0436940118670463,0.596822202205658,2.3639111518859863,0.0462260954082012,0.3245781362056732,2.119717836380005,0.0666721016168594,0.8009823560714722,1.6899385452270508,-6.002045154571533,2.7039289474487305,-0.9611798524856568,2.3755369186401367,0.5271567702293396,-19.12594985961914,-1.595636963844299,0.4105013310909271,-13.123905181884766,1.3716812133789062,0.6769086122512817,2,3.0464086532592773,9.277715682983398,2797.0,96.77780151367188,206.31663513183597,315.85546875,0.0999772101640701,0.4925859570503235,1.8055880069732664,44.64295959472656,0.3426387906074524,0.3635255098342895,0.3844121992588043,0.0417734198272228,12.324124336242676
0.0361857488751411,0.661108136177063,2.0839009284973145,0.0503648445010185,0.3850903809070587,1.919675350189209,0.0398912504315376,0.8165743947029114,2.810622215270996,-5.937735557556152,2.603187084197998,0.3546689450740814,2.478618621826172,0.8628329038619995,-15.43317699432373,-2.169121503829956,1.0385751724243164,-9.495441436767578,0.6839062571525574,0.8468198180198669,2,3.34713077545166,12.928462028503418,2192.0,60.87043380737305,195.47671508789065,330.0830078125,0.0501282475888729,0.5855028033256531,2.1353588104248047,22.786842346191406,0.3405411541461944,0.3763794004917145,0.4122176468372345,0.0716765001416206,16.275592803955078
0.053869467228651,0.5244020819664001,2.9066405296325684,0.0459997914731502,0.2627232670783996,2.941123485565185,0.0530973114073276,0.7341074347496033,2.619724750518799,-6.826149940490723,2.533979654312134,1.0760631561279297,3.24678897857666,1.4851140975952148,-8.298311233520508,-1.7997395992279053,1.871338129043579,-1.472161054611206,0.7952749133110046,-0.0531501546502113,2,2.8187038898468018,11.054662704467772,2650.0,77.2525405883789,232.3199920654297,387.387451171875,0.0495515204966068,0.5153452754020691,2.5820932388305664,30.88309669494629,0.3048929870128631,0.3447792828083038,0.3846656084060669,0.0797726437449455,13.873366355895996
0.0246918741613626,0.5079607367515564,1.8809038400650024,0.0170353055000305,0.2353410422801971,2.262610912322998,0.0647157728672027,0.7511395812034607,1.7540981769561768,-6.258029937744141,2.095468759536743,0.4550903439521789,2.950006484985352,1.0366768836975098,-10.07986545562744,-1.874553918838501,1.293859601020813,-3.8218352794647217,0.8387693166732788,-0.7792581915855408,2,2.6535427570343018,12.05182647705078,2729.0,99.37745666503906,237.88668823242188,376.3959045410156,0.0361317619681358,0.4596657156944275,1.614363193511963,45.11169052124024,0.3309388160705566,0.3556327819824219,0.3803267478942871,0.0493879579007625,14.705368995666504
0.012975575402379,0.6539931297302246,2.027322292327881,0.0218522381037473,0.3810981214046478,2.0231733322143555,0.0169275254011154,0.7957342863082886,1.7060096263885498,-6.714630126953125,2.986499309539795,0.6275160312652588,2.428597450256348,0.4424741268157959,-19.06468963623047,-2.2977776527404785,1.0304044485092163,-12.350059509277344,0.4028883874416351,0.8495243191719055,2,3.256263494491577,10.562627792358398,3166.0,80.8882827758789,194.2398376464844,307.59136962890625,0.0448729433119297,0.5102585554122925,2.081419944763184,32.65238952636719,0.3945942521095276,0.4200455844402313,0.445496916770935,0.050902672111988,13.818891525268556
0.031562365591526,0.5336759686470032,2.2824690341949463,0.0520026199519634,0.3059382140636444,2.0913209915161133,0.0060038198716938,0.6758597493171692,-2.630251169204712,-5.60250186920166,3.113545656204224,0.8035049438476562,2.282217264175415,0.4384691119194031,-22.66373634338379,-1.799469232559204,0.3408511877059936,-17.061233520507812,-0.4626537263393402,-0.8998446464538574,2,1.88225519657135,14.117844581604004,2289.0,298.6553039550781,351.47930908203125,404.3033142089844,0.0389037951827049,0.449051022529602,2.1413557529449463,33.43335723876953,0.4127247929573059,0.4046761095523834,0.3966274559497833,-0.0160973463207483,16.000099182128906
0.0360368154942989,0.5761154890060425,2.5189504623413086,0.030688501894474,0.2865774631500244,2.538839817047119,0.0210351012647151,0.7681933641433716,2.4014370441436768,-6.035260200500488,2.9129867553710938,0.5970460176467896,2.552159070968628,0.5455269813537598,-14.013063430786133,-2.366748332977295,0.7578544020652771,-7.977802753448486,0.1608083546161651,-0.3922140300273895,2,2.2350451946258545,13.933812141418455,2135.0,180.94900512695312,282.8888244628906,384.8286437988281,0.0349008813500404,0.4925078153610229,2.2557260990142822,18.807233810424805,0.3967035412788391,0.3926628530025482,0.3886221647262573,-0.0080813681706786,16.16885757446289
0.050310906022787,0.6300390958786011,-1.4148838520050049,0.0722921043634414,0.3318178653717041,-1.2750197649002075,0.0190625432878732,0.8486462235450745,1.671162724494934,-5.762184143066406,3.0423364639282227,-0.0499811246991157,2.291821956634521,0.2617974281311035,-22.58698463439941,0.1037985682487487,-0.0358739607036113,-16.824800491333008,0.0141071639955043,0.4612058699131012,2,2.1808969974517822,11.104517936706545,2358.0,152.79296875,250.44650268554688,348.1000366210937,0.0119709521532058,0.5562112331390381,-0.1105525568127632,30.754858016967773,0.3948819935321808,0.3942601382732391,0.3936382532119751,-0.0012437331024557,13.285414695739746
0.0655477717518806,0.5141570568084717,2.0613455772399902,0.0769996121525764,0.2696402966976166,2.1506290435791016,0.0466265045106411,0.6910844445228577,1.1702795028686523,-5.190558433532715,2.68501615524292,0.3619508445262909,2.5375752449035645,0.9569594264030457,-12.575385093688965,-2.362396001815796,1.386082649230957,-7.38482666015625,1.0241318941116333,0.24607615172863,2,1.869519591331482,14.959676742553713,2885.0,277.64697265625,313.9234313964844,350.1999206542969,0.064730666577816,0.473118394613266,1.7043814659118652,26.83809471130371,0.4141357541084289,0.4039641320705414,0.3937925100326538,-0.0203432310372591,16.82919692993164
0.0558518730103969,0.5924134254455566,2.5789618492126465,0.0432128235697746,0.314714640378952,2.578680515289306,0.0623393543064594,0.7787296175956726,2.4732677936553955,-6.172142028808594,2.711603879928589,-0.080434463918209,2.4138967990875244,0.6017984747886658,-18.105194091796875,-1.5141644477844238,0.579245388507843,-11.933053016662598,0.6596798896789551,-0.5013637542724609,2,3.076063632965088,9.839106559753418,2696.0,104.60731506347656,202.7960968017578,300.98486328125,0.0633461400866508,0.4976963102817535,2.3370072841644287,40.7709846496582,0.3818768262863159,0.3955010771751404,0.4091253578662872,0.0272485297173261,12.915169715881348
0.0342283956706523,0.5663661956787109,3.092446804046631,0.0406142026185989,0.2945579290390014,2.90007758140564,0.0127277011051774,0.7844343185424805,2.3503401279449463,-5.220906734466553,2.9661498069763184,-0.2653065621852875,2.3552372455596924,0.6103367805480957,-17.404342651367188,-0.7199318408966064,0.4308547377586365,-12.183435440063477,0.6961612701416016,-0.9169557094573976,2,2.5245156288146973,10.83508014678955,2428.0,126.10740661621094,259.38311767578125,392.6588745117188,0.0245195496827363,0.5097126960754395,2.644338846206665,26.345348358154297,0.3763021230697632,0.3849989473819732,0.3936958014965057,0.0173936765640974,13.359596252441406
0.0677297338843345,0.5805448889732361,2.2566304206848145,0.0621454305946826,0.2972103357315063,2.254974603652954,0.0612204484641552,0.8054153323173523,1.7378603219985962,-6.131633281707764,2.6776254177093506,0.7390464544296265,2.46911883354187,1.1869051456451416,-16.136226654052734,-1.5648428201675415,1.1535203456878662,-10.004592895507812,0.4144738316535949,0.9056540727615356,2,2.689971923828125,11.46717357635498,2964.0,159.47959899902344,223.8733673095703,288.26715087890625,0.0783567428588867,0.5363660454750061,2.007319688796997,21.017723083496094,0.3908350765705108,0.3833300769329071,0.3758250474929809,-0.0150100458413362,14.157145500183104
0.0404561646282672,0.627169668674469,2.047156810760498,0.0405313335359096,0.3757399916648865,1.9852933883666992,0.0369357764720916,0.7564932703971863,2.121901512145996,-6.260320663452148,3.302365064620972,-0.7646245956420898,2.390219211578369,0.1532052457332611,-19.24331283569336,-0.8647454380989075,0.117653377354145,-12.982992172241213,0.8822779655456543,-0.9999677538871764,2,2.2350451946258545,13.933812141418455,3195.0,180.94900512695312,282.8888244628906,384.8286437988281,0.0410367809236049,0.4767464995384216,2.058422565460205,36.03959274291992,0.3967035412788391,0.3926628530025482,0.3886221647262573,-0.0080813681706786,16.16885757446289
0.0243448093533515,0.7405246496200562,2.326039552688598,0.0303229093551635,0.4736739695072174,2.1781911849975586,0.0236490778625011,0.8609511852264404,2.1364457607269287,-5.726039409637451,2.9670660495758057,0.3780303001403808,2.325357675552368,0.1121744066476821,-20.438129425048828,0.1668936312198639,0.1255559772253036,-14.712090492248535,-0.2524743378162384,0.890034019947052,2,2.8187038898468018,11.054662704467772,1549.0,77.2525405883789,232.3199920654297,387.387451171875,0.0521907918155193,0.6448982357978821,1.7533749341964722,22.82183837890625,0.3048929870128631,0.3447792828083038,0.3846656084060669,0.0797726437449455,13.873366355895996
0.010788676328957,0.6270323395729065,-2.3920698165893555,0.0418998524546623,0.3959832787513733,2.0371346473693848,0.0128027275204658,0.762405276298523,-0.8790376782417297,-4.730618953704834,3.30225157737732,0.0974282771348953,2.2562830448150635,0.2257376313209533,-20.863927841186523,-2.0394885540008545,0.2229357361793518,-16.13330841064453,0.1255074590444564,-0.4920156002044678,2,2.1808969974517822,11.104517936706545,2605.0,152.79296875,250.44650268554688,348.1000366210937,0.0328059047460556,0.5277724266052246,1.8060755729675293,38.9273567199707,0.3948819935321808,0.3942601382732391,0.3936382532119751,-0.0012437331024557,13.285414695739746
0.019013887271285,0.5445851683616638,0.7644935250282288,0.0110398409888148,0.3060587346553802,1.1826306581497192,0.0373092107474803,0.7254589200019836,1.419474959373474,-6.6047139167785645,2.761070966720581,0.2346391826868057,2.476767539978028,0.7666307687759399,-17.204631805419922,-1.5340529680252075,0.4752861261367798,-10.599916458129885,0.2406469583511352,0.4300403594970703,2,3.0464086532592773,9.277715682983398,3490.0,96.77780151367188,206.31663513183597,315.85546875,0.0396640859544277,0.4775788784027099,1.792498230934143,40.75379943847656,0.3426387906074524,0.3635255098342895,0.3844121992588043,0.0417734198272228,12.324124336242676
0.051304392516613,0.5925321578979492,2.4633800983428955,0.0462802238762378,0.3342253863811493,2.474769830703736,0.0680548399686813,0.75180983543396,2.244734525680542,-5.579936504364014,4.870664596557617,-0.205767422914505,2.2334163188934326,0.6572643518447876,-25.99857711791992,-1.0087980031967163,0.7153226733207703,-20.418642044067383,0.9210900664329528,0.9987661838531494,2,2.289671897888184,10.34890079498291,2881.0,157.61044311523438,292.9158020019531,428.2211608886719,0.0567743331193923,0.4795232713222503,2.29235315322876,39.14677810668945,0.3962461054325104,0.395896852016449,0.3955475986003876,-0.0006985224317759275,12.638571739196776
0.0725893005728721,0.6366930603981018,1.6615430116653442,0.073309451341629,0.3787558078765869,1.7580260038375854,0.065910555422306,0.7865119576454163,1.4221324920654297,-5.865662574768066,2.5871198177337646,0.9151224493980408,9.776758193969728,1.0250688791275024,-3.4340004920959477,-1.5136682987213137,1.0522658824920654,2.431662082672119,0.137143462896347,-0.5980352759361267,2,2.632472276687622,13.33631992340088,2757.0,112.91990661621094,270.33740234375,427.7549133300781,0.0703774914145469,0.5083593726158142,1.8446059226989744,42.64989471435547,0.3586509823799133,0.3753220736980438,0.3919931650161743,0.0333421789109706,15.968791961669922
0.044545043259859,0.5231221914291382,1.8978091478347776,0.0148129798471927,0.2523124814033508,1.9595091342926023,0.0380737595260143,0.6960535049438477,1.810591459274292,-5.88134765625,2.824960470199585,0.1909748762845993,4.08369779586792,1.0215126276016235,-6.724655628204346,-2.0816471576690674,1.3116223812103271,-0.8433079719543457,1.1206475496292114,0.7172937989234924,2,2.5245156288146973,10.83508014678955,2786.0,126.10740661621094,259.38311767578125,392.6588745117188,0.0396605469286441,0.4762720763683319,1.6934441328048706,41.2503662109375,0.3763021230697632,0.3849989473819732,0.3936958014965057,0.0173936765640974,13.359596252441406
0.031657975167036,0.5974913239479065,3.11316442489624,0.0302451476454734,0.3188242316246032,2.925337553024292,0.0311613865196704,0.8031143546104431,-2.949721336364746,-5.818574905395508,3.1854002475738525,-0.8085099458694458,2.35366153717041,0.4441980719566345,-19.325422286987305,1.3023120164871216,-0.4071036279201507,-13.506847381591797,0.401406317949295,-0.9377992153167723,2,2.844409465789795,12.745768547058104,2349.0,68.36949920654297,231.22581481933597,394.0821228027344,0.0405941233038902,0.5443446636199951,2.5088231563568115,16.035350799560547,0.3742061257362366,0.4130248129367828,0.4518435001373291,0.0776373744010925,15.590177536010742
0.0711166188120842,0.6350962519645691,1.9755463600158687,0.0675524920225143,0.3682731389999389,1.9731676578521729,0.0596990846097469,0.8149614334106445,1.907097339630127,-5.875448703765869,2.8051109313964844,0.0514276251196861,2.625459909439087,0.599861741065979,-12.602022171020508,-1.953023195266724,0.9899147152900696,-6.726573944091797,0.9384871125221252,-0.979369580745697,2,2.676055431365967,11.58388328552246,2510.0,93.26155853271484,256.4659118652344,419.6702880859375,0.0619712024927139,0.554063618183136,1.987443447113037,30.43864631652832,0.3421543836593628,0.3685893416404724,0.3950242698192596,0.0528698861598968,14.259939193725586
0.0125277703627944,0.6464298963546753,-2.416841506958008,0.0176313947886228,0.366835743188858,-2.0591866970062256,0.0226194504648447,0.804425060749054,1.7505100965499878,-5.765534400939941,2.4449026584625244,-0.0999788343906402,2.591727495193481,0.8686577677726746,-12.917306900024414,-1.7166544198989868,0.8025683164596558,-7.151772499084473,0.9025471806526184,0.5840398073196411,2,2.618417978286743,10.939435005187988,2865.0,161.89894104003906,230.22702026367188,298.5550842285156,0.0176779776811599,0.5409110188484192,2.7188730239868164,33.6972541809082,0.397110641002655,0.3894602358341217,0.3818098306655884,-0.0153008149936795,13.557852745056152
0.0297665931284427,0.6373725533485413,2.545664072036743,0.0276456102728843,0.3736649751663208,2.3016891479492188,0.0281142145395278,0.79009610414505,2.812300205230713,-5.048775672912598,2.626337766647339,-0.4439770877361297,2.4014346599578857,0.3528752326965332,-15.231773376464844,-2.315639019012451,0.4492937326431274,-10.182997703552246,0.8932707905769348,0.1531692892313003,2,3.1804795265197754,15.105207443237305,1280.0,71.4126968383789,182.2305908203125,293.0484924316406,0.0335364341735839,0.5511720180511475,2.261395215988159,27.54803466796875,0.3234232366085052,0.3517116606235504,0.3800000846385956,0.0565768443048,18.28568649291992
0.0536628998816013,0.6600152254104614,1.7059508562088013,0.0503745414316654,0.4158396124839782,1.7498283386230469,0.05250945687294,0.8075374364852905,1.5147297382354736,-5.793925285339356,2.6986663341522217,0.6293228268623352,3.0754334926605225,1.1641719341278076,-9.028936386108398,-1.7720414400100708,1.51031231880188,-3.2350106239318848,0.8809894919395447,-0.0617947503924369,2,2.396925926208496,10.573004722595217,3042.0,133.5912322998047,287.5053100585937,441.41937255859375,0.0481950044631958,0.5590469837188721,1.822582006454468,45.71429061889648,0.3830916583538055,0.3907442986965179,0.3983969390392303,0.0153052899986505,12.969930648803713
0.0349024124443531,0.6682626008987427,2.661501169204712,0.0347617007791996,0.3967452943325043,2.686065912246704,0.0224664751440286,0.8173473477363586,1.966746807098389,-6.463814735412598,2.731151580810547,0.3315407931804657,2.4727351665496826,1.0215078592300415,-17.033945083618164,-1.9880220890045168,1.4590601921081543,-10.570130348205566,1.1275193691253662,0.980341374874115,2,2.618417978286743,10.939435005187988,2973.0,161.89894104003906,230.22702026367188,298.5550842285156,0.0396180376410484,0.5724007487297058,2.216456413269043,15.50437355041504,0.397110641002655,0.3894602358341217,0.3818098306655884,-0.0153008149936795,13.557852745056152
0.1244910582900047,0.5200042724609375,-1.66405987739563,0.1376865953207016,0.2191687226295471,-1.6466093063354492,0.0103567354381084,0.796700656414032,-1.5578572750091553,-6.378602504730225,2.584611654281616,-0.5089720487594604,2.975529432296753,0.5269820094108582,-10.094999313354492,-2.08316969871521,0.5974920392036438,-3.716396808624268,1.106464147567749,-0.1536287069320678,2,2.232830286026001,15.233722686767578,2479.0,191.5272216796875,282.0672302246094,372.6072082519531,0.1265324503183365,0.4516343176364898,-1.6889127492904663,33.028282165527344,0.4039355516433716,0.3947303891181946,0.3855251967906952,-0.0184103548526763,17.466552734375
0.0704187154769897,0.5980479717254639,2.2359399795532227,0.0730188861489296,0.3468226194381714,2.1987483501434326,0.0692447796463966,0.759110152721405,2.431260347366333,-6.035199165344238,2.7851762771606445,0.6626702547073364,2.4512529373168945,1.2880234718322754,-16.53196144104004,-1.8647056818008425,1.9337271451950075,-10.4967622756958,1.271056890487671,0.07077057659626,2,2.618417978286743,10.939435005187988,2980.0,161.89894104003906,230.22702026367188,298.5550842285156,0.0798096433281898,0.5491815209388733,2.193997621536255,36.088645935058594,0.397110641002655,0.3894602358341217,0.3818098306655884,-0.0153008149936795,13.557852745056152
0.0077673834748566,0.655595064163208,1.3999046087265017,0.0077680745162069,0.3864032626152038,2.952315330505371,0.0278714913874864,0.8200570344924927,1.3794870376586914,-5.553350925445557,2.8824493885040283,0.3750552833080292,2.3664796352386475,0.500072181224823,-17.94822883605957,-1.6907901763916016,0.7498356103897095,-12.394877433776855,0.3747803270816803,0.604634165763855,2,2.289671897888184,10.34890079498291,2848.0,157.61044311523438,292.9158020019531,428.2211608886719,0.0314856320619583,0.5217505693435669,1.6076979637145996,25.718000411987305,0.3962461054325104,0.395896852016449,0.3955475986003876,-0.0006985224317759275,12.638571739196776
0.0629047080874443,0.7013921141624451,1.4560112953186035,0.0802304819226265,0.4528273046016693,1.6761105060577393,0.0351311638951301,0.8297615051269531,1.66132390499115,-6.051525592803955,2.4649887084960938,0.1362480670213699,2.8993375301361084,0.404824823141098,-10.020195960998535,-1.9913512468338013,0.4695474207401275,-3.968671083450317,0.3332993686199188,-0.285976380109787,2,3.2238686084747314,13.654043197631836,1599.0,68.36591339111328,188.4541931152344,308.54248046875,0.0637459158897399,0.6251565217971802,1.7093946933746338,21.06716728210449,0.3781856894493103,0.4049206376075744,0.4316555559635162,0.0534698441624641,16.877910614013672
0.0562902428209781,0.5390532612800598,-2.5199289321899414,0.0423739664256572,0.2600584030151367,-2.3893604278564453,0.0330501720309257,0.7732678055763245,2.7895545959472656,-6.266811847686768,3.8902626037597656,-0.1489052176475525,2.2856810092926025,0.6350716948509216,-24.96787643432617,0.2681712210178375,-0.4460682868957519,-18.70106506347656,-0.2971630394458771,0.8395482301712036,2,2.689971923828125,11.46717357635498,2414.0,159.47959899902344,223.8733673095703,288.26715087890625,0.0419745668768882,0.4974807798862457,3.111875534057617,40.06095886230469,0.3908350765705108,0.3833300769329071,0.3758250474929809,-0.0150100458413362,14.157145500183104
0.0556275770068168,0.6040873527526855,1.9293444156646729,0.0607375390827655,0.3450403809547424,1.9144147634506223,0.0309327449649572,0.7691617608070374,1.800042748451233,-5.598112106323242,2.461101770401001,-0.4616454243659973,2.5438485145568848,0.2700957655906677,-13.313708305358888,-1.359966278076172,0.1735914498567581,-7.715595722198486,0.6352368593215942,-0.8393482565879822,2,2.1808969974517822,11.104517936706545,2706.0,152.79296875,250.44650268554688,348.1000366210937,0.0679453536868095,0.5309512615203857,1.847711205482483,41.94647216796875,0.3948819935321808,0.3942601382732391,0.3936382532119751,-0.0012437331024557,13.285414695739746
0.0700436383485794,0.5561918020248413,1.9614289999008176,0.070005863904953,0.3178075850009918,1.9487934112548828,0.0336593762040138,0.6664978861808777,2.384173631668091,-6.292453289031982,2.46806263923645,0.2018528878688812,-0.6508267521858215,1.1054645776748655,-6.311483860015869,-1.5911686420440674,1.0982446670532229,-0.0190305113792419,0.896391749382019,-0.9661153554916382,2,2.168123483657837,10.941106796264648,2762.0,182.8788604736328,320.37164306640625,457.8644104003906,0.0905454903841018,0.5458226799964905,1.8402743339538572,39.061893463134766,0.3957177698612213,0.3914103209972381,0.387102872133255,-0.0086148809641599,13.109230041503906
0.0271426569670438,0.5475414991378784,-1.4357987642288208,0.0175236649811267,0.294733464717865,-1.301990985870361,0.0127895418554544,0.7086183428764343,-1.7736557722091677,-5.8575944900512695,2.517406940460205,0.559028685092926,2.9955027103424072,0.8697351813316345,-9.183815002441406,-1.974371194839477,1.057283878326416,-3.3262202739715576,0.4982552230358124,0.9445048570632936,2,2.342552900314331,14.374113082885742,2715.0,155.94219970703125,266.826416015625,377.7106323242188,0.0196207463741302,0.4776705503463745,2.966048240661621,24.84726333618164,0.3971030116081238,0.3923188149929046,0.3875346481800079,-0.0095683699473738,16.716665267944336
0.0332377851009368,0.6260905265808105,2.394405603408813,0.0599286295473575,0.3609376847743988,2.0702412128448486,0.0190992522984743,0.7837329506874084,-2.88411808013916,-6.281314849853516,2.866659879684448,-0.0239019487053155,2.3997414112091064,0.1972222179174423,-18.939170837402344,-2.865397691726685,0.3182072639465332,-12.657856941223145,0.342109203338623,0.2703152298927307,2,2.591003894805908,11.93778133392334,2399.0,111.2269515991211,239.23634338378903,367.2457275390625,0.0574940033257007,0.5508285164833069,2.144066333770752,29.31135368347168,0.3412215709686279,0.3566585779190063,0.3720955848693847,0.0308740157634019,14.528785705566406
0.038837693631649,0.5759895443916321,2.537609100341797,0.0467488467693328,0.3040173649787903,2.372756242752075,0.0181787386536598,0.8176208138465881,2.9043571949005127,-4.65647029876709,2.609219789505005,-0.223092496395111,2.327144861221313,0.5850406289100647,-16.63653564453125,-1.4719898700714111,0.6219785213470459,-11.98006534576416,0.845071017742157,0.1969631165266037,2,3.34713077545166,12.928462028503418,2665.0,60.87043380737305,195.47671508789065,330.0830078125,0.0399092100560665,0.5230387449264526,2.594618320465088,50.5189323425293,0.3405411541461944,0.3763794004917145,0.4122176468372345,0.0716765001416206,16.275592803955078
0.0568680576980114,0.5834851861000061,2.2602081298828125,0.0609163828194141,0.3218053579330444,2.3130316734313965,0.0486036986112594,0.7920106053352356,1.853184461593628,-6.166560173034668,2.632574319839477,0.6913776993751526,2.952989101409912,1.0710495710372925,-9.884471893310549,-1.8962229490280151,1.3778120279312134,-3.717911958694458,0.6864343881607056,0.8420225977897644,2,2.8875675201416016,12.834813117980955,2902.0,68.33908081054688,226.9680328369141,385.5969848632813,0.0551572181284427,0.5497345328330994,1.9642114639282229,21.83014869689941,0.3134841322898865,0.3588487803936004,0.4042134284973144,0.0907293036580085,15.72238063812256
0.0095946108922362,0.5371940732002258,2.496964693069458,0.0123166283592581,0.2724454998970032,2.907386302947998,0.0239891465753316,0.7209801077842712,1.5576051473617554,-5.708776950836182,3.1272690296173096,-0.1331618577241897,2.350503921508789,0.6943322420120239,-19.125946044921875,-2.1498777866363525,0.9559448957443236,-13.417168617248535,1.089106798171997,-0.014304619282484,2,2.500115156173706,12.39033031463623,2578.0,113.75953674316406,244.5976104736328,375.4356994628906,0.0411456748843193,0.4937400221824646,1.6540435552597046,31.158002853393555,0.3608787059783935,0.3689065277576446,0.3769343495368957,0.0160556435585021,14.890445709228516
0.0260459072887897,0.6189056634902954,-1.7898616790771484,0.012869176454842,0.3626296818256378,-2.728346109390259,0.0202271062880754,0.7808548212051392,-1.8383643627166748,-5.890186309814453,2.8164753913879395,-0.2196628451347351,3.171654224395752,0.8113517165184021,-8.616366386413574,-1.853372931480408,1.2592132091522217,-2.7261803150177,1.478875994682312,-0.4493399858474731,2,2.689971923828125,11.46717357635498,2355.0,159.47959899902344,223.8733673095703,288.26715087890625,0.0196539293974638,0.5103397965431213,2.6608662605285645,38.23395156860352,0.3908350765705108,0.3833300769329071,0.3758250474929809,-0.0150100458413362,14.157145500183104
0.057726576924324,0.6459755301475525,2.1340155601501465,0.061796635389328,0.3792316913604736,1.8597737550735476,0.050021044909954,0.8098479509353638,2.567803382873535,-5.421328067779541,2.6075692176818848,0.2945553362369537,2.5344152450561523,0.7296923995018005,-12.924920082092283,-1.5895440578460691,0.80953449010849,-7.503592014312744,0.5149791240692139,-0.6943107843399048,2,2.785609483718872,15.167236328125,1223.0,107.0730438232422,230.23179626464844,353.3905639648437,0.0763022676110267,0.6057137250900269,2.2418525218963623,13.683539390563965,0.3719104528427124,0.3842585980892181,0.3966067433357239,0.0246962923556566,17.95284652709961
0.0229772794991731,0.4905846416950226,-2.1281988620758057,0.016130382195115,0.2265988290309906,-2.262802839279175,0.009026076644659,0.7152777314186096,-2.2063488960266118,-5.336170673370361,3.677356004714966,-0.0821088403463363,2.262662649154663,0.6093810796737671,-22.75881767272949,-0.4316003620624542,0.2657995522022247,-17.42264747619629,0.3479084074497223,0.7610410451889038,2,2.421508312225342,12.717432022094728,2264.0,149.68475341796875,259.3338623046875,368.9829711914063,0.0155867282301187,0.4629027247428894,2.911928653717041,33.60695266723633,0.3832699358463287,0.3827233612537384,0.3821767568588257,-0.0010931739816442,15.138940811157228
0.0410720594227314,0.6667924523353577,2.046318292617798,0.052421785891056,0.4084875285625458,2.1825459003448486,0.036900658160448,0.8048336505889893,1.601793646812439,-4.739719867706299,2.9600887298583984,-0.3800449967384338,2.326449155807495,0.214278757572174,-16.983394622802734,2.5265777111053467,0.0166184082627296,-12.243675231933594,0.3966634273529053,0.0788881629705429,2,2.5245156288146973,10.83508014678955,2813.0,126.10740661621094,259.38311767578125,392.6588745117188,0.0405269153416156,0.56727135181427,1.640653133392334,11.924461364746094,0.3763021230697632,0.3849989473819732,0.3936958014965057,0.0173936765640974,13.359596252441406
0.0128398891538381,0.5171354413032532,2.759514570236206,0.0113364960998296,0.2439148426055908,2.514834403991699,0.0498411394655704,0.7405077815055847,2.0622575283050537,-6.315488815307617,2.537242889404297,-0.465944766998291,-9.92208480834961,0.5822685360908508,-5.134782314300537,-1.5192724466323853,0.60866379737854,1.180706262588501,1.074608564376831,-0.1234297677874565,2,2.9390385150909424,10.695751190185549,2635.0,94.82211303710938,217.88128662109372,340.9404602050781,0.0317593552172184,0.3936833143234253,2.7323713302612305,34.86967086791992,0.3454952836036682,0.3676656186580658,0.3898359537124634,0.0443406663835048,13.63478946685791
0.0161480847746133,0.5824382901191711,-1.561089277267456,0.0351884327828884,0.3075785338878631,-1.604222536087036,0.0572084411978721,0.7754583954811096,1.7083903551101685,-7.267972469329834,2.63616156578064,0.8512880802154541,2.6932191848754883,0.6335415840148926,-14.296257972717283,-1.7309789657592771,0.8078961968421936,-7.028285980224609,-0.043391928076744,0.7752419114112854,2,2.508857011795044,10.515066146850586,2769.0,132.89443969726562,284.6063232421875,436.3182373046875,0.0012661754153668,0.4920926988124847,1.3596659898757937,17.230119705200195,0.3840961754322052,0.3885237574577331,0.3929513394832611,0.0088551575317978,13.02392292022705
0.0207655653357505,0.593475341796875,2.224155902862549,0.0226363781839609,0.3166361153125763,2.604199171066284,0.0348141342401504,0.7835246920585632,2.0237419605255127,-5.812846183776856,2.740907907485962,-0.5667564868927002,2.543529510498047,0.4608212113380432,-13.64148998260498,-1.6118876934051514,0.3662154376506805,-7.828644275665283,0.9329718947410583,-0.5526686906814575,2,2.540849447250366,11.763349533081056,2485.0,114.04997253417967,241.5528717041016,369.0557556152344,0.0375153571367263,0.512599766254425,2.29439377784729,22.930269241333008,0.3513676524162292,0.3625581860542297,0.3737487196922302,0.0223810765892267,14.304198265075684
0.010210015811026,0.5107879638671875,-2.41452431678772,0.024852892383933,0.2257142663002014,-2.2047438621521,0.0648571699857711,0.7302170395851135,1.839935541152954,-6.521966457366943,2.3923656940460205,-0.1265806853771209,4.596989154815674,0.7715337872505188,-4.070256233215332,-1.8321346044540403,1.0551272630691528,2.4517102241516118,1.1817079782485962,0.3953746855258941,2,3.256263494491577,10.562627792358398,2589.0,80.8882827758789,194.2398376464844,307.59136962890625,0.0220259353518486,0.4438876807689667,3.0324480533599854,25.83959197998047,0.3945942521095276,0.4200455844402313,0.445496916770935,0.050902672111988,13.818891525268556
0.0485573150217533,0.4410290718078613,-1.5122103691101074,0.0523885674774646,0.1397579163312912,-1.2409747838974,0.0343445353209972,0.8041014671325684,2.069621562957764,-6.246125221252441,2.6541237831115723,0.5967201590538025,2.806627035140991,1.1094847917556765,-11.106449127197266,-1.7658812999725342,1.5068830251693726,-4.860323905944824,0.9101629257202148,-0.9973627924919128,2,2.5245156288146973,10.83508014678955,2420.0,126.10740661621094,259.38311767578125,392.6588745117188,0.0545708090066909,0.4659166932106018,1.6499829292297363,30.90085220336914,0.3763021230697632,0.3849989473819732,0.3936958014965057,0.0173936765640974,13.359596252441406
0.0447478033602237,0.601309597492218,-2.6789629459381104,0.0543803013861179,0.3103403747081756,-2.344872236251831,0.0279915854334831,0.8048405051231384,2.509610652923584,-5.777743339538574,2.595680952072144,-0.6559271216392517,2.472118377685547,0.2507255375385284,-15.237173080444336,2.9506731033325195,0.0397624336183071,-9.459428787231444,0.6956895589828491,0.773335337638855,2,2.6164915561676025,11.626665115356444,2549.0,159.6143035888672,233.0646209716797,306.5149230957031,0.0290811974555253,0.5612591505050659,3.0403993129730225,16.879859924316406,0.3976653218269348,0.3949601352214813,0.3922549784183502,-0.0054103406146168,14.243157386779783
0.0447405092418193,0.6134161353111267,2.343780755996704,0.0439290031790733,0.3351933062076568,2.089566707611084,0.0666011273860931,0.8048120141029358,2.3596622943878174,-6.3555908203125,3.003952741622925,-0.5847079157829285,2.348593235015869,0.6870114803314209,-21.44174194335937,-0.5831377506256104,-0.2955286502838135,-15.086151123046877,0.2891792356967926,0.087673120200634,2,2.591648817062378,10.415995597839355,2749.0,125.38251495361328,252.1925506591797,379.0025939941406,0.0610991306602954,0.5179699063301086,2.316354990005493,22.054685592651367,0.3682892322540283,0.3800232708454132,0.3917573392391205,0.0234680958092212,13.007644653320312
0.0263419672846794,0.6009569764137268,2.958169937133789,0.0370008386671543,0.3424220085144043,2.494536638259888,0.0172510184347629,0.7460850477218628,-2.1204845905303955,-5.219427585601807,2.9280285835266118,-0.6981668472290039,2.280886650085449,0.5638459920883179,-21.229433059692383,-0.1933910250663757,-0.1738992035388946,-16.010005950927734,0.5242676734924316,-0.2154278606176376,2,2.311365127563477,11.11164093017578,2586.0,166.17112731933594,318.911376953125,471.6516418457031,0.0282421596348285,0.4896278381347656,2.890096426010132,35.437347412109375,0.381886214017868,0.3825000822544098,0.3831139504909515,0.0012277503265067,13.423006057739258
0.0250125974416732,0.5355784893035889,2.9270899295806885,0.0225325170904397,0.2786612808704376,-2.9528322219848637,0.0324038751423358,0.7324580550193787,2.188985109329224,-5.57848072052002,2.761831045150757,-1.2685052156448364,2.464772701263428,0.7767285704612732,-15.074079513549805,-1.9263113737106323,1.024514079093933,-9.495598793029783,2.293019294738769,0.8304542303085327,2,2.540849447250366,11.763349533081056,2929.0,114.04997253417967,241.5528717041016,369.0557556152344,0.0423291400074958,0.4648474156856537,2.256263494491577,29.134361267089844,0.3513676524162292,0.3625581860542297,0.3737487196922302,0.0223810765892267,14.304198265075684
0.0504275225102901,0.5274215936660767,3.001981258392334,0.0354352258145809,0.2511452734470367,-3.126636028289795,0.0448075868189334,0.7702767848968506,2.771178960800171,-6.4385857582092285,2.70976185798645,0.0199702903628349,8.026908874511719,0.979109525680542,-6.196156978607178,-1.7274067401885986,1.1428821086883545,0.2424290776252746,1.1229119300842283,-0.4801366627216339,2,2.472319364547729,12.07876968383789,2902.0,137.91726684570312,258.05230712890625,378.1873779296875,0.0639669746160507,0.4921235144138336,2.6080434322357178,46.90196228027344,0.3758156597614288,0.3807484209537506,0.3856811821460724,0.0098655112087726,14.5510892868042
0.0536652281880378,0.6796080470085144,2.102860689163208,0.069474883377552,0.4113270044326782,1.93804943561554,0.0497559569776058,0.8065152168273926,2.1899664402008057,-5.824787616729736,2.5314292907714844,0.4262397885322571,2.9318103790283203,0.5167097449302673,-9.366623878479004,-2.337491035461426,0.6462684869766235,-3.5418365001678467,0.2200287133455276,-0.9984442591667176,2,3.0464086532592773,9.277715682983398,2305.0,96.77780151367188,206.31663513183597,315.85546875,0.0903330072760582,0.5474880933761597,2.0354650020599365,27.327123641967773,0.3426387906074524,0.3635255098342895,0.3844121992588043,0.0417734198272228,12.324124336242676
0.0660218596458435,0.5868942141532898,1.970335841178894,0.0821486636996269,0.3293976783752441,1.887905478477478,0.0307191256433725,0.7843031287193298,2.412874698638916,-6.340511798858643,2.705540180206299,-0.4898214340209961,2.44071102142334,0.9172896146774292,-17.617361068725586,-1.3038793802261353,0.9119553565979004,-11.276850700378418,1.4017767906188965,0.9011467099189758,2,2.7653069496154785,11.124781608581545,2475.0,121.75146484375,239.6002349853516,357.4490051269531,0.0501721799373626,0.5266360640525818,2.047690868377685,17.31253433227539,0.3748750686645508,0.3808901906013489,0.3869052827358246,0.0120301991701126,13.89008903503418
0.0520010702311992,0.5439003705978394,2.480421304702759,0.0451606586575508,0.282550036907196,2.58552885055542,0.0583647452294826,0.7489096522331238,2.4014785289764404,-6.11798095703125,2.5904324054718018,0.2739974558353424,2.6201558113098145,1.1138393878936768,-13.164365768432615,-1.561802625656128,1.250031352043152,-7.046385288238525,0.9760338664054872,-0.3419370055198669,2,2.689971923828125,11.46717357635498,3137.0,159.47959899902344,223.8733673095703,288.26715087890625,0.0626472681760788,0.5388275384902954,2.384563446044922,17.202756881713867,0.3908350765705108,0.3833300769329071,0.3758250474929809,-0.0150100458413362,14.157145500183104
0.0896159708499908,0.2383897304534912,2.474409580230713,0.056335974484682,-0.0016435037832707,-2.4403038024902344,0.275793582201004,0.475454181432724,1.8227945566177368,-7.881601810455322,2.4440598487854004,0.025220351293683,3.1624085903167725,0.1747710704803466,-6.132504463195801,-0.867348313331604,0.3015578091144562,1.749097228050232,0.2763374745845794,-0.9997973442077636,2,2.740138292312622,14.403328895568848,2732.0,86.10124969482422,250.3819274902344,414.66259765625,0.1451675742864608,0.3110362589359283,2.0848805904388428,42.11211395263672,0.3208167850971222,0.3552010655403137,0.3895853459835052,0.0687685832381248,17.14346694946289
0.0582804419100284,0.6388170719146729,2.2531769275665283,0.0654790177941322,0.3773102462291717,2.251232385635376,0.0405192635953426,0.780773401260376,2.4142091274261475,-6.4312424659729,2.7773959636688232,0.0628610700368881,2.4335734844207764,0.5090713500976562,-18.066072463989254,-2.104214191436768,0.5734484195709229,-11.6348295211792,0.5105873346328735,-0.8897935152053833,2,2.618417978286743,10.939435005187988,3070.0,161.89894104003906,230.22702026367188,298.5550842285156,0.0639067664742469,0.6003326177597046,2.1030452251434326,21.011327743530277,0.397110641002655,0.3894602358341217,0.3818098306655884,-0.0153008149936795,13.557852745056152
0.0190647728741168,0.6086366772651672,-2.3268511295318604,0.0189324505627155,0.3352791666984558,-2.518268823623657,0.0095779923722147,0.8058649897575378,-1.207859992980957,-6.239980697631836,2.581998109817505,-0.4380714297294616,2.405112266540528,0.1684212833642959,-18.585344314575195,2.741081953048706,0.0159173440188169,-12.345364570617676,0.4539887905120849,-0.6927280426025391,2,2.618417978286743,10.939435005187988,2529.0,161.89894104003906,230.22702026367188,298.5550842285156,0.0168364830315113,0.5447572469711304,2.941306829452514,23.96583747863769,0.397110641002655,0.3894602358341217,0.3818098306655884,-0.0153008149936795,13.557852745056152
0.0624707229435443,0.5676364898681641,2.1638195514678955,0.079495795071125,0.3129125237464905,2.1599812507629395,0.0415692813694477,0.7362066507339478,1.9376354217529297,-5.781959056854248,2.49293065071106,-0.0761881694197654,3.042203903198242,0.8090630769729614,-9.054546356201172,-1.747337818145752,1.0500307083129885,-3.272587537765503,1.1262189149856567,0.762674868106842,2,2.311365127563477,11.11164093017578,2502.0,166.17112731933594,318.911376953125,471.6516418457031,0.0777027904987335,0.4959021806716919,1.952595829963684,35.22481918334961,0.381886214017868,0.3825000822544098,0.3831139504909515,0.0012277503265067,13.423006057739258
0.0345504358410835,0.5316509008407593,-2.7754244804382324,0.0330931842327117,0.2724725008010864,2.7740724086761475,0.0314774736762046,0.7045150995254517,-2.44856071472168,-5.970958709716797,3.163968563079834,1.6200138330459597,2.427084922790528,1.0754112005233765,-17.052263259887695,-2.2663962841033936,1.6318156719207764,-11.081304550170898,0.0118018109351396,-0.9690171480178832,2,2.591003894805908,11.93778133392334,2232.0,111.2269515991211,239.23634338378903,367.2457275390625,0.0329920276999473,0.4538963139057159,2.9415462017059326,35.36519241333008,0.3412215709686279,0.3566585779190063,0.3720955848693847,0.0308740157634019,14.528785705566406
0.0474338605999946,0.5883893370628357,2.158440113067627,0.0554994381964206,0.3064660429954529,2.218061208724976,0.0360475368797779,0.8066927790641785,2.1324281692504883,-5.489648342132568,2.5617382526397705,0.9704506993293762,2.4232096672058105,1.0622206926345823,-15.851819038391112,-1.8938905000686648,1.5099624395370483,-10.362171173095703,0.5395117402076721,-0.7194333672523499,2,3.0164549350738525,15.172393798828123,2275.0,61.30474472045898,220.9520721435547,380.5993957519531,0.0475512817502021,0.5144285559654236,2.267807960510254,22.099634170532227,0.3452367186546325,0.3929525911808014,0.4406684935092926,0.0954317823052406,18.1888484954834
0.0563539154827594,0.6443606019020081,2.1167514324188232,0.0567226558923721,0.3639519214630127,2.1925740242004395,0.046868298202753,0.8092571496963501,1.843838572502136,-5.568808555603027,2.817034721374512,0.1101914048194885,2.364667654037476,0.7449434399604797,-18.106306076049805,-1.5841469764709473,0.9714139699935912,-12.537497520446776,0.8612225651741028,0.2467748969793319,2,2.6164915561676025,11.626665115356444,2906.0,159.6143035888672,233.0646209716797,306.5149230957031,0.0721792951226234,0.5312132835388184,1.9554758071899412,20.951641082763672,0.3976653218269348,0.3949601352214813,0.3922549784183502,-0.0054103406146168,14.243157386779783
0.0545286610722541,0.5178974866867065,-2.805006980895996,0.0440146550536155,0.2391315549612045,-3.138522148132324,0.0673405453562736,0.752077579498291,-2.413808107376098,-5.912385940551758,2.8515255451202397,0.187382236123085,2.348865032196045,0.9594314098358154,-20.02846908569336,-1.840609669685364,1.2466447353363037,-14.116082191467283,1.05926251411438,0.993508517742157,2,2.508857011795044,10.515066146850586,2291.0,132.89443969726562,284.6063232421875,436.3182373046875,0.0448898635804653,0.495832622051239,-3.0248677730560303,34.84014892578125,0.3840961754322052,0.3885237574577331,0.3929513394832611,0.0088551575317978,13.02392292022705
0.051862996071577,0.6256755590438843,1.8360567092895508,0.049220897257328,0.3580780625343323,1.7954652309417725,0.0510055422782897,0.7814992070198059,1.7821214199066162,-6.2946882247924805,2.505324602127075,0.476922869682312,2.9411063194274902,0.3871972560882568,-10.035372734069824,-1.8495241403579712,0.5171151757240295,-3.740684986114502,0.0401923283934593,0.7131916880607605,2,2.1675379276275635,12.636102676391602,2645.0,227.8977813720703,275.04229736328125,322.1867980957031,0.0495784096419811,0.5489374995231628,1.757410764694214,23.21205711364746,0.404887855052948,0.395339161157608,0.3857904970645904,-0.0190973598510026,14.803641319274902
0.0514812991023063,0.3220184743404388,-3.055483102798462,0.0417837649583816,0.0832257345318794,-2.75866174697876,0.0549030676484108,0.6702475547790527,2.2857370376586914,-5.871490001678467,2.3663525581359863,-0.2274643778800964,2.4826040267944336,0.9764447808265686,-15.271323204040527,-1.4565818309783936,0.6845686435699463,-9.399832725524902,0.9120330214500428,-0.7885876297950745,2,2.472319364547729,12.07876968383789,2502.0,137.91726684570312,258.05230712890625,378.1873779296875,0.0525125376880168,0.3490020632743835,2.524735450744629,29.71266746520996,0.3758156597614288,0.3807484209537506,0.3856811821460724,0.0098655112087726,14.5510892868042
0.0429855398833751,0.5862911939620972,0.8856080174446106,0.0261327046900987,0.2968276143074035,-0.2879847288131714,0.0986315011978149,0.7734565138816833,1.3400776386260986,-6.087049961090088,2.6730401515960693,0.5070637464523315,2.5269594192504883,1.1880924701690674,-14.805556297302246,-2.0247161388397217,1.5895155668258667,-8.718505859375,1.0824518203735352,0.8255457878112793,2,2.9390385150909424,10.695751190185549,2832.0,94.82211303710938,217.88128662109372,340.9404602050781,0.0469658188521862,0.5230307579040527,1.3967812061309814,38.99307632446289,0.3454952836036682,0.3676656186580658,0.3898359537124634,0.0443406663835048,13.63478946685791
0.0592698268592357,0.5212939381599426,-2.4801836013793945,0.054289024323225,0.2386109977960586,-2.500286340713501,0.0426579788327217,0.7448251843452454,-2.236900568008423,-4.7400803565979,2.582247734069824,0.4233142733573913,2.2946197986602783,0.270872563123703,-18.45484161376953,-1.882202386856079,0.413912296295166,-13.714761734008787,-0.0094019919633865,0.7885064482688904,2,2.591003894805908,11.93778133392334,2001.0,111.2269515991211,239.23634338378903,367.2457275390625,0.0455099828541278,0.4909179508686065,3.0664315223693848,18.3500919342041,0.3412215709686279,0.3566585779190063,0.3720955848693847,0.0308740157634019,14.528785705566406
0.0262419786304235,0.6152377724647522,2.208533525466919,0.0490696430206298,0.3507818281650543,2.2050788402557373,0.0113690812140703,0.7864051461219788,-3.000928401947021,-6.333019733428955,3.0716183185577397,0.0435579419136047,2.324590921401977,0.4024357795715332,-22.72314453125,-2.156301259994507,0.3900459408760071,-16.390125274658203,0.3464879691600799,-0.9822188019752502,2,2.689971923828125,11.46717357635498,2748.0,159.47959899902344,223.8733673095703,288.26715087890625,0.0256054364144802,0.5067183971405029,2.182840585708618,40.08306884765625,0.3908350765705108,0.3833300769329071,0.3758250474929809,-0.0150100458413362,14.157145500183104
0.0311456434428691,0.5353110432624817,2.5855519771575928,0.0279369577765464,0.2513764202594757,2.596756219863892,0.0290515832602977,0.73476243019104,2.5299742221832275,-6.039473533630371,2.6636338233947754,0.2472244352102279,2.3518223762512207,0.1607342809438705,-20.25320816040039,2.863778591156006,0.1938314288854599,-14.21373462677002,-0.0533929951488971,-0.5546088814735413,2,2.311365127563477,11.11164093017578,2376.0,166.17112731933594,318.911376953125,471.6516418457031,0.03279959410429,0.4480902850627899,2.53733491897583,32.821441650390625,0.381886214017868,0.3825000822544098,0.3831139504909515,0.0012277503265067,13.423006057739258
0.0147039433941245,0.4949714243412018,-2.54840087890625,0.023644721135497,0.2106050252914428,-2.018732786178589,0.0223536342382431,0.7671219110488892,1.536746621131897,-6.406753063201904,2.5221335887908936,0.4495786726474762,2.886211395263672,0.980118215084076,-10.72531032562256,-2.0141749382019043,1.462437868118286,-4.3185577392578125,1.0128591060638428,0.2028133124113083,2,2.500115156173706,12.39033031463623,2521.0,113.75953674316406,244.5976104736328,375.4356994628906,0.0226157419383525,0.4755086004734039,2.59303879737854,20.44212532043457,0.3608787059783935,0.3689065277576446,0.3769343495368957,0.0160556435585021,14.890445709228516
0.0371753051877021,0.6009018421173096,2.6330881118774414,0.0358340702950954,0.326717734336853,2.543175220489502,0.0281105134636163,0.7725634574890137,2.240781307220459,-5.662450790405273,2.599907875061035,0.3357882797718048,2.380056142807007,0.6398150324821472,-17.78183937072754,-2.275380373001098,0.7905457615852356,-12.11938762664795,0.4547575116157532,0.9565200209617616,2,2.143515348434448,11.81642246246338,2635.0,148.7855224609375,278.3658447265625,407.9461669921875,0.0401070639491081,0.5098931789398193,2.014752149581909,31.19495964050293,0.3977797031402588,0.4006450772285461,0.4035104513168335,0.0057307654060423,13.959938049316406
0.0386066064238548,0.6015424728393555,-3.026220798492432,0.0320674069225788,0.3071483373641968,3.129340410232544,0.0449923016130924,0.8159419894218445,-3.0915868282318115,-6.275926113128662,2.626474142074585,0.6603798866271973,2.5872278213500977,0.4331410527229309,-13.927870750427246,-2.255171298980713,0.5746558308601379,-7.651944637298584,-0.0857240408658981,0.665220320224762,2,3.159424066543579,15.532679557800291,1104.0,58.325828552246094,200.85638427734372,343.3869323730469,0.0441367402672767,0.5994726419448853,2.622388362884521,31.13535499572754,0.3250092267990112,0.3708584308624267,0.4167076349258423,0.0916983857750892,18.692102432250977
0.0349255055189132,0.5215546488761902,2.872492790222168,0.0326881892979145,0.2606920897960663,2.887716054916382,0.0340423472225666,0.7279424667358398,2.1782338619232178,-5.882216453552246,2.5284461975097656,-0.2463506758213043,2.436854600906372,1.1313159465789795,-16.535152435302734,-1.7693967819213867,1.4622104167938232,-10.652935028076172,1.7085610628128052,0.2057259529829025,2,3.206090211868286,12.190640449523926,3051.0,85.62943267822266,186.84141540527344,288.05340576171875,0.0561728253960609,0.4494174420833587,2.255745887756348,31.453914642333984,0.4073606431484222,0.4289494454860687,0.4505382478237152,0.0431775860488414,15.396730422973633
0.0580549053847789,0.6306661367416382,2.26595401763916,0.0545763447880744,0.3621419966220855,2.2810070514678955,0.0570944473147392,0.7933970093727112,1.9705227613449097,-5.810185432434082,2.471081256866455,-0.8349294066429138,3.1308631896972656,0.8860512971878052,-8.755212783813477,-1.467743992805481,0.7290596961975098,-2.9450271129608154,1.5639891624450684,-0.6997822523117065,2,2.1808969974517822,11.104517936706545,2959.0,152.79296875,250.44650268554688,348.1000366210937,0.0531449280679225,0.4963333904743194,2.400082588195801,34.09330368041992,0.3948819935321808,0.3942601382732391,0.3936382532119751,-0.0012437331024557,13.285414695739746
0.0257956683635711,0.5922417640686035,2.0880026817321777,0.0286204162985086,0.3178324401378631,2.393223524093628,0.0537480376660823,0.7678486108779907,1.676274061203003,-6.32701587677002,2.5237722396850586,-0.3286133408546448,2.844285249710083,0.8205990791320801,-11.014695167541504,-2.345050096511841,0.8982657194137573,-4.687679290771484,1.2268791198730469,-0.5071437954902649,2,1.9491608142852783,15.035136222839355,2140.0,278.5031433105469,397.58099365234375,516.6588745117188,0.0486848801374435,0.5256345868110657,2.0692458152771,13.053698539733888,0.4083227813243866,0.4040714800357818,0.3998202085494995,-0.0085025737062096,16.984296798706055
0.0647525787353515,0.5470604300498962,1.82552433013916,0.0721747800707817,0.2748656868934631,1.950243592262268,0.042345467954874,0.7418810129165649,1.4412736892700195,-5.80682373046875,2.7713913917541504,0.9072794914245604,2.388076066970825,1.1110973358154297,-17.85999298095703,-2.0774857997894287,1.5284801721572876,-12.053170204162598,0.621200680732727,0.5803125500679016,2,2.509036064147949,12.231477737426758,2564.0,117.16107940673828,281.437744140625,445.7144470214844,0.059754803776741,0.4577147364616394,1.8341081142425537,37.043087005615234,0.3533608615398407,0.3698451519012451,0.3863294124603271,0.0329685360193252,14.740513801574709
0.0182705149054527,0.4380459487438202,-2.484367609024048,0.0121802985668182,0.1865937113761901,-2.6518754959106445,0.042976289987564,0.632339358329773,1.487894892692566,-5.994871616363525,2.715085983276367,0.4160075485706329,2.408108949661255,1.355088233947754,-17.766862869262695,-1.584554672241211,1.4448531866073608,-11.771991729736328,1.0288456678390503,-0.4557157456874847,2,2.396925926208496,10.573004722595217,3368.0,133.5912322998047,287.5053100585937,441.41937255859375,0.0612762793898582,0.4138425886631012,1.5641266107559204,27.43890380859375,0.3830916583538055,0.3907442986965179,0.3983969390392303,0.0153052899986505,12.969930648803713
0.0763966590166091,0.3769934177398681,-2.1355369091033936,0.0801696255803108,0.1178109943866729,-1.946460604667664,0.0174741204828023,0.7216181755065918,-2.995854377746582,-6.890499114990234,3.0317842960357666,0.3345703482627868,2.8346126079559326,0.6227797865867615,-11.999004364013672,-2.2605555057525635,0.810128927230835,-5.1085052490234375,0.4755585789680481,-0.5699364542961121,2,2.311365127563477,11.11164093017578,2915.0,166.17112731933594,318.911376953125,471.6516418457031,0.0529226176440715,0.387003481388092,-2.11237907409668,11.169198036193848,0.381886214017868,0.3825000822544098,0.3831139504909515,0.0012277503265067,13.423006057739258
0.0403285436332225,0.6740583777427673,1.4964101314544678,0.0312558524310588,0.4395710527896881,1.3117035627365112,0.0659993067383766,0.8066612482070923,1.5621111392974854,-6.785213947296143,2.4643211364746094,-0.1281449645757675,2.975322723388672,1.4643560647964478,-10.714853286743164,-1.681223750114441,1.500751495361328,-3.9296393394470215,1.6288964748382568,-0.9749446511268616,2,2.396925926208496,10.573004722595217,3110.0,133.5912322998047,287.5053100585937,441.41937255859375,0.0491516925394535,0.5789138674736023,1.64207124710083,39.32756805419922,0.3830916583538055,0.3907442986965179,0.3983969390392303,0.0153052899986505,12.969930648803713
0.0194694865494966,0.5283421277999878,2.728492021560669,0.0305731035768985,0.2529512941837311,2.6182644367218018,0.0048814914189279,0.7124682068824768,0.5971757173538208,-6.149839401245117,2.9154062271118164,0.6837171912193298,2.38518500328064,1.107284426689148,-19.049392700195312,-2.04329252243042,1.39826238155365,-12.899553298950195,0.7145451903343201,0.2809568047523498,2,2.289671897888184,10.34890079498291,2564.0,157.61044311523438,292.9158020019531,428.2211608886719,0.0239771977066993,0.4552961885929107,1.905140042304993,31.1601676940918,0.3962461054325104,0.395896852016449,0.3955475986003876,-0.0006985224317759275,12.638571739196776
0.1047210618853569,0.5037074089050293,1.7268692255020142,0.1102649271488189,0.2380121350288391,1.77750825881958,0.0717702433466911,0.7234929203987122,1.5519013404846191,-6.334409713745117,2.7959346771240234,-0.2595562040805816,2.4162707328796387,0.8642513155937195,-18.570730209350582,-2.381976842880249,1.1275722980499268,-12.236321449279783,1.387128472328186,0.8844418525695801,2,2.491358757019043,11.45556354522705,2527.0,121.86615753173828,263.7652893066406,405.6644287109375,0.1230989024043083,0.4218142628669739,1.758414626121521,44.63655471801758,0.3687959015369415,0.3837510943412781,0.3987062573432922,0.029910359531641,13.946922302246094
0.0120037272572517,0.5993953943252563,0.9844982624053956,0.0059168608859181,0.3196187317371368,-2.1122891902923584,0.0415189340710639,0.786394476890564,1.2399377822875977,-6.383937835693359,2.942201375961304,0.2096733599901199,2.390457391738892,1.304061770439148,-19.713136672973636,-1.5665507316589355,1.3090521097183228,-13.329197883605955,1.0993788242340088,-0.869446337223053,2,2.264753580093384,11.622965812683104,2703.0,182.44244384765625,283.2895812988281,384.1367492675781,0.0799341052770614,0.5422931909561157,1.5427507162094116,35.2562255859375,0.4041646122932434,0.3999592959880829,0.3957540094852447,-0.0084105832502245,13.88771915435791
0.0788414105772972,0.6152651906013489,1.6437219381332395,0.0974149852991104,0.3661872446537018,1.7562010288238523,0.034170601516962,0.753770112991333,1.5329833030700684,-6.308130741119385,2.7300150394439697,0.108729638159275,2.428788661956787,0.7275469899177551,-18.01099967956543,-1.7932145595550537,0.6407286524772644,-11.702869415283203,0.5319989919662476,0.9738072752952576,2,2.168123483657837,10.941106796264648,2602.0,182.8788604736328,320.37164306640625,457.8644104003906,0.0918358564376831,0.5395001173019409,1.6948498487472534,12.899377822875977,0.3957177698612213,0.3914103209972381,0.387102872133255,-0.0086148809641599,13.109230041503906
0.011481087654829,0.6444190144538879,3.0043153762817383,0.0157136879861354,0.3548898696899414,2.286848306655884,0.0155618516728281,0.8399050831794739,2.090614080429077,-6.105954170227051,3.0094194412231445,0.9608792066574096,2.376765727996826,0.8846731185913086,-19.22846794128418,-1.4768794775009155,0.741653323173523,-13.122512817382812,-0.2192258685827255,-0.7951206564903259,2,3.238830804824829,10.624256134033203,2366.0,79.74775695800781,183.81961059570312,287.8914794921875,0.0334784425795078,0.5538645386695862,1.9036824703216555,37.88305282592773,0.3315815329551697,0.3569578528404236,0.3823341727256775,0.0507526248693466,13.86308765411377
0.0516030415892601,0.6244885325431824,1.913579106330872,0.0566604435443878,0.354936420917511,2.00166654586792,0.0351717099547386,0.7875716686248779,1.9122620820999143,-4.631526470184326,2.932591199874878,-0.0919607952237129,2.331704616546631,0.7548221945762634,-16.418575286865234,-2.1210012435913086,1.046312689781189,-11.78704833984375,1.1382734775543213,-0.8968753814697266,2,2.15506362915039,11.897225379943848,2828.0,193.48573303222656,263.5609741210937,333.63623046875,0.0611892528831958,0.5033828616142273,1.9909980297088623,29.37550163269043,0.4070813357830047,0.4011330008506775,0.3951846659183502,-0.0118966782465577,14.052289009094238
0.0884560495615005,0.5169054865837097,2.899357795715332,0.0688868537545204,0.2612313628196716,3.091409683227539,0.0699208304286003,0.6903344988822937,2.834210157394409,-5.820959091186523,3.00562047958374,0.2151306718587875,2.422252655029297,0.9551734328269958,-16.680463790893555,-1.7427425384521484,1.047992467880249,-10.859505653381348,0.8328617811203003,0.708742082118988,2,2.168123483657837,10.941106796264648,2629.0,182.8788604736328,320.37164306640625,457.8644104003906,0.0596579685807228,0.5151095986366272,2.285907745361328,28.939516067504883,0.3957177698612213,0.3914103209972381,0.387102872133255,-0.0086148809641599,13.109230041503906
0.1360121518373489,0.5684057474136353,-2.290729522705078,0.1061867922544479,0.2833621799945831,-2.15127944946289,0.0739078000187873,0.816215455532074,-2.437023639678955,-6.51081657409668,2.761932849884033,-0.3283531963825226,4.2050371170043945,0.9464864134788512,-7.516599178314209,1.0908637046813965,-1.1667736768722534,-1.005782961845398,-0.8384205102920532,0.5615329742431641,2,2.1675379276275635,12.636102676391602,2214.0,227.8977813720703,275.04229736328125,322.1867980957031,0.0738188996911048,0.5892753601074219,-2.5732767581939697,46.72220993041992,0.404887855052948,0.395339161157608,0.3857904970645904,-0.0190973598510026,14.803641319274902
0.0297461189329624,0.5433129668235779,-1.8704406023025515,0.0463856011629104,0.250469833612442,-1.8432642221450808,0.0452181845903396,0.7798662185668945,1.669076681137085,-6.221289157867432,2.759981393814087,0.1859925091266632,2.4555177688598637,0.4531246721744537,-16.839235305786133,-1.8494422435760496,0.4983172714710235,-10.61794662475586,0.3123247623443603,0.2058580964803695,2,2.143515348434448,11.81642246246338,2745.0,148.7855224609375,278.3658447265625,407.9461669921875,0.0224583968520164,0.4479424059391022,-1.7494254112243652,32.30609130859375,0.3977797031402588,0.4006450772285461,0.4035104513168335,0.0057307654060423,13.959938049316406
0.0490499809384346,0.557149350643158,2.9752602577209477,0.0422556810081005,0.2705270051956177,2.7825605869293213,0.0395882874727249,0.7568312883377075,2.90415358543396,-5.736201763153076,3.9043803215026855,-0.1139963939785957,2.23876953125,0.3550590574741363,-26.71992301940918,1.4511364698410034,-0.1784912645816803,-20.983720779418945,-0.0644948706030845,0.147847518324852,2,3.0464086532592773,9.277715682983398,2179.0,96.77780151367188,206.31663513183597,315.85546875,0.0588184632360935,0.5234076976776123,2.4327211380004883,51.95735931396485,0.3426387906074524,0.3635255098342895,0.3844121992588043,0.0417734198272228,12.324124336242676
0.0485140196979045,0.6370155215263367,1.866286873817444,0.0487321689724922,0.3689800798892975,1.96576988697052,0.0526573210954666,0.8134279251098633,1.8910598754882808,-5.643869400024414,2.492896318435669,-0.3261549472808838,2.453756332397461,0.7156091332435608,-15.454985618591309,-1.89281165599823,1.0259445905685425,-9.811116218566896,1.3520995378494265,0.7410311698913574,2,2.844409465789795,12.745768547058104,2218.0,68.36949920654297,231.22581481933597,394.0821228027344,0.0649725124239921,0.5486388802528381,1.9004098176956177,24.94015884399414,0.3742061257362366,0.4130248129367828,0.4518435001373291,0.0776373744010925,15.590177536010742
0.0533038191497325,0.5340900421142578,2.5406830310821533,0.044569693505764,0.2485800385475158,2.6361446380615234,0.0517952144145965,0.7675132751464844,2.186204433441162,-5.810803890228272,2.426692008972168,0.2066910117864608,6.788754463195801,0.9681898355484008,-4.085989475250244,-2.0705957412719727,1.2676984071731567,1.7248142957687378,1.061007380485535,-0.6931721568107605,2,2.472319364547729,12.07876968383789,2595.0,137.91726684570312,258.05230712890625,378.1873779296875,0.0542445741593837,0.4501290917396545,2.402894258499145,37.35447692871094,0.3758156597614288,0.3807484209537506,0.3856811821460724,0.0098655112087726,14.5510892868042
0.062227226793766,0.6396769881248474,1.4298232793807983,0.0399621352553367,0.3701908588409424,1.301531434059143,0.0941688790917396,0.8170180916786194,1.5206729173660278,-6.161949634552002,2.7509899139404297,0.1883451342582702,2.735241413116455,1.415709137916565,-11.745219230651855,-1.3125029802322388,1.2772656679153442,-5.583270072937012,1.0889205932617188,0.0418413579463958,2,3.0464086532592773,9.277715682983398,3042.0,96.77780151367188,206.31663513183597,315.85546875,0.0612301863729953,0.5616368651390076,1.593233346939087,22.15672492980957,0.3426387906074524,0.3635255098342895,0.3844121992588043,0.0417734198272228,12.324124336242676
0.011250258423388,0.594176709651947,-3.040269374847412,0.0169286075979471,0.2702719271183014,-1.9230135679244995,0.0253823194652795,0.8196831941604614,2.141948699951172,-6.914988994598389,2.596193790435791,-0.0393272079527378,-7.150183200836182,0.8850336074829102,-2.2279295921325684,-1.6319572925567627,0.8373188376426697,4.68705940246582,0.8766460418701172,0.26614910364151,2,3.238830804824829,10.624256134033203,2269.0,79.74775695800781,183.81961059570312,287.8914794921875,0.0281033758074045,0.4789451360702514,-3.127351999282837,43.57209014892578,0.3315815329551697,0.3569578528404236,0.3823341727256775,0.0507526248693466,13.86308765411377
0.0120773110538721,0.4851039350032806,0.5230735540390015,0.0185982957482337,0.2124715149402618,-0.7835784554481506,0.0576560981571674,0.6938267350196838,1.2379997968673706,-6.390982627868652,2.543757438659668,0.7421890497207642,2.9430623054504395,0.8268475532531738,-10.250093460083008,-1.9756226539611816,1.005323052406311,-3.859110593795776,0.2631339728832245,0.6184601783752441,2,2.289671897888184,10.34890079498291,3145.0,157.61044311523438,292.9158020019531,428.2211608886719,0.0356663316488266,0.382534384727478,-0.9010406732559204,31.87580299377441,0.3962461054325104,0.395896852016449,0.3955475986003876,-0.0006985224317759275,12.638571739196776
0.0630242526531219,0.5842643976211548,2.136728048324585,0.0530167445540428,0.2851086258888244,2.1476848125457764,0.065648928284645,0.7705751657485962,2.1336748600006104,-5.62134313583374,2.755895137786865,-0.6704936027526855,2.3507003784179688,0.1256127506494522,-19.126543045043945,-2.6495494842529297,0.3592584729194641,-13.505199432373049,1.0297520160675049,0.9338393211364746,2,3.0464086532592773,9.277715682983398,2328.0,96.77780151367188,206.31663513183597,315.85546875,0.061036005616188,0.5219102501869202,2.238081216812134,28.94599914550781,0.3426387906074524,0.3635255098342895,0.3844121992588043,0.0417734198272228,12.324124336242676
0.0426952838897705,0.575800895690918,2.647890567779541,0.0602189190685749,0.3141551613807678,2.4394173622131348,0.00329613359645,0.7896679043769836,-0.4113790392875671,-6.127405643463135,2.657181739807129,0.2319426834583282,2.6537835597991943,1.0456855297088623,-12.543455123901367,-1.3590383529663086,0.8284589648246765,-6.416049003601074,0.5965163111686707,-0.969508707523346,2,2.508857011795044,10.515066146850586,2603.0,132.89443969726562,284.6063232421875,436.3182373046875,0.033205296844244,0.538237988948822,2.1713194847106934,30.841426849365234,0.3840961754322052,0.3885237574577331,0.3929513394832611,0.0088551575317978,13.02392292022705
0.0336882025003433,0.583947479724884,2.503258228302002,0.0248549245297908,0.3248605728149414,2.755695104598999,0.044557798653841,0.7825294137001038,1.9784471988677976,-6.739283561706543,2.558558702468872,0.5249202847480774,5.078015804290772,1.242279052734375,-6.397051811218262,-1.973435997962952,1.551158785820007,0.3422316908836365,1.0262384414672852,-0.3549778461456299,2,2.472319364547729,12.07876968383789,2844.0,137.91726684570312,258.05230712890625,378.1873779296875,0.0572561919689178,0.5234057903289795,2.0861406326293945,44.83792495727539,0.3758156597614288,0.3807484209537506,0.3856811821460724,0.0098655112087726,14.5510892868042
0.0729462578892707,0.7158228754997253,1.6178126335144043,0.0749551355838775,0.4772890210151672,1.7806898355484009,0.0678776279091835,0.832119345664978,1.7264424562454224,-5.223141193389893,2.56770133972168,0.4495445191860199,2.509791612625122,1.0559605360031128,-13.104026794433594,-2.3121044635772705,1.357246160507202,-7.880886077880859,0.90770161151886,0.7003103494644165,2,2.844409465789795,12.745768547058104,2567.0,68.36949920654297,231.22581481933597,394.0821228027344,0.0894596129655838,0.606783390045166,1.858470678329468,23.475645065307617,0.3742061257362366,0.4130248129367828,0.4518435001373291,0.0776373744010925,15.590177536010742
0.041142638772726,0.5951371788978577,-2.270529270172119,0.0322277322411537,0.3260413706302643,-2.565176725387573,0.0244018007069826,0.7621636986732483,-2.2746264934539795,-5.762186527252197,2.923389196395874,0.1111063882708549,2.45046329498291,0.0195571910589933,-15.829998970031738,2.357592821121216,0.0487239733338356,-10.0678129196167,-0.0623824186623096,0.1977165788412094,2,2.2350451946258545,13.933812141418455,2418.0,180.94900512695312,282.8888244628906,384.8286437988281,0.027267899364233,0.4530735909938812,-3.029710292816162,28.57083320617676,0.3967035412788391,0.3926628530025482,0.3886221647262573,-0.0080813681706786,16.16885757446289
0.0724267736077308,0.6462928056716919,2.3505380153656006,0.0888823419809341,0.3845260441303253,2.3065505027771,0.045100450515747,0.7917734980583191,2.40256142616272,-5.2096266746521,2.882277011871338,0.6169666051864624,2.623237371444702,0.7868156433105469,-11.24250602722168,-2.2520999908447266,1.255499243736267,-6.03287935256958,0.6385326981544495,0.5052624940872192,2,2.342552900314331,14.374113082885742,2853.0,155.94219970703125,266.826416015625,377.7106323242188,0.0850697457790374,0.5386973023414612,2.2731306552886963,21.15524101257324,0.3971030116081238,0.3923188149929046,0.3875346481800079,-0.0095683699473738,16.716665267944336
0.0823312699794769,0.5837842226028442,1.8833070993423464,0.0869075283408165,0.327865719795227,1.9949963092803955,0.0491275899112224,0.7598984837532043,1.787190079689026,-4.936260223388672,2.4716384410858154,0.773491621017456,2.902083396911621,0.8641855120658875,-8.27635383605957,-1.948113322257996,1.058363914489746,-3.3400936126708984,0.28487229347229,0.0488402806222438,2,2.2350451946258545,13.933812141418455,2907.0,180.94900512695312,282.8888244628906,384.8286437988281,0.0748771354556083,0.5019099712371826,1.981400728225708,32.91935348510742,0.3967035412788391,0.3926628530025482,0.3886221647262573,-0.0080813681706786,16.16885757446289
0.0680900812149047,0.5284311771392822,2.7935128211975098,0.0548434183001518,0.2544576227664947,-3.136486053466797,0.0648168697953224,0.768205463886261,1.984311938285828,-6.0430426597595215,2.767096757888794,0.300555944442749,2.3934895992279053,0.7665219902992249,-18.44144630432129,-1.7187045812606812,0.6460351347923279,-12.39840316772461,0.3454792201519012,-0.9910836219787598,2,2.618417978286743,10.939435005187988,3095.0,161.89894104003906,230.22702026367188,298.5550842285156,0.0475119166076183,0.5035941004753113,2.488710165023804,17.557340621948242,0.397110641002655,0.3894602358341217,0.3818098306655884,-0.0153008149936795,13.557852745056152
0.0574037730693817,0.6189973950386047,-3.0391392707824707,0.0559753701090812,0.3221158683300018,3.12646222114563,0.0621157176792621,0.8313541412353516,-2.836707830429077,-6.528679370880127,2.680309295654297,-0.67939293384552,2.728128433227539,0.2939451932907104,-12.45560359954834,-2.259352684020996,0.2203445583581924,-5.926924705505371,0.8997374773025513,0.9997583627700806,3,3.3504343032836914,16.984344482421875,404.0,56.58260726928711,189.81771850585935,323.0528259277344,0.062484323978424,0.6139573454856873,2.9526731967926025,5.528228282928467,0.2966939806938171,0.3419471383094787,0.3872002959251404,0.0905063077807426,20.33477783203125
0.0806824639439582,0.5724747180938721,-1.841415882110596,0.0604729689657688,0.2824974954128265,-2.016424655914306,0.0540812499821186,0.8194326758384705,-1.6670544147491455,-5.946869850158691,2.256949186325073,-0.4199085831642151,2.472215414047241,0.1772687882184982,-15.755728721618652,1.496650218963623,-0.2144121080636978,-9.80885887145996,0.2054964751005172,0.5751403570175171,3,2.9051971435546875,18.400053024291992,582.0,165.7752227783203,205.0191192626953,244.2630157470703,0.0596569515764713,0.5741270780563354,-2.3287062644958496,18.16766929626465,0.3858297169208526,0.3633542656898498,0.340878814458847,-0.0449509136378765,21.30525016784668
0.0555646978318691,0.5586195588111877,-2.659306049346924,0.0470670498907566,0.2640396356582641,-2.4903125762939453,0.0338237211108207,0.8022579550743103,-2.655968427658081,-6.409977912902832,2.847125291824341,0.4624485671520233,2.4581432342529297,1.11031174659729,-17.307720184326172,-1.70783269405365,1.43754780292511,-10.89774227142334,0.9750992059707642,0.9466533064842224,3,3.093090295791626,15.316779136657717,1105.0,62.56459426879883,207.2670440673828,351.969482421875,0.0380412302911281,0.5972557663917542,-3.052330255508423,22.534029006958008,0.3060979545116424,0.346006840467453,0.3859157264232635,0.0798177719116211,18.40987014770508
0.056826252490282,0.551603376865387,-1.8946692943573,0.034556645900011,0.2590891718864441,-2.056185722351074,0.0735790506005287,0.8008788228034973,-1.3903186321258545,-5.487563133239746,2.5095467567443848,-0.0809289515018463,2.476113557815552,0.3866074383258819,-14.53028392791748,1.4588875770568848,-0.3051437735557556,-9.042720794677734,-0.2242148220539093,-0.9996243715286256,3,3.168712615966797,18.838695526123047,46.0,180.056396484375,201.40728759765625,222.75819396972656,0.0353468842804431,0.5473161935806274,-1.460334300994873,11.66903591156006,0.3880424797534942,0.3600174784660339,0.3319924771785736,-0.0560500212013721,22.007408142089844
0.044683963060379,0.6377840638160706,-2.9010088443756104,0.029802406206727,0.3300987780094147,-2.544718027114868,0.0394789241254329,0.848297655582428,3.060586452484131,-6.647438049316406,2.350166082382202,-0.133658155798912,3.6636557579040527,0.816851794719696,-8.046265602111816,-1.469768762588501,0.9603956341743468,-1.398827075958252,1.0940537452697754,-0.8478438854217529,3,2.522315263748169,13.202803611755373,1345.0,116.20440673828124,262.2276611328125,408.2509460449219,0.052466407418251,0.6062768697738647,2.8684067726135254,35.78981018066406,0.3713248372077942,0.3859090805053711,0.4004933536052704,0.0291685238480567,15.725119590759276
0.0515058152377605,0.538141667842865,-2.789353132247925,0.0448629818856716,0.2533774971961975,3.0675389766693115,0.0635545700788497,0.8073446154594421,-2.5419633388519287,-5.981786251068115,2.6340346336364746,-0.7363020777702332,2.5346667766571045,0.1274229139089584,-14.398388862609863,-0.2114131599664688,-0.2678168416023254,-8.416603088378906,0.4684852361679077,0.4287425875663757,3,2.671318769454956,17.709003448486328,170.0,170.2724609375,260.6195068359375,350.9665222167969,0.0507172979414463,0.5733276605606079,-2.863600969314575,8.153928756713867,0.4528476595878601,0.4381445646286011,0.4234414398670196,-0.0294062253087759,20.380321502685547
0.0949918180704116,0.5055876970291138,-2.911448240280152,0.0892111510038375,0.2024665176868438,-2.602247714996338,0.0792451500892639,0.7969964146614075,3.0289981365203857,-5.376919269561768,2.715206861495972,-0.0599138215184211,2.423886775970459,0.6474828720092773,-15.494691848754885,-0.505948543548584,0.0945842042565345,-10.117772102355955,0.1544980257749557,0.8814364671707153,3,3.2021901607513428,16.90087127685547,782.0,63.20361328125,194.62864685058597,326.0536804199219,0.0855361670255661,0.5670498013496399,3.0212793350219727,23.354705810546875,0.336027055978775,0.3724278211593628,0.4088286161422729,0.0728015527129173,20.10306167602539
0.0118240807205438,0.6231698989868164,1.858540415763855,0.0161780342459678,0.3284028768539428,2.1523585319519043,0.0150364264845848,0.8072215914726257,1.399616837501526,-5.554576396942139,2.9697535037994385,0.3275536596775055,2.374281644821167,0.7376196384429932,-17.667211532592773,-2.122624635696411,0.7140193581581116,-12.112635612487791,0.3864656984806061,-0.4480736255645752,3,2.833718061447144,14.984085083007812,976.0,62.6628532409668,245.68785095214844,428.71282958984375,0.0378092490136623,0.5902481079101562,1.5979866981506348,29.465246200561523,0.3139130473136902,0.3572636842727661,0.4006142914295196,0.0867012590169906,17.81780242919922
0.0820344537496566,0.5009764432907104,-2.987428903579712,0.0746716558933258,0.2252598255872726,-2.962863683700561,0.0805376917123794,0.7580908536911011,-2.7471401691436768,-6.073137283325195,2.676467180252075,-0.2600386142730713,2.5189478397369385,0.8300170302391052,-14.88814640045166,-2.3564982414245605,0.9601419568061828,-8.815009117126465,1.2201805114746094,0.8345929384231567,3,3.254689931869507,17.74448013305664,183.0,59.23395919799805,213.26394653320312,367.2939453125,0.0900413915514946,0.5347491502761841,-2.9485788345336914,13.67060661315918,0.3391083776950836,0.3751541376113891,0.4111998677253723,0.0720914900302887,20.999168395996094
0.0202825851738452,0.2707771062850952,-2.057045221328736,0.0170936286449432,0.0936984121799469,-1.6748771667480469,0.0137777710333466,0.5592055320739746,-3.053419589996338,-6.976703643798828,2.534407615661621,0.3669382929801941,2.6345646381378174,0.1182636022567749,-14.656046867370604,-0.5961273908615112,0.2884221971035003,-7.679342746734619,-0.0785161182284355,-0.5277215242385864,3,3.572702169418335,18.78898811340332,48.0,87.48943328857422,133.89459228515625,180.2997589111328,0.0178299099206924,0.3190093040466308,-2.7851476669311523,5.191644668579102,0.3578193485736847,0.3433031439781189,0.3287869393825531,-0.0290323961526155,22.361690521240234
0.0351641960442066,0.5447267889976501,-2.067725896835327,0.0286568272858858,0.2423657327890396,-1.659554123878479,0.0361043661832809,0.8100066184997559,-2.7774243354797363,-6.061061859130859,2.967165470123291,0.1524747312068939,2.534067392349243,0.3287100195884704,-14.52135181427002,-1.8349900245666504,0.5412655472755432,-8.46028995513916,0.3887908160686493,-0.5466750860214233,3,3.821347236633301,18.523426055908203,115.0,58.68146133422852,133.24818420410156,207.8148956298828,0.0452219918370246,0.5800997614860535,-2.615354061126709,6.1718268394470215,0.3869493305683136,0.4015687704086303,0.4161882102489471,0.0292388889938592,22.34477424621582
0.0831823125481605,0.448808342218399,-2.079782724380493,0.0808803737163543,0.1723757088184356,-1.8890684843063357,0.0565861538052558,0.7609151005744934,-2.750236749649048,-6.414593696594238,2.757556200027466,-0.168868139386177,2.58387303352356,0.861530065536499,-14.54571533203125,-1.3376102447509766,0.8440667390823364,-8.131121635437012,1.012934923171997,-0.9832456707954408,3,3.721029996871948,18.46996116638184,96.0,62.50738525390625,145.29360961914062,228.079833984375,0.0716363489627838,0.4849442839622497,-2.4468820095062256,3.445371627807617,0.3551802039146423,0.3824577629566192,0.4097353219985962,0.0545551106333732,22.190990447998047
0.0495671369135379,0.5567202568054199,-2.9117743968963623,0.042234368622303,0.2369005233049392,-2.6833620071411133,0.038860835134983,0.8258057236671448,-2.833080053329468,-6.227401256561279,2.7197694778442383,-0.2466488182544708,2.471824407577514,0.2476517111063003,-16.40479850769043,2.9776511192321777,0.1557158827781677,-10.177397727966309,0.4023647010326385,0.9801769852638244,3,2.8633275032043457,17.850767135620117,316.0,55.14106369018555,242.8672332763672,430.5934143066406,0.0470815934240818,0.5907233357429504,2.868708372116089,22.38817596435547,0.38868248462677,0.4223847687244415,0.456087052822113,0.0674045756459236,20.714094161987305
0.0805356875061988,0.4710074961185455,-2.805370092391968,0.0643580555915832,0.2019585967063903,-2.7113115787506104,0.0855165943503379,0.7273880839347839,-2.634785890579224,-6.944650173187256,2.8066580295562744,-1.2854458093643188,2.7844760417938232,0.3872261345386505,-12.57016658782959,-3.084362030029297,0.1525708138942718,-5.625516414642334,1.438016653060913,-0.5984600782394409,3,4.104335784912109,18.67547607421875,50.0,62.64517974853516,126.93465423583984,191.22413635253903,0.1053292751312255,0.4938765466213226,-2.641410112380981,1.854334115982056,0.328833520412445,0.3545395135879516,0.3802454769611358,0.0514119565486907,22.77981185913086
0.0649465322494506,0.5271212458610535,2.926668405532837,0.0552642717957496,0.249224305152893,2.9039418697357178,0.047105211764574,0.7645136713981628,-2.9996097087860107,-5.280772686004639,2.9256300926208496,-0.2533937692642212,2.376523017883301,0.4897224307060241,-16.733623504638672,-0.4610350131988525,0.0719355344772338,-11.452851295471191,0.3253293037414551,0.4663305878639221,3,3.3809728622436523,17.369905471801758,229.0,59.60750961303711,174.29087829589844,288.9742431640625,0.0555324591696262,0.5512727499008179,2.9789369106292725,10.283586502075195,0.3010969758033752,0.336837500333786,0.3725779950618744,0.0714810341596603,20.750879287719727
0.1389590799808502,0.454506367444992,3.1035308837890625,0.1098862960934639,0.1814129203557968,-3.1269497871398926,0.1265698671340942,0.7200592160224915,-3.0891001224517822,-5.707558155059815,2.906440258026123,-0.4702378213405609,2.5071537494659424,0.5721732974052429,-14.463085174560549,-0.7222830057144165,0.2632369101047516,-8.75552749633789,0.7334747314453125,0.7651325464248657,3,3.392768144607544,19.320724487304688,77.0,53.490020751953125,183.22525024414065,312.9604797363281,0.1191759258508682,0.4939825236797333,3.135497093200684,4.21408748626709,0.3090569078922272,0.3536306321620941,0.398204356431961,0.0891474261879921,22.71349334716797
0.0259094610810279,0.5268372893333435,-2.6160759925842285,0.0171071141958236,0.2173974812030792,-2.693822145462036,0.0434930771589279,0.7877667546272278,-2.2366909980773926,-6.981555461883545,3.00415563583374,0.7123637199401855,3.5943703651428223,0.114047922194004,-8.35741138458252,-1.7817366123199463,0.4476768672466278,-1.375855803489685,-0.2646868228912353,0.9995688796043396,3,2.9051971435546875,18.400053024291992,164.0,165.7752227783203,205.0191192626953,244.2630157470703,0.0316086560487747,0.5385725498199463,-2.156603574752808,17.568038940429688,0.3858297169208526,0.3633542656898498,0.340878814458847,-0.0449509136378765,21.30525016784668
0.0840013325214386,0.5122473239898682,-3.03750228881836,0.0705468654632568,0.2404631227254867,-2.8578531742095947,0.0585020445287227,0.8442282676696777,-3.099463701248169,-6.610103130340576,2.4550178050994877,0.1181865409016609,2.6179144382476807,0.2387694716453552,-14.07321071624756,-1.182645559310913,0.3350587785243988,-7.463107109069824,0.2168722450733184,0.9843819737434388,3,2.6527857780456543,14.616202354431152,796.0,88.49882507324219,231.39561462402344,374.2923889160156,0.0624719001352787,0.5780691504478455,3.1020150184631348,4.029096603393555,0.314967542886734,0.3467489778995514,0.3785304129123688,0.0635628625750541,17.26898765563965
0.0629164278507232,0.5518717765808105,-2.9119536876678467,0.0598883964121341,0.2583264708518982,-2.809485673904419,0.066662922501564,0.8068335056304932,-2.659871816635132,-4.892921447753906,2.6585936546325684,-0.2842683792114258,2.354231119155884,0.5612657070159912,-16.356016159057617,1.2493550777435305,-0.5029773116111755,-11.463094711303713,-0.2187089025974273,0.3882866203784942,3,2.885401964187622,18.66289329528809,513.0,51.31468963623047,214.58322143554688,377.8517456054688,0.0772514566779136,0.561080276966095,-2.8960280418396,17.460548400878906,0.3792149424552917,0.4163238108158111,0.4534326791763305,0.0742177292704582,21.548295974731445
0.0697626695036888,0.5776031613349915,2.802457571029663,0.0718219503760337,0.2933939397335052,2.815763473510742,0.0579127296805381,0.7714130282402039,3.1320762634277344,-5.614506244659424,3.341974973678589,0.0572771951556205,2.3168044090271,0.1424870938062667,-20.39373016357422,-0.1808841824531555,0.082628883421421,-14.779224395751951,0.0253516919910907,0.9771168231964112,3,3.093090295791626,15.316779136657717,1050.0,62.56459426879883,207.2670440673828,351.969482421875,0.0863728001713752,0.5932056307792664,2.408410787582397,24.71571350097656,0.3060979545116424,0.346006840467453,0.3859157264232635,0.0798177719116211,18.40987014770508
0.1508069187402725,0.4037177860736847,-2.736363649368286,0.1346819698810577,0.1433212161064148,-2.6087419986724854,0.1312304884195327,0.6951157450675964,-2.6987454891204834,-6.221059322357178,2.810576915740967,-0.2902643978595733,2.485532522201538,0.3863371908664703,-15.899629592895508,-0.2839990854263305,-0.0107790501788258,-9.678569793701172,0.2794853746891022,-0.789945662021637,3,3.054409503936768,18.34471893310547,93.0,56.8506965637207,204.9571075439453,353.0635070800781,0.1151225492358207,0.4509366452693939,-2.7805752754211426,8.812681198120117,0.3400812745094299,0.3798059821128845,0.4195307195186615,0.0794494524598121,21.39912796020508
0.0787261500954628,0.5151515603065491,-1.658746600151062,0.0949254930019378,0.2354527115821838,-1.5212959051132202,0.0512561313807964,0.7414886951446533,-2.119168519973755,-6.621073246002197,2.6686079502105717,-0.1446691006422042,2.5528175830841064,0.6541359424591064,-15.499343872070312,-2.2290170192718506,1.0093666315078735,-8.878270149230957,1.1540358066558838,-0.9997634887695312,3,3.3140382766723637,17.497283935546875,530.0,67.23223876953125,175.78794860839844,284.3436584472656,0.0561184845864772,0.5134461522102356,-2.01161527633667,22.71656990051269,0.3598673343658447,0.3956205546855926,0.4313737750053406,0.0715064480900764,20.811323165893555
0.0562138780951499,0.5975145101547241,-2.695929288864136,0.0610192269086837,0.3074317574501037,-2.89377498626709,0.0348093658685684,0.8260492086410522,-2.279778957366944,-6.561646938323975,2.9967544078826904,0.2448600679636001,2.9598405361175537,0.1859694868326187,-10.420736312866213,0.1343784630298614,-0.0721391290426254,-3.8590898513793945,-0.3169991970062256,-0.9962795376777648,3,2.3619918823242188,19.873136520385746,270.0,472.5310363769531,453.6388244628906,434.7466430664063,0.0255104899406433,0.5814719200134277,-3.050078153610229,19.146263122558597,0.4163686335086822,0.3961987793445587,0.3760289549827575,-0.0403396971523761,22.23512840270996
0.0837570801377296,0.4971250593662262,-2.7995758056640625,0.0742399021983146,0.2019420564174652,-2.700312614440918,0.0769836753606796,0.7787377238273621,-2.842038631439209,-6.4757490158081055,2.8497073650360107,0.0212868489325046,2.633543968200684,0.1501690149307251,-13.688664436340332,2.508318901062012,0.1685861200094223,-7.212915420532227,0.1472992748022079,0.7561863660812378,3,3.465940237045288,19.525362014770508,40.0,50.46172332763672,178.48760986328125,306.5135192871094,0.0843091681599617,0.5303375720977783,-2.91731071472168,8.156580924987793,0.2780943512916565,0.3245622813701629,0.3710302412509918,0.0929358750581741,22.99130249023437
0.0430348105728626,0.5676124095916748,-2.8984451293945312,0.0373280271887779,0.2405253797769546,-2.535546064376831,0.0465785972774028,0.8467119336128235,2.7167255878448486,-6.1473164558410645,2.583768844604492,-0.2231784760951995,2.539565086364746,0.1109631732106208,-14.576476097106934,-0.3336905539035797,0.0841122269630432,-8.429160118103027,0.3072907030582428,-0.981822431087494,3,3.251966714859009,15.618450164794922,854.0,72.59166717529297,178.1016845703125,283.6116943359375,0.0592199712991714,0.5747674703598022,2.529103994369507,19.46661949157715,0.3827604055404663,0.4054894149303436,0.4282184541225433,0.0454580709338188,18.87041664123535
0.1565183699131012,0.4214420914649963,-2.5776267051696777,0.135609745979309,0.1360725164413452,-2.454440116882324,0.1433464139699936,0.7217486500740051,-2.73958420753479,-4.99898624420166,3.1343390941619877,-0.4452258050441742,2.3295319080352783,0.9694746732711792,-17.637182235717773,-0.4494944512844085,-0.3163192868232727,-12.638195991516112,0.1289065182209015,0.413066416978836,3,3.465940237045288,19.525362014770508,60.0,50.46172332763672,178.48760986328125,306.5135192871094,0.1344922482967376,0.4768127202987671,-2.7093427181243896,16.65016746520996,0.2780943512916565,0.3245622813701629,0.3710302412509918,0.0929358750581741,22.99130249023437
0.06700100004673,0.4622831046581268,-2.888761281967163,0.0496458373963832,0.211209088563919,-2.896430253982544,0.049131866544485,0.7513242959976196,-3.0674335956573486,-6.244329929351807,2.7894058227539062,-0.2357359230518341,2.478895902633667,0.4032849967479706,-16.177331924438477,-0.7388958930969238,0.2472364157438278,-9.933000564575195,0.4829723536968231,-0.5740116834640503,3,3.355088233947754,18.93912696838379,92.0,88.03064727783203,148.00135803222656,207.9720764160156,0.0570229664444923,0.4996845424175262,3.136191844940185,8.995577812194824,0.3543769121170044,0.3458636403083801,0.3373503386974334,-0.0170265641063451,22.29421615600586
0.0733599811792373,0.3116371631622314,2.170191764831543,0.060480810701847,0.1157892122864723,2.096518278121948,0.0472063645720481,0.5694960355758667,2.6435134410858154,-7.2756853103637695,1.9941240549087524,0.1771431118249893,3.925555229187012,0.7349787354469299,-8.361075401306152,-2.908592700958252,0.8504824042320251,-1.0853900909423828,0.673339307308197,0.4007494151592254,3,2.9051971435546875,18.400053024291992,220.0,165.7752227783203,205.0191192626953,244.2630157470703,0.0590642616152763,0.372941106557846,2.312665700912476,10.861320495605469,0.3858297169208526,0.3633542656898498,0.340878814458847,-0.0449509136378765,21.30525016784668
0.0869546979665756,0.5375850200653076,3.072660446166992,0.0730392560362815,0.2444122284650802,2.9963855743408203,0.085670568048954,0.754008948802948,-3.0748722553253174,-5.727171421051025,2.669721364974976,0.4297599792480469,2.4966652393341064,0.3894827365875244,-14.533750534057615,-1.7256828546524048,0.5809773802757263,-8.80657958984375,0.1512174010276794,-0.8081739544868469,3,3.465731143951416,18.603986740112305,224.0,79.75347900390625,160.15626525878906,240.55905151367188,0.0867391377687454,0.5415906310081482,3.0600972175598145,17.20298194885254,0.3672545254230499,0.39413782954216,0.4210211336612701,0.0537666268646717,22.06971740722656
0.0348740927875041,0.6589707136154175,2.1501951217651367,0.0440706126391887,0.3569046854972839,2.0920040607452397,0.0257301405072212,0.8463050127029419,1.429683804512024,-6.228391647338867,2.916496753692627,0.0113681675866246,2.4096529483795166,0.2273367643356323,-18.26158142089844,-1.7294058799743652,0.2578930556774139,-12.033190727233888,0.2465248852968216,-0.5947176218032837,3,3.520676374435425,17.961851119995117,543.0,80.22244262695312,144.9574432373047,209.6924591064453,0.0428719222545623,0.6098324060440063,2.1162445545196533,8.990509033203125,0.3865912854671478,0.383933424949646,0.3812755346298218,-0.0053157769143581,21.48252868652344
0.0315962620079517,0.5692806243896484,-2.580714702606201,0.0202535279095172,0.2820886969566345,-2.66498064994812,0.0504682511091232,0.8084190487861633,-2.1461546421051025,-5.775702476501465,2.627556800842285,0.8547247052192688,2.4485225677490234,0.9132719039916992,-15.85373878479004,-2.0533487796783447,1.1820112466812134,-10.078036308288574,0.3272864818572998,0.7035890817642212,3,3.355088233947754,18.93912696838379,173.0,88.03064727783203,148.00135803222656,207.9720764160156,0.037745427340269,0.5939342379570007,-2.646326780319214,15.025376319885254,0.3543769121170044,0.3458636403083801,0.3373503386974334,-0.0170265641063451,22.29421615600586
0.09419596940279,0.5209342837333679,-2.5686144828796387,0.0773394629359245,0.2336503714323043,-2.5074965953826904,0.0822549909353256,0.8034448623657227,-2.694909811019897,-6.10709285736084,2.753917694091797,0.1776487380266189,2.391343593597412,0.403129369020462,-18.731897354125977,-1.2392204999923706,0.3045191466808319,-12.624804496765137,0.1268704086542129,0.9270257353782654,3,3.821347236633301,18.523426055908203,84.0,58.68146133422852,133.24818420410156,207.8148956298828,0.085428699851036,0.5557690858840942,-2.718545198440552,14.989283561706545,0.3869493305683136,0.4015687704086303,0.4161882102489471,0.0292388889938592,22.34477424621582
0.1181595027446746,0.4671888947486877,-2.5996248722076416,0.1019413694739341,0.1839665174484253,-2.5436460971832275,0.1169126406311988,0.7504634857177734,-2.5439131259918213,-5.120441436767578,2.912794351577759,-0.2512092292308807,2.3681273460388184,0.3772643804550171,-16.578510284423828,1.1935559511184692,-0.5569564700126648,-11.45806884765625,-0.305747240781784,0.9960404634475708,3,3.118431568145752,19.026874542236328,84.0,50.53010177612305,196.1634521484375,341.7968139648437,0.1056707948446273,0.4941343963146209,-2.7024154663085938,19.57552719116211,0.3775820434093475,0.4161637425422668,0.4547454416751861,0.077163390815258,22.145307540893555
0.0614717118442058,0.5204750299453735,3.1141066551208496,0.0481511168181896,0.2212822884321212,3.132117986679077,0.059313841164112,0.78196120262146,2.829901695251465,-5.8489508628845215,3.0373282432556152,-0.2232047319412231,2.423021078109741,0.7278288006782532,-16.93765640258789,-1.2612473964691162,0.5457098484039307,-11.088706016540527,0.7689145803451538,0.2096907496452331,3,3.530604600906372,17.5559024810791,715.0,62.23590469360352,158.41311645507812,254.59033203125,0.0626054182648658,0.5481023788452148,2.819483995437622,18.725662231445312,0.326017826795578,0.3562307953834533,0.3864437639713287,0.0604259297251701,21.08650779724121
0.0477018654346466,0.6305256485939026,-2.6266775131225586,0.0448192916810512,0.3342310786247253,3.1329376697540283,0.0511779226362705,0.8204843401908875,-1.9897706508636477,-6.464295387268066,2.5129103660583496,0.0575418770313262,2.4684596061706543,0.3946540355682373,-17.10376739501953,-0.5032182931900024,0.0623372755944728,-10.639472007751465,0.0047953985631465,0.9747398495674132,3,3.2306628227233887,19.184459686279297,45.0,187.4712371826172,205.01678466796875,222.5623321533203,0.0180233232676982,0.5839873552322388,3.061209917068481,9.580279350280762,0.3991158306598663,0.3824970424175262,0.3658782243728637,-0.0332376211881637,22.415122985839844
0.0255691893398761,0.6069594621658325,2.960608720779419,0.0333084836602211,0.3088727295398712,2.5543341636657715,0.0246688183397054,0.834507167339325,-2.778005599975586,-6.3681416511535645,2.807025909423828,0.1737001240253448,2.372089385986328,0.3922458291053772,-20.24641990661621,-0.0992664620280265,-0.1773427724838256,-13.878277778625488,-0.3510428965091705,0.6974777579307556,3,3.721029996871948,18.46996116638184,257.0,62.50738525390625,145.29360961914062,228.079833984375,0.0320179685950279,0.6183757781982422,2.813474655151367,13.58384609222412,0.3551802039146423,0.3824577629566192,0.4097353219985962,0.0545551106333732,22.190990447998047
0.0335813052952289,0.5273616909980774,2.6176180839538574,0.0356322713196277,0.2409621626138687,2.294471025466919,0.042444173246622,0.785662829875946,-2.9678304195404053,-5.815979957580566,2.584170341491699,-0.6776063442230225,2.533067464828491,0.274078369140625,-14.036391258239746,-1.2051236629486084,0.170636236667633,-8.22041130065918,0.8482425808906555,-0.6628184914588928,3,3.322888135910034,15.78353500366211,890.0,53.95573043823242,187.5115966796875,321.0674743652344,0.0594073832035064,0.566944420337677,2.873972654342652,28.597978591918945,0.3205147087574005,0.3574092388153076,0.3943037390708923,0.0737890228629112,19.106422424316406
0.0315752029418945,0.5340980887413025,-1.9864927530288696,0.0362691394984722,0.2280558049678802,-1.674415111541748,0.0264603327959775,0.8017970323562622,-2.523262023925781,-5.977121353149414,2.6482090950012207,0.2278034687042236,2.504274845123291,0.4360548555850982,-14.983224868774414,-1.654871940612793,0.4490366578102112,-9.006103515625,0.2212332040071487,-0.8326229453086853,3,3.3265023231506348,17.61457061767578,774.0,69.14899444580078,164.23739624023438,259.3258056640625,0.0375059731304645,0.538500189781189,-2.5110106468200684,7.446987628936768,0.300648421049118,0.33602374792099,0.3713990449905395,0.0707506313920021,20.941072463989254
0.0653498247265815,0.5873289108276367,-2.317781925201416,0.051825176924467,0.3026346564292907,-2.557122230529785,0.0638720244169235,0.8291174173355103,-1.9055365324020384,-6.42445182800293,2.9804577827453613,-0.1083020940423011,2.419586658477783,0.1045842990279197,-18.432031631469727,-1.9718717336654663,0.1860505193471908,-12.00757884979248,0.2943526208400726,0.6784095168113708,3,,,336.0,,,,0.0380548872053623,0.5634427666664124,-2.1623034477233887,20.68439292907715,,,,,
0.0613711513578891,0.6519728899002075,-2.287639856338501,0.0606213510036468,0.3462730348110199,-2.4140005111694336,0.0561238713562488,0.843697190284729,-1.887442946434021,-6.677334308624268,2.5860037803649902,-0.3653549551963806,2.53360652923584,0.7760998606681824,-16.023164749145508,1.4258930683135986,-0.7609620094299316,-9.345830917358398,-0.3956070840358734,0.984544575214386,3,3.073497772216797,18.655893325805664,86.0,189.31544494628903,215.36175537109372,241.40806579589844,0.0245476998388767,0.5755986571311951,-2.7840394973754883,15.321398735046388,0.3929937779903412,0.3737645149230957,0.3545352816581726,-0.0384585075080394,21.72939109802246
0.0261885933578014,0.6744950413703918,-3.1320743560791016,0.026524469256401,0.3797034025192261,2.2459139823913574,0.03699491918087,0.8525466918945312,-2.667398691177368,-6.360995292663574,2.892998218536377,0.0247473940253257,2.3957762718200684,0.1392137557268142,-19.28452491760254,-0.7727862000465393,-0.1341841369867324,-12.92353057861328,-0.1589315235614776,-0.9555110931396484,3,2.552558422088623,17.995450973510742,520.0,260.755126953125,304.7723083496094,348.7894592285156,0.0339820012450218,0.6125606894493103,2.0835676193237305,22.133638381958008,0.4106963574886322,0.392913818359375,0.3751312792301178,-0.0355650819838047,20.548009872436523
0.0917941108345985,0.5324978828430176,-3.0559372901916504,0.0774186104536056,0.2479023933410644,-2.9545865058898926,0.1040164679288864,0.776178240776062,-2.919853448867798,-5.541667938232422,2.994659662246704,-1.0243611335754397,2.377800226211548,0.4712538421154022,-17.4227352142334,-0.0893540903925895,-0.2154819816350937,-11.881067276000977,0.8088791966438293,-0.2143583595752716,3,3.118431568145752,19.026874542236328,148.0,50.53010177612305,196.1634521484375,341.7968139648437,0.0928224474191665,0.5313228368759155,-3.0246386528015137,19.786985397338867,0.3775820434093475,0.4161637425422668,0.4547454416751861,0.077163390815258,22.145307540893555
0.0215724967420101,0.5863202214241028,-2.396192073822021,0.0266638286411762,0.2923134565353393,-2.8755693435668945,0.0137814013287425,0.834322452545166,-2.121201276779175,-5.920836448669434,2.700221061706543,0.3487598598003387,2.372532367706299,0.3527796566486358,-18.862443923950195,-2.1616814136505127,0.4216939210891723,-12.941608428955078,0.0729340612888336,0.9251974821090698,3,2.186082601547241,18.296703338623047,293.0,335.777099609375,367.1050415039063,398.4329833984375,0.0081160655245184,0.5762171745300293,2.80374813079834,20.205368041992188,0.414731502532959,0.3963349461555481,0.3779383599758148,-0.036793153733015,20.482786178588867
0.0527669414877891,0.458886057138443,-2.684957981109619,0.0480302907526493,0.1846349090337753,-2.725653171539306,0.0408060103654861,0.7521749138832092,-2.665349245071411,-6.520229816436768,2.9937784671783447,-0.0586736537516117,2.5814216136932373,0.7662746906280518,-14.561796188354492,-1.1301084756851196,0.4848648309707641,-8.041566848754883,0.5435384511947632,-0.9673879742622375,3,3.3809728622436523,17.369905471801758,207.0,59.60750961303711,174.29087829589844,288.9742431640625,0.0384312160313129,0.4995545446872711,3.128514051437378,2.959068536758423,0.3010969758033752,0.336837500333786,0.3725779950618744,0.0714810341596603,20.750879287719727
0.0382156036794185,0.5790619850158691,2.627271175384521,0.046407051384449,0.2880977094173431,2.367872714996338,0.0317314192652702,0.8255395889282227,-2.8782076835632324,-6.226815700531006,2.667688131332397,0.4109239280223846,2.5704925060272217,0.9233482480049132,-14.156789779663086,-1.67213237285614,0.9755133986473083,-7.92997407913208,0.5645894408226013,0.3101756274700165,3,3.0164549350738525,15.172393798828123,991.0,61.30474472045898,220.9520721435547,380.5993957519531,0.0468854010105133,0.5897921323776245,2.8302340507507324,28.43388557434082,0.3452367186546325,0.3929525911808014,0.4406684935092926,0.0954317823052406,18.1888484954834
0.066220186650753,0.5135669112205505,-2.403200149536133,0.0673955157399177,0.2200673818588256,-2.201537847518921,0.0525122508406639,0.7403454780578613,-2.3285951614379883,-6.483267307281494,2.7326207160949707,0.3507212400436401,2.601036548614502,0.7643305659294128,-14.104742050170898,-1.765504240989685,1.0425715446472168,-7.621474742889404,0.6918502449989319,0.4193883836269378,3,2.9835357666015625,17.65381622314453,275.0,57.520992279052734,258.1215209960937,458.7220764160156,0.0637417063117027,0.4681037962436676,-2.192913055419922,17.941234588623047,0.2987532019615173,0.3404010236263275,0.3820488452911377,0.0832956358790397,20.637351989746094
0.0620714761316776,0.5177870988845825,2.9379875659942627,0.0451895147562027,0.2333466112613678,2.95513916015625,0.0449848361313343,0.7970329523086548,-3.0271990299224854,-5.657585620880127,2.6466612815856934,-0.6331207156181335,2.559948205947876,0.301129013299942,-13.084680557250977,-2.452044010162353,0.3546530604362488,-7.42709493637085,0.9877737760543824,0.9831485152244568,3,3.530604600906372,17.5559024810791,474.0,62.23590469360352,158.41311645507812,254.59033203125,0.0506032221019268,0.5475896000862122,-3.0670688152313232,18.63412857055664,0.326017826795578,0.3562307953834533,0.3864437639713287,0.0604259297251701,21.08650779724121
0.0614880807697773,0.5218122601509094,-2.896371603012085,0.0439997538924217,0.2251649647951126,-2.965209722518921,0.0893068760633468,0.734809398651123,-2.333065986633301,-6.191119194030762,2.55657696723938,-0.1530858129262924,2.7286672592163086,0.77464759349823,-11.772783279418944,-1.5697540044784546,0.7851647138595581,-5.581664562225342,0.9382504820823668,0.9188839197158812,3,3.658793449401856,18.12486457824707,167.0,60.018367767333984,155.47482299804688,250.9312744140625,0.0723767057061195,0.525120198726654,-2.7422828674316406,17.898578643798828,0.3728549182415008,0.4002811908721924,0.4277074635028839,0.0548525638878345,21.78365898132324
0.1297579854726791,0.4726039469242096,-2.829964399337769,0.1086464822292327,0.1865044683218002,-2.755631685256958,0.1180367544293403,0.7540023922920227,-2.89909291267395,-5.415761947631836,2.7086546421051025,-0.4339298605918884,2.416639804840088,0.4378013908863067,-15.762359619140623,0.1204859390854835,-0.3330513834953308,-10.346597671508787,0.1008784770965576,-0.8305457830429077,3,3.054409503936768,18.34471893310547,360.0,56.8506965637207,204.9571075439453,353.0635070800781,0.1221705675125122,0.4909718632698059,-2.8055179119110107,18.48548698425293,0.3400812745094299,0.3798059821128845,0.4195307195186615,0.0794494524598121,21.39912796020508
0.0819842666387558,0.5286842584609985,-2.4975216388702397,0.0681816413998603,0.2461321055889129,-2.5038504600524902,0.0964583307504654,0.7742605209350586,-2.413214445114136,-5.474622249603272,2.793372869491577,-0.0824064761400222,2.499467372894287,0.2706907391548157,-13.813820838928224,-0.413010686635971,0.1386754661798477,-8.339198112487793,0.22108194231987,-0.9906858801841736,3,3.3809728622436523,17.369905471801758,289.0,59.60750961303711,174.29087829589844,288.9742431640625,0.0730962306261062,0.5494273900985718,-2.440829277038574,23.84922790527344,0.3010969758033752,0.336837500333786,0.3725779950618744,0.0714810341596603,20.750879287719727
0.1019240990281105,0.4796367883682251,-2.9146721363067627,0.0860390737652778,0.1901289522647857,-2.7856833934783936,0.1145963445305824,0.7523424029350281,-3.032997369766236,-6.245439529418945,2.7835702896118164,0.1411280333995819,2.78438663482666,0.6603338718414307,-11.387686729431152,-1.7534472942352295,0.5266157388687134,-5.142246723175049,0.3854877054691314,0.7575535774230957,3,2.9364941120147705,18.98731231689453,295.0,51.80620193481445,207.6121368408203,363.4180603027344,0.1152121052145958,0.4624235928058624,-2.951392889022827,13.247450828552246,0.3372949361801147,0.3773913979530334,0.4174878597259521,0.080192930996418,21.92380714416504
0.0622811652719974,0.6313173770904541,2.548255681991577,0.0815592259168624,0.3581799268722534,2.212032556533813,0.0707972794771194,0.8166542053222656,-2.888404369354248,-6.100557327270508,2.3962676525115967,-0.3082685768604278,2.723433494567871,0.3738151490688324,-11.804001808166504,-1.3225454092025757,0.2765602469444275,-5.703444480895996,0.584828794002533,0.7316125631332397,3,2.885401964187622,18.66289329528809,621.0,51.31468963623047,214.58322143554688,377.8517456054688,0.0857952386140823,0.6192637085914612,2.647644281387329,29.55288314819336,0.3792149424552917,0.4163238108158111,0.4534326791763305,0.0742177292704582,21.548295974731445
0.0369024127721786,0.5811610221862793,-2.170687675476074,0.028257081285119,0.2973479926586151,-1.8951265811920168,0.0535531304776668,0.8158440589904785,-2.1551225185394287,-5.7334065437316895,2.5888304710388184,0.1765676438808441,2.4111061096191406,0.62966388463974,-16.944194793701172,-2.082203149795532,0.6643043756484985,-11.21078872680664,0.4877367615699768,0.9989265203475952,3,3.897473335266113,18.800830841064453,121.0,64.0091552734375,131.11370849609375,198.21827697753903,0.0443935766816139,0.5853487253189087,-2.3549320697784424,14.44788646697998,0.4230110347270965,0.4300719797611236,0.4371329247951507,0.0141218630596995,22.698305130004883
0.1143014729022979,0.4577194452285766,-2.415839910507202,0.0946734100580215,0.1920551508665084,-2.391833782196045,0.1157262176275253,0.7232893705368042,-2.2736003398895264,-6.307681083679199,2.7064287662506104,0.4125306308269501,2.6427669525146484,0.7352973818778992,-13.12756061553955,-1.986928939819336,1.247437596321106,-6.819879531860352,0.8349069952964783,0.9309700727462769,3,3.3172028064727783,16.78067970275879,172.0,58.706153869628906,184.6929473876953,310.6797180175781,0.0943347588181495,0.5012997388839722,-2.396229982376098,13.694408416748049,0.3160220086574554,0.3550015389919281,0.3939810693264007,0.0779590457677841,20.097883224487305
0.0225013438612222,0.6661361455917358,2.0702240467071533,0.0357958115637302,0.3719817399978637,1.630415439605713,0.0218443982303142,0.8646553754806519,2.5292904376983643,-6.691382884979248,2.2956275939941406,-0.0327865965664386,2.6710903644561768,0.6404725909233093,-13.479499816894531,-2.299691200256348,0.8735626339912415,-6.788116931915283,0.906349241733551,-0.9964773654937744,3,2.785609483718872,15.167236328125,641.0,107.0730438232422,230.23179626464844,353.3905639648437,0.0484631024301052,0.5930507183074951,1.7794948816299438,38.517845153808594,0.3719104528427124,0.3842585980892181,0.3966067433357239,0.0246962923556566,17.95284652709961
0.0746424421668052,0.4429872334003448,-2.38996958732605,0.0598938763141632,0.1883590519428253,-2.303511142730713,0.0566731095314025,0.7616258859634399,-2.0480856895446777,-7.898799419403076,2.50911283493042,0.5307469367980957,3.08768081665039,0.2102663069963455,-11.454177856445312,2.666544198989868,-0.0194699950516223,-3.555377960205078,-0.5502169132232666,0.5868614912033081,3,3.168712615966797,18.838695526123047,68.0,180.056396484375,201.40728759765625,222.75819396972656,0.0593452528119087,0.5043718218803406,-2.137101650238037,6.71342658996582,0.3880424797534942,0.3600174784660339,0.3319924771785736,-0.0560500212013721,22.007408142089844
0.0649626776576042,0.3690166473388672,-3.0549354553222656,0.0462218970060348,0.1318969130516052,-2.9044480323791504,0.0826636850833892,0.5904780030250549,2.6793994903564453,-6.884833812713623,2.9383294582366943,0.2700506746768951,2.4558260440826416,1.1613364219665527,-18.68404006958008,-1.828706741333008,1.462196707725525,-11.799205780029297,1.192146062850952,-0.0344084091484546,3,3.3644285202026367,13.71791934967041,921.0,61.33974075317383,177.55616760253906,293.7725830078125,0.061189342290163,0.3996227383613586,2.7603964805603027,11.947060585021973,0.3136453330516815,0.3476036489009857,0.3815619349479675,0.0679166093468666,17.082347869873047
0.1407769173383712,0.4391651153564453,-2.732182025909424,0.1147166192531585,0.1480302363634109,-2.596518278121948,0.1240193471312522,0.7159193158149719,-2.6920325756073,-6.4201860427856445,2.9273931980133057,-0.5637518763542175,2.536028861999512,0.541057825088501,-15.46158218383789,-2.669090986251831,0.7662313580513,-9.041396141052246,1.3299832344055176,0.201264277100563,3,2.9758059978485107,18.21444702148437,113.0,61.34770584106445,214.45704650878903,367.5663757324219,0.126370683312416,0.4684217870235443,-2.728384494781494,10.288387298583984,0.3001894056797027,0.3443824350833893,0.3885754346847534,0.0883860290050506,21.19025421142578
0.0908512771129608,0.5582242608070374,-1.7948182821273804,0.0543152913451194,0.2752635478973388,-1.97050416469574,0.0938532128930091,0.7961775064468384,-1.4919593334197998,-5.972516536712647,2.4480340480804443,-0.4058752357959747,2.72711443901062,0.1971753388643264,-11.48973274230957,1.835155367851257,-0.2286038845777511,-5.517215728759766,0.1772713512182235,0.2982879281044006,3,3.2306628227233887,19.184459686279297,125.0,187.4712371826172,205.01678466796875,222.5623321533203,0.056136667728424,0.5608851909637451,-1.5555322170257568,14.157476425170898,0.3991158306598663,0.3824970424175262,0.3658782243728637,-0.0332376211881637,22.415122985839844
0.0329083427786827,0.5590022206306458,-2.4109909534454346,0.0552275404334068,0.2772431969642639,-1.9886159896850584,0.0135009307414293,0.8268546462059021,1.9621902704238887,-6.454150199890137,2.4847171306610107,0.4911624789237976,2.992276668548584,0.2494263052940368,-10.030080795288086,-1.2375938892364502,0.3342160582542419,-3.5759310722351074,-0.1569464355707168,0.750289797782898,3,1.725841403007507,14.88967514038086,384.0,179.3502960205078,357.1086120605469,534.866943359375,0.030370594933629,0.5756658315658569,2.311886072158813,28.193870544433597,0.3999548554420471,0.4013100862503052,0.4026653170585632,0.002710472093895,16.615516662597656
0.0519581362605094,0.3961796760559082,-2.435014486312866,0.0388423204421997,0.249078556895256,-2.585026502609253,0.0723364949226379,0.633503794670105,-1.6808351278305054,-6.733325958251953,2.589174747467041,0.0294018518179655,2.625781297683716,0.3305781483650207,-14.390148162841797,0.0404734313488006,-0.5683221817016602,-7.656822681427002,-0.5977240204811096,-0.9987220764160156,3,3.572702169418335,18.78898811340332,13.0,87.48943328857422,133.89459228515625,180.2997589111328,0.0492147244513034,0.3920571208000183,-2.03102970123291,6.77632999420166,0.3578193485736847,0.3433031439781189,0.3287869393825531,-0.0290323961526155,22.361690521240234
0.0851121172308921,0.5931146144866943,3.029235601425171,0.0832263678312301,0.2980893552303314,3.1107540130615234,0.0539789125323295,0.8266453146934509,3.005673408508301,-6.296085834503174,2.656878709793091,-0.0659669786691665,2.576614618301392,0.9034923911094666,-14.197280883789062,-1.796333074569702,1.0934853553771973,-7.90119457244873,1.1594523191452026,-0.1314244121313095,3,3.530604600906372,17.5559024810791,665.0,62.23590469360352,158.41311645507812,254.59033203125,0.0658757537603378,0.5945940017700195,3.0060818195343018,27.439254760742188,0.326017826795578,0.3562307953834533,0.3864437639713287,0.0604259297251701,21.08650779724121
0.027869826182723,0.5318666100502014,-2.463348150253296,0.0246637053787708,0.2190677672624588,-2.1798572540283203,0.0119517976418137,0.7815214395523071,3.1246352195739746,-6.229737281799316,2.8973629474639893,0.0201095659285783,3.016333103179932,0.5174919366836548,-9.998774528503418,-2.16353702545166,0.6023836135864258,-3.7690374851226807,0.5822740793228149,-0.5618090033531189,3,3.701426267623901,17.2657527923584,138.0,52.21158981323242,151.70932006835938,251.20704650878903,0.0306770671159029,0.5443234443664551,-2.882915735244751,20.126052856445312,0.271080881357193,0.3139631152153015,0.35684534907341,0.0857644528150558,20.967180252075195
0.1195057481527328,0.4801499247550964,-2.42091703414917,0.1043911203742027,0.182254821062088,-2.2922818660736084,0.1130982488393783,0.7757512927055359,-2.528548240661621,-5.992220878601074,2.6398744583129883,-0.9657844305038452,2.609358072280884,0.1865237802267074,-12.966093063354492,0.80119788646698,-0.2516092956066131,-6.97387170791626,0.7141751050949097,-0.6458749175071716,3,3.3809728622436523,17.369905471801758,208.0,59.60750961303711,174.29087829589844,288.9742431640625,0.1214851289987564,0.4907709062099457,-2.403322696685791,20.756345748901367,0.3010969758033752,0.336837500333786,0.3725779950618744,0.0714810341596603,20.750879287719727
0.0361703187227249,0.5335918068885803,-1.8383941650390625,0.0427661761641502,0.2366873770952224,-1.6116801500320437,0.0157788041979074,0.8160699605941772,-1.7863694429397583,-6.172565937042236,2.847428798675537,0.200601115822792,2.443308115005493,0.4897983372211456,-17.056499481201172,-1.5183650255203247,0.3899591565132141,-10.883933067321776,0.189358040690422,-0.99980890750885,3,3.897418260574341,18.329364776611328,79.0,48.83414077758789,135.90797424316406,222.98182678222656,0.0283807888627052,0.5631043910980225,-2.121708631515503,10.133310317993164,0.3816797137260437,0.4048781096935272,0.4280764758586883,0.0463967435061931,22.226783752441406
0.0117583889514207,0.5457070469856262,1.2472422122955322,0.0061683161184191,0.2643058001995086,2.6609930992126465,0.0262361522763967,0.7483806014060974,1.7594821453094482,-6.324366092681885,2.720843315124512,-0.4887842833995819,2.8337130546569824,0.4052190780639648,-11.126934051513672,-1.8705500364303589,0.5159566402435303,-4.802567958831787,1.0047409534454346,-0.5571768879890442,3,3.3172028064727783,16.78067970275879,1173.0,58.706153869628906,184.6929473876953,310.6797180175781,0.0420242175459861,0.5353399515151978,1.9569708108901975,14.196261405944824,0.3160220086574554,0.3550015389919281,0.3939810693264007,0.0779590457677841,20.097883224487305
0.0565047524869442,0.4809198379516601,-1.8775265216827397,0.0676399543881416,0.1706445515155792,-1.7586770057678225,0.0259659998118877,0.761748731136322,-2.756171703338623,-5.792972087860107,2.9207923412323,-0.2098465859889984,2.3158202171325684,0.4282586872577667,-21.256248474121094,-0.8525838255882263,0.3202544748783111,-15.463276863098145,0.5301010608673096,0.3944480419158935,3,3.322888135910034,15.78353500366211,617.0,53.95573043823242,187.5115966796875,321.0674743652344,0.0492534898221492,0.5114730000495911,-2.1499595642089844,28.8482723236084,0.3205147087574005,0.3574092388153076,0.3943037390708923,0.0737890228629112,19.106422424316406
0.0472672246396541,0.5791093707084656,-3.072622776031494,0.0394641496241092,0.2863213419914245,2.9403610229492188,0.0627359449863433,0.8143524527549744,-2.838176012039185,-6.4812188148498535,2.6393961906433105,-0.3584111928939819,2.902109384536743,0.4978368878364563,-10.831339836120604,-1.929448246955872,0.7640158534049988,-4.350121021270752,1.122426986694336,0.1273489445447921,3,3.322888135910034,15.78353500366211,494.0,53.95573043823242,187.5115966796875,321.0674743652344,0.0668191388249397,0.5776625871658325,-3.115772247314453,23.385236740112305,0.3205147087574005,0.3574092388153076,0.3943037390708923,0.0737890228629112,19.106422424316406
0.079693354666233,0.6239072680473328,-2.069469451904297,0.0875176563858985,0.3154557049274444,-1.9386279582977293,0.0696880668401718,0.8209996223449707,-2.1911637783050537,-6.741415500640869,2.8175768852233887,-0.4097784757614136,2.880479335784912,0.2445176541805267,-11.316363334655762,1.7266706228256226,-0.02826320938766,-4.574947834014893,0.3815152645111084,0.8820516467094421,3,3.073497772216797,18.655893325805664,156.0,189.31544494628903,215.36175537109372,241.40806579589844,0.0478734523057937,0.5485121011734009,-2.381873607635498,25.9111270904541,0.3929937779903412,0.3737645149230957,0.3545352816581726,-0.0384585075080394,21.72939109802246
0.0648338049650192,0.5130056738853455,-2.990241289138794,0.0555288456380367,0.2152559757232666,-2.957612991333008,0.0696284547448158,0.7717139720916748,-2.8386571407318115,-6.5017170906066895,2.602492332458496,-0.5429702401161194,2.6857340335845947,0.4034608900547027,-13.031389236450195,-2.024081230163574,0.4936027526855469,-6.529672145843506,1.0365729331970217,0.9843819737434388,3,2.9835357666015625,17.65381622314453,184.0,57.520992279052734,258.1215209960937,458.7220764160156,0.0762444958090782,0.5212435722351074,-2.9528677463531494,4.039949417114258,0.2987532019615173,0.3404010236263275,0.3820488452911377,0.0832956358790397,20.637351989746094
0.0706198364496231,0.5050312280654907,-2.436394453048706,0.059221152216196,0.209782987833023,-2.316298007965088,0.0832890719175338,0.7614373564720154,-2.389044523239136,-5.68641996383667,3.2471377849578857,0.8737788200378418,2.5212979316711426,1.0324993133544922,-13.894940376281738,-1.7692550420761108,1.3578115701675415,-8.20851993560791,0.4840328097343445,-0.981313705444336,3,3.054409503936768,18.34471893310547,228.0,56.8506965637207,204.9571075439453,353.0635070800781,0.0928576737642288,0.4879762828350067,-2.4406871795654297,17.618282318115234,0.3400812745094299,0.3798059821128845,0.4195307195186615,0.0794494524598121,21.39912796020508
0.0759612545371055,0.5331940054893494,2.98310923576355,0.066302478313446,0.2460214495658874,3.0264925956726074,0.1055606976151466,0.7549030184745789,3.0269935131073,-6.108774185180664,2.541226863861084,-0.5701556205749512,2.8941001892089844,0.4783539175987243,-10.191866874694824,-0.9140880703926086,0.3081514835357666,-4.08309268951416,0.8783071041107178,0.4781937897205353,3,3.658847093582153,19.91021156311035,169.0,37.06821060180664,170.76904296875,304.4698791503906,0.0997396633028984,0.5270611643791199,3.026674270629883,25.57318115234375,0.2817724645137787,0.3298829793930053,0.3779934644699096,0.0962210148572921,23.56905937194824
0.0235306620597839,0.5634399652481079,2.5513899326324463,0.0106105953454971,0.2339769452810287,-2.11438250541687,0.0409365966916084,0.8023483157157898,2.6765170097351074,-5.578218460083008,2.8017823696136475,-0.019402215257287,2.4384360313415527,0.2478355765342712,-15.660293579101562,-1.2899190187454224,0.2596188485622406,-10.082075119018556,0.2790210545063019,-0.8600003719329834,3,3.417394161224365,15.758721351623535,541.0,48.41254425048828,193.76931762695312,339.1260986328125,0.0274664983153343,0.575322687625885,2.8762106895446777,13.514151573181152,0.2831567227840423,0.330501526594162,0.3778463304042816,0.0946896076202392,19.176115036010746
0.0627082362771034,0.4666559398174286,-2.4840145111083984,0.0582701377570629,0.1713272333145141,-2.40822172164917,0.0761538743972778,0.7372920513153076,-2.3817806243896484,-5.604201316833496,2.880536794662476,-0.3373256921768188,2.443346738815308,0.2266605645418167,-15.572665214538574,-2.391434907913208,0.2222899794578552,-9.968463897705078,0.5596156716346741,-0.9977557063102722,3,3.036694288253784,18.5638484954834,86.0,62.96828079223633,233.67843627929688,404.38861083984375,0.0739182233810424,0.4626055061817169,-2.501279830932617,10.043726921081545,0.3499263226985931,0.3878600895404815,0.42579385638237,0.0758675336837768,21.60054397583008
0.0612780451774597,0.6386546492576599,2.526679992675781,0.0647425055503845,0.3554665744304657,2.506141424179077,0.0404040552675724,0.8236017227172852,2.6605820655822754,-6.311198711395264,2.788254499435425,-0.1364029496908188,2.4793477058410645,0.5954982042312622,-16.46161651611328,-1.4542169570922852,0.3761627376079559,-10.15041732788086,0.5125657320022583,-0.9282651543617249,3,3.3504343032836914,16.984344482421875,505.0,56.58260726928711,189.81771850585935,323.0528259277344,0.0624477714300155,0.612621545791626,2.3074800968170166,18.20149803161621,0.2966939806938171,0.3419471383094787,0.3872002959251404,0.0905063077807426,20.33477783203125
0.0219308398663997,0.6115415096282959,-1.988031983375549,0.018424043431878,0.3290261626243591,-1.823544979095459,0.0363904982805252,0.8451406955718994,-2.2850019931793213,-7.499032020568848,2.8373610973358154,-0.0877733752131462,2.7083022594451904,0.3971243798732757,-14.506650924682615,-0.4951493740081787,0.0898980274796485,-7.0076189041137695,0.1776714026927948,-0.5512663125991821,3,2.47234320640564,19.045747756958008,224.0,231.92965698242188,309.0870361328125,386.2444458007813,0.014397750608623,0.6312460899353027,-2.511580228805542,10.071362495422363,0.4096758067607879,0.3941835761070251,0.3786913454532623,-0.0309844631701707,21.518091201782227
0.0793911963701248,0.5672260522842407,-2.433677196502685,0.0642119646072387,0.3006079196929931,-2.452791929244995,0.0816730633378028,0.7926098108291626,-2.3705508708953857,-6.574206829071045,2.9515128135681152,-0.0688892379403114,2.538088083267212,0.5146644711494446,-15.631365776062012,-2.480720996856689,0.449613481760025,-9.057158470153809,0.5185027122497559,-0.9926197528839112,3,3.95963978767395,18.77566337585449,101.0,72.37135314941406,123.68606567382812,175.00079345703125,0.0726897045969963,0.5657230019569397,-2.456733226776123,14.142327308654783,0.3093973100185394,0.3106128573417663,0.3118283748626709,0.0024310802109539,22.735301971435547
0.1110171005129814,0.4053999483585357,-2.0633788108825684,0.0980212837457656,0.1276486665010452,-2.0194544792175293,0.0511749424040317,0.749620795249939,-2.4498300552368164,-7.113309860229492,2.6029648780822754,0.2351072579622268,2.992844581604004,0.6920775771141052,-10.962627410888672,-2.825857400894165,0.8704088926315308,-3.84931755065918,0.6353015899658203,-0.9955261945724488,3,1.725841403007507,14.88967514038086,637.0,179.3502960205078,357.1086120605469,534.866943359375,0.0963882878422737,0.4134067893028259,-2.1930296421051025,19.02596092224121,0.3999548554420471,0.4013100862503052,0.4026653170585632,0.002710472093895,16.615516662597656
0.0646837353706359,0.5461083650588989,-2.767372131347656,0.0494833961129188,0.2671497166156769,-2.546215534210205,0.0756531581282615,0.7664697766304016,-2.7568318843841557,-6.084288597106934,2.659831047058105,-0.1418372541666031,2.454190731048584,0.1662831008434295,-16.576786041259766,-1.6467533111572266,0.1624015420675277,-10.492498397827148,0.3042387962341308,-0.5984600782394409,3,2.898829698562622,18.844284057617188,177.0,135.52174377441406,191.4327392578125,247.3437347412109,0.049361728131771,0.5534604787826538,3.1160850524902344,14.52076816558838,0.37461057305336,0.3531180024147033,0.3316254019737243,-0.0429851859807968,21.743114471435547
0.0360497459769248,0.5782026052474976,2.35168719291687,0.0414698459208011,0.294427752494812,2.300398349761963,0.0528454594314098,0.799809455871582,3.09391713142395,-5.488841533660889,2.702744483947754,0.1641140431165695,2.4025020599365234,0.5166735053062439,-16.504091262817383,-1.2633475065231323,0.5226004123687744,-11.015249252319336,0.3584863543510437,0.7190893888473511,3,3.254821300506592,16.77066993713379,744.0,63.272117614746094,177.2943115234375,291.3164978027344,0.0597169548273086,0.5696437358856201,2.79644513130188,20.98033905029297,0.3299055099487304,0.3624882698059082,0.3950710296630859,0.0651655048131942,20.02549171447754
0.0360992699861526,0.6162003874778748,2.762502431869507,0.051475066691637,0.3270065188407898,2.3227379322052,0.0337341837584972,0.8180344104766846,-2.927924156188965,-7.070180416107178,2.453376054763794,0.5004457831382751,4.316216945648193,0.4190792739391327,-7.693954944610596,-2.204756736755371,0.5950020551681519,-0.6237743496894836,0.0945562422275543,0.6188818216323853,3,3.196359872817993,18.5269832611084,395.0,88.08850860595703,203.17916870117188,318.26983642578125,0.0354259572923183,0.6034507751464844,2.3920936584472656,27.35041236877441,0.418883204460144,0.4234925806522369,0.4281019568443298,0.0092187710106372,21.72334289550781
0.0819635987281799,0.4664713442325592,-2.203761577606201,0.0566049292683601,0.2056747823953628,-2.190722942352295,0.0859472677111625,0.6972190141677856,-2.1786623001098637,-5.782163619995117,2.791227102279663,-0.1925094276666641,2.4454667568206787,0.2448446601629257,-16.052169799804688,-2.177679538726806,0.4535151124000549,-10.27000617980957,0.6460245251655579,0.9843819737434388,3,,,8.0,,,,0.0725094601511955,0.4674267768859863,-2.4215869903564453,2.0436198711395264,,,,,
0.0421819314360618,0.568556010723114,-2.0154776573181152,0.0293083433061838,0.2674769163131714,-1.6809027194976809,0.0404581688344478,0.7952853441238403,-2.313821315765381,-5.8768086433410645,2.6537647247314453,-0.577954888343811,2.488693952560425,0.4386810064315796,-15.062975883483888,-2.1578714847564697,0.4746520817279815,-9.186166763305664,1.0526069402694702,-0.8784235715866089,3,3.821347236633301,18.523426055908203,130.0,58.68146133422852,133.24818420410156,207.8148956298828,0.043368361890316,0.5895770192146301,-2.429132461547852,11.471185684204102,0.3869493305683136,0.4015687704086303,0.4161882102489471,0.0292388889938592,22.34477424621582
0.0792312175035476,0.5473458766937256,-2.1718032360076904,0.0665123760700225,0.2484989613294601,-2.20160174369812,0.0654213726520538,0.814332902431488,-1.7219668626785278,-6.134232044219971,2.718515396118164,0.4224112033843994,2.550896644592285,0.3039145767688751,-14.395234107971191,-1.165274977684021,0.2618958353996277,-8.261002540588379,-0.1605153828859329,-0.9256507754325868,3,,,127.0,,,,0.0373666957020759,0.5680474638938904,-2.1206302642822266,17.355009078979492,,,,,
0.0393381044268608,0.5806775093078613,-2.332017183303833,0.0234615504741668,0.2790020108222961,-2.31031346321106,0.0206461027264595,0.8379799127578735,-2.632560968399048,-6.553927421569824,2.8899571895599365,-0.2234778404235839,2.378554105758667,0.1961962580680847,-20.613035202026367,-0.6854081153869629,-0.0064871706999838,-14.05910873413086,0.216990664601326,-0.9356583952903748,3,2.4834694862365723,17.689693450927734,187.0,153.57421875,226.21974182128903,298.865234375,0.0177885685116052,0.5953241586685181,-1.8549110889434812,15.34612274169922,0.389515072107315,0.3828490376472473,0.3761829733848572,-0.013332107104361,20.17316246032715
0.083753615617752,0.5695332884788513,-2.934900999069214,0.0711809247732162,0.2703399360179901,-2.900174379348755,0.070634052157402,0.8117676377296448,-2.7167911529541016,-6.017237186431885,2.7265520095825195,-0.2341778874397277,2.435244083404541,0.2679838240146637,-16.963050842285156,-0.3094062805175781,-0.1747712790966034,-10.94581413269043,0.0594066083431243,0.3823564350605011,3,2.74457049369812,17.597362518310547,420.0,68.93495178222656,221.73089599609372,374.52685546875,0.0744660273194313,0.5783909559249878,-3.084880352020264,37.93253326416016,0.312336653470993,0.3466123938560486,0.3808881044387817,0.0685514509677887,20.34193229675293
0.065884381532669,0.4905974268913269,-2.331493616104126,0.0577167831361293,0.2137769013643264,-2.213176727294922,0.0737289860844612,0.7418587803840637,-2.0571742057800293,-6.059823989868164,2.7538058757781982,-0.6114341616630554,2.555988073348999,0.5006642937660217,-14.025381088256836,2.6306471824646,-0.092764213681221,-7.96555757522583,0.5186699628829956,1.0,3,3.739944696426392,20.388824462890625,36.0,52.33453750610352,167.2694091796875,282.20428466796875,0.0653691962361335,0.542755663394928,-2.301163911819458,2.7802884578704834,0.2599080502986908,0.3009330034255981,0.3419579863548279,0.0820499211549758,24.12876892089844
0.1588689088821411,0.3389698565006256,-2.5517022609710693,0.1293834298849105,0.0556519515812397,-2.313032627105713,0.1365681439638137,0.6471226215362549,-2.97062087059021,-6.328599452972412,2.7328104972839355,-0.5074670314788818,2.52917218208313,0.7041349411010742,-15.29648208618164,-2.0168912410736084,1.1446107625961304,-8.96788215637207,1.6520777940750122,-0.7139028906822205,3,2.832625389099121,18.081876754760746,309.0,57.408729553222656,221.8246612548828,386.2406005859375,0.1181140542030334,0.403512567281723,-2.687779188156128,17.750247955322266,0.3472971022129059,0.3852028548717499,0.4231085777282715,0.0758114606142044,20.914501190185547
0.0436006896197795,0.6270654797554016,-3.107286214828491,0.0360357873141765,0.3325580954551697,-3.044638395309448,0.0249281860888004,0.8380323648452759,2.985877513885498,-6.943006992340088,2.772647857666016,-0.067259170114994,3.875091075897217,0.6078822016716003,-6.2383341789245605,-2.2345097064971924,0.7693724036216736,0.704672634601593,0.8366315364837646,-0.8909868001937866,3,3.3644285202026367,13.71791934967041,976.0,61.33974075317383,177.55616760253906,293.7725830078125,0.0538651458919048,0.6103670597076416,2.5568909645080566,44.41066360473633,0.3136453330516815,0.3476036489009857,0.3815619349479675,0.0679166093468666,17.082347869873047
0.0812357515096664,0.5626603960990906,2.9027817249298096,0.0688200071454048,0.2693895995616913,2.8565304279327397,0.073323093354702,0.8175745606422424,3.079237937927246,-5.0304059982299805,2.750434398651123,-0.2188019603490829,2.5954630374908447,0.7632230520248413,-11.245820045471191,-1.3820568323135376,0.5969568490982056,-6.215414047241211,0.8157588243484497,-0.8098490834236145,3,2.885401964187622,18.66289329528809,266.0,51.31468963623047,214.58322143554688,377.8517456054688,0.0853903889656066,0.5523198246955872,2.8180902004241943,18.33087921142578,0.3792149424552917,0.4163238108158111,0.4534326791763305,0.0742177292704582,21.548295974731445
0.0861825346946716,0.545779824256897,-1.6787911653518677,0.0634296536445617,0.2634655237197876,-1.7736135721206665,0.088391400873661,0.7864969372749329,-1.2253307104110718,-6.21049690246582,2.7828757762908936,-0.6920551657676697,2.6387693881988525,0.5830333828926086,-12.901877403259276,1.1185113191604614,-0.6487033367156982,-6.691380977630615,0.0433518067002296,-0.6632408499717712,3,3.0977587699890137,18.873550415039062,221.0,216.7979736328125,226.03634643554688,235.27471923828125,0.0529981926083564,0.558292806148529,-1.4496312141418457,12.877724647521973,0.3943151831626892,0.367923229932785,0.3415312767028808,-0.0527838952839374,21.971309661865234
0.04859060049057,0.4935224652290344,-2.6052324771881104,0.0428875871002674,0.1765880584716797,-2.059346437454224,0.0531627386808395,0.7767778635025024,3.0644655227661133,-6.61082935333252,2.7917287349700928,-0.2549796402454376,3.4560275077819824,0.815447211265564,-8.162717819213867,-1.5604276657104492,0.9537678360939026,-1.5518882274627686,1.2087475061416626,-0.8623304963111877,3,3.2840564250946045,17.486474990844727,629.0,66.41284942626953,179.14682006835938,291.8807983398437,0.0558785870671272,0.5148338675498962,-2.789029598236084,20.967248916625977,0.3778355419635772,0.4042763113975525,0.4307170808315277,0.052881546318531,20.770530700683597
0.0392882339656353,0.4715061783790588,2.550013303756714,0.0365322530269622,0.2222559154033661,2.7606630325317383,0.0249270256608724,0.786405622959137,2.326424360275269,-12.04338550567627,3.30708646774292,1.315652847290039,4.028320789337158,0.302537202835083,-12.370054244995115,-2.4964630603790283,0.3454530835151672,-0.3266684710979461,-0.970199704170227,0.9412842988967896,3,2.552700519561768,17.900083541870117,238.0,173.13128662109375,229.8988342285156,286.6663818359375,0.0458474978804588,0.5435187816619873,2.1161563396453857,19.35916328430176,0.3909032344818115,0.3784690797328949,0.3660349249839782,-0.0248682927340269,20.452783584594727
0.0608579590916633,0.5692171454429626,2.369497299194336,0.0566668845713138,0.2813912630081177,2.182857036590576,0.0479123182594776,0.7963380217552185,2.6197397708892822,-6.120680809020996,2.7733054161071777,-0.598388671875,2.7445333003997803,0.5641160011291504,-11.534039497375488,-1.3083006143569946,0.4344426989555359,-5.413358688354492,1.0328314304351809,0.0916797891259193,3,3.417394161224365,15.758721351623535,478.0,48.41254425048828,193.76931762695312,339.1260986328125,0.0676270127296447,0.5623396039009094,2.5804994106292725,11.627785682678224,0.2831567227840423,0.330501526594162,0.3778463304042816,0.0946896076202392,19.176115036010746
0.0525108613073825,0.5941284894943237,-3.0636134147644043,0.0363529063761234,0.3273347616195678,2.9812099933624268,0.0433161258697509,0.8016394376754761,-3.1368632316589355,-6.589998245239258,2.773409366607666,0.3202268779277801,3.230205774307251,0.3762327134609222,-8.97930908203125,-2.999228477478028,0.2431015521287918,-2.3893110752105717,-0.0771253183484077,0.967674434185028,3,2.259446382522583,17.973438262939453,471.0,230.49093627929688,300.5049133300781,370.5188903808594,0.0407981649041175,0.5597715377807617,-2.914284467697144,33.366634368896484,0.4097487330436706,0.396050214767456,0.3823516964912414,-0.0273970142006874,20.23288345336914
0.0419029779732227,0.5193451046943665,-2.4033219814300537,0.0318456776440143,0.2361449897289276,-2.3855698108673096,0.029868422076106,0.7066633701324463,-2.8925697803497314,-5.273180961608887,2.575071334838867,-0.0819781497120857,2.4083735942840576,0.2874906361103058,-15.73805332183838,1.4967809915542605,-0.3261744379997253,-10.464873313903809,-0.2441962957382202,-0.9135977625846864,3,2.9051971435546875,18.400053024291992,215.0,165.7752227783203,205.0191192626953,244.2630157470703,0.0185795314610004,0.4882656037807464,-2.852774143218994,19.91122817993164,0.3858297169208526,0.3633542656898498,0.340878814458847,-0.0449509136378765,21.30525016784668
0.0966684073209762,0.5003486275672913,-2.588212490081787,0.0857257544994354,0.1871950328350067,-2.4183905124664307,0.0817632973194122,0.7723118662834167,-2.55130934715271,-6.265233039855957,2.8357551097869877,0.1091042011976242,2.4635188579559326,0.5583697557449341,-16.746070861816406,-2.5399746894836426,0.7592694759368896,-10.480836868286133,0.650165319442749,0.7893043756484985,3,3.4717321395874023,18.77230834960937,164.0,57.70619201660156,176.94410705566406,296.1820068359375,0.0865920782089233,0.5652768015861511,-2.5565996170043945,12.047656059265137,0.3265365660190582,0.3569987416267395,0.3874608874320984,0.0609243288636207,22.244041442871094
0.0511647909879684,0.5410178303718567,-3.053941011428833,0.0477795042097568,0.2783330678939819,3.0130720138549805,0.0508206859230995,0.8083956837654114,-2.1584157943725586,-5.805679798126221,2.854376554489136,-0.634265124797821,2.410999059677124,0.1610446721315384,-17.354341506958008,0.4384013712406158,-0.2122008949518203,-11.548662185668944,0.4220642149448395,0.8203874230384827,3,3.073497772216797,18.655893325805664,84.0,189.31544494628903,215.36175537109372,241.40806579589844,0.0286822021007537,0.5305604338645935,2.928386926651001,20.3143253326416,0.3929937779903412,0.3737645149230957,0.3545352816581726,-0.0384585075080394,21.72939109802246
0.0345159396529197,0.6698461771011353,-3.020869493484497,0.0326242744922637,0.3697341978549957,-3.090480089187622,0.0153581537306308,0.8821964859962463,3.0583362579345703,-6.6805806159973145,2.6298513412475586,0.0528861917555332,2.6637978553771973,0.1538321077823639,-13.491052627563477,2.3985464572906494,-0.1648590415716171,-6.81047248840332,-0.21774522960186,0.1993956118822097,3,1.9519697427749636,16.403728485107422,254.0,186.6157989501953,321.0116271972656,455.407470703125,0.0439584627747535,0.6292105317115784,2.380880355834961,17.755168914794922,0.4025990664958954,0.4026177227497101,0.4026363790035248,3.732679397216998e-05,18.355697631835938
0.0508219301700592,0.5243587493896484,-2.3711299896240234,0.0414649583399295,0.2462557256221771,-2.5655548572540283,0.0328786000609397,0.760046660900116,-2.3226325511932373,-6.139467716217041,2.5826244354248047,-0.2593950033187866,2.608492136001587,0.1270888000726699,-13.549432754516602,-1.1180086135864258,0.0912765264511108,-7.409964561462402,0.3506715297698974,0.9843819737434388,3,,,157.0,,,,0.0221198480576276,0.4960280060768127,2.8006458282470703,3.0740180015563965,,,,,
0.0468227639794349,0.6200765371322632,2.904802083969116,0.0424372255802154,0.3035517930984497,2.8332905769348145,0.0388547480106353,0.862185001373291,2.836158275604248,-6.068679332733154,2.2826526165008545,-0.2954710721969604,2.4897031784057617,0.1650921702384948,-15.639562606811523,0.4107263088226318,0.059241984039545,-9.570882797241213,0.3547130823135376,0.6937899589538574,3,2.522315263748169,13.202803611755373,1244.0,116.20440673828124,262.2276611328125,408.2509460449219,0.0669765397906303,0.6629633903503418,2.462360382080078,32.48270797729492,0.3713248372077942,0.3859090805053711,0.4004933536052704,0.0291685238480567,15.725119590759276
0.0488534308969974,0.4846891164779663,-2.380486488342285,0.033833734691143,0.2661792933940887,-2.240783929824829,0.0429315194487571,0.6708232164382935,-2.3711137771606445,-6.378933429718018,2.6762449741363525,0.8575875759124756,2.539115190505981,0.5628264546394348,-15.169610023498535,-1.8731101751327517,0.6843770146369934,-8.790677070617676,-0.1732105463743209,-0.9032803773880004,3,3.957852602005005,18.48886108398437,136.0,59.001102447509766,120.58578491210938,182.17047119140625,0.0308995973318815,0.5049437284469604,-2.788524389266968,6.774891376495361,0.3030054569244385,0.3144450187683105,0.3258845508098602,0.0228790920227766,22.44671440124512
0.0460643284022808,0.6110367178916931,-2.1547133922576904,0.0347041226923465,0.3262499570846557,-3.13642692565918,0.0672624483704567,0.8131667375564575,-1.783894419670105,-6.75333833694458,2.6228415966033936,0.1726431548595428,2.7914845943450928,0.458433985710144,-12.231748580932615,-2.88183856010437,0.236839085817337,-5.478410243988037,0.0641959384083747,-0.997471570968628,3,3.073497772216797,18.655893325805664,84.0,189.31544494628903,215.36175537109372,241.40806579589844,0.0197951458394527,0.5615183115005493,-2.898090124130249,13.559054374694824,0.3929937779903412,0.3737645149230957,0.3545352816581726,-0.0384585075080394,21.72939109802246
0.1581587791442871,0.3788313269615173,-2.376922369003296,0.1169973835349083,0.1253924518823623,-2.3703784942626958,0.1359372287988662,0.6664105653762817,-2.473609447479248,-5.529411792755127,3.1880359649658203,0.4323304891586303,2.3781063556671143,0.9035786986351012,-17.571208953857422,-1.6266777515411377,0.9373925924301147,-12.041796684265137,0.5050621032714844,-0.4964561760425567,3,2.47234320640564,19.045747756958008,554.0,231.92965698242188,309.0870361328125,386.2444458007813,0.0840426832437515,0.4154540300369262,-2.503253698348999,36.22332763671875,0.4096758067607879,0.3941835761070251,0.3786913454532623,-0.0309844631701707,21.518091201782227
0.0406679734587669,0.5443328022956848,-1.8717015981674197,0.0404557175934314,0.2258503288030624,-1.5306979417800903,0.016057226806879,0.8295608758926392,2.7476136684417725,-6.315332412719727,2.8244707584381104,0.3066413104534149,2.4466121196746826,0.4230308830738067,-17.47564125061035,-2.403486490249634,0.6902604699134827,-11.160307884216309,0.3836191892623901,0.8780657052993774,3,3.0474295616149902,16.574810028076172,1433.0,87.3613510131836,223.76040649414065,360.1594543457031,0.0298959724605083,0.5372166037559509,-2.8556416034698486,28.901498794555664,0.4253615438938141,0.4441711008548736,0.4629806578159332,0.0376191064715385,19.622238159179688
0.081872709095478,0.5088322758674622,-2.332283973693848,0.0861242488026619,0.1953055560588836,-2.028620719909668,0.0626646503806114,0.8060765266418457,-2.8333899974823,-5.46864128112793,2.4374849796295166,-0.4142417311668396,2.4846420288085938,0.363612413406372,-14.110995292663574,-1.1159549951553345,0.0795829519629478,-8.642354011535645,0.4938246607780456,0.98293936252594,3,3.2021901607513428,16.90087127685547,814.0,63.20361328125,194.62864685058597,326.0536804199219,0.0794146806001663,0.5692555904388428,-2.839275360107422,19.35517883300781,0.336027055978775,0.3724278211593628,0.4088286161422729,0.0728015527129173,20.10306167602539
0.141940027475357,0.3932468593120575,-2.5956084728240967,0.1135125458240509,0.1261730641126632,-2.561758041381836,0.1245777755975723,0.6328142881393433,-2.514517307281494,-5.696916103363037,2.730211019515991,0.2495338171720504,2.395280122756958,0.3513596653938293,-17.341867446899414,-1.0607433319091797,0.1608429849147796,-11.64495086669922,-0.0886908248066902,0.2377237677574157,3,3.054409503936768,18.34471893310547,95.0,56.8506965637207,204.9571075439453,353.0635070800781,0.1016180664300918,0.4114773869514465,-2.572496175765991,9.717978477478027,0.3400812745094299,0.3798059821128845,0.4195307195186615,0.0794494524598121,21.39912796020508
0.0673503205180168,0.4787137806415558,-2.3433098793029785,0.0596268437802791,0.179850086569786,-2.1047356128692627,0.0816049501299858,0.7662361860275269,-2.431368350982666,-5.555932521820068,2.889653444290161,-0.1549583077430725,2.36812686920166,0.3243975043296814,-17.929861068725586,-2.5706655979156494,0.3667453229427337,-12.37392807006836,0.5217036008834839,-0.998000979423523,3,3.410135269165039,19.074974060058597,104.0,59.13506317138672,187.2455291748047,315.3559875488281,0.0787499472498893,0.5060654282569885,-2.449763298034668,12.95765495300293,0.3334270119667053,0.3706133365631103,0.4077996611595154,0.0743726417422294,22.485109329223636
0.0456504970788955,0.505727231502533,-2.2411227226257324,0.0512839071452617,0.2154587507247924,-1.887607455253601,0.0490242578089237,0.7641285061836243,-2.328134298324585,-6.169753551483154,2.789053201675415,-0.7493042945861816,2.631001234054565,0.4653438627719879,-13.069951057434082,-1.5296883583068848,0.3816202580928802,-6.900197505950928,1.1309245824813845,0.9987109303474426,3,3.70670485496521,20.182064056396484,37.0,54.62420654296875,169.0652618408203,283.5063171386719,0.0545644722878932,0.5503947734832764,-2.214694738388061,3.5414443016052246,0.2627213597297668,0.303373247385025,0.3440251052379608,0.0813037529587745,23.888769149780277
0.0087068695574998,0.6560908555984497,-2.292041301727295,0.0098143378272652,0.3723446726799011,1.9763917922973635,0.0255075227469205,0.8322736024856567,-1.4618098735809326,-6.641603469848633,2.635782241821289,-1.2600741386413574,2.604965209960937,0.2441581338644027,-14.43416976928711,1.7940917015075684,-0.4502985179424286,-7.792566776275635,0.8097756505012512,0.639906108379364,3,3.701426267623901,17.2657527923584,882.0,52.21158981323242,151.70932006835938,251.20704650878903,0.0251373685896396,0.6425880193710327,2.65264630317688,23.51929473876953,0.271080881357193,0.3139631152153015,0.35684534907341,0.0857644528150558,20.967180252075195
0.0491230636835098,0.5585697889328003,3.088619947433472,0.044580839574337,0.2602674961090088,-3.1315431594848637,0.0370894931256771,0.7902981042861938,-2.8764212131500244,-6.792137622833252,2.689028263092041,-0.5401158332824707,2.69815731048584,0.4310374855995178,-13.279425621032717,-2.9761593341827397,0.4797388613224029,-6.487287998199463,1.0198546648025513,0.9843819737434388,3,3.3172028064727783,16.78067970275879,305.0,58.706153869628906,184.6929473876953,310.6797180175781,0.0490731820464134,0.5822795629501343,2.9889848232269287,3.036832332611084,0.3160220086574554,0.3550015389919281,0.3939810693264007,0.0779590457677841,20.097883224487305
0.0284432675689458,0.5465158224105835,-1.7407187223434448,0.0122126992791891,0.2643698155879974,-3.121738910675049,0.0524998642504215,0.7929961085319519,-1.5982164144515991,-5.809661865234375,2.647491693496704,-0.2837949693202972,2.489176750183105,0.2087170481681823,-14.963950157165527,-1.2228360176086426,0.1372822970151901,-9.154288291931152,0.4210772514343261,-0.4030619859695434,3,1.833036184310913,19.88008117675781,365.0,493.2496948242188,538.1492919921875,583.048828125,0.0206527505069971,0.5481004118919373,-1.263991355895996,23.86315155029297,0.4181178212165832,0.405983418226242,0.3938490152359009,-0.0242688041180372,21.713117599487305
0.0594632886350154,0.611015260219574,-2.8885202407836914,0.0576438978314399,0.3066628873348236,-2.979899883270264,0.0343673042953014,0.8334033489227295,-2.3370254039764404,-6.115304470062256,2.9447805881500244,0.5764504671096802,2.39023756980896,0.455203115940094,-18.85984992980957,-1.8458225727081297,0.5196133852005005,-12.744545936584473,-0.0568370819091796,0.534064769744873,3,3.2306628227233887,19.184459686279297,68.0,187.4712371826172,205.01678466796875,222.5623321533203,0.0194863174110651,0.5770072937011719,2.750683069229126,16.54875373840332,0.3991158306598663,0.3824970424175262,0.3658782243728637,-0.0332376211881637,22.415122985839844
0.0393446907401084,0.5283172726631165,-3.0922255516052246,0.02989087626338,0.2414764016866684,3.0961618423461914,0.0241686943918466,0.8365407586097717,3.100294351577759,-6.400112152099609,3.074723243713379,-0.0322216190397739,2.576110601425171,0.8300027251243591,-14.688677787780762,-1.8703843355178835,1.1310418844223022,-8.288565635681152,1.1632635593414309,-0.9639331698417664,3,2.785609483718872,15.167236328125,700.0,107.0730438232422,230.23179626464844,353.3905639648437,0.047072310000658,0.6182215213775635,3.0534067153930664,16.044946670532227,0.3719104528427124,0.3842585980892181,0.3966067433357239,0.0246962923556566,17.95284652709961
0.0328445099294185,0.5660461783409119,-1.7406721115112305,0.0228414386510849,0.2896916270256042,-2.391752958297729,0.045212235301733,0.7847931981086731,-1.1551108360290527,-6.234492301940918,2.733086109161377,0.0452664196491241,2.5250210762023926,0.0731235817074775,-15.257089614868164,-0.3460943400859833,-0.1624069064855575,-9.022598266601562,-0.2076733261346817,1.0,3,1.8384923934936523,16.586759567260742,552.0,306.4744873046875,335.6703796386719,364.86627197265625,0.0323004536330699,0.546480655670166,-1.4247665405273438,28.82769203186035,0.4152522981166839,0.4048923850059509,0.3945324718952179,-0.0207198243588209,18.42525291442871
0.0243648197501897,0.6054967045783997,-2.2878072261810303,0.0220295675098896,0.309365451335907,-2.782723188400269,0.0199767723679542,0.8187171220779419,-1.089242935180664,-6.6919121742248535,2.611570358276367,0.3783925473690033,2.822425365447998,0.2861785590648651,-11.731575012207031,-1.985510230064392,0.4020284414291382,-5.039662837982178,0.0236359015107154,-0.9976966381072998,3,1.9519697427749636,16.403728485107422,595.0,186.6157989501953,321.0116271972656,455.407470703125,0.0159281771630048,0.5926785469055176,2.67329216003418,15.932756423950195,0.4025990664958954,0.4026177227497101,0.4026363790035248,3.732679397216998e-05,18.355697631835938
0.1700919568538665,0.4070861637592315,-2.733438730239868,0.142746016383171,0.1340939849615097,-2.580721855163574,0.1518182903528213,0.7072335481643677,-2.9109678268432617,-5.490822792053223,2.76391077041626,-0.4360337555408478,2.397146224975586,0.203771561384201,-16.64383888244629,-1.236938238143921,0.0763214826583862,-11.153016090393066,0.5123552083969116,0.7761998772621155,3,3.392768144607544,19.320724487304688,82.0,53.490020751953125,183.22525024414065,312.9604797363281,0.1417140960693359,0.4578811228275299,-2.811105966567993,6.815160274505615,0.3090569078922272,0.3536306321620941,0.398204356431961,0.0891474261879921,22.71349334716797
0.0370260216295719,0.5769217014312744,-3.0712811946868896,0.0424666702747345,0.2950348854064941,2.495887517929077,0.0429752841591835,0.8112512826919556,-1.8907071352005005,-6.050932884216309,2.815473794937134,-0.4357116222381592,2.37890362739563,0.5420788526535034,-19.011377334594727,2.466512441635132,0.1487285941839218,-12.960444450378418,0.5844402313232422,-0.9129958748817444,3,2.0735483169555664,18.14908218383789,157.0,369.7060852050781,412.3130493164063,454.9200134277344,0.0195290725678205,0.6161595582962036,-2.8463022708892822,12.375333786010742,0.41785529255867,0.4049345552921295,0.392013818025589,-0.0258414931595325,20.22262954711914
0.0530898831784725,0.5612217783927917,-2.9005532264709477,0.0441078506410121,0.2562115490436554,-3.048393487930298,0.0461878441274166,0.7817869186401367,-2.6822516918182373,-6.250699043273926,2.6029224395751958,-0.1310478448867797,2.9322190284729004,0.5966746211051941,-10.06753158569336,-1.5483641624450684,0.7212924361228943,-3.8168323040008554,0.8523402810096741,0.6875092387199402,3,3.677887201309204,19.046476364135746,128.0,81.16242218017578,145.640625,210.11883544921875,0.0475129149854183,0.5282288789749146,3.127739906311035,15.043013572692873,0.3899702727794647,0.4020422995090484,0.4141143262386322,0.0241440571844577,22.724363327026367
0.0427258424460887,0.6208218336105347,-1.8901551961898804,0.0275170002132654,0.3334036469459533,-2.294355154037476,0.0554631911218166,0.8276590704917908,-1.3353623151779177,-6.247406482696533,2.560729742050171,-0.0126349907368421,2.39028000831604,0.2197227329015731,-19.235525131225582,0.27301225066185,-0.2892598211765289,-12.988118171691896,-0.2766248285770416,0.9742192625999452,3,3.0977587699890137,18.873550415039062,191.0,216.7979736328125,226.03634643554688,235.27471923828125,0.0213446076959371,0.6052455306053162,-1.4425642490386963,17.403114318847656,0.3943151831626892,0.367923229932785,0.3415312767028808,-0.0527838952839374,21.971309661865234
0.0819596499204635,0.5696235299110413,-3.030961513519287,0.0784415602684021,0.3043839037418365,3.091930627822876,0.0719403550028801,0.770374596118927,-2.835821390151977,-6.091416835784912,2.607246398925781,-0.7873753905296326,2.587056875228882,0.2751764357089996,-13.606643676757812,-2.3724093437194824,0.3143023550510406,-7.5152268409729,1.1016777753829956,-0.5984600782394409,3,3.897473335266113,18.800830841064453,114.0,64.0091552734375,131.11370849609375,198.21827697753903,0.0631167665123939,0.523426353931427,3.0520405769348145,2.7802884578704834,0.4230110347270965,0.4300719797611236,0.4371329247951507,0.0141218630596995,22.698305130004883
0.117067202925682,0.3997811675071716,-2.785142421722412,0.0906830355525016,0.1069373860955238,-2.555598497390747,0.129630908370018,0.6601138114929199,-2.6956849098205566,-5.384163856506348,2.7590548992156982,-0.063119351863861,2.474470853805542,0.5367236733436584,-14.129144668579102,-1.1987539529800415,0.7401730418205261,-8.744979858398438,0.8032923936843872,0.3664567768573761,3,3.392768144607544,19.320724487304688,81.0,53.490020751953125,183.22525024414065,312.9604797363281,0.1021332144737243,0.4111245274543762,-2.904309034347534,26.414609909057617,0.3090569078922272,0.3536306321620941,0.398204356431961,0.0891474261879921,22.71349334716797
0.126730278134346,0.4549117982387543,-2.515244960784912,0.1163853928446769,0.1846468597650528,-2.396040678024292,0.0872309952974319,0.668895959854126,-2.522278070449829,-6.685666561126709,2.491046190261841,0.1503776013851165,2.643468141555786,0.2394223809242248,-13.92204475402832,0.4615892469882965,-0.155137225985527,-7.236378192901611,-0.3055148422718048,0.8200450539588928,3,3.5792973041534424,18.24114799499512,457.0,109.32217407226562,146.40679931640625,183.49142456054688,0.0818125084042549,0.4795649647712707,-2.79201602935791,4.4903998374938965,0.3548375964164734,0.3290828764438629,0.3033281862735748,-0.0515093877911567,21.820444107055664
0.0550725944340229,0.5920692682266235,-2.722616910934448,0.0423987321555614,0.310319721698761,-2.930487155914306,0.0495737232267856,0.8175178170204163,-2.553555011749268,-6.472017288208008,2.703087091445923,-0.2897865176200866,2.4836361408233643,0.2875044643878937,-16.753009796142578,2.9483025074005127,0.246747151017189,-10.280993461608888,0.5365336537361145,-0.4480736255645752,3,2.9051971435546875,18.400053024291992,370.0,165.7752227783203,205.0191192626953,244.2630157470703,0.0446969605982303,0.5749467611312866,-3.0459020137786865,20.565940856933597,0.3858297169208526,0.3633542656898498,0.340878814458847,-0.0449509136378765,21.30525016784668
0.0577717460691928,0.5718710422515869,-2.2639000415802,0.0461530163884162,0.2930586338043213,-2.220639944076538,0.0559714660048484,0.7886327505111694,-2.5272152423858643,-6.419758319854736,2.679406881332397,-0.1611956506967544,2.495857954025269,0.594165563583374,-16.35006332397461,-2.2693324089050293,0.7220995426177979,-9.930304527282717,0.8832951784133911,0.9996442198753356,3,3.821347236633301,18.523426055908203,133.0,58.68146133422852,133.24818420410156,207.8148956298828,0.0480676516890525,0.5762217044830322,-2.5749197006225586,18.667949676513672,0.3869493305683136,0.4015687704086303,0.4161882102489471,0.0292388889938592,22.34477424621582
0.0899966731667518,0.2259964346885681,-2.1555683612823486,0.0797716155648231,0.0679413974285125,-2.0975801944732666,0.0606561116874218,0.577856183052063,-1.95911169052124,-6.403406143188477,2.807301521301269,0.365653932094574,2.4887118339538574,0.8628779053688049,-16.419904708862305,-2.10135269165039,0.9778178334236144,-10.016499519348145,0.6121639013290405,0.9987554550170898,3,3.254689931869507,17.74448013305664,370.0,59.23395919799805,213.26394653320312,367.2939453125,0.0471245683729648,0.3526210486888885,-2.461024045944214,16.080257415771484,0.3391083776950836,0.3751541376113891,0.4111998677253723,0.0720914900302887,20.999168395996094
0.0636116191744804,0.5114201903343201,-2.880333662033081,0.0426135696470737,0.2341589480638504,-2.9648568630218506,0.0879122614860534,0.7383674383163452,-2.613027572631836,-6.294734954833984,2.549618721008301,-0.0952448472380638,2.672055721282959,0.4002292454242706,-12.662141799926758,-1.767062067985535,0.5342866778373718,-6.367407321929932,0.6295315623283386,0.8539698719978333,3,3.848713159561157,18.02607536315918,158.0,62.41988754272461,139.40977478027344,216.3996734619141,0.0873066037893295,0.5112197995185852,-2.6946303844451904,28.82257080078125,0.3780288100242615,0.4050221741199493,0.4320155382156372,0.0539867132902145,21.87478828430176
0.0539109893143177,0.5993204712867737,-3.035010814666748,0.0464291721582412,0.2951624691486358,-2.772855520248413,0.0518673248589038,0.8318260908126831,2.81203031539917,-7.170203685760498,2.6296772956848145,-0.7326792478561401,4.012795925140381,0.5330089330673218,-8.055240631103516,-2.412819623947144,0.4313288629055023,-0.8850365877151489,1.1640081405639648,-0.2697057127952575,3,2.832625389099121,18.081876754760746,648.0,57.408729553222656,221.8246612548828,386.2406005859375,0.0684411525726318,0.6022943258285522,2.8780014514923096,33.16090393066406,0.3472971022129059,0.3852028548717499,0.4231085777282715,0.0758114606142044,20.914501190185547
0.0276548992842435,0.6022031307220459,-2.6466472148895264,0.0184478480368852,0.296840101480484,-1.7899627685546875,0.0384559370577335,0.8488705158233643,-3.133630990982056,-6.658036708831787,2.9294137954711914,0.4229499995708465,2.4872424602508545,0.5586206316947937,-17.109010696411133,-2.754121780395508,0.7701303958892822,-10.450973510742188,0.3471803963184356,-0.4360773265361786,3,3.1804795265197754,15.105207443237305,608.0,71.4126968383789,182.2305908203125,293.0484924316406,0.0611502490937709,0.6339100003242493,2.390953302383423,20.232257843017575,0.3234232366085052,0.3517116606235504,0.3800000846385956,0.0565768443048,18.28568649291992
0.0251253880560398,0.5890980362892151,-2.7626774311065674,0.0145353870466351,0.312635600566864,-2.742684125900269,0.0272193402051925,0.8573231101036072,-2.368003368377685,-6.744360446929932,2.7940988540649414,0.4141962230205536,2.4304447174072266,0.8145139813423157,-19.19979858398437,-2.6097874641418457,0.6923895478248596,-12.455438613891602,0.278193324804306,0.8927657604217529,3,3.520676374435425,17.961851119995117,139.0,80.22244262695312,144.9574432373047,209.6924591064453,0.023340405896306,0.5984336137771606,-2.720558881759644,21.49725151062012,0.3865912854671478,0.383933424949646,0.3812755346298218,-0.0053157769143581,21.48252868652344
0.0735724195837974,0.5019086003303528,-2.870638132095337,0.0601136460900306,0.2148072719573974,-2.632554292678833,0.0615581534802913,0.7607977390289307,-3.009075164794922,-5.839882373809815,2.60632848739624,0.2906782329082489,2.55941104888916,0.5809804201126099,-13.481082916259766,-2.044280767440796,0.745659589767456,-7.641200542449951,0.4549813568592071,-0.9942553639411926,3,3.392768144607544,19.320724487304688,107.0,53.490020751953125,183.22525024414065,312.9604797363281,0.0788882970809936,0.5049583911895752,-2.8955769538879395,16.776023864746094,0.3090569078922272,0.3536306321620941,0.398204356431961,0.0891474261879921,22.71349334716797
0.0431885123252868,0.5668947100639343,-2.2068090438842773,0.0291027519851923,0.2800249457359314,-2.0462183952331543,0.0513228438794612,0.7903234362602234,-2.220511674880981,-6.058825969696045,2.6820385456085205,0.1644307225942611,2.8321638107299805,0.2155807316303253,-10.575410842895508,-2.4475972652435303,0.0184559468179941,-4.516585350036621,-0.1459747850894928,0.2628753781318664,3,2.9051971435546875,18.400053024291992,462.0,165.7752227783203,205.0191192626953,244.2630157470703,0.0546008348464965,0.5364598631858826,-2.270390272140503,36.86880874633789,0.3858297169208526,0.3633542656898498,0.340878814458847,-0.0449509136378765,21.30525016784668
0.0072164628654718,0.5725629329681396,-2.9576945304870605,0.0047071580775082,0.2663562297821045,-0.1348207890987396,0.0157415643334388,0.814118504524231,-2.6924428939819336,-5.9098286628723145,2.528735637664795,0.1289766281843185,2.531156063079834,0.6570430397987366,-14.314077377319336,-1.466423749923706,0.5129106640815735,-8.404248237609863,0.3839340507984161,-0.7077112793922424,3,3.897418260574341,18.329364776611328,113.0,48.83414077758789,135.90797424316406,222.98182678222656,0.0212641451507806,0.6041907072067261,2.9805610179901123,14.85041046142578,0.3816797137260437,0.4048781096935272,0.4280764758586883,0.0463967435061931,22.226783752441406
0.0277997162193059,0.5972590446472168,-2.3207528591156006,0.0316738002002239,0.2892490327358246,-1.9805116653442385,0.0242943093180656,0.8485966324806213,2.536961555480957,-6.824604511260986,2.2399027347564697,-0.1750531494617462,3.4433655738830566,0.2805067896842956,-8.645875930786133,-2.024002313613892,0.4871841371059418,-1.8212711811065676,0.662237286567688,-0.5152062773704529,3,3.548067092895508,16.671113967895508,677.0,46.14752960205078,176.9145050048828,307.6814880371094,0.0306371115148067,0.5970720052719116,3.1400954723358154,18.19907760620117,0.2821209728717804,0.3309460580348968,0.3797711133956909,0.0976501479744911,20.219181060791016
0.0357994809746742,0.3848009407520294,-2.9146690368652344,0.0222200956195592,0.1584378033876419,-2.605706691741944,0.0240569934248924,0.6479321122169495,-0.8551622033119202,-6.269289493560791,2.5526463985443115,-1.470004916191101,2.452073335647583,0.627866804599762,-17.053524017333984,0.5897062420845032,-0.7875089645385742,-10.784234046936035,0.6824960112571716,0.5539440512657166,3,3.9840996265411377,18.135818481445312,213.0,73.35504913330078,120.68889617919922,168.0227508544922,0.0191430244594812,0.3882569968700409,-2.25187087059021,7.6507744789123535,0.3512944877147674,0.3442033529281616,0.3371122181415558,-0.0141822695732116,22.119918823242188
0.0312424525618553,0.6195486187934875,-2.965656042098999,0.0229618810117244,0.3392843306064605,-3.108696937561035,0.035965196788311,0.8093155026435852,-2.163648843765259,-5.817543029785156,2.4135303497314453,0.0646702796220779,2.456492185592652,0.3735817968845367,-15.731999397277832,-0.94026118516922,0.2452316880226135,-9.914456367492676,0.1805614233016967,-0.8122307658195496,3,3.572702169418335,18.78898811340332,117.0,87.48943328857422,133.89459228515625,180.2997589111328,0.0231666974723339,0.6028655767440796,3.0683865547180176,6.164514064788818,0.3578193485736847,0.3433031439781189,0.3287869393825531,-0.0290323961526155,22.361690521240234
0.0101675456389784,0.5825491547584534,-1.5835933685302734,0.0106595950201153,0.3243063688278198,-2.930638551712036,0.0186901297420263,0.7984171509742737,-1.3650339841842651,-6.213388919830322,2.407431125640869,0.0501561425626277,2.5399091243743896,0.6465193033218384,-14.782228469848633,-0.4853489995002746,-0.04514105245471,-8.568839073181152,-0.0952971950173378,0.3491939604282379,3,2.2719497680664062,18.7736873626709,195.0,271.16845703125,303.5313720703125,335.894287109375,0.0062170843593776,0.5711392164230347,-0.3980706334114074,20.97236442565918,0.2980650067329407,0.2816076278686523,0.2651502788066864,-0.0329147316515445,21.045637130737305
0.0147184086963534,0.5845063328742981,-1.2153997421264648,0.0253212489187717,0.2559657096862793,-0.5334216356277466,0.0274199619889259,0.8367088437080383,-2.4226887226104736,-6.3936920166015625,2.591980218887329,-0.3385998010635376,2.9232912063598637,0.6464856863021851,-10.919989585876465,-1.7341350317001345,0.6924114227294922,-4.5262980461120605,1.0310112237930298,-0.5079377889633179,3,2.785609483718872,15.167236328125,962.0,107.0730438232422,230.23179626464844,353.3905639648437,0.0225735493004322,0.5977227687835693,-2.964695453643799,26.69203186035156,0.3719104528427124,0.3842585980892181,0.3966067433357239,0.0246962923556566,17.95284652709961
0.079287365078926,0.448523998260498,-2.513540744781494,0.0785475149750709,0.1855294704437255,-2.40136981010437,0.0616145394742488,0.7296428084373474,-2.717894554138184,-6.330122470855713,2.7178492546081543,-0.8798801898956299,2.731809139251709,0.1922058016061782,-12.07667064666748,-1.800617814064026,0.1575229465961456,-5.746547698974609,1.0374031066894531,-0.4854479432106018,3,3.254689931869507,17.74448013305664,307.0,59.23395919799805,213.26394653320312,367.2939453125,0.0648519322276115,0.495048314332962,-2.64353084564209,16.905712127685547,0.3391083776950836,0.3751541376113891,0.4111998677253723,0.0720914900302887,20.999168395996094
0.0883228629827499,0.5170386433601379,2.9365110397338867,0.0777150020003318,0.2375476509332656,2.8419528007507324,0.0739793851971626,0.7633808851242065,2.96747088432312,-6.015711307525635,2.8111765384674072,-0.2242816239595413,2.482442140579224,0.6083963513374329,-15.635903358459473,-2.0236566066741943,0.7836706042289734,-9.62019157409668,1.0079522132873535,-0.696461021900177,3,3.658793449401856,18.12486457824707,222.0,60.018367767333984,155.47482299804688,250.9312744140625,0.0695195943117141,0.5199837684631348,3.096803903579712,12.297541618347168,0.3728549182415008,0.4002811908721924,0.4277074635028839,0.0548525638878345,21.78365898132324
0.2469584941864013,0.3395619094371795,-2.7695295810699463,0.1961249858140945,0.0663904994726181,-2.702502012252808,0.205030083656311,0.6855794191360474,-2.7866361141204834,-5.058290481567383,2.7117440700531006,-0.7270315885543823,2.361030340194702,0.6076552271842957,-16.634336471557617,0.1666374951601028,-0.631373941898346,-11.576045989990234,0.0956576019525528,-0.6522437930107117,3,3.465940237045288,19.525362014770508,74.0,50.46172332763672,178.48760986328125,306.5135192871094,0.1660591661930084,0.4258671104907989,-2.8169105052948,12.857224464416504,0.2780943512916565,0.3245622813701629,0.3710302412509918,0.0929358750581741,22.99130249023437
0.1005360335111618,0.4817886352539062,-2.686700820922852,0.0825667157769203,0.2032621800899505,-2.613757848739624,0.0849094912409782,0.7623724937438965,-2.729647397994995,-5.410335063934326,2.7468388080596924,-0.4812497794628143,2.503363847732544,0.3869777023792267,-13.534751892089844,-0.459118127822876,-0.0123724760487675,-8.12441635131836,0.4688772857189178,-0.7087511420249939,3,3.054409503936768,18.34471893310547,85.0,56.8506965637207,204.9571075439453,353.0635070800781,0.0791749656200409,0.5155883431434631,-2.6785242557525635,8.165958404541016,0.3400812745094299,0.3798059821128845,0.4195307195186615,0.0794494524598121,21.39912796020508
0.0527481213212013,0.6153218150138855,-2.5016119480133057,0.0395094901323318,0.3273790776729584,-2.6877126693725586,0.0546039678156375,0.8281552791595459,-2.257730484008789,-6.215904712677002,2.7761006355285645,-0.1074925065040588,2.4550347328186035,0.3386000096797943,-16.815868377685547,-0.8175644278526306,0.2366912215948104,-10.599964141845703,0.3441837430000305,-0.4480736255645752,3,,,372.0,,,,0.0218472853302955,0.5449106693267822,3.0800912380218506,11.020246505737305,,,,,
0.0348896645009517,0.5469101667404175,-2.520014762878418,0.017298124730587,0.2581154108047485,-2.191453695297241,0.056330420076847,0.7713394165039062,-2.287351369857788,-6.82944393157959,2.862213611602783,-0.3698346614837646,2.653650045394897,0.4494947791099548,-14.0853853225708,-1.857834815979004,0.499919444322586,-7.255940914154053,0.8697540760040283,0.9879745841026306,3,3.16923451423645,18.925573348999023,60.0,63.75568389892578,230.1011962890625,396.44671630859375,0.0457855239510536,0.5480200052261353,-2.6579854488372803,3.551974296569824,0.3285881578922272,0.3661292195320129,0.4036702513694763,0.0750820860266685,22.094806671142575
0.0427775345742702,0.5671609044075012,-2.941260576248169,0.031362697482109,0.2680286169052124,-2.7144503593444824,0.043242797255516,0.8163226842880249,3.043989658355713,-6.264994621276856,2.197709798812866,-0.7621703147888184,2.8021903038024902,0.152951955795288,-11.175735473632812,-0.5744072198867798,0.0148310447111725,-4.910740852355957,0.7770013809204102,0.9998694062232972,3,3.254821300506592,16.77066993713379,514.0,63.272117614746094,177.2943115234375,291.3164978027344,0.050924152135849,0.5670003890991211,3.0101478099823,26.16223907470703,0.3299055099487304,0.3624882698059082,0.3950710296630859,0.0651655048131942,20.02549171447754
0.0534835197031497,0.5435044765472412,2.2328572273254395,0.0616406723856925,0.2854991257190704,1.9300720691680908,0.055123645812273,0.7585803270339966,2.477592945098877,-6.165279865264893,2.684049606323242,-0.0294283367693424,2.6458306312561035,0.0490801930427551,-12.808083534240724,1.4864180088043213,-0.1399821192026138,-6.64280366897583,-0.1105537861585617,0.5310187935829163,3,3.322888135910034,15.78353500366211,778.0,53.95573043823242,187.5115966796875,321.0674743652344,0.0635580867528915,0.5543923377990723,2.1441633701324463,17.959331512451172,0.3205147087574005,0.3574092388153076,0.3943037390708923,0.0737890228629112,19.106422424316406
0.0676325410604476,0.5090693235397339,-2.946641206741333,0.0570497252047061,0.2208121418952942,-2.864487886428833,0.0698040798306465,0.7761561274528503,-2.8196561336517334,-6.013726234436035,2.8664193153381348,0.2945767641067505,2.478240966796875,0.8905923366546631,-15.708447456359863,-1.9540700912475584,1.0503400564193726,-9.694721221923828,0.7557632923126221,-0.1631108820438385,3,2.9758059978485107,18.21444702148437,102.0,61.34770584106445,214.45704650878903,367.5663757324219,0.0676877051591873,0.5168771147727966,-2.968378782272339,6.842833995819092,0.3001894056797027,0.3443824350833893,0.3885754346847534,0.0883860290050506,21.19025421142578
0.066077671945095,0.3391892611980438,2.7570717334747314,0.0436586551368236,0.1200446262955665,2.697789430618286,0.0731745362281799,0.5170773267745972,2.9656031131744385,-6.870347023010254,2.989816427230835,-0.1437486410140991,2.5803539752960205,0.8211656808853149,-15.345951080322266,-1.991459846496582,0.9754304885864258,-8.475604057312012,1.119179129600525,-0.4480736255645752,3,3.3268885612487797,19.0765380859375,43.0,64.89746856689453,193.2596893310547,321.6219177246094,0.052739143371582,0.3710363209247589,2.804582118988037,1.009876012802124,0.3024540841579437,0.341533362865448,0.3806126415729522,0.0781585723161697,22.40342712402344
0.0430405437946319,0.6704931855201721,1.6055259704589844,0.0457131676375865,0.3840168416500091,1.3664461374282837,0.0360662825405597,0.8554286360740662,1.7321581840515137,-6.7213287353515625,2.515856981277466,0.0651784837245941,2.700939416885376,0.5453372001647949,-13.133661270141602,-1.6365681886672974,0.7058643102645874,-6.412333011627197,0.6406857967376709,-0.0827354118227958,3,2.9994988441467285,13.140705108642578,1328.0,86.4842300415039,212.97108459472656,339.4579467773437,0.0701109170913696,0.641251802444458,2.115316390991211,29.891845703125,0.3412277698516845,0.3654821813106537,0.3897366225719452,0.0485088564455509,16.14020347595215
0.0733510628342628,0.5218170285224915,-3.111205101013184,0.0635731443762779,0.2202574014663696,-3.081890106201172,0.0876864269375801,0.7640897035598755,-2.8149447441101074,-6.674741744995117,3.005648612976074,0.0008983990410342813,2.728205442428589,1.088423252105713,-12.77211093902588,-2.213618516921997,1.2548073530197144,-6.09736967086792,1.2539089918136597,-0.183853268623352,3,3.848713159561157,18.02607536315918,238.0,62.41988754272461,139.40977478027344,216.3996734619141,0.0927101746201515,0.5461365580558777,-3.0300180912017822,21.01082992553711,0.3780288100242615,0.4050221741199493,0.4320155382156372,0.0539867132902145,21.87478828430176
0.061141699552536,0.4212313294410705,-2.0328927040100098,0.0517506301403045,0.1566650420427322,-1.824263572692871,0.0719127133488655,0.7144156098365784,-1.988946914672852,-5.76909065246582,2.537928342819214,-0.1134992688894271,2.4351232051849365,0.4813228249549866,-16.20773696899414,-1.0064852237701416,0.216572105884552,-10.43864631652832,0.330071359872818,-0.1271138191223144,3,2.9343032836914062,17.79615020751953,199.0,107.12220764160156,183.7498321533203,260.37744140625,0.0598582327365875,0.4868815541267395,-2.0970327854156494,28.60686492919922,0.3742656111717224,0.3716652691364288,0.3690649271011352,-0.0052006836049258,20.730453491210938
0.0555004440248012,0.6016906499862671,-2.807781457901001,0.0540040433406829,0.3094833195209503,-3.030734062194824,0.0486902669072151,0.8380797505378723,-2.553033828735352,-6.42013692855835,2.396228551864624,-0.5182487964630127,2.6064605712890625,0.1353425830602646,-13.925488471984863,0.5493545532226562,-0.2324009090662002,-7.505351543426514,0.2858478724956512,0.2110206484794616,3,3.073497772216797,18.655893325805664,55.0,189.31544494628903,215.36175537109372,241.40806579589844,0.034698162227869,0.5847212076187134,3.115278959274292,20.435136795043945,0.3929937779903412,0.3737645149230957,0.3545352816581726,-0.0384585075080394,21.72939109802246
0.0772361904382705,0.5774345397949219,-2.475297212600708,0.0627833306789398,0.2805676460266113,-2.3409793376922607,0.0547110214829444,0.8154765367507935,-2.610952138900757,-5.627467155456543,3.0621209144592285,-0.0261054541915655,2.418452501296997,0.1315467655658722,-16.49439239501953,-1.893366813659668,0.2582099735736847,-10.866925239562988,0.2843154370784759,-0.9986706376075744,3,3.355088233947754,18.93912696838379,281.0,88.03064727783203,148.00135803222656,207.9720764160156,0.0652963072061538,0.5642343759536743,-2.8799479007720947,11.663095474243164,0.3543769121170044,0.3458636403083801,0.3373503386974334,-0.0170265641063451,22.29421615600586
0.0537162162363529,0.647437572479248,2.9455292224884038,0.0421957001090049,0.3560332059860229,2.781203031539917,0.0645166561007499,0.8589152097702026,2.988430976867676,-6.132390022277832,2.38710618019104,0.0216317828744649,2.513948440551758,0.2442087829113006,-15.087814331054688,1.3247345685958862,-0.2058656215667724,-8.955424308776855,-0.227497398853302,0.7485409379005432,3,2.241337537765503,19.049421310424805,277.0,438.32177734375,464.68060302734375,491.0394287109375,0.0537900514900684,0.6116622686386108,2.6452231407165527,18.579334259033203,0.4169163107872009,0.4028176665306091,0.3887190222740173,-0.0281972847878932,21.29075813293457
0.0671606436371803,0.5274013876914978,-2.541714906692505,0.054091352969408,0.2386048883199691,-2.663334846496582,0.0386491455137729,0.7922542691230774,-2.3689887523651123,-5.839374542236328,2.6389942169189453,0.085891455411911,2.471563577651977,0.5181680917739868,-15.41622543334961,-0.3071918487548828,0.0370985940098762,-9.57685089111328,-0.0487928576767444,0.3360644876956939,3,2.9051971435546875,18.400053024291992,419.0,165.7752227783203,205.0191192626953,244.2630157470703,0.0433940403163433,0.5532827973365784,-2.7925047874450684,13.549446105957031,0.3858297169208526,0.3633542656898498,0.340878814458847,-0.0449509136378765,21.30525016784668
0.0443726107478141,0.53261399269104,-2.7158164978027344,0.0446848161518573,0.210133820772171,-2.188405513763428,0.0524596944451332,0.8145607709884644,3.013504266738892,-5.882864475250244,2.6602349281311035,0.6533409953117371,2.5652856826782227,0.8803203105926514,-13.498900413513184,-1.861580848693848,1.037264108657837,-7.616036415100098,0.3839230835437774,1.0,3,2.832625389099121,18.081876754760746,536.0,57.408729553222656,221.8246612548828,386.2406005859375,0.0518491677939891,0.5413828492164612,-3.013493776321411,18.775115966796875,0.3472971022129059,0.3852028548717499,0.4231085777282715,0.0758114606142044,20.914501190185547
0.1788718849420547,0.4325198829174042,-2.8561086654663086,0.1562170088291168,0.143632635474205,-2.730557680130005,0.1146740838885307,0.7375090718269348,-3.0300211906433105,-6.68678092956543,2.8439741134643555,0.072253905236721,2.866746425628662,1.1696271896362305,-11.590330123901367,-2.247049570083618,1.5131757259368896,-4.9035491943359375,1.4409217834472656,-0.7142122387886047,3,2.885401964187622,18.66289329528809,341.0,51.31468963623047,214.58322143554688,377.8517456054688,0.103144533932209,0.4529110193252563,-2.939995527267456,14.037004470825195,0.3792149424552917,0.4163238108158111,0.4534326791763305,0.0742177292704582,21.548295974731445
0.0754687786102294,0.5016316771507263,-2.0955910682678223,0.05901899933815,0.2214507460594177,-2.206063747406006,0.0650856122374534,0.7749513387680054,-1.8082369565963743,-6.267695426940918,2.649722099304199,-0.317255824804306,2.5723836421966557,0.1540688425302505,-14.20461082458496,-2.097920656204224,0.105120949447155,-7.936914920806885,0.4223767817020416,-0.607802152633667,3,3.168712615966797,18.838695526123047,27.0,180.056396484375,201.40728759765625,222.75819396972656,0.0417994372546672,0.5384436249732971,-2.152240753173828,4.193405151367188,0.3880424797534942,0.3600174784660339,0.3319924771785736,-0.0560500212013721,22.007408142089844
0.0719121918082237,0.5087190270423889,-3.022877693176269,0.0699179768562316,0.2164938449859619,-2.972585201263428,0.051214262843132,0.7706376910209656,2.90948748588562,-6.855525970458984,2.4329822063446045,0.2049406617879867,3.636473894119263,0.411863774061203,-8.089212417602539,-1.8563936948776243,0.5583144426345825,-1.2336863279342651,0.3533737659454345,-0.9575097560882568,3,3.530604600906372,17.5559024810791,504.0,62.23590469360352,158.41311645507812,254.59033203125,0.0631560012698173,0.5292332172393799,3.0933520793914795,28.1154727935791,0.326017826795578,0.3562307953834533,0.3864437639713287,0.0604259297251701,21.08650779724121
0.0386968553066253,0.6308655738830566,-2.784301519393921,0.0320450030267238,0.3391821086406708,2.9101250171661377,0.0308605171740055,0.852597713470459,-2.6703310012817383,-5.220918655395508,4.262823104858398,-1.147299885749817,2.21407413482666,0.5177698135375977,-26.55063247680664,0.4524928629398346,-0.6343395113945007,-21.329713821411133,0.5129604339599609,0.4201433956623077,3,1.8384923934936523,16.586759567260742,593.0,306.4744873046875,335.6703796386719,364.86627197265625,0.0226004496216774,0.5856339931488037,-3.079917907714844,27.789587020874023,0.4152522981166839,0.4048923850059509,0.3945324718952179,-0.0207198243588209,18.42525291442871
0.026771456003189,0.540538489818573,3.0827558040618896,0.0168363004922866,0.251365453004837,-3.1069583892822266,0.0418376997113227,0.7947984933853149,-2.683412790298462,-5.956234455108643,2.8211920261383057,-0.4913673102855682,2.5102055072784424,0.2200047671794891,-14.84144401550293,-2.07411527633667,0.2253666073083877,-8.885210037231445,0.7167339324951172,0.0222421362996101,3,3.422832727432251,17.5335693359375,424.0,59.72910690307617,182.81298828125,305.8968811035156,0.0459719710052013,0.5449449419975281,-2.99861216545105,13.105466842651367,0.3505113124847412,0.3909215331077575,0.4313317537307739,0.0808204486966133,20.95640182495117
0.0858200415968895,0.5114567279815674,3.049973487854004,0.0741288512945175,0.2505319714546203,2.9708080291748047,0.0883529782295227,0.7293497323989868,-2.665843963623047,-6.263020515441895,2.6503396034240723,0.0748368725180625,2.8354721069335938,0.8356543183326721,-10.923236846923828,-1.1513780355453491,0.8370303511619568,-4.660215854644775,0.762193500995636,-0.9469740986824036,3,3.70670485496521,20.182064056396484,61.0,54.62420654296875,169.0652618408203,283.5063171386719,0.0788343623280525,0.5067079663276672,-2.9954614639282227,6.766196250915527,0.2627213597297668,0.303373247385025,0.3440251052379608,0.0813037529587745,23.888769149780277
0.0430509559810161,0.5719581842422485,3.0195629596710205,0.0333395637571811,0.2659259140491485,-3.017608880996704,0.0244781710207462,0.807464599609375,2.6176161766052246,-7.017646312713623,2.796254396438598,-0.7687959671020508,3.089149475097656,0.5033754110336304,-10.210149765014648,-0.8997352123260498,0.1391139924526214,-3.1925034523010254,0.90790992975235,0.907637357711792,3,3.701426267623901,17.2657527923584,328.0,52.21158981323242,151.70932006835938,251.20704650878903,0.0346918851137161,0.5686165690422058,2.7012593746185303,17.527935028076172,0.271080881357193,0.3139631152153015,0.35684534907341,0.0857644528150558,20.967180252075195
0.068050630390644,0.530299961566925,-2.653703212738037,0.051161739975214,0.2373131364583969,-2.699653625488281,0.0677286684513092,0.7450276017189026,-2.7060582637786865,-5.542509078979492,2.359717607498169,-0.0864855870604515,2.5134737491607666,1.080535054206848,-13.728361129760742,-1.397297978401184,0.9161568880081176,-8.18585205078125,1.0026425123214722,0.9843819737434388,3,3.677887201309204,19.046476364135746,116.0,81.16242218017578,145.640625,210.11883544921875,0.0606769770383834,0.5242927074432373,-3.01577377319336,7.098743915557861,0.3899702727794647,0.4020422995090484,0.4141143262386322,0.0241440571844577,22.724363327026367
0.0553744807839393,0.5137006044387817,-2.298168659210205,0.0693620294332504,0.1739163249731063,-1.920492172241211,0.0394879058003425,0.8317359089851379,2.9764904975891118,-5.661664962768555,2.879791021347046,0.1608099341392517,2.319099903106689,0.397542804479599,-20.61496925354004,-1.1292736530303955,0.2071124613285064,-14.953304290771484,0.0463025271892547,-0.9202209711074828,3,2.785609483718872,15.167236328125,910.0,107.0730438232422,230.23179626464844,353.3905639648437,0.0404400490224361,0.5694181323051453,-3.0706799030303955,33.39824676513672,0.3719104528427124,0.3842585980892181,0.3966067433357239,0.0246962923556566,17.95284652709961
0.0777822136878967,0.4682314097881317,-2.1077914237976074,0.0627261847257614,0.2396199256181717,-1.9254881143569944,0.0736634656786918,0.7013832926750183,-2.283182144165039,-7.351312637329102,2.7956905364990234,-0.4224656820297241,2.6005592346191406,0.403783231973648,-16.063570022583008,-0.953225553035736,0.3006508946418762,-8.712257385253906,0.7231165766716003,1.0,3,3.897418260574341,18.329364776611328,6.0,48.83414077758789,135.90797424316406,222.98182678222656,0.0665329247713089,0.4587182700634002,-2.2233729362487797,1.854334115982056,0.3816797137260437,0.4048781096935272,0.4280764758586883,0.0463967435061931,22.226783752441406
0.0653435289859771,0.5237143635749817,-1.5721324682235718,0.1003383249044418,0.1993795037269592,-1.3511919975280762,0.0295895058661699,0.8260688185691833,2.8242290019989014,-6.210274696350098,2.6452901363372803,0.0825462266802787,2.412086009979248,0.7387021780014038,-18.26613044738769,-1.3486180305480957,0.6147103905677795,-12.055855751037598,0.5321641564369202,-0.8952707052230835,3,3.548067092895508,16.671113967895508,368.0,46.14752960205078,176.9145050048828,307.6814880371094,0.01927319355309,0.5440276265144348,-2.243383884429932,11.04883861541748,0.2821209728717804,0.3309460580348968,0.3797711133956909,0.0976501479744911,20.219181060791016
0.033087994903326,0.5964881181716919,2.4128668308258057,0.0455829612910747,0.3111521005630493,2.1203935146331787,0.0146157089620828,0.8081536889076233,-3.132323980331421,-5.83687686920166,2.993803739547729,0.5778865218162537,2.357145071029663,0.5287852883338928,-19.31587028503418,-2.3188586235046387,0.9882522225379944,-13.47899341583252,0.4103657007217407,0.2616815865039825,3,,,127.0,,,,0.0391291044652462,0.5733217597007751,1.8149620294570925,16.853260040283203,,,,,
0.0801209658384323,0.4980299174785614,-2.3896965980529785,0.0756552442908287,0.193043053150177,-2.2877821922302246,0.0579878687858581,0.7603650689125061,-2.3480138778686523,-6.064909934997559,2.7335712909698486,-0.422045350074768,2.4654347896575928,0.5063791871070862,-16.102807998657227,-2.3890011310577397,0.7347445487976074,-10.037899017333984,1.1567898988723757,-0.9902121424674988,3,3.254689931869507,17.74448013305664,250.0,59.23395919799805,213.26394653320312,367.2939453125,0.0639960318803787,0.4831083416938782,-2.54543137550354,11.1415376663208,0.3391083776950836,0.3751541376113891,0.4111998677253723,0.0720914900302887,20.999168395996094
0.0997348725795745,0.3792100250720978,-2.765979290008545,0.0709332898259162,0.0861656665802002,-2.4443488121032715,0.1411891281604766,0.6604637503623962,2.861983060836792,-5.9470415115356445,2.707913398742676,0.0170568693429231,2.483609437942505,0.7076429724693298,-15.395813941955566,-1.4187506437301636,0.4382855892181396,-9.448772430419922,0.4212287068367004,0.99322909116745,3,3.054409503936768,18.34471893310547,187.0,56.8506965637207,204.9571075439453,353.0635070800781,0.1100898385047912,0.4094872176647186,-2.920321226119995,10.15398406982422,0.3400812745094299,0.3798059821128845,0.4195307195186615,0.0794494524598121,21.39912796020508
0.0793844312429428,0.5318556427955627,-2.949545860290528,0.0656733214855194,0.2462236434221267,-2.936898946762085,0.0817568525671958,0.7808176875114441,-2.89995551109314,-5.782042503356934,2.744234323501587,0.242738738656044,2.4031081199646,0.4225406646728515,-17.30228614807129,-2.172922849655152,0.4417939484119415,-11.520243644714355,0.1990551948547363,0.9195896983146667,3,3.3809728622436523,17.369905471801758,236.0,59.60750961303711,174.29087829589844,288.9742431640625,0.0782050192356109,0.5316531658172607,-3.01474928855896,17.516738891601562,0.3010969758033752,0.336837500333786,0.3725779950618744,0.0714810341596603,20.750879287719727
0.0765355005860328,0.4887864589691162,-2.2547502517700195,0.0566219612956047,0.2038265615701675,-2.074660062789917,0.0776106268167495,0.7647446990013123,-2.5049428939819336,-5.311872005462647,2.5726001262664795,0.546090841293335,2.4761548042297363,0.8779862523078918,-13.965991973876951,-1.6126192808151243,1.3018693923950195,-8.654119491577148,0.7557785511016846,-0.8736574649810791,3,3.677887201309204,19.046476364135746,72.0,81.16242218017578,145.640625,210.11883544921875,0.0837345495820045,0.5242260694503784,-2.492938756942749,12.950242042541504,0.3899702727794647,0.4020422995090484,0.4141143262386322,0.0241440571844577,22.724363327026367
0.0816561356186866,0.5548176169395447,-3.039207935333252,0.0653370916843414,0.248932734131813,-3.0622267723083496,0.0901636779308319,0.7981309294700623,-2.7798471450805664,-5.81637716293335,2.407083511352539,0.1580387502908706,2.721710443496704,0.7966936230659485,-11.30103874206543,-0.8594511151313782,0.3424251973628998,-5.48466157913208,0.1843864619731903,0.980400323867798,3,3.2840564250946045,17.486474990844727,480.0,66.41284942626953,179.14682006835938,291.8807983398437,0.0927370116114616,0.5945239663124084,3.076038360595703,27.762924194335938,0.3778355419635772,0.4042763113975525,0.4307170808315277,0.052881546318531,20.770530700683597
0.0702889189124107,0.5393450856208801,-3.006198644638061,0.0550467818975448,0.2497398108243942,-2.962862014770508,0.0895451977849006,0.8115279078483582,-3.0438926219940186,-6.45224666595459,2.526333332061768,-0.4494513273239136,2.8851261138916016,0.4284515082836151,-10.793536186218262,-2.409738063812256,0.5317711234092712,-4.341289043426514,0.9812224507331848,0.7960980534553528,3,2.734091281890869,17.478294372558594,614.0,71.77489471435547,227.84896850585935,383.9230346679688,0.0808686688542366,0.5763902068138123,3.0361557006835938,15.976289749145508,0.3990560472011566,0.4263354241847992,0.4536147713661194,0.054558727890253,20.212385177612305
0.0628651082515716,0.5486707091331482,-2.388420581817627,0.0606601722538471,0.2544519901275635,-2.235612154006958,0.0348689742386341,0.7896506786346436,-2.3441128730773926,-6.738460540771484,2.6122841835021973,-0.3326036334037781,2.8916633129119877,0.8384935855865479,-11.306952476501465,-1.734905242919922,1.162471890449524,-4.568492412567139,1.4950755834579468,-0.9843395352363586,3,3.1804795265197754,15.105207443237305,1500.0,71.4126968383789,182.2305908203125,293.0484924316406,0.0603787675499916,0.565409779548645,-2.845208644866944,44.828269958496094,0.3234232366085052,0.3517116606235504,0.3800000846385956,0.0565768443048,18.28568649291992
0.0882451310753822,0.4379777908325195,-2.98262357711792,0.0775295123457908,0.1768103092908859,-2.866408586502075,0.0908187180757522,0.6787739992141724,2.929316759109497,-5.931272029876709,2.513621091842652,-0.8054997324943542,2.602813959121704,0.2770378589630127,-12.99739933013916,-0.410101979970932,-0.1128001511096954,-7.066127300262451,0.6926996111869812,-0.1831693798303604,3,4.020677089691162,19.131502151489254,88.0,71.62552642822266,131.15586853027344,190.68621826171875,0.089136429131031,0.4680028259754181,-3.1011645793914795,12.044144630432127,0.3101309537887573,0.3336769342422485,0.3572228848934173,0.0470919385552406,23.152177810668945
0.0386340618133544,0.5707932710647583,2.604302167892456,0.0292337909340858,0.3019220530986786,2.3794164657592773,0.0502444952726364,0.8233007788658142,-2.5653254985809326,-5.942246913909912,2.399037599563598,-0.5527791380882263,2.8315460681915283,0.1733116209506988,-10.439470291137695,-0.5331499576568604,-0.109945997595787,-4.497222900390625,0.4428331255912781,-0.0220333002507686,3,3.520676374435425,17.961851119995117,148.0,80.22244262695312,144.9574432373047,209.6924591064453,0.0428592786192894,0.622222900390625,2.9940338134765625,25.932655334472656,0.3865912854671478,0.383933424949646,0.3812755346298218,-0.0053157769143581,21.48252868652344
0.0456810817122459,0.5199224948883057,3.0596864223480225,0.0288421567529439,0.2071967720985412,3.1007535457611084,0.0341288968920707,0.7891254425048828,2.566331624984741,-6.086045742034912,2.8458611965179443,-0.0442363880574703,2.789067029953003,0.5569708347320557,-11.229738235473633,-2.427485942840576,0.7583819627761841,-5.143692970275879,0.8026183843612671,0.9843819737434388,3,3.417394161224365,15.758721351623535,679.0,48.41254425048828,193.76931762695312,339.1260986328125,0.0572747513651847,0.5312339067459106,2.548217296600342,13.000319480895996,0.2831567227840423,0.330501526594162,0.3778463304042816,0.0946896076202392,19.176115036010746
0.0925566330552101,0.5191169381141663,-2.5369198322296143,0.0792707130312919,0.2482755482196808,-2.500685453414917,0.058193914592266,0.7883821725845337,-2.57585883140564,-5.967037200927734,2.7944607734680176,-0.2335639595985412,2.45598578453064,0.4567289352416992,-16.306795120239258,-2.6077005863189697,0.3640722930431366,-10.339756965637209,0.5976362228393555,0.9020887613296508,3,3.422832727432251,17.5335693359375,283.0,59.72910690307617,182.81298828125,305.8968811035156,0.0679664090275764,0.5540447235107422,-2.7471601963043213,22.94655036926269,0.3505113124847412,0.3909215331077575,0.4313317537307739,0.0808204486966133,20.95640182495117
0.0333794094622135,0.5564990639686584,-1.5100553035736084,0.0197206959128379,0.2649183869361877,-1.648483157157898,0.0161319822072982,0.7962297201156616,-1.4504451751708984,-6.0130462646484375,2.636333703994751,-0.3892815709114074,2.512263774871826,0.3297771215438843,-14.99010181427002,2.4584262371063232,0.1762790381908416,-8.977055549621582,0.5655606389045715,-0.2248325496912002,3,3.1804795265197754,15.105207443237305,1015.0,71.4126968383789,182.2305908203125,293.0484924316406,0.0294481292366981,0.5561002492904663,-3.069456100463867,20.06291961669922,0.3234232366085052,0.3517116606235504,0.3800000846385956,0.0565768443048,18.28568649291992
0.0845078080892562,0.4843741953372955,-2.32802414894104,0.0761313512921333,0.1988718956708908,-2.1504955291748047,0.1079599633812904,0.7407071590423584,-2.378652334213257,-6.064467430114746,2.2289493083953857,0.1878128498792648,2.559140920639038,1.355498433113098,-14.222304344177246,-1.99554705619812,1.7423160076141355,-8.1578369140625,1.5545032024383545,-0.8424766063690186,3,3.410135269165039,19.074974060058597,91.0,59.13506317138672,187.2455291748047,315.3559875488281,0.0954163521528244,0.5216401219367981,-2.4128341674804688,11.924354553222656,0.3334270119667053,0.3706133365631103,0.4077996611595154,0.0743726417422294,22.485109329223636
0.0689856261014938,0.4999579787254333,-2.23872447013855,0.0475623495876789,0.1982442736625671,-2.3328840732574463,0.0749043449759483,0.802824079990387,-1.7390176057815552,-5.8678388595581055,2.7324161529541016,-0.2086005210876464,2.5649421215057373,0.2359034419059753,-13.367989540100098,-0.5357505679130554,0.2013103365898132,-7.50015115737915,0.4099108576774597,-0.1668837070465088,3,3.2438669204711914,18.8210506439209,230.0,128.93576049804688,168.5065155029297,208.0772857666016,0.0502954572439193,0.5516378879547119,-1.881742238998413,3.5845589637756348,0.3704969584941864,0.3449848294258117,0.3194727301597595,-0.0510242208838462,22.064918518066406
0.0573264546692371,0.550840437412262,-2.356513023376465,0.0520120449364185,0.2514335215091705,-2.0888142585754395,0.0529992133378982,0.8070082068443298,-2.562896251678467,-6.5037336349487305,2.764536142349243,0.1042836531996727,2.5014326572418213,0.4074352085590362,-16.30767059326172,-2.495095729827881,0.6372886300086975,-9.803936004638672,0.5330049395561218,0.8268021941184998,3,3.582715511322021,18.1103630065918,206.0,60.20641326904297,164.90731811523438,269.60821533203125,0.0562399849295616,0.5634627938270569,-2.7790985107421875,17.23904037475586,0.3917664587497711,0.421705812215805,0.4516451358795166,0.059878684580326,21.693078994750977
0.0269612669944763,0.5548996925354004,2.9212419986724854,0.0182024892419576,0.2549595534801483,2.851145029067993,0.04765485227108,0.785750687122345,3.033421516418457,-5.958073139190674,2.883392333984375,1.2981892824172974,2.6507885456085205,1.107410907745361,-12.38134479522705,-1.6394201517105105,1.426721215248108,-6.423271656036377,0.1285320073366165,-0.9742120504379272,3,3.582715511322021,18.1103630065918,411.0,60.20641326904297,164.90731811523438,269.60821533203125,0.0527613051235675,0.5589016675949097,2.9114601612091064,19.03848648071289,0.3917664587497711,0.421705812215805,0.4516451358795166,0.059878684580326,21.693078994750977
0.0187817066907882,0.5189000368118286,2.8998336791992188,0.0051171202212572,0.2064598500728607,-1.0738909244537354,0.0392939187586307,0.7890053987503052,-3.0248842239379883,-6.169766426086426,2.82537841796875,-0.9200775027275084,4.576061248779297,0.2995541989803314,-5.895302295684815,-1.377078890800476,0.3382690548896789,0.27446448802948,1.2583465576171875,-0.8919086456298828,3,3.3644285202026367,13.71791934967041,730.0,61.33974075317383,177.55616760253906,293.7725830078125,0.0525164008140563,0.5820379853248596,2.815443515777588,31.464305877685547,0.3136453330516815,0.3476036489009857,0.3815619349479675,0.0679166093468666,17.082347869873047
0.0931127220392227,0.5956689715385437,-2.978393077850342,0.0840800553560257,0.3163110911846161,-3.135702133178711,0.0829519405961036,0.8302204012870789,-2.771054744720459,-5.726652145385742,2.569890260696411,-0.829076886177063,2.657987594604492,0.1124145612120628,-11.81037139892578,1.8280532360076904,-0.1530590504407882,-6.083718776702881,0.6760178208351135,0.0731265991926193,3,2.492107391357422,20.10957336425781,313.0,274.7752990722656,333.5106201171875,392.2459411621094,0.060453537851572,0.5736488699913025,-3.074932813644409,20.22177505493164,0.4121036827564239,0.3917608261108398,0.3714179694652557,-0.0406856909394264,22.601680755615234
0.0198602769523859,0.6495694518089294,2.485803604125977,0.0302109587937593,0.3716180026531219,1.927773356437683,0.0201558507978916,0.8531936407089233,-1.942528247833252,-6.045517444610596,2.8296523094177246,-0.499525785446167,2.428239107131958,0.2940372824668884,-17.3580265045166,-0.9145240783691406,0.2709758877754211,-11.312509536743164,0.7705016732215881,0.7713104486465454,3,3.520676374435425,17.961851119995117,114.0,80.22244262695312,144.9574432373047,209.6924591064453,0.0215983912348747,0.6419370174407959,2.3488729000091557,20.613508224487305,0.3865912854671478,0.383933424949646,0.3812755346298218,-0.0053157769143581,21.48252868652344
0.0309613440185785,0.6270386576652527,2.878450870513916,0.0362322330474853,0.3351836204528808,2.6086649894714355,0.0205074604600667,0.8486626744270325,3.0559980869293213,-5.817090034484863,2.782158136367798,-0.0435949936509132,2.466440439224243,0.2854974567890167,-15.53273105621338,-0.912620723247528,-0.0557057671248912,-9.715641021728516,-0.0121107753366231,0.5232074856758118,3,2.3619918823242188,19.873136520385746,210.0,472.5310363769531,453.6388244628906,434.7466430664063,0.0334250777959823,0.5876567959785461,2.1493422985076904,12.044970512390137,0.4163686335086822,0.3961987793445587,0.3760289549827575,-0.0403396971523761,22.23512840270996
0.0613177083432674,0.5453131198883057,-2.2548227310180664,0.0444814264774322,0.2498611062765121,-2.077214479446411,0.0560202077031135,0.8133499622344971,-2.3502209186553955,-5.33512020111084,2.647348165512085,-0.4531618654727936,2.299429416656494,0.5935620069503784,-20.520288467407227,-0.3005745708942413,-0.2506097853183746,-15.185168266296388,0.2025520652532577,0.0578664690256118,3,3.1540377140045166,16.713184356689453,300.0,96.0159149169922,189.12615966796875,282.2364196777344,0.064225323498249,0.5810880661010742,-2.45851731300354,18.74015235900879,0.3634564578533172,0.3713760077953338,0.3792955875396728,0.015839135274291,19.86722183227539
0.0510164685547351,0.5809016227722168,-2.8180973529815674,0.0427523106336593,0.2979699969291687,-2.726847887039185,0.0552905425429344,0.8130950927734375,-2.742349863052368,-6.185696601867676,2.962428331375122,0.7416825294494629,2.4225099086761475,0.6458355784416199,-17.74553108215332,-1.2842016220092771,0.7244924306869507,-11.559833526611328,-0.0171901267021894,-0.4489611685276031,3,3.355088233947754,18.93912696838379,69.0,88.03064727783203,148.00135803222656,207.9720764160156,0.0444950759410858,0.5646492838859558,-3.1131436824798584,27.28933525085449,0.3543769121170044,0.3458636403083801,0.3373503386974334,-0.0170265641063451,22.29421615600586
0.0514519959688186,0.5350932478904724,-2.2269771099090576,0.0535954348742961,0.2268717885017395,-2.2394261360168457,0.036292765289545,0.7858781814575195,-2.421293020248413,-4.501016616821289,2.5946600437164307,-0.1275661736726761,2.5024869441986084,0.3028950989246368,-11.436177253723145,-1.5988314151763916,0.5475692749023438,-6.935161113739014,0.6751354932785034,-0.99591863155365,3,3.3140382766723637,17.497283935546875,510.0,67.23223876953125,175.78794860839844,284.3436584472656,0.0509421192109584,0.5611002445220947,-2.699213743209839,20.50609397888184,0.3598673343658447,0.3956205546855926,0.4313737750053406,0.0715064480900764,20.811323165893555
0.1904576867818832,0.4839996695518493,-3.0254406929016118,0.1687040030956268,0.1963195651769638,-2.9199259281158447,0.1441872268915176,0.7457010746002197,-3.1183674335479736,-5.9041266441345215,2.800643920898437,0.0047473921440541,2.4414494037628174,0.2142882794141769,-16.41159439086914,-1.3816399574279783,0.3796706795692444,-10.507466316223145,0.3749232888221741,0.9252955317497252,3,3.173165798187256,19.404932022094727,108.0,47.21046447753906,189.25567626953125,331.3008728027344,0.1436309814453125,0.5073680281639099,-3.1036136150360107,7.594735145568848,0.2967064082622528,0.3438679873943329,0.3910295963287353,0.0943231806159019,22.57809829711914
0.048461515456438,0.5729417204856873,2.9431214332580566,0.0480277724564075,0.2819386720657348,3.118751287460327,0.0393091216683387,0.8028272986412048,2.578794002532959,-5.758888244628906,2.874374389648437,-0.0679136589169502,2.465941905975342,0.7829640507698059,-15.44552993774414,-2.305461168289185,0.9313796758651732,-9.686641693115234,0.999293327331543,-0.9232363104820251,3,3.3265023231506348,17.61457061767578,869.0,69.14899444580078,164.23739624023438,259.3258056640625,0.0526364110410213,0.5782198309898376,2.7350988388061523,14.19886589050293,0.300648421049118,0.33602374792099,0.3713990449905395,0.0707506313920021,20.941072463989254
0.0453548431396484,0.5617162585258484,-3.1025936603546143,0.0408317521214485,0.2523079812526703,-2.714194059371948,0.0450079552829265,0.8416658043861389,2.800999164581299,-6.105032444000244,2.7429451942443848,-0.4764940142631531,2.898026704788208,0.3133758008480072,-10.170230865478516,-0.4444122910499573,-0.0201640650629997,-4.065197944641113,0.4563299417495727,-0.2676557600498199,3,3.0223734378814697,13.549160957336426,982.0,65.19623565673828,208.31253051757807,351.4288330078125,0.0636383891105651,0.6264510154724121,2.917622327804565,32.25831985473633,0.3731785714626312,0.4135167002677917,0.4538548588752746,0.080676294863224,16.571535110473633
0.013804068788886,0.6121996641159058,2.962926387786865,0.0173151027411222,0.3103664219379425,2.035964250564575,0.0197742562741041,0.8576350212097168,-2.117286205291748,-6.514479160308838,3.069647789001465,-0.1309834271669387,2.40512752532959,0.4100240170955658,-19.454296112060547,-2.760215282440185,0.2765602171421051,-12.93981647491455,0.4075436294078827,0.171382188796997,3,3.161449670791626,11.321755409240724,1182.0,97.91480255126952,183.04161071777344,268.1684265136719,0.0179603304713964,0.6041065454483032,2.779961347579956,29.918169021606445,0.3658109307289123,0.3697590231895447,0.3737071454524994,0.0078962044790387,14.48320484161377
0.0513994917273521,0.4854538738727569,-2.114987850189209,0.0424926429986953,0.2124097198247909,-1.9767544269561768,0.063558854162693,0.7500966787338257,-2.125394821166992,-5.862990379333496,2.721187114715576,-0.3286786377429962,2.515753030776977,0.5979342460632324,-14.5660982131958,-2.2711403369903564,0.6762738823890686,-8.703107833862305,1.0049525499343872,0.4503425657749176,3,3.2727532386779785,19.240875244140625,35.0,69.31330871582031,204.83587646484372,340.35845947265625,0.0577083900570869,0.5363789200782776,-1.989766240119934,2.957632064819336,0.3942334949970245,0.4249373376369476,0.4556411802768707,0.0614076666533947,22.513628005981445
0.1269783228635788,0.4455635249614715,-3.002744674682617,0.09307611733675,0.1547735780477523,-3.0068559646606445,0.0880370065569877,0.7511298656463623,-3.0750036239624023,-6.180019855499268,2.7583398818969727,-0.7355010509490967,2.5529613494873047,0.2164027541875839,-14.430803298950195,-1.2443666458129885,0.0822285488247871,-8.250783920288086,0.8177295923233032,-0.9194766879081726,3,3.3809728622436523,17.369905471801758,249.0,59.60750961303711,174.29087829589844,288.9742431640625,0.0949496328830719,0.4718262255191803,-3.133162260055542,18.11819839477539,0.3010969758033752,0.336837500333786,0.3725779950618744,0.0714810341596603,20.750879287719727
0.044423047453165,0.5760034918785095,2.5434446334838867,0.0421278961002826,0.3007308542728424,2.352403402328491,0.0456585623323917,0.7896261215209961,-3.0437300205230717,-6.4858174324035645,3.352114677429199,0.385961651802063,2.772237539291382,0.477417916059494,-11.876997947692873,-1.276720643043518,0.513394832611084,-5.391180515289307,0.1274332106113433,0.99307119846344,3,3.657741069793701,19.799219131469727,66.0,46.63733673095703,174.24826049804688,301.85919189453125,0.0519210696220397,0.571154773235321,2.768950700759888,15.295811653137209,0.2552598714828491,0.3047497570514679,0.3542396426200866,0.0989797785878181,23.456960678100582
0.0249632634222507,0.5823885798454285,-1.899238348007202,0.0073487879708409,0.2941619157791137,3.0678365230560303,0.0352730378508567,0.8360339403152466,-1.8633559942245483,-5.924533843994141,2.424361228942871,0.2020504623651504,2.4784421920776367,0.4152289628982544,-15.47007179260254,-0.8179405331611633,0.2157119959592819,-9.545537948608398,0.0136615363880991,1.0,3,2.186082601547241,18.296703338623047,263.0,335.777099609375,367.1050415039063,398.4329833984375,0.0074400273151695,0.5918101072311401,2.8111588954925537,19.602388381958008,0.414731502532959,0.3963349461555481,0.3779383599758148,-0.036793153733015,20.482786178588867
0.0946167185902595,0.4892154932022095,-2.576393842697144,0.0908709987998008,0.1686336994171142,-2.375454425811768,0.0757794231176376,0.798079788684845,-2.8989431858062744,-5.400160312652588,2.9700582027435303,-0.285480260848999,2.400756359100342,0.3505496680736542,-16.276941299438477,-1.1411062479019165,0.317397266626358,-10.87678050994873,0.6028774976730347,0.5570189952850342,3,3.2840564250946045,17.486474990844727,528.0,66.41284942626953,179.14682006835938,291.8807983398437,0.0764413997530937,0.554474413394928,-2.768659830093384,15.853666305541992,0.3778355419635772,0.4042763113975525,0.4307170808315277,0.052881546318531,20.770530700683597
0.0725969299674034,0.5677679181098938,-2.2670681476593018,0.0514253750443458,0.2998830676078796,-2.5237786769866943,0.0609915703535079,0.8162986040115356,-1.7431005239486694,-6.661378860473633,2.650148391723633,0.0028865090571343,2.7459237575531006,0.3556445837020874,-12.468169212341309,0.2735448479652405,-0.2019027322530746,-5.806789875030518,-0.204789251089096,0.9843819737434388,3,3.7297379970550537,18.372055053710938,79.0,98.0811538696289,136.95162963867188,175.82212829589844,0.0360308475792408,0.5822983384132385,-2.1165194511413574,7.142548561096191,0.3570348024368286,0.3341238498687744,0.3112128973007202,-0.0458219125866889,22.10179328918457
0.0352917425334453,0.5621916055679321,-2.4919302463531494,0.0329946689307689,0.2522112131118774,-2.2685530185699463,0.022489933297038,0.8239946961402893,-2.435075521469116,-5.718873023986816,2.5568130016326904,-0.4948748052120209,2.4789695739746094,0.2667981088161468,-14.928378105163574,-1.6097410917282104,0.3152612149715423,-9.209505081176758,0.8101360201835632,-0.5963962078094482,3,3.701426267623901,17.2657527923584,198.0,52.21158981323242,151.70932006835938,251.20704650878903,0.0320245288312435,0.5735805034637451,-2.847799062728882,17.33395004272461,0.271080881357193,0.3139631152153015,0.35684534907341,0.0857644528150558,20.967180252075195
0.0189264100044965,0.553442120552063,3.073441505432129,0.0295141153037548,0.2576594352722168,-2.578425407409668,0.0386386327445507,0.7698573470115662,0.7439719438552856,-6.837903499603272,2.745997190475464,0.3519490957260132,2.610931158065796,0.3978056609630584,-14.796088218688965,-2.3755362033843994,0.7337844371795654,-7.958184719085693,0.3818353414535522,0.8358399271965027,3,3.4816653728485107,14.914237022399902,1203.0,62.10481643676758,161.233154296875,260.36151123046875,0.0229448396712541,0.5441684126853943,2.627893447875977,15.034697532653809,0.3042046427726745,0.3361689746379852,0.3681332767009735,0.0639286413788795,18.395902633666992
0.0265356730669736,0.6015070080757141,-2.5422797203063965,0.0378905795514583,0.3582566380500793,2.4711620807647705,0.0484732761979103,0.8325005173683167,-1.583295464515686,-6.269863128662109,2.5909252166748047,-0.8315786123275757,2.465404748916626,0.3260236382484436,-16.671546936035156,-0.0358070097863674,-0.4584750533103943,-10.401683807373049,0.3731035590171814,-0.7203521132469177,3,2.1539461612701416,16.546560287475586,302.0,169.71116638183594,271.2713317871094,372.8315124511719,0.0162689909338951,0.6083278059959412,-2.432882070541382,20.23601531982422,0.3959888815879822,0.3947525918483734,0.393516331911087,-0.0024725599214434,18.70050811767578
0.0552102886140346,0.4843118786811828,-2.425245523452759,0.0458810254931449,0.2615216970443725,-2.448590040206909,0.0493575632572174,0.796000599861145,-2.19199538230896,-5.936720848083496,2.726879596710205,0.0225058123469352,2.423119068145752,0.2537194192409515,-17.156700134277344,1.2209652662277222,-0.1278277784585952,-11.219980239868164,-0.1503335833549499,-0.8925319314002991,3,3.073497772216797,18.655893325805664,41.0,189.31544494628903,215.36175537109372,241.40806579589844,0.0375940836966037,0.4880244433879852,-2.861103057861328,21.52207374572754,0.3929937779903412,0.3737645149230957,0.3545352816581726,-0.0384585075080394,21.72939109802246
0.0355900488793849,0.6758970022201538,2.9807064533233643,0.0309773702174425,0.3847477436065674,2.735536575317383,0.0354866310954093,0.8744257688522339,-2.8890163898468018,-6.1022820472717285,2.6827192306518555,0.1296175569295883,2.435045003890991,0.4623773097991943,-17.17560577392578,-1.284351468086243,0.2492066323757171,-11.073323249816896,0.1195890828967094,0.6724955439567566,3,2.259446382522583,17.973438262939453,838.0,230.49093627929688,300.5049133300781,370.5188903808594,0.0421755947172641,0.6367676854133606,2.6383819580078125,13.95644187927246,0.4097487330436706,0.396050214767456,0.3823516964912414,-0.0273970142006874,20.23288345336914
0.051220241934061,0.4864698350429535,-2.552429676055908,0.0472100749611854,0.1779733151197433,-1.9642914533615112,0.0540120005607605,0.8024622797966003,3.048776149749756,-5.911989688873291,2.9617233276367188,-0.0167815778404474,2.3477587699890137,0.2667894065380096,-19.969112396240234,1.552180290222168,-0.360265702009201,-14.057122230529783,-0.3434841334819793,-0.3788748979568481,3,3.548067092895508,16.671113967895508,721.0,46.14752960205078,176.9145050048828,307.6814880371094,0.0549991764128208,0.5799681544303894,3.124211549758911,16.2127742767334,0.2821209728717804,0.3309460580348968,0.3797711133956909,0.0976501479744911,20.219181060791016
0.0343021042644977,0.5576708316802979,2.39178204536438,0.0253439806401729,0.3105602264404297,2.3921375274658203,0.0382326543331146,0.7451803684234619,1.956534504890442,-6.776247024536133,3.060467004776001,-0.2038505971431732,2.649235486984253,0.8802261352539062,-13.999113082885742,-1.5205254554748535,0.9113548398017884,-7.222866058349609,1.1152054071426392,0.9451634287834167,3,3.582715511322021,18.1103630065918,394.0,60.20641326904297,164.90731811523438,269.60821533203125,0.0600539892911911,0.5551542043685913,2.0980029106140137,7.112558841705322,0.3917664587497711,0.421705812215805,0.4516451358795166,0.059878684580326,21.693078994750977
0.0357094258069992,0.5956462025642395,2.116418600082397,0.0390954129397869,0.3158310353755951,1.651951551437378,0.0490083433687686,0.8243184089660645,2.689828634262085,-6.747925758361816,2.437441825866699,-0.1829446107149124,2.5411245822906494,0.2425787895917892,-15.994424819946287,-1.618937849998474,0.5069317817687988,-9.246499061584473,0.68987637758255,0.8213096857070923,3,3.548067092895508,16.671113967895508,412.0,46.14752960205078,176.9145050048828,307.6814880371094,0.0568616613745689,0.6122587323188782,2.382115602493286,17.238037109375,0.2821209728717804,0.3309460580348968,0.3797711133956909,0.0976501479744911,20.219181060791016
0.1117262467741966,0.4994827210903168,3.1164193153381348,0.0898424014449119,0.21163210272789,3.0760998725891118,0.0889281257987022,0.6814529299736023,-2.865082263946533,-8.322981834411621,3.175713539123535,0.6672682762145996,2.8101630210876465,0.6478235721588135,-14.636110305786133,-2.391436815261841,1.0631887912750244,-6.313128471374512,0.3959204852581024,0.7089947462081909,3,3.411285400390625,19.20589637756348,74.0,55.94616317749024,185.4529266357422,314.9596862792969,0.0573147200047969,0.4471977055072784,3.0140609741210938,3.838839054107666,0.2869293093681335,0.3307529091835022,0.3745765388011932,0.0876472443342208,22.6171817779541
0.0831107646226883,0.5191448330879211,-3.0414209365844727,0.0714524313807487,0.245412215590477,-3.0338456630706787,0.0721386298537254,0.7782809734344482,-2.7734169960021973,-6.075131416320801,2.589951276779175,-0.2240876853466034,2.4984700679779053,0.684417188167572,-15.351426124572754,-0.7570415139198303,0.0669647082686424,-9.276294708251951,0.2910524010658264,0.2299695014953613,3,3.4717321395874023,18.77230834960937,175.0,57.70619201660156,176.94410705566406,296.1820068359375,0.0768473520874977,0.5313977599143982,-3.0649354457855225,10.289411544799805,0.3265365660190582,0.3569987416267395,0.3874608874320984,0.0609243288636207,22.244041442871094
0.0279704313725233,0.6016176342964172,-2.268871307373047,0.0166108552366495,0.316342145204544,-2.974926471710205,0.0384187698364257,0.8252564668655396,-1.4736628532409668,-6.227573871612549,2.756143569946289,-0.134149819612503,2.609588146209717,0.776125431060791,-13.4532470703125,-0.8471889495849609,0.1863261610269546,-7.225672721862793,0.3204759955406189,-0.9885634779930116,3,2.492107391357422,20.10957336425781,392.0,274.7752990722656,333.5106201171875,392.2459411621094,0.0011755840387195,0.5990405082702637,-0.4294866621494293,11.69262409210205,0.4121036827564239,0.3917608261108398,0.3714179694652557,-0.0406856909394264,22.601680755615234
0.0490018650889396,0.552025556564331,-2.4042999744415283,0.0364720672369003,0.2625068128108978,-1.996846318244934,0.0717667490243911,0.7885243892669678,-2.6660163402557373,-5.978335380554199,2.8374545574188232,-0.0380403883755207,2.84350061416626,0.5149271488189697,-10.405156135559082,-1.1735936403274536,0.4134566187858581,-4.426821231842041,0.4514969885349273,-0.4650313258171081,3,3.821347236633301,18.523426055908203,80.0,58.68146133422852,133.24818420410156,207.8148956298828,0.0585646741092205,0.5696880221366882,-2.842806339263916,12.881717681884766,0.3869493305683136,0.4015687704086303,0.4161882102489471,0.0292388889938592,22.34477424621582
0.1045289486646652,0.4594303667545318,-2.259411334991455,0.0955269709229469,0.1610134243965149,-2.0880820751190186,0.0802345797419548,0.7828384637832642,-2.6152656078338623,-5.9296979904174805,2.5114076137542725,-0.4915576875209808,2.6055140495300293,0.3558766543865204,-12.909427642822266,-0.9104429483413696,0.1685901880264282,-6.979729652404785,0.6601479053497314,-0.4002598822116852,3,2.885401964187622,18.66289329528809,307.0,51.31468963623047,214.58322143554688,377.8517456054688,0.1068125069141388,0.4822497367858886,-2.356021881103516,14.290982246398926,0.3792149424552917,0.4163238108158111,0.4534326791763305,0.0742177292704582,21.548295974731445
0.0120139671489596,0.5651888847351074,-2.960580825805664,0.0015414912486448,0.2529446184635162,0.8929758071899414,0.0253738611936569,0.8182154893875122,-2.817202568054199,-6.34776496887207,2.4230446815490723,-0.5152648687362671,2.8796651363372803,0.7628613114356995,-10.745899200439451,-1.061968445777893,0.3163147270679474,-4.398134708404541,0.8315796256065369,0.4931771457195282,3,3.721029996871948,18.46996116638184,285.0,62.50738525390625,145.29360961914062,228.079833984375,0.041794829070568,0.6161435842514038,3.075648307800293,31.940967559814453,0.3551802039146423,0.3824577629566192,0.4097353219985962,0.0545551106333732,22.190990447998047
0.0521740801632404,0.5174247026443481,-2.267310380935669,0.0293569378554821,0.2456272095441818,-2.471107482910156,0.0449826121330261,0.7847379446029663,-1.8748968839645384,-5.751188278198242,2.663689136505127,0.211859256029129,2.474923610687256,0.3537063598632812,-15.065889358520508,2.884877920150757,0.1840151846408844,-9.314701080322266,-0.0278440676629543,-0.958068549633026,3,2.9051971435546875,18.400053024291992,234.0,165.7752227783203,205.0191192626953,244.2630157470703,0.0285686124116182,0.515095055103302,-2.198518991470337,10.293582916259766,0.3858297169208526,0.3633542656898498,0.340878814458847,-0.0449509136378765,21.30525016784668
0.044098287820816,0.5042139887809753,-3.0857300758361816,0.0364950560033321,0.2173590511083603,-2.6120822429656982,0.0341117568314075,0.7879141569137573,-3.033514976501465,-5.477951049804688,3.235618829727173,-0.7360443472862244,2.3603618144989014,0.2562140226364136,-18.055391311645508,-0.1215800791978836,-0.0638628453016281,-12.57744026184082,0.6721814870834351,0.4144996404647827,3,3.1540377140045166,16.713184356689453,354.0,96.0159149169922,189.12615966796875,282.2364196777344,0.0338379070162773,0.5490801334381104,2.728025436401367,14.709497451782228,0.3634564578533172,0.3713760077953338,0.3792955875396728,0.015839135274291,19.86722183227539
0.0946376398205757,0.4323607087135315,-2.530794858932495,0.0927114263176918,0.1621815711259842,-2.3981926441192627,0.0350046604871749,0.7485594749450684,-3.056691646575928,-6.400406360626221,2.7487802505493164,0.2881254851818084,2.6167054176330566,0.6561476588249207,-13.754770278930664,-2.218273878097534,1.101868987083435,-7.354364395141602,0.813743531703949,-0.6377183198928833,3,3.254689931869507,17.74448013305664,319.0,59.23395919799805,213.26394653320312,367.2939453125,0.0472610853612422,0.5027804970741272,3.095073938369751,5.526471138000488,0.3391083776950836,0.3751541376113891,0.4111998677253723,0.0720914900302887,20.999168395996094
0.0778804272413253,0.3920027017593384,-2.153416395187378,0.0606709644198417,0.1725196987390518,-2.152722120285034,0.09380853921175,0.6504160165786743,-2.345744609832764,-5.724245548248291,2.5581328868865967,0.1879065185785293,2.4476613998413086,0.6515882015228271,-15.700465202331545,-1.9083751440048216,0.9767791628837584,-9.97622013092041,0.7888726592063904,-0.0308916997164487,3,2.9343032836914062,17.79615020751953,146.0,107.12220764160156,183.7498321533203,260.37744140625,0.0650118663907051,0.435889720916748,-2.244678020477295,8.860186576843262,0.3742656111717224,0.3716652691364288,0.3690649271011352,-0.0052006836049258,20.730453491210938
0.044469267129898,0.5738325715065002,-2.625715970993042,0.0409702695906162,0.2957253456115722,-3.0466582775115967,0.0384275242686271,0.7905887961387634,-2.060805082321167,-5.766347408294678,3.09291672706604,-0.3728096485137939,2.3651974201202397,0.56964510679245,-18.73605155944824,-0.4428535103797912,-0.3444076180458069,-12.969703674316406,0.0284020230174064,-0.6699122190475464,3,3.254689931869507,17.74448013305664,536.0,59.23395919799805,213.26394653320312,367.2939453125,0.043400689959526,0.5875518321990967,-2.799323558807373,16.947572708129883,0.3391083776950836,0.3751541376113891,0.4111998677253723,0.0720914900302887,20.999168395996094
0.0723425149917602,0.6543670892715454,3.0603489875793457,0.0769557058811187,0.3738731741905212,2.896505355834961,0.0424944013357162,0.8564609885215759,-2.668189525604248,-7.313457489013672,2.699864864349365,0.3884530365467071,-18.42921257019043,0.7896655201911926,-7.083561420440674,-1.8021869659423828,1.0021318197250366,0.2298959493637085,0.6136786937713623,0.0075152958743274,3,2.833718061447144,14.984085083007812,1060.0,62.6628532409668,245.68785095214844,428.71282958984375,0.0616424195468425,0.6430925130844116,2.9999375343322754,19.45437431335449,0.3139130473136902,0.3572636842727661,0.4006142914295196,0.0867012590169906,17.81780242919922
0.0380056649446487,0.5740340352058411,3.008952379226685,0.0406214818358421,0.2985565960407257,2.7322299480438232,0.0305448360741138,0.7888206839561462,-2.674911975860596,-6.377780914306641,2.4914369583129883,-0.4870088696479797,2.647336721420288,0.2997629344463348,-13.386865615844728,-1.2226122617721558,-0.0297124776989221,-7.009084701538086,0.4572964012622833,-0.7259502410888672,3,2.9835357666015625,17.65381622314453,825.0,57.520992279052734,258.1215209960937,458.7220764160156,0.0469579920172691,0.5721256732940674,2.580335855484009,14.5530424118042,0.2987532019615173,0.3404010236263275,0.3820488452911377,0.0832956358790397,20.637351989746094
0.0813465118408203,0.5334131121635437,-3.064995288848877,0.0751943886280059,0.2524232566356659,-3.11747145652771,0.0828780010342598,0.7632565498352051,-2.916445016860962,-5.439414024353027,2.397224187850952,-0.2390186339616775,2.4766628742218018,0.4471197426319122,-14.19677734375,-1.5564583539962769,0.5261832475662231,-8.757363319396973,0.7652018666267395,-0.7841973304748535,3,2.9835357666015625,17.65381622314453,151.0,57.520992279052734,258.1215209960937,458.7220764160156,0.0912729278206825,0.5293081402778625,-3.073229551315308,13.956806182861328,0.2987532019615173,0.3404010236263275,0.3820488452911377,0.0832956358790397,20.637351989746094
0.0111157540231943,0.6155809164047241,2.182734251022339,0.0075268158689141,0.325838953256607,2.0358223915100098,0.0078774336725473,0.8390383124351501,2.466851234436035,-6.178730010986328,3.131063222885132,0.6588752865791321,2.365567684173584,1.0944803953170776,-20.04155540466309,-1.4841012954711914,1.0180541276931765,-13.86282444000244,0.3591787815093994,-0.3731925785541534,3,3.548067092895508,16.671113967895508,1162.0,46.14752960205078,176.9145050048828,307.6814880371094,0.030012184754014,0.5905977487564087,2.66340446472168,31.31489562988281,0.2821209728717804,0.3309460580348968,0.3797711133956909,0.0976501479744911,20.219181060791016
0.0320965573191642,0.6034232974052429,2.868871688842773,0.0324767716228961,0.3331267237663269,2.593336582183838,0.0503093004226684,0.8284814953804016,-2.804222583770752,-5.892397880554199,2.4918088912963867,0.1970335692167282,2.4598705768585205,0.3291574418544769,-15.942461967468262,-2.4286344051361084,0.3743088543415069,-10.050064086914062,0.1772753000259399,-0.0043648346327245,3,3.3140382766723637,17.497283935546875,494.0,67.23223876953125,175.78794860839844,284.3436584472656,0.0535036921501159,0.6340597867965698,2.7952470779418945,7.493760108947754,0.3598673343658447,0.3956205546855926,0.4313737750053406,0.0715064480900764,20.811323165893555
0.0508217252790927,0.4045830070972442,-1.9074889421463013,0.0367146171629428,0.2505111694335937,-2.0035324096679688,0.0809723287820816,0.6636171340942383,-2.0492377281188965,-7.605832576751709,2.242907762527466,0.6791685819625854,2.6608598232269287,0.283851683139801,-15.651379585266112,-1.0539525747299194,0.1422625035047531,-8.045547485351562,-0.5369061231613159,0.1360181272029876,3,,,52.0,,,,0.0406240820884704,0.4443249702453613,-2.1162586212158203,7.510448455810547,,,,,
0.0126118389889597,0.585491955280304,-2.290947675704956,0.0139601323753595,0.2724140584468841,-1.8044946193695068,0.0054846419952809,0.8139594793319702,-1.7460737228393557,-6.142165660858154,2.937912702560425,-1.083094835281372,2.3660988807678223,0.7552363276481628,-19.896135330200195,-0.19789420068264,-0.593802809715271,-13.753969192504885,0.4892919957637787,0.8636794090270996,3,3.701426267623901,17.2657527923584,317.0,52.21158981323242,151.70932006835938,251.20704650878903,0.0207682456821203,0.5890641808509827,2.3483479022979736,36.81857299804688,0.271080881357193,0.3139631152153015,0.35684534907341,0.0857644528150558,20.967180252075195
0.0044657364487648,0.584413468837738,1.164420485496521,0.0020394918974488,0.2932628989219665,2.1181435585021973,0.010125134140253,0.7963089942932129,1.608349084854126,-6.993263244628906,2.784552574157715,-0.5398589968681335,3.440548658370972,0.3861989378929138,-8.762155532836914,-0.7004216909408569,0.0656938701868057,-1.7688919305801392,0.6055528521537781,-0.2938513457775116,3,3.582715511322021,18.1103630065918,578.0,60.20641326904297,164.90731811523438,269.60821533203125,0.0375835187733173,0.581527829170227,2.802411794662476,30.54157829284668,0.3917664587497711,0.421705812215805,0.4516451358795166,0.059878684580326,21.693078994750977
0.0308743733912706,0.6384865641593933,-2.825585126876831,0.0302005503326654,0.3569575846195221,-3.133606195449829,0.0331679731607437,0.8315204977989197,-2.012307643890381,-6.16667366027832,2.65714430809021,-0.2926748991012573,2.883254051208496,0.1582521647214889,-10.360742568969728,-0.6134148240089417,-0.0292456001043319,-4.194068908691406,0.2634293138980865,-0.4475801885128021,3,2.9051971435546875,18.400053024291992,269.0,165.7752227783203,205.0191192626953,244.2630157470703,0.0277591086924076,0.6047743558883667,2.8853952884674072,15.321528434753418,0.3858297169208526,0.3633542656898498,0.340878814458847,-0.0449509136378765,21.30525016784668
0.1810097694396972,0.2651214003562927,-1.5215866565704346,0.1410716623067855,0.0376427173614501,-1.47517728805542,0.1104912832379341,0.5713463425636292,-1.4834600687026978,-6.117312431335449,2.803528070449829,-0.1427654474973678,2.3929622173309326,0.3197974264621734,-18.703828811645508,-0.5869322419166565,0.0669065117835998,-12.58651638031006,0.2096719592809677,-0.9753224849700928,3,3.701426267623901,17.2657527923584,632.0,52.21158981323242,151.70932006835938,251.20704650878903,0.0887534022331237,0.3807951509952545,-1.6136276721954346,21.870079040527344,0.271080881357193,0.3139631152153015,0.35684534907341,0.0857644528150558,20.967180252075195
0.063238188624382,0.6113170385360718,3.046142816543579,0.054777305573225,0.3249432742595672,2.9559357166290283,0.0560977272689342,0.8461514711380005,-3.035388946533203,-5.892984867095947,2.5773770809173584,0.3396194279193878,2.5015957355499268,0.3600475192070007,-14.814847946166992,-1.278174638748169,0.3231262862682342,-8.921863555908203,-0.016493123024702,-0.666993260383606,3,2.47234320640564,19.045747756958008,359.0,231.92965698242188,309.0870361328125,386.2444458007813,0.0534921325743198,0.6364564299583435,3.034564256668091,25.69376564025879,0.4096758067607879,0.3941835761070251,0.3786913454532623,-0.0309844631701707,21.518091201782227
0.0330436378717422,0.5763950943946838,-2.5174267292022705,0.0199527293443679,0.2775893211364746,-2.5239977836608887,0.041202213615179,0.8255921602249146,-2.772392749786377,-5.970985889434815,2.652543544769287,-0.3165372014045715,2.5543460845947266,0.2619335353374481,-13.977984428405762,-1.5412601232528689,0.2076741904020309,-8.006999015808105,0.5242114067077637,0.9986009001731871,3,2.9343032836914062,17.79615020751953,190.0,107.12220764160156,183.7498321533203,260.37744140625,0.0388049595057964,0.581109881401062,-3.122885227203369,19.80556297302246,0.3742656111717224,0.3716652691364288,0.3690649271011352,-0.0052006836049258,20.730453491210938
0.0291715543717145,0.5860616564750671,-2.7360944747924805,0.0140573028475046,0.2777054905891418,-2.797358989715576,0.0256959032267332,0.8474692702293396,-2.405425786972046,-6.371797561645508,2.866248369216919,-0.7358663082122803,2.4413411617279053,0.4811573624610901,-17.64309310913086,0.0746692717075347,-0.4535251557826996,-11.271296501159668,0.2823411524295807,0.9720956087112428,3,2.4834694862365723,17.689693450927734,180.0,153.57421875,226.21974182128903,298.865234375,0.0077369534410536,0.5837247967720032,2.9546103477478027,26.976608276367188,0.389515072107315,0.3828490376472473,0.3761829733848572,-0.013332107104361,20.17316246032715
0.0517489835619926,0.5911189913749695,-3.003116607666016,0.0424869209527969,0.3225557506084442,3.107599258422852,0.0413950718939304,0.8169687390327454,2.557577610015869,-6.745988845825195,2.755908727645874,-0.1002556681632995,2.7155559062957764,0.3927218616008758,-12.954879760742188,3.0650134086608887,0.1080233678221702,-6.208890914916992,0.2082790285348892,0.1586180180311203,3,3.4816653728485107,14.914237022399902,640.0,62.10481643676758,161.233154296875,260.36151123046875,0.062241218984127,0.5920863151550293,2.514504194259644,14.255130767822266,0.3042046427726745,0.3361689746379852,0.3681332767009735,0.0639286413788795,18.395902633666992
0.1101420819759368,0.5020239353179932,-3.109004259109497,0.0995617508888244,0.2074801474809646,3.0975148677825928,0.071727842092514,0.7189796566963196,-2.8974921703338623,-5.225595951080322,2.7505342960357666,-0.1734908074140548,2.4626896381378174,0.397315502166748,-14.098923683166504,1.0551038980484009,-0.5540112853050232,-8.873327255249023,-0.3805204927921295,1.0,3,3.582715511322021,18.1103630065918,188.0,60.20641326904297,164.90731811523438,269.60821533203125,0.0600724257528781,0.4154151082038879,-2.991925001144409,1.854334115982056,0.3917664587497711,0.421705812215805,0.4516451358795166,0.059878684580326,21.693078994750977
0.0618284232914447,0.4796213209629059,2.72795033454895,0.0652470365166664,0.218484878540039,2.781520366668701,0.0433630943298339,0.6852226257324219,2.966118574142456,-6.293905258178711,3.5421483516693115,0.1526314169168472,2.3718724250793457,0.6417855620384216,-20.036901473999023,-1.6226646900177002,0.8428003191947937,-13.742997169494627,0.6901689171791077,-0.8835621476173401,3,2.833718061447144,14.984085083007812,1668.0,62.6628532409668,245.68785095214844,428.71282958984375,0.0579201765358448,0.5137404203414917,2.540731430053711,37.6006088256836,0.3139130473136902,0.3572636842727661,0.4006142914295196,0.0867012590169906,17.81780242919922
0.0746731758117675,0.5815512537956238,2.8919358253479004,0.0687200352549552,0.2954968214035034,2.9230215549468994,0.0847748443484306,0.7937026619911194,-3.082845449447632,-5.00959062576294,2.5801069736480717,-0.4376120865345001,2.389081716537476,0.4712869822978973,-15.538780212402344,-0.6172099113464355,-0.0946707800030708,-10.529189109802246,0.3429413139820099,-0.0958959087729454,3,3.118431568145752,19.026874542236328,451.0,50.53010177612305,196.1634521484375,341.7968139648437,0.0876755118370056,0.5508639812469482,2.972908973693848,18.6873779296875,0.3775820434093475,0.4161637425422668,0.4547454416751861,0.077163390815258,22.145307540893555
0.0771605595946312,0.5701456069946289,2.577966451644897,0.0628370344638824,0.3030256330966949,2.496019124984741,0.0896143615245819,0.7823927998542786,-3.091409683227539,-6.6488237380981445,2.546724557876587,0.0384364798665046,3.247559070587158,0.4758796393871307,-5.786017417907715,-1.892112374305725,0.6797798275947571,0.8628066182136536,0.641343355178833,-0.9949191808700562,3,3.3809728622436523,17.369905471801758,511.0,59.60750961303711,174.29087829589844,288.9742431640625,0.1002091914415359,0.5899828672409058,2.9118940830230717,44.08112716674805,0.3010969758033752,0.336837500333786,0.3725779950618744,0.0714810341596603,20.750879287719727
0.0896494463086128,0.4926988482475281,-2.781589984893799,0.0809198766946792,0.2031964063644409,-2.5764143466949463,0.0624700747430324,0.759283721446991,3.109956741333008,-5.800262928009033,3.0421390533447266,-0.6390773057937622,2.3166534900665283,0.2690268456935882,-21.14349365234375,-1.366971135139465,0.0943978279829025,-15.34323024749756,0.7334750890731812,0.7704651355743408,3,2.833718061447144,14.984085083007812,1040.0,62.6628532409668,245.68785095214844,428.71282958984375,0.0515957102179527,0.5456989407539368,-3.0448126792907715,21.189617156982425,0.3139130473136902,0.3572636842727661,0.4006142914295196,0.0867012590169906,17.81780242919922
0.1348788142204284,0.4396830201148987,-2.0870115756988525,0.1200530529022216,0.1425226926803589,-1.832077383995056,0.0825107768177986,0.7568452954292297,-2.85559630393982,-5.747684955596924,2.835397720336914,-0.5227693915367126,2.360738039016724,0.6145146489143372,-18.801645278930664,-0.4940150678157806,0.036685436964035,-13.053960800170898,0.5594548583030701,0.8025403022766113,3,3.548067092895508,16.671113967895508,430.0,46.14752960205078,176.9145050048828,307.6814880371094,0.080426424741745,0.4992707371711731,-2.5253326892852783,19.28286361694336,0.2821209728717804,0.3309460580348968,0.3797711133956909,0.0976501479744911,20.219181060791016
0.0113398013636469,0.5719413757324219,2.208650827407837,0.0258045829832553,0.2466944456100464,1.3557146787643433,0.0243042167276144,0.8356904983520508,-2.2461154460906982,-5.875944137573242,2.8314807415008545,-0.878212571144104,2.3877742290496826,0.4133251905441284,-18.30608558654785,0.9702693819999696,-0.4346425533294678,-12.430142402648926,0.4435699880123138,0.4241564273834228,3,3.1540377140045166,16.713184356689453,428.0,96.0159149169922,189.12615966796875,282.2364196777344,0.0239253807812929,0.6048958897590637,2.851503133773804,28.382020950317383,0.3634564578533172,0.3713760077953338,0.3792955875396728,0.015839135274291,19.86722183227539
0.0420505218207836,0.6372743248939514,-3.0735673904418945,0.0540195330977439,0.3465808033943176,2.7715322971343994,0.0295095667243003,0.8350059986114502,-1.9270552396774288,-6.069105625152588,2.880319595336914,0.5233297348022461,2.5290780067443848,0.3602147698402405,-14.641619682312012,-1.7551785707473757,0.3129318654537201,-8.572514533996582,-0.2103978544473648,-0.933716356754303,3,3.073497772216797,18.655893325805664,298.0,189.31544494628903,215.36175537109372,241.40806579589844,0.0224198214709758,0.5937763452529907,2.2337663173675537,16.27393913269043,0.3929937779903412,0.3737645149230957,0.3545352816581726,-0.0384585075080394,21.72939109802246
0.0336855500936508,0.5828775763511658,-2.6482629776000977,0.0201716683804988,0.2926326096057892,-2.573166847229004,0.0479693189263343,0.8143500089645386,-2.404179811477661,-5.549202919006348,2.7982301712036133,-0.7806284427642822,2.3500592708587646,0.2095729112625122,-18.654659271240234,-0.686211884021759,-0.1559652388095855,-13.105456352233888,0.624663233757019,-0.3976483941078186,3,3.1540377140045166,16.713184356689453,352.0,96.0159149169922,189.12615966796875,282.2364196777344,0.0340444855391979,0.6022118926048279,-3.10735297203064,8.572257995605469,0.3634564578533172,0.3713760077953338,0.3792955875396728,0.015839135274291,19.86722183227539
0.0612019635736942,0.5416257381439209,-2.100583791732788,0.0566418431699276,0.2524575293064117,-2.1247003078460693,0.036617711186409,0.817247748374939,-1.9007413387298584,-5.716007232666016,2.881232261657715,-0.4021067321300506,2.346144437789917,0.2017676085233688,-19.508298873901367,0.8476338982582092,-0.3108477294445038,-13.792292594909668,0.0912589877843856,0.6606001257896423,3,2.1321730613708496,17.388948440551758,71.0,259.4792785644531,365.29107666015625,471.1028747558594,0.0239059850573539,0.5982058644294739,-2.538644313812256,25.484886169433597,0.4082765281200409,0.404788076877594,0.4012996554374695,-0.006976852659136,19.52112197875977
0.0382173657417297,0.5229325294494629,-2.282677412033081,0.0403948873281478,0.1976681351661682,-1.870617151260376,0.0356690622866153,0.8116248250007629,-2.817880868911743,-5.447417736053467,2.681339263916016,-1.0853753089904783,2.5851495265960693,0.5795698761940002,-12.207894325256348,-1.1389933824539185,0.1941923201084137,-6.760476589202881,1.2795675992965698,-0.1313905566930771,3,3.417394161224365,15.758721351623535,708.0,48.41254425048828,193.76931762695312,339.1260986328125,0.0444255471229553,0.5786362886428833,-2.834939956665039,30.83209991455078,0.2831567227840423,0.330501526594162,0.3778463304042816,0.0946896076202392,19.176115036010746
0.0247908551245927,0.5786068439483643,-2.770283460617065,0.0318973325192928,0.2754164934158325,-2.504770040512085,0.0118229975923895,0.8337202072143555,2.5545167922973637,-5.845893383026123,3.0208144187927246,-0.6819685101509094,2.3388559818267822,0.4167661964893341,-20.18146133422852,-0.2798243463039398,-0.0494250133633613,-14.335567474365234,0.6325434446334839,0.7983517646789551,3,3.093090295791626,15.316779136657717,1376.0,62.56459426879883,207.2670440673828,351.969482421875,0.0320491828024387,0.6075738072395325,2.8829662799835205,20.139657974243164,0.3060979545116424,0.346006840467453,0.3859157264232635,0.0798177719116211,18.40987014770508
0.0502268597483634,0.5188469290733337,-2.487562417984009,0.0409435965120792,0.2450424879789352,-2.5303173065185547,0.0753921791911125,0.7393527626991272,-2.26842737197876,-6.399736404418945,2.793735980987549,-0.0940230935811996,2.6460177898406982,0.9078691601753236,-13.360221862792969,-1.6611509323120115,1.0726746320724487,-6.960485935211182,1.1666977405548096,-0.4041773080825805,3,3.2727532386779785,19.240875244140625,34.0,69.31330871582031,204.83587646484372,340.35845947265625,0.0579625777900218,0.544670045375824,-2.38621187210083,5.122972011566162,0.3942334949970245,0.4249373376369476,0.4556411802768707,0.0614076666533947,22.513628005981445
0.0586497634649276,0.5313645601272583,3.0017151832580566,0.0517921857535839,0.2593446671962738,2.8544552326202397,0.0481331869959831,0.7966831922531128,2.9650025367736816,-7.432293891906738,2.54799222946167,-0.4966106116771698,2.796229362487793,0.5957306027412415,-13.38510036468506,-2.249340534210205,0.6376377940177917,-5.95280647277832,1.1342483758926392,0.9212865829467772,3,3.530604600906372,17.5559024810791,290.0,62.23590469360352,158.41311645507812,254.59033203125,0.0649449899792671,0.5525346398353577,3.03352427482605,13.154428482055664,0.326017826795578,0.3562307953834533,0.3864437639713287,0.0604259297251701,21.08650779724121
0.0251865312457084,0.5902878046035767,-1.8265480995178225,0.0236222930252552,0.2814553081989288,-1.4551492929458618,0.0354552380740642,0.8272571563720703,-2.620078563690185,-5.91840410232544,2.896714210510254,0.0456508696079254,2.370069026947021,0.5477114915847778,-19.04020500183105,-0.774255633354187,-0.0764516144990921,-13.121800422668455,-0.1221024841070175,0.9914615750312804,3,2.7506468296051025,15.843884468078612,1231.0,61.876556396484375,249.2769317626953,436.6773071289063,0.0472193472087383,0.5816096067428589,-2.9629502296447754,24.149503707885746,0.3560249507427215,0.3964261412620544,0.4368273019790649,0.0808023288846015,18.594532012939453
0.0442712642252445,0.5223660469055176,-2.328038692474365,0.0445726476609706,0.2565084397792816,-2.409618854522705,0.0431450866162776,0.8005892634391785,-1.52929949760437,-6.038610935211182,2.655340671539306,-0.2126537561416626,2.515211820602417,0.5795009732246399,-14.950017929077148,1.769965648651123,-0.3282637596130371,-8.911406517028809,-0.1156099960207939,0.6612922549247742,3,3.073497772216797,18.655893325805664,27.0,189.31544494628903,215.36175537109372,241.40806579589844,0.0228910576552152,0.5511465072631836,-2.312145233154297,5.805346488952637,0.3929937779903412,0.3737645149230957,0.3545352816581726,-0.0384585075080394,21.72939109802246
0.0563728585839271,0.4981598556041717,-2.588750123977661,0.0621016435325145,0.1649714708328247,-2.2372500896453857,0.0408953912556171,0.805227518081665,2.91222620010376,-6.061864852905273,3.235316514968872,-0.0877337381243705,2.298762083053589,0.3905931115150451,-23.249187469482425,-1.310229778289795,0.2870472967624664,-17.18732261657715,0.3747810423374176,-0.6847573518753052,3,3.1804795265197754,15.105207443237305,1016.0,71.4126968383789,182.2305908203125,293.0484924316406,0.0529481023550033,0.5799471139907837,2.925578117370605,40.93486785888672,0.3234232366085052,0.3517116606235504,0.3800000846385956,0.0565768443048,18.28568649291992
0.0300452057272195,0.580386221408844,-2.225816488265991,0.0333205685019493,0.2776456475257873,-2.038393020629883,0.0288302712142467,0.8330512046813965,-2.361363887786865,-6.919320583343506,3.1444013118743896,0.559816837310791,5.755125522613525,0.7971509695053101,-6.418890953063965,-1.3124008178710938,0.7189438939094543,0.5004295110702515,0.1591270565986633,-0.0843774601817131,3,3.5696117877960205,16.92194938659668,391.0,58.38742446899414,154.03871154785156,249.69000244140625,0.038597498089075,0.6218830943107605,-2.936155080795288,20.21971893310547,0.3045106828212738,0.3361372649669647,0.3677638173103332,0.0632531270384788,20.491559982299805
0.0957695096731185,0.4935612678527832,-1.8837056159973145,0.0726355984807014,0.2186354100704193,-1.9111827611923216,0.1248748153448104,0.7830490469932556,-1.6483471393585205,-6.006557464599609,2.482508897781372,0.3402524292469024,2.493342161178589,0.3482705354690552,-15.331216812133787,-0.4000203907489776,0.1068001389503479,-9.32465934753418,-0.2334522902965545,0.8860640525817871,3,3.5792973041534424,18.24114799499512,19.0,109.32217407226562,146.40679931640625,183.49142456054688,0.089103877544403,0.5445729494094849,-1.803883671760559,2.962682247161865,0.3548375964164734,0.3290828764438629,0.3033281862735748,-0.0515093877911567,21.820444107055664
0.0964082852005958,0.495869368314743,-2.210838079452514,0.0774215832352638,0.2253317087888717,-2.1415486335754395,0.0753967389464378,0.7438780069351196,-2.213583707809448,-5.87262773513794,2.386094808578491,-0.735171377658844,2.6072700023651123,0.4585305750370025,-12.921359062194824,1.1982377767562866,-0.6691000461578369,-7.048730850219727,0.066071331501007,0.1705249398946762,3,3.0977587699890137,18.873550415039062,237.0,216.7979736328125,226.03634643554688,235.27471923828125,0.0483101606369018,0.4873042106628418,-2.3689169883728027,11.159778594970703,0.3943151831626892,0.367923229932785,0.3415312767028808,-0.0527838952839374,21.971309661865234
0.0155819430947303,0.6595250964164734,-1.9980790615081787,0.0243477150797843,0.3911689519882202,2.123765707015991,0.0335212759673595,0.8348734378814697,-1.9033488035202024,-5.842535495758057,2.549696683883667,0.7513118982315063,2.503379821777344,0.6652975082397461,-14.602237701416016,-2.4351513385772705,0.5565531253814697,-8.7597017288208,-0.1947587877511978,0.192752331495285,3,,,338.0,,,,0.0264044925570487,0.6114730834960938,1.5220228433609009,34.91139221191406,,,,,
0.0568947941064834,0.6693536043167114,2.271816730499268,0.0726395398378372,0.3988163471221924,2.1277666091918945,0.0394687205553054,0.8335266709327698,1.890224933624268,-6.3488450050354,2.382174491882324,0.0525474064052104,2.963261127471924,0.5040428042411804,-9.98594856262207,-2.184216260910034,0.5930018424987793,-3.637103319168091,0.5404544472694397,-0.7387691736221313,3,3.1804795265197754,15.105207443237305,827.0,71.4126968383789,182.2305908203125,293.0484924316406,0.0915406122803688,0.6026169061660767,2.274733543395996,38.97018051147461,0.3234232366085052,0.3517116606235504,0.3800000846385956,0.0565768443048,18.28568649291992
0.0727352723479271,0.5576451420783997,-2.717884063720703,0.0680315494537353,0.2536004185676574,-2.650145530700684,0.0586090125143528,0.8257564306259155,-2.805339336395264,-6.455935001373291,2.796430349349976,-0.5515017509460449,2.5529282093048096,0.3913303017616272,-15.090651512145996,-1.543773531913757,0.3814353048801422,-8.634716987609863,0.9329370856285096,0.2734637260437011,3,3.536134719848633,18.042383193969727,408.0,57.365352630615234,171.31671142578125,285.26806640625,0.0659513548016548,0.5970916748046875,-2.866081714630127,17.333778381347656,0.3087427616119385,0.3441315591335296,0.3795203566551208,0.0707776024937629,21.57851791381836
0.0530811063945293,0.5565892457962036,-2.2967278957366943,0.0316539891064167,0.268350213766098,-2.461925983428955,0.0725155770778656,0.7978562116622925,-2.277414560317993,-6.506187438964844,2.829707145690918,0.1462932527065277,2.7118022441864014,0.3548875451087951,-12.657377243041992,0.7305724620819092,-0.3084706366062164,-6.151189804077148,-0.4547638893127441,-0.8849714398384094,3,2.39399528503418,19.190290451049805,330.0,387.6694030761719,392.01611328125,396.3628234863281,0.0536204017698764,0.5677177309989929,-2.3781309127807617,3.8391311168670654,0.4148811101913452,0.3935120701789856,0.372143030166626,-0.0427380912005901,21.584285736083984
0.0694853439927101,0.5026856064796448,-2.607508659362793,0.0596923939883708,0.2042365819215774,-2.544684648513794,0.0784844979643821,0.7656005620956421,-2.5152199268341064,-5.92466402053833,2.7685093879699707,-0.2514998316764831,2.4928953647613525,0.4650310575962066,-15.117855072021484,2.9800925254821777,0.0754003003239631,-9.193191528320312,0.3269001543521881,1.0,3,3.392768144607544,19.320724487304688,64.0,53.490020751953125,183.22525024414065,312.9604797363281,0.082315407693386,0.5283254384994507,-2.7013819217681885,8.28909969329834,0.3090569078922272,0.3536306321620941,0.398204356431961,0.0891474261879921,22.71349334716797
0.0793372020125389,0.5029201507568359,-2.853399991989136,0.0723328813910484,0.199363574385643,-2.742055654525757,0.064389944076538,0.7854321599006653,-3.0997467041015625,-6.577943325042725,2.669827699661255,-0.6979047060012817,2.675602912902832,0.2139373868703842,-13.211346626281738,0.015666227787733,-0.0794430896639823,-6.633403301239014,0.6184616088867188,-0.1125960052013397,3,3.3504343032836914,16.984344482421875,429.0,56.58260726928711,189.81771850585935,323.0528259277344,0.0758297070860862,0.5672999620437622,2.993735313415528,7.576661109924316,0.2966939806938171,0.3419471383094787,0.3872002959251404,0.0905063077807426,20.33477783203125
