ptid,cls,NDRE_fstd1,NDRE_fstd2,NDRE_fstd4,NDVI_fstd2,NDVI_fstd4,glcm2_contrast,glcm2_ent,glcm2_idm,glcm2_var,glcm4_contrast,glcm4_ent,VH,VH_fstd2,L_HH,L_HV,L_HHHV,L_HV_fstd2
0,1,0.06929651906206971,0.0836317056581582,0.09396977722444928,0.12236194482265915,0.13173026200650692,107.80312500000001,3.5404842344895853,0.07709073797016794,64.72416992187391,77.31597222222223,4.745132588769493,-15.638279292113236,0.8412722163648906,-7.701540307002233,-14.620723385927548,6.919183078925315,1.1788842894499867
1,1,0.09853860599623897,0.09408907631199537,0.08827475365225602,0.1508847980742564,0.1314459969665343,126.78125000000001,3.464628914636534,0.13938839847625217,102.84914062500229,60.87803819444444,4.569778329468312,-18.68136822747637,1.2541524774311088,-2.7652087722336347,-11.050484202592457,8.285275430358823,2.541192758521423
2,1,0.024966662443743473,0.0334349342495884,0.06333563278088791,0.05193026318301322,0.0999613046324911,34.39375,3.4625051766765917,0.17545243202570443,30.04308593750102,38.91015625000001,4.519950230466735,-11.844911161062047,1.7698923789360574,-4.822796539654462,-8.693306324153738,3.8705097844992764,1.6713051270539676
3,1,0.025164657845224474,0.028110439175898137,0.027355993709281084,0.03614865120149438,0.03491587373830559,11.015625,3.035659402706452,0.3390746529900941,8.966865234373472,7.591145833333332,3.80352975004467,-16.431260367098467,0.9633262005059063,-3.8287223355606557,-6.644727354392643,2.816005018831987,4.5304688998802
4,1,0.07446637064237435,0.0712345763927927,0.10099691074647443,0.09396835796274106,0.13405662148696854,84.55625,3.473335601372841,0.1588287113335405,56.169335937500364,71.3519965277778,4.701044073346109,-17.947604668364704,2.299726745192938,-4.642540896023036,-15.044674877470996,10.40213398144796,2.239709643228941
5,1,0.009296170464779476,0.02572264308492368,0.061809421126542974,0.05248644670182415,0.09766841100620142,19.86875,3.1807870936361917,0.32511420577289624,13.174355468747308,28.788194444444443,4.425007317461426,-14.164123323514788,1.1530239210516016,-8.658245501459618,-11.898111028433618,3.2398655269740004,1.6168558698654603
6,1,0.05823384983937698,0.12731130810542218,0.18764971075536735,0.19351781492456985,0.2710541994149928,192.98125000000002,3.270169857614728,0.2627656513592984,257.7867187499987,162.6488715277778,4.448816294583896,-9.297977302449459,2.0729003879761247,-2.7872176652674057,-10.29635902687464,7.509141361607234,1.8961962569904385
7,1,0.023213057100002932,0.039175710035175275,0.04067351738227951,0.032675287280704506,0.03497745680097229,22.543750000000003,3.295674289375047,0.27961075402771135,18.782929687504293,15.944444444444443,4.342175962027946,-24.230716469813704,1.797363628995711,-5.5161639064185835,-12.145980611037785,6.629816704619202,3.275595227381921
8,1,0.038434391993016674,0.04185249622364365,0.050576280194056245,0.0469687526949659,0.06293962755760173,23.053124999999998,3.4863321110083394,0.20808176235491666,16.616904296873145,23.884982638888886,4.5885899724088794,-13.072150743960908,0.5198652011594942,-5.533587963692014,-10.15268838310054,4.619100419408525,1.861993538302719
9,1,0.06680474986545001,0.11050089529980563,0.1451949301856452,0.13357530882319726,0.19530155456441473,140.10312499999998,3.5491485742465843,0.12202285365364929,171.46436523437023,94.90017361111113,4.615966879279952,-14.043428399075271,1.2876306941817584,-3.1453959209171387,-7.94674113758056,4.801345216663421,3.2167939496077067
10,1,0.04301030597859881,0.04266600077001681,0.030754577033088697,0.03785545302645303,0.02447276949065203,19.928125,3.2393137339752434,0.2537319622363435,16.667021484371617,8.571614583333334,3.705663359049277,-20.061139807897,0.9076237106756134,-7.817223674376677,-9.778898302932419,1.9616746285557412,2.3489750387794044
11,1,0.034283345684407836,0.03663819135968586,0.041070980598888196,0.03642831167319853,0.04397459748446415,14.540625,3.397522628499096,0.23311195273327626,13.898779296875546,11.043836805555554,4.198035855170797,-14.289521990999981,0.5333453055089294,-7.82176215204052,-15.446591213313539,7.624829061273019,1.189637140244284
12,1,0.021317469076532376,0.021990240443044075,0.02368987619511137,0.011243431583527535,0.022110695386143922,9.4875,3.060505859038865,0.26198917695976515,4.378808593748545,13.692274305555555,4.037609345543092,-12.690581044961071,0.7558244702795565,-4.011223979269914,-9.5895168443584,5.5782928650884855,0.9377867976102418
13,1,0.06502054603075487,0.07129974938123106,0.07216863213141099,0.09299680266478441,0.10314556568271067,50.11875,3.4711695164335907,0.20611163490374737,48.48031249999622,47.5703125,4.639659903684223,-13.17127811584979,1.0232901738525222,-5.4020335133998,-12.506885752844454,7.104852239444654,1.796031524200547
14,1,0.009132040731626696,0.016356683276911563,0.03358378780404354,0.010564896693239663,0.03602950651924013,6.090624999999999,3.306993301581975,0.321147907239819,5.226708984370816,11.835069444444443,4.3372825386570835,-14.586224615131036,2.549422623272238,-11.257010034913122,-14.450277818084288,3.1932677831711658,1.6818123231929802
15,1,0.053513743564339376,0.08515418919024846,0.11050746873160139,0.12521149593968198,0.1602766875281925,69.28437500000001,3.5144912152185874,0.13107299310371653,93.16159179687475,52.73697916666666,4.703928568947464,-7.818071267658622,3.718165807201947,-8.616690118215729,-12.845580466287728,4.2288903480719995,2.062775709507396
16,1,0.024836192430954824,0.03251186035604919,0.055593946116850555,0.04069526875384216,0.063792219581234,13.621875000000001,3.217695231562053,0.321697045484729,14.318974609373072,15.239149305555557,4.300787493473846,-12.254414651737982,0.6522980649854023,-7.309080518909553,-11.123206778374566,3.814126259465013,2.7285124844647126
17,1,0.027210888527428992,0.031402196093072834,0.03602050721144044,0.03870755750422073,0.04350751233480649,8.4875,3.252394937569358,0.34965794301088426,8.533886718752001,9.024739583333332,4.159783997812443,-13.919221146038847,0.3171701677975125,-5.617713460412489,-12.496511443294565,6.878797982882077,1.3886961854410165
18,1,0.02766137302627912,0.07000688994055192,0.10137214084820265,0.09099773065789618,0.12981413700195307,56.03750000000001,3.48199994112984,0.16708339996683602,75.31599609374189,74.09678819444446,4.622148908266466,-19.539570222515387,1.445807384370962,-3.224363130927202,-7.392213430580952,4.16785029965375,2.1876835827703354
19,1,0.04887593302690448,0.04682175119803573,0.04489790205405198,0.07111598634857373,0.06771244935950646,20.453125,3.414851308013095,0.2513292265981556,21.719404296874927,21.65104166666667,4.440387193308056,-16.782844253216773,0.9113383916160382,-6.018986188609759,-14.032057930844644,8.013071742234885,1.6354670321351923
20,1,0.051011018240713,0.08236737249090073,0.09865075735995296,0.12881534671509934,0.14502391636223938,106.740625,3.5231555549755864,0.12075243516721212,75.09459960937465,112.19487847222221,4.824278384177818,-13.60432931654242,1.7722123632441042,-0.36890980477519975,-11.985651530614348,11.616741725839148,1.6182449633125289
21,1,0.026893970704593262,0.035728892244545424,0.0523497555165185,0.06806167424834138,0.09180341980851209,22.9,3.494996450765339,0.24805276895340414,15.302578125000764,28.059461805555564,4.522834726068091,-12.023096017551463,0.4317825761235813,-5.988300472959381,-11.129848213364696,5.141547740405315,1.4510069861194745
22,1,0.056142673341416795,0.09644686969849227,0.11405465662752146,0.1500363551727405,0.15856611531017625,84.6,3.538318149550335,0.07150135423366699,108.92576171875044,102.07682291666667,4.785457599299784,-14.713459594459062,0.899062888409066,-3.8239459320099485,-10.740086879353058,6.916140947343109,1.92566408708792
23,1,0.06224740899324899,0.08086169760657509,0.13304933523331117,0.10641464155201473,0.1888806121768947,107.22812499999999,3.3693635242888487,0.18758214868284845,109.98081054687327,132.22786458333334,4.705795617581753,-11.532926155630376,3.5630987053961576,-1.9484294991068367,-8.025388878030114,6.076959378923277,4.758217653270897
24,1,0.09251011697636789,0.12549326773463293,0.14054357684392876,0.17953965700916422,0.20604887654690643,128.521875,3.4949964507653393,0.08427787409374171,159.6290136718735,100.40494791666669,4.76295619236751,-12.60819723040997,2.8428821126998476,-8.937613075278435,-15.776780096099486,6.839167020821051,2.373452861188809
25,1,0.0634333399137356,0.08085628222860178,0.0979464638754968,0.11923502670838611,0.15644668753322286,114.83124999999998,3.520989470036336,0.16451961881654656,72.92591796875195,99.5776909722222,4.7888406366361345,-12.163260490930657,0.9863919259406608,-4.1737474927867595,-13.42001736653286,9.246269873746101,2.5301509608958193
26,1,0.023853537100588424,0.04486048755807219,0.06893220711414637,0.04781562810785237,0.08051420625493366,19.7,3.401854798377596,0.2486133281612481,22.033339843744216,26.55034722222222,4.491617854480175,-11.751664434576632,0.7530710879800998,-4.426963066926106,-13.68045263428354,9.253489567357434,1.9348385989086812
27,1,0.04887280373360113,0.05106004653781126,0.047563196275274694,0.06865312108409338,0.06459924398354189,26.28125,3.4061869682560952,0.23052723160856847,29.615839843751928,28.743923611111114,4.343441041543981,-14.416557411656822,0.8052260300729721,-6.1890962472632225,-15.170711763217938,8.981615515954715,2.144415995853695
28,1,0.03849259156290413,0.04308300594436909,0.04224100297173528,0.0566521089270615,0.04514541412016174,32.59375,3.4235156477700945,0.23049055272974542,21.994765624998763,24.25868055555555,4.287370699605853,-10.172004374372245,0.6662587612917223,1.6604301397538705,-4.658296187188654,6.3187263269425245,1.1434998935204161
29,1,0.14216299722676737,0.18584968807760754,0.20389276372299672,0.24917021349775553,0.274326423288506,241.93437500000002,3.445134150183285,0.14302637728985668,452.56850585937036,184.5807291666667,4.746687029223521,-14.10895995676628,2.1808354521639184,-5.005778108577104,-9.876118756416275,4.870340647839171,1.5448943976494847
30,1,0.009487852916573407,0.00972301595672336,0.020568386061853825,0.010478237810943366,0.01756929849326021,4.48125,2.5429112449685864,0.46634271432065544,2.47732421875844,5.350260416666668,3.8100065773708516,-6.415704786808274,0.4440890128491131,-2.479145579897221,-4.464921896205254,1.9857763163080335,6.07056134095283
31,1,0.040432708859990125,0.04458513655603487,0.08926483637544251,0.03902707204100913,0.13123894471479625,25.053125,3.2761371779424913,0.2689616224948886,23.092529296868634,99.05164930555556,4.621461714054369,-13.977129498192799,0.28392362699867024,-1.139274941096744,-9.868454172077719,8.729179230980975,2.0376608196817347
32,1,0.021250769449427276,0.022723517773060167,0.02913324396772547,0.02248206516705104,0.026074245034775487,8.940625,3.336829903220794,0.3133595374220375,7.355849609371944,6.846354166666665,4.228610309725186,-16.64707817484474,1.4466157825386545,-8.175391779490582,-10.387375119590004,2.2119833400994224,2.2542101207455723
33,1,0.05526331482630495,0.11140034043275808,0.12218826337617515,0.16309138884021965,0.18596744119616054,116.97500000000001,3.4646712616158406,0.14877984427513566,156.30849609374764,148.69704861111111,4.831799512439101,-13.728793747514311,0.9977655044819135,-0.6705017618333784,-5.341544187948031,4.671042426114653,3.4614909397294302
34,1,0.034643420068634745,0.04189661178834746,0.050737028412902854,0.05702761326278698,0.06400150305655523,25.234375,3.2978403743142963,0.20337869156092842,17.485576171877256,26.592447916666664,4.582838625780878,-15.219994001876225,2.1520397376702953,-3.8134470805565854,-9.348074170788934,5.534627090232348,0.8426289839491682
35,1,0.028105947159124636,0.0736300503900022,0.09472752483984702,0.12478898031996981,0.14122059454661476,69.125,3.313533903379031,0.22182872885975333,64.19935546875331,51.77213541666668,4.525925962401438,-14.347115740438422,1.2582431583798201,-4.179715125888606,-9.9802581123311,5.800542986442494,1.7789447770462488
36,1,0.05413830911031876,0.06881241318248131,0.12027705737276576,0.07497214686415782,0.16081120797283507,30.740624999999998,3.3585330995925995,0.20848945860817514,55.3303027343718,80.81640625,4.648058556193055,-13.834457901253183,0.5007819158221387,-6.660599244854012,-13.483671739373634,6.8230724945196215,0.9980082547166653
37,1,0.05307294197379983,0.06908768532902705,0.05309012096694668,0.08153810541894542,0.06693954062634663,32.053124999999994,3.5144912152185874,0.1609782670036174,41.588818359370634,23.428385416666664,4.508892701541423,-14.677513956062128,1.217475253130545,-5.51036364601066,-9.73163575494641,4.22127210893575,1.991717374667987
38,1,0.056034661842285845,0.10783563142522212,0.151644680392234,0.14915332057481925,0.21333792974881657,104.509375,3.5686433386998333,0.10665816826720209,169.6569433593727,79.93359375,4.692585120544048,-18.029920153394357,5.324899878007605,-9.28158415610929,-15.600847853078946,6.3192636969696565,1.1749204285681873
39,1,0.014753701381561147,0.020295267454221066,0.07680634867543311,0.020635769916655288,0.08750022123290489,23.946875,3.3758617791065983,0.25202511926089866,21.498505859379293,37.83203125,4.50500524094517,-13.533303611115654,2.1982951559803072,-4.50614593959628,-9.020599913279625,4.514453973683345,1.944966621077486
40,1,0.11089177998703444,0.11160749258726159,0.10192661772092508,0.1844198644167234,0.15880197712239424,107.76874999999998,3.322113549177416,0.22842681089034128,124.52615234375207,62.15928819444445,4.6017683428997,-13.168496013834854,0.8338402663683876,-4.530974607206971,-9.169529556636903,4.638554949429931,1.7397331769948405
41,1,0.019583678537218825,0.03646375549959812,0.032738217386158106,0.03799426221460448,0.03147418344239683,11.5,3.2198613165013032,0.35508452136335067,12.290546874995016,7.049479166666667,4.052565693387843,-6.771434860470734,0.8835809892863201,-1.311334464269109,-5.743066800341225,4.431732336072116,2.110792572906748
42,1,0.0161050397622559,0.020274060128737833,0.028417043676769536,0.02646666387299708,0.028724174013044966,5.73125,3.2289718967896732,0.34438157331539687,4.818417968746871,4.719618055555555,3.9853738296052645,-14.580314474125373,1.6964786324729522,-8.480134821505544,-12.709044946794279,4.228910125288735,1.137413197703761
43,1,0.057384675545536536,0.06164061203511492,0.0571740453033593,0.08579928356655034,0.08480165717531549,39.121875,3.4300139025878438,0.22046592485435357,35.86811523437245,51.49131944444446,4.599323130104125,-15.43854189109955,0.6495530240692092,-10.07977180817521,-8.034688546625176,-2.045083261550033,1.9318228634692591
44,1,0.1675923020562654,0.2337885913220209,0.2109351943396186,0.3205987874546587,0.2897278743303022,439.06875,3.5318198947325854,0.11455652474558876,524.6323242187495,274.19314236111114,4.868502618354167,-14.063218733003733,2.0458960547083005,-4.571473179694692,-3.081156740148998,-1.490316439545694,4.422488026633557
45,1,0.013234656503012025,0.029467017419840227,0.041753785574741374,0.03596973994327504,0.0421482639355497,10.015625000000002,3.3092017335005317,0.32544480708083645,10.250576171872126,12.703559027777775,4.228774799686808,-16.061669761927167,1.3037215434260485,-7.374948115030875,-13.728111956259994,6.353163841229119,1.9130550642285455
46,1,0.057307817095282425,0.08077122904844619,0.09776644386763882,0.12698223489077087,0.15609253237750612,122.58125,3.5079929604008373,0.06412157752214565,84.69427734374767,76.35503472222226,4.610441151836827,-14.248354521098467,2.046520779991861,-5.527776060070664,-9.647205878871773,4.119429818801109,2.4134710907729646
47,1,0.00955791039025865,0.014751746659037066,0.027118845517973174,0.014730918390978023,0.03299226895992366,6.63125,3.030138322910059,0.39249677448942155,5.066855468749964,9.32248263888889,4.139605081850759,-13.54010403698915,2.9296130874304414,-8.930733162334135,-16.03390273903679,7.103169576702655,3.5750807251130348
48,1,0.01821620391585656,0.038301065933116864,0.049133117454477314,0.050233824274147694,0.07316790595908938,12.912500000000001,3.3151690538282956,0.29332490447626747,16.910449218758004,22.79253472222222,4.4908184676147265,-14.880771238216521,0.6748355075762325,-7.303376437510622,-10.32659187897113,3.0232154414605077,1.1355041868694329
49,1,0.07751831481343052,0.08275189771350132,0.10468395128086912,0.11158056990096724,0.1522811111330647,78.63125,3.5339859796718356,0.08746654650744626,79.09294921874744,114.09809027777777,4.854362897222952,-9.007176967588492,3.0165630291956154,-4.375929490984959,-13.927518528170992,9.551589037186034,1.5307016862450784
50,1,0.025146994984500955,0.04270543830368223,0.05787099618270275,0.0695518506869888,0.0905662620448493,28.196875,3.475501686312091,0.1799718608907599,26.73803710937409,36.63758680555556,4.580608754164562,-14.672738471989732,0.7385018939795859,-8.360171019621419,-13.130838980096229,4.77066796047481,1.726449093148679
51,1,0.128681205244367,0.15339282064679205,0.19852532524760996,0.2256308003188786,0.2758732772336741,197.0,3.538318149550336,0.09038635035543083,310.6777929687478,179.30815972222223,4.811631125649053,-8.0415224867052,2.049656650400996,3.630975210150467,-5.861798793984278,9.492774004134745,3.135122269759642
52,1,0.03194520314822474,0.0714622879494755,0.0965684987281661,0.1007927439094536,0.13741328258361346,64.55937499999999,3.308670799010545,0.1935905663597451,59.124951171867906,65.30121527777779,4.649360688760053,-10.240285724939472,1.4685623162056727,-0.044001015975993596,-9.333654761562343,9.28965374558635,1.9089843066003576
53,1,0.020787764556027585,0.022200070854687903,0.020650604888480542,0.02577366429815602,0.02488217069899651,6.621874999999999,3.2095194793157313,0.36077813531857644,4.6892089843722715,4.968315972222222,3.5836139158788978,-11.402433461390794,3.4371287075604937,-5.804029050388678,-11.147583573560354,5.343554523171676,2.1500835013041213
54,1,0.06560641019971998,0.0802872187910142,0.08614589960408733,0.11305119528124338,0.11008078400833142,115.84375,3.47766777125134,0.10844980545719812,84.73773437499585,51.43315972222222,4.467830281997264,-11.683638294671601,1.3874385343060291,-4.5818879167195234,-10.765533839853163,6.183645923133639,1.9286584777891431
55,1,0.020138756710624255,0.020936428585822255,0.019819251257537838,0.02823508178877781,0.026910220611083807,6.409375,3.115889239417311,0.4276359376910848,4.011357421870343,5.950086805555555,3.8889176424709633,-18.49383019596329,1.2733814363569416,-10.545360696705615,-20.58194364770945,10.036582951003837,2.9287033328026313
56,1,0.0799202926783762,0.10393340791223171,0.12243141677709411,0.15310249505459753,0.18842578793090842,107.0375,3.520989470036337,0.07474810829152262,106.06669921874891,78.25130208333334,4.605701370650992,-12.780323618502726,1.7901980035572298,-1.9869923827217235,-5.434161015004079,3.447168632282356,3.001334234560247
57,1,0.026522074675410772,0.030110046731710624,0.031474460149838006,0.036968000427598874,0.03319539147405929,15.337499999999999,3.2550496100192863,0.2564944728969119,10.925742187498145,10.333333333333332,4.029590441475692,-19.182177151563874,1.3010060434264985,-10.375184395289821,-11.201007973485844,0.8258235781960224,1.9229919074070316
58,1,0.08213371282386067,0.10167721766925919,0.09807449537644711,0.15764168096741105,0.1418208292596552,80.74999999999999,3.5361520646110858,0.11041068151267272,104.97115234374542,34.39236111111112,4.573099388953084,-15.124193289449199,2.131801121491604,-8.811208517351773,-10.932781513032396,2.121572995680623,2.791412024474445
59,1,0.02104425236455477,0.021218142794490056,0.01655577347259488,0.012608937307186817,0.009065287572166377,6.184375000000001,3.001575325147748,0.4216107145040969,4.589208984369179,2.6510416666666665,3.0653112120079413,-15.573996941731995,0.6996618936692174,-7.219673464132512,-12.67193703105194,5.452263566919427,1.6899468663336121
60,1,0.06338776307356075,0.09335758574680175,0.10846557356222404,0.11628711259994795,0.11771078481316956,129.02499999999998,3.501494705583088,0.13486517409837212,92.40263671874982,79.62413194444443,4.604233919192349,-6.214646111249004,0.5546086056537508,2.791779050851943,-2.9722495302671774,5.7640285811191205,2.240661765047184
61,1,0.07237351852863257,0.12327183134655811,0.1697937297999075,0.1113612464867396,0.18905902767368732,163.0125,3.5491485742465843,0.11035743075043405,174.30146484375064,131.39496527777777,4.826083454960525,-17.161724980064285,3.380011947440332,-8.875889162360593,-17.044789778017318,8.168900615656725,1.9641100572787502
62,1,0.02998441762729673,0.04028633539492904,0.04123285177966106,0.06902394529843646,0.0632335649276909,25.612499999999997,3.490664280886839,0.1651388324382359,19.790917968749454,27.116319444444443,4.383740085909644,-14.7033096276628,1.22655883373643,-6.965067615610792,-10.491692956911834,3.5266253413010418,1.492877795731984
63,1,0.043765435159741996,0.045894250952646765,0.08444261197710212,0.06938817819956625,0.13073787226734385,41.871875,3.388858288742097,0.1647709084648118,21.408544921871908,101.13715277777779,4.749957873906522,-15.014229660659502,0.7091745380538509,-3.7091506784172594,-9.906844907009514,6.197694228592255,3.0602375153143146
64,1,0.014638440728045883,0.026355117920274996,0.03187056359734274,0.025825731763164765,0.02668412505938126,10.693750000000001,3.2848862116581055,0.2930773663935429,8.041093749996435,7.613715277777779,3.985516471025621,-17.80565637311843,3.139382431683527,-0.8591941955359204,-3.097830845105193,2.2386366495692727,1.6642733780033145
65,1,0.061975060748003324,0.09622997141123889,0.11441349743477847,0.17761623555765133,0.17245205223245064,240.49375000000003,3.5599789989428334,0.05494013691793139,149.90214843749982,83.70659722222223,4.684423850269897,-16.53280816324654,1.2034174819772392,-5.605980526522444,-9.69964349175055,4.093662965228106,2.2581616579106707
66,1,0.03446642311111081,0.02536145976491823,0.02355656011058159,0.03259232888360996,0.03030961167200702,9.59375,2.583017210082263,0.43979620075046905,4.833417968749927,11.143663194444446,3.4390667270204656,-9.573834422041212,1.5568928559046393,-7.047725396938489,-9.554347504221582,2.5066221072830928,1.5162686583979792
67,1,0.12063797771974895,0.12856447058192608,0.15845128959331792,0.18263693858218605,0.22276916445430694,237.85,3.5079929604008377,0.07669703664480869,213.9247460937495,148.52647569444446,4.793630632623742,-16.438496552973206,1.7928016131499342,-9.724097555611849,-11.176480993764173,1.4523834381523244,1.1724504013476946
68,1,0.07823842277114333,0.08821711636076088,0.07088900452866173,0.13997837695435858,0.1122176601168789,83.225,3.5123251302793372,0.13899633969381964,61.72130859374374,52.056423611111114,4.636639689329901,-14.290042032494108,0.6650820496188207,-7.852079424139518,-13.716172587180012,5.8640931630404936,1.8067558996063937
69,1,0.08714904321014041,0.11270734328800558,0.10491522563307148,0.17450390505040983,0.16223152052486925,159.34375,3.5231555549755873,0.0867289152456812,126.4940429687449,93.34678819444446,4.5940318734591585,-20.912069941019645,2.112154378556737,-8.131372697066325,-9.17306471730356,1.0416920202372353,2.211014673345201
70,1,0.1142825045715579,0.12713137676600547,0.1417005955454833,0.1708955076984881,0.18778416076834653,253.625,3.5318198947325863,0.06105539254077602,178.47515624999687,144.2734375,4.790271121387005,-15.844273996365155,1.822326292756004,-0.2535508779931206,-6.599913863833649,6.346362985840528,3.1716617347133473
71,1,0.006997112763220591,0.010762193858961317,0.016770948875463026,0.009816159820533021,0.012044696342526522,3.6031250000000004,2.9221153705231293,0.41681419683257914,2.32475585937118,2.2369791666666665,3.295147297459872,-19.71504956550566,0.6624066139287503,-12.496511443294565,-14.302237582653675,1.805726139359109,1.4857727903479914
72,1,0.025872086310003324,0.027922991524616997,0.030350734183869212,0.022881518459432704,0.023285632872909523,11.493749999999999,3.217652884582746,0.3240095676600339,8.191406249993634,10.621961805555555,4.007076635077748,-17.713715570878627,4.234477696617333,-0.8612309852364461,-7.021465228455966,6.16023424321952,1.8899995113929473
73,1,0.10000156024446923,0.12652182131490214,0.11640988555523409,0.18353286321766704,0.17575893804417184,174.859375,3.5361520646110858,0.10481991587633248,158.75987304687624,137.3125,4.747890409745326,-14.295854697426616,3.7118819087825243,-14.363079086025493,-20.2719310373202,5.908851951294707,2.847961613676486
74,1,0.0030710526921167458,0.014419783707973768,0.018203783864319707,0.007896610100447485,0.010043507652578079,3.0125,2.7327267108049247,0.5188235294117647,2.4193554687526557,2.8589409722222223,3.424790206806252,-11.633809456813509,0.607209287359106,-8.131372697066325,-12.661363822639743,4.529991125573417,1.7182934606821332
75,1,0.009575671844480757,0.018439827133955717,0.022280831511371814,0.01575897793237889,0.03291493041181488,5.55,2.8767925327546924,0.43001696832579184,3.3010742187489086,11.057725694444443,3.949994020992963,-12.913561048774826,0.7727536216188045,-10.320536884206518,-11.218889378953122,0.8983524947466037,1.038420654351708
76,1,0.038846686004107484,0.038725380846525666,0.05434755448805349,0.05448151987893211,0.07113763036588612,20.590625,3.4148089610337875,0.17930305761699233,15.917529296880275,35.3984375,4.598408831662963,-11.288977620044136,1.6302890396237413,-1.8026755917812096,-9.384227769866357,7.581552178085147,2.5104449820698616
77,1,0.023550167554771274,0.03193128764312104,0.04166054483282482,0.04665793570308034,0.06278624510098299,25.625000000000004,3.308628452031238,0.19973818637995086,14.960546874997817,25.59722222222222,4.438368458904445,-17.409135995412267,1.69587894583805,-3.629407112503216,-13.521506131676858,9.892099019173642,2.450813878101117
78,1,0.0403382358811685,0.05024001109380177,0.04854358299758466,0.08759377856981813,0.07039200056604021,44.61875,3.4061869682560957,0.17814370424059084,28.535429687499345,34.69835069444445,4.376419565689428,-11.113298293853955,2.337512450589832,-7.0532639844930145,-10.574396648991694,3.52113266449868,2.367733272293844
79,1,0.05174740498400441,0.06570537453793436,0.05389608951300413,0.07836279309127465,0.06032252098682745,51.16875,3.5036607905223383,0.15426385483427457,38.055449218750255,24.03168402777778,4.496245443012658,-19.83558298249708,1.844812219504216,-7.413843448328279,-9.85505740232567,2.4412139539973907,1.3222363625941107
80,1,0.012510218992327803,0.05303682554407213,0.09477752474406594,0.09391929804445433,0.14529070877973418,52.540625000000006,3.3390383351393513,0.1831083597464935,40.62499023437567,70.55989583333334,4.706698152973106,-15.086082891091683,1.4027561191368618,-4.0866900113573195,-10.771907245768134,6.685217234410814,3.2244983008315558
81,1,0.08914250355921069,0.11902578203100068,0.13265246433988584,0.1824641322195237,0.19929160560475526,109.52499999999999,3.5361520646110858,0.09015705936425772,133.842089843748,90.51692708333333,4.76951280738586,-11.590636119837285,2.9205759474736506,-9.576543145698338,-18.40636315364648,8.829820007948143,4.648251606409118
82,1,0.025759518036669718,0.03405890195133644,0.07061385105386211,0.059708420162031775,0.10762075754757201,37.065625,3.3389959881600433,0.19174541302353693,25.045458984378456,46.513454861111114,4.708503223755814,-17.076503163057744,0.6297479945832203,-5.701476169219887,-9.790279684300643,4.088803515080755,1.1415742928868948
83,1,0.022962513054542524,0.06873585336320316,0.1950849997058751,0.09150022044803967,0.27356097383802447,107.240625,3.421307215851537,0.19951137288449172,113.08788085937158,115.48828124999999,4.54875717818698,-11.643536130866543,1.1561957450697993,-7.387893883220613,-11.354186345620121,3.966292462399508,1.4319667249830583
84,1,0.01672400435994932,0.024370797907690485,0.029815840557222296,0.025291898580786818,0.029341401134916605,9.481250000000003,3.2588508454077996,0.36030163016730443,6.561171874998763,8.119357638888888,4.177756230748219,-13.838861540757183,0.9113478193083071,-4.812089080657884,-13.234627690090804,8.42253860943292,1.5452548938856114
85,1,0.047119102117474894,0.11044348423616981,0.1755108278445494,0.1675432292540802,0.25822321020178035,165.39375,3.566477253760583,0.06961410925685373,221.74693359375033,163.89366319444446,4.81343619643176,-10.061848360959756,1.6420688795959841,-1.8512426357412153,-2.457086684513172,0.6058440487719565,3.1429997456877485
86,1,0.025156033429283905,0.023540246724610712,0.037232369875467186,0.0208384743318715,0.03638703514338761,10.2,3.2095194793157322,0.29809419713831475,8.263886718747926,16.697048611111114,4.2467080697515,-17.876523995688,2.0660979006986464,-4.86360569066909,-12.730320865914862,7.866715175245773,2.8477018320169183
87,1,0.06260243217815784,0.06926425834281161,0.08719620927697988,0.08614394053945097,0.11057764393668035,60.28125,3.4581730067980914,0.16445381631607994,71.71615234375167,38.48697916666666,4.474584786134322,-15.422615573873154,1.893971397379988,-6.041147223095521,-10.81665251395961,4.775505290864089,1.5857246365119186
88,1,0.12822136259913913,0.13864945321955477,0.14273219123812678,0.19747632056482162,0.2059262805344331,172.71875,3.5209894700363367,0.12146503770226613,182.13890625000113,249.36371527777783,4.731883639979827,-13.980290393452002,0.7811451666862586,-7.580015896721193,-12.786419379355806,5.206403482634613,1.9124237629521963
89,1,0.026720857648113768,0.044612224704638215,0.08282199420126293,0.06271479408891117,0.13013386050788409,62.47500000000001,3.4689610845150334,0.1693280452081215,39.81873046875171,63.49001736111113,4.5228069960019255,-16.420923317422293,0.7775766809534452,-2.829699847370904,-10.085661212607931,7.255961365237027,1.4336997890198564
90,1,0.05510202293938022,0.0738160423040091,0.09235206765104641,0.10155951560271591,0.14710482030729785,96.34687500000001,3.5404842344895853,0.1258229475688744,68.18002929687373,93.8203125,4.7837262694184615,-12.869593620599051,1.1099317136938782,-9.561739751168261,-12.086437004159492,2.5246972529912313,1.6706531401043365
91,1,0.004669074305628968,0.014334680959215433,0.02661631577873855,0.018068631988982817,0.04211289890255718,6.5875,2.893081973794218,0.40712363947658065,4.671718749998945,11.229600694444443,4.050441602876605,-14.024186765235996,1.4587516104192726,-7.951347814770514,-11.105521071805072,3.1541732570345573,2.2719752040184806
92,1,0.06884568068281272,0.09756676027558953,0.09241342148600527,0.14477167542727637,0.14003184497041096,89.940625,3.438678242344843,0.1552267418476613,75.16186523437045,63.49522569444446,4.596665738731835,-13.950488694753938,1.3421323053529042,-2.200619462650792,-13.069709626045096,10.869090163394304,2.682814277572224
93,1,0.006045729856352046,0.012889032175244146,0.012278716407265293,0.0059740127587160595,0.016963018479826626,1.9312500000000001,2.4167015275551185,0.5671634615384615,1.3802734374994543,4.358072916666666,3.3452946440082014,-19.2459827437258,0.3165390943464567,-8.14078659571696,-8.34730064921608,0.2065140534991201,1.5173627542771924
94,1,0.05037195148956169,0.07314739413401186,0.07194428721075828,0.0796217641653414,0.08530768304740997,63.484375,3.453840836919592,0.1657110829634385,54.738974609373145,80.30772569444444,4.644774270901898,-15.713307624660189,0.5439262886208442,-19.612390093761007,-26.223018185254894,6.610628091493886,4.217480429452641
95,1,0.08137432161198868,0.11296808822736581,0.11273053132275113,0.14853840210643807,0.15904151609812517,100.96874999999999,3.4949964507653393,0.11599101917543767,116.63271484374854,88.1796875,4.655342302219658,-16.086935688013526,0.5571349146683908,-5.428415238755619,-12.937811266572623,7.509396027817004,1.9400786928506604
96,1,0.054964858966012,0.06325236082862375,0.059939079969764955,0.11693699560186602,0.09194382642831636,62.603125,3.4971625357045886,0.15068355302811381,44.59979492187085,33.15494791666667,4.437948903179874,-12.637100366019318,0.5439274401983988,-3.52267100329243,-12.685171666612703,9.162500663320273,1.5279602526224179
97,1,0.06785739327453844,0.07488194279912874,0.07714618943496333,0.11148463442625944,0.09696980385059845,44.706250000000004,3.5686433386998333,0.1483073451506586,54.26835937499618,29.925781250000007,4.606168827203119,-14.310727765738964,0.7648365842959115,-12.012576953336463,-16.065118907903027,4.052541954566564,1.758607124780233
98,1,0.041421816321867304,0.041185539985184476,0.03731993486088689,0.05415835338989526,0.050613328108819786,17.28125,3.492830365826089,0.2629772274045592,13.15527343749909,16.732204861111114,4.448835868104501,-11.031214748149079,2.644022871275681,-6.6341621840000755,-10.76341041003252,4.129248226032445,1.746924987993841
99,1,0.044973463305150126,0.06318368123938464,0.0884543065039747,0.09585256032042115,0.12640452996384285,59.159375,3.423515647770094,0.1439252732574085,52.21956054687598,84.90017361111111,4.758983227820063,-16.102243419785744,1.617789339337593,-9.260128674706436,-12.606064656802943,3.3459359820965062,1.7635057812006372
100,1,0.0777004189805796,0.07989929344914673,0.10330350995904215,0.11847113337781247,0.15859933209919944,126.553125,3.5491485742465843,0.09793255179335061,74.14069335937438,98.93619791666667,4.795158384375615,-16.278328639334955,1.8256388362707567,-3.762090526642993,-14.20703140873053,10.444940882087536,3.3591124139626967
101,1,0.010199372709153665,0.028476819124864463,0.05965517078908893,0.0423749996423059,0.0943623735645055,16.39375,3.2593817798977858,0.2677066209654086,16.816699218748,42.384982638888886,4.652665144812602,-15.983423299941865,0.9016070977408179,-5.778875108462529,-10.085661212607931,4.306786104145402,1.6222319603709323
102,1,0.027512897096617993,0.03672956907065237,0.05429513355607689,0.047394936081947905,0.07148772636562958,16.59375,3.464671261615841,0.21186029411764704,16.153652343743488,17.0390625,4.535367073021144,-12.06984633565936,1.2498000251501529,-10.805977952412007,-14.617413845160485,3.8114358927484773,2.300600817915265
103,1,0.029676902119856526,0.039234276791222496,0.06796177803043707,0.050215223953707616,0.07891129541121178,45.63125,3.3585330995925995,0.21973590121905812,24.083105468752365,39.66883680555555,4.455141852794172,-13.717625066574865,0.8228977926470572,-4.188674270198192,-11.463962083421748,7.2752878132235566,1.4432615707285514
104,1,0.03378034108750313,0.06823529953403626,0.12136467057019626,0.07193323941205665,0.13140602779438862,56.62187499999999,3.4690034314943405,0.17361783499346856,73.68862304687627,40.75477430555555,4.497398801246854,-15.426755392705424,1.1522852437014879,-6.647370656189693,-11.961246092703249,5.313875436513555,1.5485293989421742
105,1,0.13036550484591408,0.13327802626859261,0.12346552129554544,0.19013526785196402,0.18136633987018105,136.059375,3.529653809793336,0.09530082491772413,188.70209960937245,81.27170138888887,4.776744853566501,-14.65471967461908,1.5137939188360712,-3.8287223355606557,-12.656082041000516,8.82735970543986,0.8716095833240454
106,1,0.04851946983619202,0.06823848117379398,0.05893890576925672,0.10484197728970587,0.09373270878498262,70.60625,3.447342582101843,0.17105177719239967,52.11964843749956,27.717881944444443,4.25748887688676,-11.706381910568734,1.1474354178817185,-5.405470067208455,-13.740067759438872,8.334597692230417,1.5123948700852066
107,1,0.023879478816265873,0.053075034034076055,0.07014128519957842,0.06530304708388572,0.0901730405036743,34.971875000000004,3.3048695636220318,0.24946467942331585,38.21709960938006,28.670138888888893,4.431721413430817,-14.269864262813972,0.8726566593747327,-5.132533395079506,-11.187621035868446,6.0550876407889405,2.530702420581154
108,1,0.012399699010371735,0.04252886274351312,0.14828932811542306,0.05161554364331436,0.20363183738692364,72.365625,3.2467891638143502,0.21556714074878175,72.68030273437353,87.48003472222224,4.695316252817726,-10.850084776709993,3.7147791314315706,-8.104755258688442,-2.409077991525038,-5.695677267163404,8.744719715146372
109,1,0.08463236438187363,0.11293018732172415,0.1526367973357783,0.17918758867310883,0.22503537708078528,91.1625,3.4884558489682815,0.12548013347441545,159.6134179687515,89.16927083333334,4.562947558021666,-13.90243538684832,1.6238421444993416,-10.032799780381367,-14.499102508972229,4.466302728590861,2.233454292921635
110,1,0.014402939515037103,0.0314878419134246,0.03260153156557507,0.035312582611318255,0.033306466811276025,16.1625,3.315169053828295,0.23891378852641404,11.176308593753674,17.619791666666668,4.168138953460272,-9.404019337290821,0.31948102446976695,-5.192697571037513,-10.356930329787346,5.164232758749833,1.741005373515597
111,1,0.041337465336507416,0.035855602165875806,0.03627082375004144,0.0542471322934484,0.05874349451706091,23.203125,3.3416930075892783,0.2704253496787587,12.720537109375982,20.439670138888893,4.133052670577436,-14.086595553608522,0.9070387029805131,-16.14759914893304,-16.24682217947715,0.09922303054410975,1.8539023084580268
112,1,0.07465627062870467,0.09667101961274127,0.10689662709858373,0.13376783778463325,0.14826296502023603,142.315625,3.5079929604008377,0.09902083841254318,89.07545898437729,106.88671875,4.774025484342632,-14.46190861827465,1.4250088220986126,-4.0866900113573195,-10.609785583230021,6.523095571872702,1.0511627538060442
113,1,0.03577282144328684,0.046573203662999905,0.06436653454545024,0.06428741320223696,0.08512326747059121,37.665625000000006,3.5058268754615884,0.14188340331849603,25.863193359375146,25.258680555555557,4.430962049704713,-15.648263239774176,1.3660937397992674,-5.134754282240166,-10.316502564747992,5.181748282507826,1.7650535368691234
114,1,0.08217863792463308,0.10899620648012767,0.12071993575285746,0.15770166269120722,0.17293742213533794,88.196875,3.520989470036337,0.11651905859699667,129.32006835937455,141.31293402777777,4.814037886692663,-9.911538121809738,2.0665664805423853,1.1860099031941047,-8.87418085482473,10.060190758018834,4.2209340134892575
115,1,0.021991074054160967,0.019330241905136627,0.052684273050263596,0.04000117721856728,0.0709172643070272,27.0375,3.4451764971625924,0.19017227977667484,16.111777343745416,32.63671874999999,4.612572078893794,-12.648151346234904,1.4498603669605956,-4.831372020679879,-14.200721281581906,9.369349260902027,1.3039931858513498
116,1,0.10224751474602198,0.1126533545230676,0.08367346574303366,0.1682100427178033,0.1195524743949356,173.175,3.5036607905223383,0.1425172831747369,116.39912109375473,60.70442708333333,4.456041418097145,-25.36284225085858,2.2648707241759003,-6.930857687031718,-5.479108995078093,-1.4517486919536253,2.104588691614869
117,1,0.06822745977781186,0.09448338348191054,0.1313467146938478,0.1435254595735614,0.1893763217096909,108.984375,3.527487724854087,0.10471189928043367,130.73331054687378,101.07378472222221,4.813147114351116,-15.459610505940864,0.7765484920887983,-2.8152325806306635,-16.88867372969392,14.073441149063257,1.949017169736416
118,1,0.015406136956004074,0.018120927334596734,0.023993594637975228,0.011506525549240485,0.01645501608035221,8.24375,3.1613346761622494,0.37249708022502137,4.612480468749709,7.99392361111111,3.9171441905353444,-17.731503265446555,1.369387069002887,-5.680163997474494,-7.793058429401867,2.112894431927373,1.791921783343743
119,1,0.01342470935494684,0.015907402294048086,0.016962484364197714,0.00959363882101564,0.010973548620245263,4.79375,2.9625237327881346,0.36896776018099553,2.8173242187504,3.665798611111111,3.530788001163221,-17.492505021035598,0.4694648999711576,-5.737113074946649,-8.43617202820107,2.699058953254422,1.7242876542753562
120,1,0.05587531406493635,0.07031436102915925,0.08786773954880553,0.08421840427343567,0.11540514122497783,35.690625000000004,3.5144912152185874,0.21615666724224838,61.966357421878456,27.99262152777778,4.390334708999781,-11.596319990794699,1.9959417217151731,-3.0391747127314375,-12.393444204438282,9.354269491706845,1.4848457856274613
121,1,0.017872904187321657,0.020352176794372675,0.01920699489927797,0.016265051539791048,0.016247554872524234,5.6,3.198200467108805,0.40349578084872206,4.3884960937512005,8.263888888888888,3.7949053133066086,-13.010106781398928,1.654499720378545,-4.30902104667706,-12.664005918367508,8.354984871690448,2.2406980262213003
122,1,0.08080607771168612,0.09428839461358968,0.09247984131791229,0.14263157758994469,0.14363997122642314,92.29374999999999,3.542650319428835,0.1009705543375326,87.9217968749972,70.94921875,4.712641314680745,-25.26984800891404,3.2534594822683323,-8.132940971808878,-10.350854156305516,2.2179131844966378,2.905658140296537
123,1,0.07224160717618773,0.08009155896158542,0.0799239709285037,0.08656304044641214,0.09039817468716126,67.50937499999999,3.4906642808868393,0.16961873755276038,68.85745117187525,42.70833333333333,4.688334836965764,-15.282947291078802,0.7978804532421657,-5.703847419477057,-15.549123984818593,9.845276565341536,1.963150996588846
124,1,0.12955603905694693,0.1694501998967136,0.22525051184168174,0.23840821356397335,0.3278148964560443,178.32500000000002,3.5079929604008377,0.14784806814580514,371.0139648437498,100.57899305555554,4.695242511916337,-20.650438679446154,0.6272024705446073,-5.691997636413973,-11.804260635988868,6.112262999574895,3.9668925214788464
125,1,0.06944240103621042,0.07806534306559793,0.08115462554468908,0.13522906976085083,0.12954912756640277,97.74375,3.438678242344843,0.09879476430225934,56.09929687499971,90.2504340277778,4.579805163332561,-17.17260755788921,0.9998430163290559,-9.662155778669273,-11.530963559290285,1.8688077806210117,1.3262024920840798
126,1,0.01359171014982693,0.023749598279036003,0.022126338505634915,0.03027661405202854,0.023569067475277372,5.878125,3.198200467108805,0.4076248547755901,4.612919921873981,8.45659722222222,4.128458886150186,-11.855954339478366,1.4955974706534685,-8.980736436809025,-11.671250156098594,2.6905137192895694,2.0345936101881885
127,1,0.08312408124077512,0.09710013263931708,0.11206165327581336,0.15142352398642098,0.16947577052150437,135.36249999999998,3.557812914003584,0.08515396121065773,110.70898437500409,81.60590277777779,4.756638444628032,-13.785460560723005,1.8554088398211257,-2.610196740049844,-14.216505203130623,11.60630846308078,2.1973036981733802
128,1,0.023040553161759236,0.021770042596846718,0.020199899806192873,0.012665762928225393,0.013337870529036334,5.90625,3.096840715495434,0.38326258101993393,4.566777343745343,3.8815104166666665,3.7639378458076953,-19.218441286722236,1.4043134135573134,-1.1175680831887718,-6.6911016751130035,5.573533591924232,2.056189001622643
129,1,0.13997971184331867,0.15856656433252653,0.12221186472304364,0.24313477199692388,0.18791022419058145,187.140625,3.5686433386998333,0.09392791305802713,210.33295898437518,89.3515625,4.634999744924679,-13.250474273545004,1.0947250809232076,-8.775669513578208,-12.619199227033107,3.843529713454899,2.0571237699602785
130,1,0.028204897208228538,0.0250183006639906,0.03043459578539045,0.020324247027795114,0.026994091492023264,11.15625,3.313045315868353,0.27779637151498704,7.089648437498909,8.804253472222221,4.104535508571118,-22.41351424527536,2.1620307834710792,-16.927440472322203,-15.291449703897385,-1.6359907684248185,2.9005004072002913
131,1,0.03316278525671855,0.04724483367809654,0.07814499411424634,0.07636707678215106,0.1238719837954207,64.203125,3.5318198947325854,0.10672580218683864,43.00858398437413,52.957899305555564,4.733535347434857,-13.694434744002825,1.8880470334943302,-4.442331793385861,-12.236068433010914,7.7937366396250525,1.826947272209821
132,1,0.07036061870082908,0.10579213669460287,0.19257499393745017,0.14588849156474185,0.2726430288036237,259.271875,3.5686433386998333,0.07261115394161108,201.4044824218763,158.02690972222217,4.821570778003755,-15.08922273246067,1.5440701095462344,-7.787027608372881,-15.252203473225421,7.46517586485254,2.6595698482213375
133,1,0.05358230122037588,0.06630951910822842,0.05488645900141525,0.08653750097738137,0.06388523109842255,63.04375,3.4603390917373416,0.19457906575351325,42.799824218747744,26.87065972222222,4.174859630238565,-12.054777200726218,1.7776153796051153,-2.834811700174498,-8.568733632850382,5.733921932675884,0.8761228608085696
134,1,0.07695878265639525,0.09886264071986876,0.13708393167745467,0.13078159780891044,0.1928540343059287,87.328125,3.510159045340088,0.13244571195320337,127.57608398437606,146.8042534722222,4.824340362029396,-13.523055882253198,1.096922513329914,-6.512275953624524,-5.607153106968113,-0.9051228466564112,4.098287523695145
135,1,0.02110075657941347,0.08067326773634265,0.20378722793880238,0.09689345040844984,0.28969473606763424,107.91250000000001,3.3368722502001007,0.26347708914729473,155.9421874999989,117.37109374999999,4.401411281200806,-10.84227896614145,1.6947882207030285,-5.864214224933676,-13.139208233646968,7.274994008713293,1.1545152972808606
136,1,0.09116336205401107,0.11846837746340179,0.11990359052481439,0.17263245039820174,0.18049813068620052,137.503125,3.5209894700363367,0.1599227590699075,164.70026367187802,77.87239583333333,4.6058070453635755,-12.699421286927077,1.2527553028387202,-9.337257370339856,-12.108718050079133,2.7714606797392776,2.2161294186989626
137,1,0.015855911529176616,0.02631162891825289,0.046462739518185796,0.033460643925928624,0.06603826463772168,13.556249999999999,3.1851616104939975,0.2995162117604461,13.408437500001128,18.71744791666667,4.434535417076517,-14.279889259117908,0.5617044696031822,-5.362040528539765,-12.538083234948644,7.176042706408879,1.0715407849520342
138,1,0.03580484367482029,0.05675275251427385,0.10783485757183975,0.08582209111056639,0.15063466316947832,103.51875,3.3650313544103483,0.21059571793886372,82.24589843749891,145.96788194444443,4.749957873906525,-16.02761398880191,0.46619678788544083,-12.730320865914862,-17.027304337511296,4.296983471596434,2.360015538380717
139,1,0.0360207626244022,0.034052138952247145,0.054785537972225094,0.06240512647925701,0.08838129371646858,29.137500000000003,3.4408443272840925,0.20479686334351666,22.138671874996362,38.44661458333334,4.622199123068237,-15.091374735165934,0.4629654181316895,-0.20241827197526163,-11.932049797522396,11.729631525547134,0.9727080862672612
140,1,0.03856057740762256,0.05629222960219697,0.10100346031202237,0.08354619238596526,0.15342806630285769,62.84374999999999,3.4971625357045886,0.1391180702910723,39.8473046874974,99.0177951388889,4.790861048598099,-15.314589125491231,1.4436918023959036,-4.361693658375074,-11.704312309920269,7.3426186515451946,1.5689346727209617
141,1,0.03878998707290737,0.05017891350565502,0.06274728833582191,0.07418897792162138,0.08566720628846604,18.821875000000002,3.3996463664590393,0.2622818618700251,23.476591796873436,31.836805555555554,3.9727221511207294,-11.85733377115352,0.8385656268248052,-7.373510886660242,-11.134278659590862,3.7607677729306204,1.4043158778306586
142,1,0.014364928488834439,0.05396691557611205,0.07597353396755552,0.06739192106884295,0.08607855372737562,43.965625,3.399646366459038,0.2201169853708628,38.29655273437402,38.68706597222222,4.306377069062584,-15.386552064750108,1.4975755681575744,-5.414640863507742,-10.234209291714862,4.81956842820712,2.6113171755584137
143,1,0.02126608481794634,0.035197221507110805,0.06732272757435039,0.04231859729200069,0.07931911268091175,52.665625,3.2566847604685494,0.3646777227319907,25.244169921876164,58.36371527777779,4.487686060607054,-13.322004604515467,1.217764561678135,-5.387157471914307,-14.541640384646755,9.154482912732448,2.3382857290134975
144,1,0.005687678526182442,0.011957245112686444,0.019017060288748784,0.0073194709064935614,0.01397445461685034,3.1656250000000004,2.619651549658471,0.5199759615384615,2.187060546869361,3.029513888888889,3.585612816808805,-8.910009379900213,3.200046132233747,-2.6986757197770146,-7.174610381794636,4.475934662017622,2.0221952980942834
145,1,0.02985961112686345,0.053247654842432345,0.14065061813012955,0.061751291817871076,0.19027892966776735,77.75,3.375777085147983,0.14863051321208012,62.650292968747635,143.27647569444446,4.702874347786783,-10.235519687820261,0.9522819969026064,-3.1692764939993765,-11.744629139669627,8.57535264567025,2.3633255270449127
146,1,0.05023099478738733,0.05592815345695697,0.041607734613275965,0.0986530063521748,0.06969757297800257,51.825,3.3823176869450395,0.16307357095900987,29.84917968749869,21.654513888888893,4.188140728828646,-15.946961156242459,0.7313590172042232,-6.437117853924278,-9.830232373819655,3.393114519895377,1.462323485699589
147,1,0.17662686869025693,0.2169892831205137,0.2543597769978597,0.2990025614923773,0.3557420781686439,328.18125000000003,3.427763123689979,0.13792735950546708,539.3273437499965,167.46484375000003,4.428217669337037,-17.533876289673273,1.389394447113133,-7.856636155714554,-13.18117589286426,5.324539737149706,1.2696841004875656
148,1,0.0259483951926868,0.041663379665730485,0.05395481994698856,0.05251814734304506,0.06823744335741722,22.943750000000005,3.4018547983775957,0.23026087113766455,21.668183593753383,26.59982638888889,4.523762465117411,-13.029155956121095,0.629021578532895,-6.076970469423685,-11.603162011924766,5.526191542501081,1.3490837987541524
149,1,0.008523359046683653,0.016278147044697183,0.028646713699103613,0.013701287194355361,0.022996861897557744,8.0875,3.0497177813219225,0.3523636419224654,5.474121093751819,7.133246527777777,4.107629357434332,-16.154318781454215,1.1704928978141016,-11.198775383925152,-14.150404618711022,2.9516292347858695,2.2379058082291023
150,1,0.07872509169768208,0.09683698089527433,0.10805081325193605,0.1285294461779611,0.1557956730346979,100.19999999999999,3.5361520646110858,0.11892730701634785,106.82148437500018,66.54774305555556,4.6876711688532815,-14.329950629509,1.2116044840452485,-6.978789403042896,-16.497900340571846,9.51911093752895,1.7390919922894765
151,1,0.12894485485974228,0.14533409486898505,0.1496024387561156,0.21008389408006417,0.21104720808345104,212.10312499999998,3.557812914003584,0.07185254768327096,219.8228808593758,128.51649305555554,4.802004081474609,-14.950097977850051,2.146777660810707,-7.661338123254325,-12.603440124485616,4.942102001231291,1.8321132940450784
152,1,0.027790748029269816,0.03522101424529531,0.07200638338712603,0.030028693139786396,0.08646723515991239,13.76875,3.3979688690304677,0.2924029914563549,12.036933593747563,52.00347222222222,4.513797609104742,-16.206435452899985,1.155083265087662,-6.554022574752679,-14.025873601898411,7.471851027145732,1.4983697774134221
153,1,0.035203110192078675,0.05039326144767216,0.06288200270813771,0.08829932078558927,0.10814859226256365,21.671874999999996,3.3259994785245444,0.2918387958236146,17.779091796873217,33.49522569444445,4.467892259848843,-15.32742804898702,0.6085463265625035,-6.333232221212057,-12.408826539576737,6.075594318364679,2.452426350507706
154,1,0.05634034090152259,0.058425959558964076,0.05632189686624602,0.0769637067129768,0.06972293656098101,53.128125000000004,3.4430104122233427,0.173864245881858,37.30319335937929,47.76649305555556,4.610091576948795,-16.32828333535622,0.8872541238004023,-7.2564601505889215,-12.372976708338811,5.11651655774989,1.6571858523471332
155,1,0.11323072039748354,0.13157187793182118,0.1223199371342562,0.17853324758963937,0.1633623799328399,195.640625,3.453840836919592,0.09387215378470457,136.94749023437362,143.59244791666663,4.825481764699622,-10.407565355904898,2.1852634883601283,-5.431862248380085,-10.510232749731017,5.078370501350932,3.2976770470807195
156,1,0.07772900615679937,0.1134344739028826,0.10496164196449448,0.14146338091422378,0.129643722760431,91.19062500000001,3.404509470827524,0.18163686719672292,128.48049804687616,87.11024305555557,4.758579234163707,-11.520767292180814,2.357457896342004,-4.464921896205254,-10.808111815495607,6.343189919290353,2.2929151728495447
157,1,0.07324973041399607,0.07312895073596584,0.10859000328527817,0.09446527726194112,0.15985349805850207,110.14687500000001,3.5209894700363367,0.08431348688551137,59.544404296872926,157.18967013888886,4.801390628163897,-16.818996785024318,1.775459726908521,3.5794098847386095,-8.524321260693412,12.103731145432022,2.764057604472709
158,1,0.018945510920176083,0.023495210305449644,0.06316827151208343,0.05456459157280638,0.09951237353938858,15.8,3.075583759654999,0.35662884595858896,15.07787109374749,20.963975694444443,4.030415102955049,-15.612087496349783,0.8496291728506239,-8.663245534009505,-15.128495934608253,6.465250400598748,2.1433560940519114
159,1,0.10362632835047982,0.09865332371852506,0.08187177822791478,0.13794749785828106,0.0937445513061306,117.24687500000002,3.4299715556085366,0.15812802834143114,83.55909179687114,55.30468749999999,4.575832198785114,-20.950412113895354,1.1318730776387318,-4.2536550447501185,-7.129779884142849,2.8761248393927303,1.8013101134721357
160,1,0.02799372909218673,0.028236300012895305,0.026011237198424485,0.044948055587193905,0.03549832617943005,12.149999999999999,3.2013013800901042,0.3207322434729178,7.761308593748254,5.894965277777779,3.8428196690331813,-19.729959773364698,2.974616790947558,-7.7855205571609645,-13.701271417565351,5.915750860404387,2.5340915054027917
161,1,0.09644513996361462,0.11184251595116383,0.0952906600469374,0.16241537788379817,0.13130062523360947,100.6875,3.4386782423448428,0.19041852393017944,119.45652343750044,41.48003472222223,4.293004482953194,-8.531310037341607,1.1751131044403171,1.3412521170510132,-12.39088312830647,13.732135245357483,1.809943891105395
162,1,0.035536116812925345,0.057093910891421906,0.07196668136964464,0.07568245362292308,0.0813375944728222,54.48125,3.542650319428835,0.14108299541645913,44.98335937500451,32.33506944444444,4.561354665815674,-11.610382599870128,2.409658885631659,-3.5282075314548536,-12.056817573451653,8.5286100419968,1.8242077618420074
163,1,0.015341158786441166,0.08337815898159523,0.17470980522944615,0.11045733656996218,0.23440515781610283,139.0625,3.5404842344895853,0.12452551235499115,142.16865234375018,124.09592013888889,4.84652916078141,-9.346790798767874,2.5299365240014153,-1.4127567121390712,-8.801039669784785,7.388282957645714,3.9225741542544172
164,1,0.09988653743945035,0.16967145422100519,0.18215975326235417,0.2436131479272248,0.25779917116774326,197.9,3.520989470036337,0.1099699335538039,291.92605468750116,102.71484375000001,4.731317238868346,-16.024719973771415,1.2581874970979496,-6.053483384291525,-11.517058716985545,5.46357533269402,2.492814073559829
165,1,0.08350953973851155,0.0859781181009908,0.09044660887752705,0.12372376762943552,0.1299138965886449,123.434375,3.4971625357045886,0.10432000036152295,78.64944335937162,77.22612847222224,4.758068929378901,-9.924863551273425,1.6298229891074458,-0.3151824810682058,-13.031031936520009,12.715849455451803,2.3528238472019214
166,1,0.06170343701090668,0.07231521174674721,0.08854075203163693,0.1279739308139285,0.13972463785935257,72.775,3.5231555549755864,0.11217236389287456,64.39130859374654,41.53559027777778,4.683760182157415,-9.722032658627498,1.0101100594922816,-6.131606695901638,-17.154878572870487,11.023271876968849,2.3899759453864133
167,1,0.0060060829404315254,0.013982218290693833,0.027989951271683196,0.01633396092455181,0.034746619633252714,4.409375,2.9938881604121055,0.4412070823651706,2.680810546877183,9.792534722222221,4.18250178706646,-11.879023090975917,2.6796127684136373,-9.17306471730356,-16.15549541278419,6.98243069548063,2.102831023140925
168,1,0.006145324700813289,0.009418800405854171,0.022582518338382488,0.004872991563323666,0.018352989889683136,2.81875,2.8584866782193368,0.46834558823529415,1.5873046875003638,7.197916666666664,3.9624655178016344,-18.046244391227184,1.125234107744949,-6.571039619649397,-13.139208233646968,6.568168613997571,2.5218558915720877
169,1,0.04363761997091715,0.0580023360744022,0.08219614635512172,0.09509933695046645,0.13585252863636324,51.081250000000004,3.4906642808868393,0.12421330281891738,61.342148437502146,73.19791666666669,4.755384849304454,-13.159778615671609,0.5068242137606137,-4.487570904183414,-9.340861473975835,4.853290569792421,1.9631040454414395
170,1,0.02197742504961962,0.03001527189848726,0.04955421125000846,0.022209125494332516,0.06898762807666416,13.715625,3.3194588767274875,0.31723529268928286,12.382294921877474,28.385850694444446,4.14606582856911,-13.046436827630462,1.4515635081987748,-5.121437469147864,-8.867350982534106,3.745913513386242,3.24840974715929
171,1,0.03235109312735228,0.07155311353456889,0.06856384360502132,0.1027769983070617,0.08235826163331691,72.446875,3.4305024900985224,0.11227566673549244,59.205107421877074,32.34418402777777,4.577712495513399,-19.41383969693084,1.8540244730727635,-6.647370656189693,-13.351104161634694,6.703733505445001,2.0622442818235966
172,1,0.024965837557122533,0.0348153436245737,0.04546995008402297,0.03623458820567977,0.04997608368860635,24.140625,3.380193948985098,0.20859406810504322,13.655966796873145,21.443576388888893,4.351438949342186,-15.602843660014454,0.8703070659925738,-1.9315159186131154,-12.388322807097637,10.456806888484522,1.7289687166348995
173,1,0.030431821621474096,0.0370201877784371,0.03941709513592333,0.04347929410793641,0.03948569924344778,29.390624999999996,3.4278478176485936,0.20076102580879507,17.32666992187751,19.057725694444443,4.178791408411662,-12.967244266727974,1.6063747569572515,-7.717972470475431,-12.081493412883148,4.3635209424077175,1.603899100325529
174,1,0.016934350006646615,0.021803247777001836,0.04895120616160375,0.02134288986136909,0.06832847943415883,4.1875,2.995034723350691,0.4652149321266968,5.2532421875012005,27.088541666666664,4.3029644315875535,-12.31713264539328,1.3535305358004461,-5.84611484426901,-9.639740567163358,3.7936257228943475,1.9357856647552756
175,1,0.09093964853014351,0.10973370125947436,0.1035266665405136,0.1511461593763155,0.1472020175538203,161.04375,3.557812914003584,0.06615462058818325,120.4189843750055,83.26519097222223,4.728120135086732,-14.115985176907225,1.642541487284287,-4.4855094612787525,-12.878020801431191,8.392511340152438,1.3330204750454553
176,1,0.007285012879883344,0.07153347976470434,0.11687751495175193,0.09876651243062286,0.16941785988082145,105.64687500000001,3.3996887134383464,0.21090917328743533,68.2338574218702,93.63194444444446,4.79117365677836,-15.17175804521512,0.8152079582556455,-7.87184254902084,-15.933218093773903,8.061375544753062,1.2979865058181093
177,1,0.014811016259808367,0.04676938601958568,0.10648283645651675,0.05664338349062278,0.16576586705608962,46.371875,3.3070356485612815,0.22898664092818607,60.008154296878274,45.719184027777786,4.639409273355545,-13.779795714561494,1.2501991387658542,-7.164783919741907,-13.291250378473976,6.126466458732068,1.6124759189716704
178,1,0.018874346923958837,0.030014281382237787,0.0467683450867837,0.03793140031404116,0.05877799108645605,9.537500000000001,3.3801516020057907,0.2973647731441849,12.759960937497453,14.91579861111111,4.3570306072159015,-12.690339280155992,2.3354128407215526,-11.16090889906529,-11.725633200686445,0.5647243016211547,2.255894597542067
179,1,0.009633360897798579,0.01832586329682981,0.02139667129132251,0.014860579442985722,0.018046393150935074,8.59375,3.089853873167006,0.3338624197368374,4.412636718747308,7.7734375,3.8539377305134925,-17.22512773759844,1.9557378824411782,-6.352376795059186,-10.930616805323226,4.5782400102640395,1.6458886592554605
180,1,0.04729741291874774,0.0411399730161031,0.034170707092844525,0.054357266931246075,0.04034156999905348,20.825,3.3649890074310416,0.2818377961494551,15.825585937504002,11.763020833333334,4.085805059444223,-12.558376120280359,0.7651788091122746,-7.473241807596494,-10.156647311901096,2.683405504304602,1.504776821843465
181,1,0.06042751644810314,0.08027415008477755,0.07284710999220549,0.14869912351671868,0.11673715611014981,93.065625,3.510159045340088,0.10595251310962345,61.738388671878056,41.03472222222223,4.487848468062177,-10.8430209280825,1.1096491625097682,-6.114185134913143,-11.070257325269111,4.956072190355968,1.6022644555209624
182,1,0.0713192999443289,0.08717447761558518,0.0806285977146007,0.13699895689860303,0.11231670026473438,56.931250000000006,3.5339859796718356,0.12764360244030337,71.99507812499814,52.400173611111114,4.664506093808529,-13.66336289911924,1.184459670768838,-2.8963897499243956,-13.130838980096229,10.234449230171833,1.3098087170701034
183,1,0.040919148497897136,0.045967243536803294,0.04300170224464202,0.03978488508603994,0.04120957336790357,15.71875,3.226359571319052,0.3061306336091314,19.698105468751237,13.559461805555555,4.259486206650813,-15.86169566010403,0.4883860870742787,-5.18710927409505,-12.208442333093828,7.021333058998778,1.915453141251363
184,1,0.0888657926126899,0.14937715285916883,0.2218929231394559,0.2179923444495148,0.32856505651001294,227.70312500000003,3.4516747519803426,0.16685935712879196,331.60815429687136,118.68750000000001,4.477380866347959,-17.978760915444862,1.355894793281438,-5.3495092409023925,-8.698326586101459,3.348817345199066,1.0524121948712046
185,1,0.025810180721745606,0.038883562499808406,0.10385247736782977,0.05544767452353282,0.15122781348109718,61.568749999999994,3.510159045340088,0.12355246414695889,39.7292773437498,144.32725694444446,4.744843506688849,-14.938362276771286,2.698109662673524,-2.9092736429735453,-10.113198023473558,7.203924380500013,2.4727889996138535
186,1,0.09201492709717544,0.10981738888880388,0.11567890884121863,0.17577176903778424,0.16271117409276584,193.83125,3.520989470036337,0.10321249961022569,130.75529296875084,143.7847222222222,4.743088650707913,-15.242109019130265,1.750707325938445,-8.534171070448323,-16.116085682571295,7.581914612122972,1.4442101236849612
187,1,0.035574791606726566,0.07591308279500182,0.11771915414937069,0.12169995596103486,0.16666526971677229,121.178125,3.501494705583088,0.06809171182246561,84.64752929687393,122.66189236111109,4.836011344265421,-14.663938377508842,3.404979687618428,-5.573212378002779,-12.506885752844454,6.933673374841675,1.8303633122560332
188,1,0.06877773517394324,0.08381342013013128,0.07444129597867731,0.133719034812539,0.12229779687825357,49.131249999999994,3.4841660260690897,0.22390468685743492,62.94146484375051,37.25781250000001,4.638494974914382,-16.942507811317064,0.526263626111064,-3.5587216798395502,-10.883129218838206,7.324407538998656,2.541514562804768
189,1,0.01619210801405596,0.013667405257823366,0.016047076746691993,0.007371782339651092,0.016885676444219545,2.596875,2.8265686855998826,0.5221507352941177,1.60069335937078,2.9756944444444446,3.4936196072979087,-14.450267664668248,1.4737103356774528,-2.626822048289654,-11.232324632425446,8.605502584135792,1.8929737101230186
190,1,0.08368630709316414,0.10980127022530639,0.16164063329128478,0.14673309714071744,0.22901023594089523,143.21875,3.4949964507653393,0.11508706695046075,144.84132812500275,181.1271701388889,4.8275876806127815,-13.032032081764541,1.9660953325808759,-3.69973099455504,-11.114359423763887,7.414628429208847,4.5168626122332105
191,1,0.016746212166314424,0.042258295796957585,0.04276892806650994,0.04297174449060115,0.04130095937866856,16.9625,3.107671140191683,0.39685560324002367,19.888828124999236,10.885850694444443,3.6385684437000783,-16.319352438487016,1.5141684418390988,-6.757783175938002,-12.775705977272239,6.017922801334237,1.5851479166132074
192,1,0.09249187157930912,0.1167231475086373,0.12642330518144482,0.17326709531604975,0.19111919810547415,103.91250000000002,3.525321639914836,0.14132147464587902,140.85841796874547,98.39713541666666,4.786672742871396,-15.478357611399119,0.9318911594311131,-4.240619940970944,-12.357657675023916,8.117037734052971,1.1898050184219708
193,1,0.043630088837462035,0.06790335812674411,0.09756908679522622,0.072907310918006,0.1293480049525584,73.85,3.456006921858841,0.1130189333641412,51.884179687500364,130.1371527777778,4.805325140959381,-15.571596374251794,0.3104479315774165,-4.548604620285758,-12.864489267867128,8.31588464758137,1.6796542852567966
194,1,0.022445181611085743,0.06808975660458359,0.10155668686972073,0.10553161066144488,0.14932948939556168,56.103125,3.297840374314296,0.269030099104262,75.29971679687333,44.82465277777778,4.596074326476548,-9.387664622403198,3.8589123570654884,-7.580015896721193,-13.591790180481382,6.0117742837601895,2.2253062361514
195,1,0.03909281056287885,0.06498054401573918,0.10423467717381796,0.10271661934760193,0.14988107802572032,65.25937499999999,3.4733356013728405,0.13984659833050533,58.04499023437165,52.029513888888886,4.731895403029635,-13.920266632718267,0.7030587858946427,-5.919955337460209,-17.558524249999806,11.638568912539597,2.5497612799458365
196,1,0.053024760206479775,0.06262628430776773,0.05060883136845907,0.09347053700192823,0.07265822803234007,35.796875,3.438635895365536,0.1850281824302368,36.419755859371435,29.03472222222222,4.408836462460923,-19.868095808936665,0.9615465723467785,-4.891638625949156,-12.372976708338811,7.481338082389655,2.2569366929316876
197,1,0.13326061592199695,0.16581246235962546,0.17752191748706597,0.2347572826149953,0.2481295834284185,156.66875,3.5036607905223383,0.1337684806399849,328.5070312500002,139.79557291666666,4.630032859509779,-12.025699508155036,2.229429339850655,-7.336226178494854,-12.845580466287728,5.509354287792874,1.6926966684787852
198,1,0.07578392769453608,0.08487972206847405,0.059037150637022646,0.11745034665269782,0.08233774341267194,63.368750000000006,3.4603390917373416,0.17511235336694522,61.65138671875047,31.23654513888889,4.393525738520806,-8.586987978360213,1.839733453234536,-4.685673241080124,-9.797875565535122,5.112202324454998,1.2720127792846687
199,1,0.032098287771468816,0.036014929951575375,0.036428597010242605,0.040907936032586655,0.041372072849665695,27.640624999999996,3.2788341973717263,0.25055278507511797,14.192919921878456,16.67534722222222,4.322297698461029,-9.846811596553943,1.6531847948720988,0.16483675961747224,-1.401188056952762,1.5660248165702342,3.4707554770592535
200,1,0.009042703057333559,0.04151831268633861,0.09803249722350346,0.058118501588363354,0.13981390454510403,50.24375,2.8568318112962636,0.34178514801490784,36.58906250000109,44.38454861111112,4.387894143850938,-19.16932277645089,1.3219507058244266,-6.996660195972723,-11.085667601131505,4.089007405158782,3.05214552442244
201,1,0.012547874229284784,0.01555213271807689,0.021022625017545975,0.011893817695088498,0.020171376228421824,6.121874999999999,2.8489147231200063,0.411218608597285,2.9503417968726353,6.644097222222221,3.831529790769763,-14.914400062496627,1.016274235790475,-4.958853783830662,-11.493933331552029,6.535079547721367,1.1430718062357188
202,1,0.06144976684749011,0.06653466504014467,0.09843288783157937,0.10229982758319703,0.13750156010784084,79.48750000000001,3.4841660260690897,0.14610258971613088,59.01396484374891,81.26996527777777,4.7707899288090525,-9.652428129241784,1.577472190336828,-4.435156336853822,-6.184082023058124,1.748925686204302,2.5568528437184788
203,1,0.08612302477821747,0.10789712490518621,0.13199990299154327,0.1702850694555655,0.19396142854866413,136.4625,3.4993286206438383,0.10718173879323789,162.64482421874982,134.15928819444443,4.808634437394344,-13.207775130792072,2.4267824420553907,-5.977280099768521,-14.44703257626135,8.469752476492829,2.3368980490241067
204,1,0.021666663762928966,0.07005056810516724,0.07637391424094454,0.1253410541715947,0.11572554170515426,51.978125000000006,3.520989470036337,0.16690980582425072,41.163115234375255,37.513888888888886,4.583328123388432,-14.651036918426579,1.016494179757784,-8.920423499832282,-15.055108379792273,6.134684879959991,3.1354450752256775
205,1,0.06437733284464402,0.10936079864914917,0.13854214410553417,0.13690999883841767,0.19595048430836357,163.90625,3.427847817648594,0.14594317721323563,144.99339843749885,155.5980902777778,4.77613140025579,-13.492153795198103,2.2272138089862237,-4.029784623246854,-11.002338558526247,6.972553935279393,4.111624911926668
206,1,0.03807411642255238,0.05469803974318069,0.07436521437928693,0.07929601733245664,0.11250202345602338,43.071875,3.473335601372841,0.1491522247790809,31.711083984378092,49.707465277777786,4.540580384798169,-13.074048623895287,0.7191990891352562,-12.029754873179286,-13.842362065320145,1.8126071921408595,1.5042263141829157
207,1,0.04247073409654096,0.055743263591327835,0.04937884942041284,0.09856509101287667,0.08175657077212292,48.98125,3.3714872622487917,0.19494459060463315,26.78624999999829,36.54383680555556,4.47222804737832,-12.65628611988158,1.7028368139917611,-8.641599483260123,-12.57462248803229,3.933023004772167,1.9053940010973536
208,1,0.14545862938533186,0.18327892069664353,0.20171370482459217,0.2795548123775834,0.29836880062230403,191.825,3.5166573001578376,0.09787657265286001,336.4115624999986,115.46657986111111,4.777095913498725,-11.892020876704752,2.5505008945074055,2.8530946039597325,-1.3034716660513368,4.156566270011069,3.133456378125666
209,1,0.03871335395945049,0.055751376499709224,0.06767098411378483,0.06703616342130674,0.08877641472368207,40.159375,3.335152405792222,0.1882017851091587,36.61862304687111,27.92534722222222,4.420623841316853,-15.142938386243415,1.9242706626012382,-6.379250287199497,-9.9802581123311,3.601007825131603,1.1597672054510526
210,1,0.11466023895162927,0.13154714131781353,0.10487122750912625,0.1753194204771232,0.133818026228071,139.415625,3.427847817648594,0.22759295100329555,163.81088867187282,72.82682291666666,4.687568020327377,-14.039469177140266,0.7732676130781779,-7.198521031473902,-14.637290031495354,7.438769000021452,2.1799208722767283
211,1,0.026255796322259824,0.03043511416207788,0.04631467947241345,0.04460584017910114,0.059836950630378,27.40625,3.4928303658260895,0.1907380947665555,18.54027343749931,36.08637152777777,4.547377352139582,-14.399010877579027,0.4451000050697614,-9.771318992121593,-11.15868659135505,1.3873675992334569,2.780197025819093
212,1,0.037068587611019735,0.04052320893859118,0.046792926623039556,0.062104959867691406,0.058052560687199384,30.209375,3.427847817648594,0.22056962086781765,17.552646484372417,42.032986111111114,4.559298964704286,-20.101231234883656,0.8598086953385239,-4.6121614645228135,-6.466844162482616,1.8546826979598023,2.1682740794394326
213,1,0.026907388123131523,0.04636713741069664,0.059252249638094424,0.06366696117100207,0.07951373801932053,20.40625,3.28480151769949,0.3310757833018423,24.663652343749163,33.11631944444444,4.509158257522452,-11.751288476925168,0.9727288854574123,-3.739362498922034,-11.6359655186601,7.896603019738066,1.8346087968634237
214,1,0.02843090936704098,0.03614457714785629,0.03781306241030304,0.04748089830102168,0.04944313417371841,16.034375,3.4148513080130947,0.2664404817231082,13.231630859372672,11.322482638888888,4.3120219118264504,-15.95970720911252,1.143270491025425,-3.487688040662107,-11.132063153995858,7.644375113333751,1.284562270068144
215,1,0.041331779017735916,0.06545780874088354,0.12024939975698146,0.08531930539277435,0.16284324573170728,75.23750000000001,3.4234733007907865,0.19025820314116965,82.85257812500095,116.22786458333333,4.806215913300927,-14.546670999560522,2.030781455888753,-4.147935023156862,-7.490703813085219,3.342768789928357,3.304805359158863
216,1,0.02887395412089239,0.06158205219035901,0.07509948768825092,0.10330186256577666,0.11494344250376205,74.140625,3.47550168631209,0.14542696919945133,42.331318359372744,106.96093749999999,4.763183296596574,-13.379978771814242,2.79298614595357,-5.339269799446399,-11.127633837409277,5.788364037962879,1.2260748773650252
217,1,0.03728682116053485,0.05097557865957287,0.0521212583569041,0.07685865691804084,0.06578422755641881,34.243750000000006,3.4321799875270935,0.1805095364771966,22.570605468749818,22.056423611111118,4.493175013856566,-14.374093550030182,1.0363356171226277,-10.712603209034228,-11.775586421321123,1.0629832122868947,1.1952458118281184
218,1,0.03134251833692093,0.07696256947155207,0.13143662665036462,0.12196306768127677,0.1950973801364994,178.05624999999998,3.531819894732586,0.05848041437398013,124.83740234375227,122.52734375,4.754759632943937,-15.591335098647837,1.1017355100542865,-6.4901794024113855,-12.46029862880009,5.970119226388704,1.565774587878998
219,1,0.05667567235762334,0.07814716049657858,0.08509511088427296,0.11079055469648924,0.12463066518822948,53.387499999999996,3.4018124513982886,0.20216537256647982,82.62546874999407,73.58072916666666,4.613412636433567,-11.406600688102095,2.2650783309638585,1.7428285467767068,-1.7724585161222421,3.515287062898949,3.1134111535549005
220,1,0.05091527771071639,0.05978601846906582,0.06387778354522843,0.0817981056101068,0.08220384471575508,44.01875,3.48199994112984,0.14159197779010077,39.922714843752146,27.657118055555554,4.468980921309095,-12.199787180444028,0.8061012843447305,-6.595970810287199,-11.924766032199912,5.3287952219127135,0.8046435543537253
221,1,0.007479551849856644,0.01040231960897797,0.023029711880473393,0.012994101563024305,0.024754862647501905,2.9749999999999996,2.411600071026375,0.5320927601809954,1.332011718742251,6.235677083333334,3.631454725857038,-13.330134862463565,1.0645388609073256,-8.054872051157119,-13.422900649426737,5.368028598269618,1.811512587628074
222,1,0.012242263784653257,0.03734346953508496,0.06805353804017399,0.06195238316537197,0.10154915847485885,18.79375,3.3412044200786006,0.29835935425698434,14.895117187498727,58.13411458333334,4.447022196874528,-8.323931374746445,1.0450702918405277,-9.467956608359643,-11.3156377576519,1.8476811492922565,1.709332791405789
223,1,0.08311445641220479,0.08274885593671695,0.08828027330879198,0.11891091926234182,0.1264604314235762,78.121875,3.5383181495503355,0.12380441989246109,68.22303710937558,57.589843750000014,4.696445892438144,-15.422006515358628,1.178585562404637,-7.668768947249376,-8.62166627970278,0.9528973324534036,2.4004198080876398
224,1,0.02733929463527354,0.04289079991758242,0.09619231285646776,0.05714627077672669,0.1349678527752087,56.25937499999999,3.4300139025878438,0.221126525280613,38.12393554687333,181.70529513888889,4.722029491576316,-11.947557890998757,0.51135344669676,-1.412033219602904,-6.743069260658572,5.331036041055668,3.2871514511973903
225,1,0.022391841785156425,0.04317065493852147,0.04757978867743452,0.03865764887801103,0.04639209143090891,23.075000000000003,3.360699184531849,0.22921269955064966,16.347812499998327,56.72265625,4.519575644434899,-14.375664746941371,1.9740682550121844,-1.9653760788030183,-4.5123464559605395,2.546970377157521,3.7916658897908535
226,1,0.07585489351864719,0.09070538458314087,0.07841465282457163,0.13138025475035325,0.11474907030869333,110.93125,3.4061446212767885,0.18599978377375753,83.89449218750178,53.599826388888886,4.4184992396864935,-17.26599887813437,2.259827018393867,-4.394267055089614,-13.50402362398738,9.109756568897765,1.9410588535385065
227,1,0.09852655736097594,0.1333734959485325,0.13842754947695177,0.18213224126832991,0.20095986676763766,161.11875,3.520989470036337,0.10021933451184337,194.71683593749822,159.52039930555554,4.820066552351497,-18.0591234841837,2.314661062807726,-5.426117992077835,-11.917488369739743,6.491370377661909,2.2706100915729803
228,1,0.014147336559799484,0.018990451177497536,0.017904600810850522,0.014113781088159468,0.013267970658644981,3.6656250000000004,3.04264624503488,0.4800947398190045,3.311865234376455,3.3637152777777777,3.437442989762669,-17.956968226080445,0.8137095208942773,-6.325586191107334,-11.919913579761939,5.594327388654605,1.930253383914004
229,1,0.07113858537889664,0.07696138352290308,0.06556113926929431,0.09666702860517717,0.08705106557883147,60.4875,3.449508667041092,0.20812895992753366,56.24873046874745,34.490451388888886,4.475776211092159,-14.555425887520567,1.1473269945591205,-7.240877534321356,-8.985925657099614,1.7450481227782575,2.4861215900111584
230,1,0.06188416247277054,0.08901896929519197,0.10855745198995184,0.12482939822299784,0.1573551333105741,75.64375,3.4993286206438388,0.1527335471532626,93.63919921874276,53.410590277777786,4.622799328284949,-13.557487137238029,0.990387526765141,-8.08133683081114,-12.375532509339465,4.294195678528325,1.4363225621952174
231,1,0.08674303558450773,0.1060689159695796,0.10927406418466466,0.1547495108503579,0.146818384925952,103.678125,3.529653809793336,0.1550623209257058,115.23877929687387,128.92274305555554,4.536067707841399,-12.825619753540366,5.58840074574431,-5.388300878700406,-14.254504051797525,8.86620317309712,1.3796721916180283
232,1,0.09167882119026437,0.1096790185519057,0.10142283711706396,0.16364548370104398,0.15105874497472238,126.08749999999999,3.5686433386998333,0.07863045755051724,125.47037109374924,75.77213541666667,4.586650860431555,-16.184308359592755,2.1807068591346566,-9.737293700844916,-12.86989935190256,3.132605651057645,1.9464160205128354
233,1,0.05611372122578763,0.08251883420930674,0.11181222500811196,0.09135490026902236,0.1351590259155112,93.93125,3.4690034314943405,0.18528300941325138,83.33927734375357,68.87847222222223,4.416388483390919,-12.66250745790147,3.2662120915579917,-2.7668997855044495,-8.84519091452458,6.07829112902013,1.0848182879331865
234,1,0.06934271700160441,0.08198811201080107,0.099298914018035,0.11471778296500618,0.13252995233236423,87.19999999999999,3.4906642808868384,0.14913180452363434,74.00107421875055,62.654947916666686,4.72566315924135,-19.02319276102292,1.1976352467058673,-8.877597805945925,-16.597074277778916,7.719476471832991,1.9728251686245069
235,1,0.07089978388120681,0.10210368232095166,0.13284922505989022,0.14214960934162532,0.18349815347009216,99.3375,3.5339859796718356,0.08572908647340524,111.65898437500164,116.86154513888884,4.768684012895893,-13.104011127809251,0.8505862816111608,-8.470346064303413,-12.024843428525912,3.554497364222499,1.741781894799776
236,1,0.12766463052429008,0.15253208859450795,0.13330123576182484,0.2119773064782079,0.18285562696491356,165.08125,3.4408443272840925,0.1398618227409608,214.0503710937469,137.90494791666666,4.5984205947127705,-11.208072543514639,3.0076630631861843,-0.2112345168366403,-4.116270774326253,3.9050362574896127,4.39460652395777
237,1,0.09588952654478933,0.1347573359977218,0.15397352855195964,0.188864867495931,0.21195024881357824,116.70625,3.5166573001578376,0.15243740287482446,182.73789062499782,106.86805555555554,4.6838841378605744,-11.75506806862138,3.666276797958681,-3.5402154628930305,-11.415764395370019,7.875548932476988,2.144536714345091
238,1,0.11951492327730823,0.12131229997962599,0.13394037747050094,0.15860740546144128,0.18872535163194784,233.0125,3.514491215218587,0.12119012168812002,171.2721679687511,168.83116319444443,4.751137728328711,-16.908654259522688,0.870265481046742,-13.952003081771167,-13.893964566858472,-0.058038514912695405,2.4881205322798223
239,1,0.05191895902839792,0.0543006304288589,0.06961116976587951,0.07102168507537955,0.10467651522333003,36.262499999999996,3.425681732709344,0.22850635917572948,26.450214843748654,56.3224826388889,4.658477428149691,-12.040265751487626,1.571646698035069,-8.689961094134318,-14.971989184369122,6.282028090234803,1.433982135012355
240,1,0.054339484478670895,0.07168865154847796,0.07179905284612434,0.09696350831219128,0.08785335992094605,74.06875000000001,3.5144912152185874,0.09945262349714747,52.019296874994325,41.540798611111114,4.4979147950424005,-20.821467811139474,1.3072642334297861,-3.2753173973000855,-5.005778108577104,1.7304607112770185,2.933627513788933
241,1,0.04105790739118432,0.04311554096577668,0.04141768753552733,0.0523276721523476,0.05063183737200241,24.340625,3.388858288742097,0.23092347354357567,17.456279296878165,26.983506944444443,4.450754365418732,-15.404883367358469,1.8985357526228772,-7.541836100574571,-14.427586546561216,6.885750445986645,2.315328618817941
242,1,0.028802286505755982,0.030672025621529417,0.02904139170001917,0.04371669367616561,0.048282361480332166,11.071875000000002,3.20089748653804,0.2948531322612205,9.260107421874636,9.536458333333332,4.022004400805783,-15.28684665803782,1.5385102508802653,-2.5012606392511287,-11.487007704895603,8.985747065644475,1.5180064272411287
243,2,0.011269797631763648,0.017944620006704826,0.02191637590298404,0.02099069897923934,0.021466509597100416,3.415625,2.8758577047126432,0.4677361425339367,3.5240917968703798,5.380208333333334,3.614244085726394,-20.28849506115961,3.704082917732936,-11.379221024556657,-13.689368860529001,2.3101478359723444,3.069465801308218
244,2,0.01834186891244208,0.022973725001263115,0.026552134814474583,0.01415829776581889,0.015982524386267093,5.70625,3.139673826769752,0.3917757887978476,5.755449218745525,8.177083333333332,3.866955417703122,-21.839811798355413,2.393573487930164,-4.507179051656749,-9.639740567163358,5.132561515506609,2.6175046868839225
245,2,0.03226530653828424,0.051119011368756205,0.068656132954878,0.06849089682452336,0.09601088091983102,40.390625,3.4235156477700945,0.18476693461677374,22.949013671879584,32.71788194444444,4.434756639780675,-16.6628710923259,4.902488866095265,-1.790576144046426,-9.853145263707475,8.062569119661049,3.340242431297322
246,2,0.009402997972509888,0.011043177848843231,0.013941865671554959,0.00773174948306123,0.010701082566370361,2.8562499999999997,2.7013819996547634,0.44966346153846154,1.6887304687525102,3.4730902777777777,3.355836548560527,-16.75688229874848,2.3750154693012444,-1.3802590617822545,-3.6752875180283695,2.295028456246115,1.5968346179073416
247,2,0.005663593427990728,0.008840089014387511,0.012200815132055442,0.007019316419490761,0.007602481386894638,1.915625,2.3597213569484916,0.5861580882352941,1.0564746093741633,2.698350694444444,3.19709347052991,-16.602405065585426,0.32708829962585334,-4.058190715607566,-9.321057384969762,5.262866669362197,1.6276025906589398
248,2,0.023172779405300405,0.030139299159141864,0.04257320277035703,0.027875169929853394,0.03741324489512482,12.853124999999999,3.4191411309122874,0.27547361408561194,15.204482421871035,20.44140625,4.375555694262502,-16.907971548527733,0.7560856783241869,-8.76048291296489,-11.392906777868177,2.632423864903288,1.3365463696396627
249,2,0.01832120922066016,0.02808490145711236,0.0434350001153254,0.01833492071279722,0.05761937698861095,21.690625,3.196969210211604,0.24026431756181413,18.018701171871726,16.151475694444443,4.245112270103735,-19.863228098437283,1.063337369119721,-7.359151667588918,-11.654766152922505,4.295614485333587,2.8319367837041494
250,2,0.023662608199417224,0.03533234984240612,0.029757912145481874,0.037364247115173915,0.026454982309726045,14.6125,3.1938682972303045,0.3167079540936468,9.314355468751273,12.757812499999998,4.150359683139123,-17.783977830613,1.9223434780927973,-1.4912507682877276,-6.60912128916263,5.117870520874902,2.9944243547440403
251,2,0.01470306740384938,0.0175883773664105,0.01909200534981399,0.008473012318604485,0.008633484875916888,3.6718750000000004,2.930583109663182,0.45986566742081453,2.3655761718755457,4.052517361111111,3.7699486038710286,-10.218497089072365,1.186850535197441,-8.402131920735243,-12.579854951827926,4.1777230310926825,2.308606086237657
252,2,0.017751898782976294,0.025648699627447008,0.024905810488709552,0.020701532405835516,0.020855218662757698,17.76875,3.2935082044357964,0.2104914947914186,7.598027343747162,12.727430555555552,4.071590556269134,-14.21047191766366,1.253533153523537,0.1406689932240397,-6.023905978963924,6.164574972187964,2.522035948974934
253,2,0.020916542752525802,0.07592847024970364,0.06939295321698097,0.1068232068291053,0.09531892338625356,73.39375000000001,3.4971625357045886,0.18725278103058746,69.50810546874709,60.42274305555555,4.475725996290386,-20.653474308418993,1.8022992133487563,-5.627111232103488,-9.66402632667652,4.0369150945730325,3.9088055815349008
254,2,0.016980060734288135,0.020111781607295962,0.021536845483696568,0.017668011823075886,0.01684932406640776,6.4624999999999995,3.341162073099293,0.33610951449186743,5.133183593742615,7.522569444444444,4.024618374174421,-22.310018520020947,1.4245140335657058,-3.2600892055123722,-6.715048085361602,3.4549588798492294,1.472320025756898
255,2,0.006699803044421073,0.02292888031730278,0.031211195303898858,0.03625262423677943,0.04703695981913799,8.315625,3.0800006234921127,0.3863285052586523,8.396826171878274,10.60112847222222,4.21151987222093,-17.531401304106556,2.417857775664201,-1.4766612131013517,-3.795342537429761,2.3186813243284092,3.92160513989206
256,2,0.007574666185259097,0.014677696158593722,0.017239346724159717,0.015016368178372904,0.016711182797549615,3.8,2.4303736524793416,0.544056347071053,1.9968554687520736,6.138020833333332,3.718271611928998,-17.850469971319534,0.8633276442589504,-10.991433485357376,-11.487007704895603,0.4955742195382271,1.313225033845614
257,2,0.0952556432204791,0.11244420668456631,0.12963462613751842,0.14841351267337907,0.1896619884791985,97.55,3.254476328549992,0.24314861361989926,145.83449218750047,100.2907986111111,4.618889826633271,-16.290823552520227,1.4068543917689427,-2.2435049882331555,-4.924097145179303,2.6805921569461475,1.8108514675379628
258,2,0.016063811408893503,0.022559394666504144,0.028630902550309794,0.04146858609112295,0.04182390931539705,7.246875,3.08654122528917,0.42962337195793077,7.740341796879875,13.496093750000002,3.967198953508027,-17.21830204250031,0.49646524036743306,-3.0785269102944994,-8.720114646787124,5.641587736492625,1.734471922155154
259,2,0.03009672037902479,0.03299245662056339,0.03251058691376711,0.026139819314610742,0.02560760187677982,17.715625,3.0946746305561836,0.2955645963973803,11.53209960937511,14.2734375,4.18785733553722,-15.858474134777788,2.0003800833929404,1.1956602969703027,-3.52359351294632,4.719253809916623,2.9808146346299544
260,2,0.012965888682266604,0.017115873879737974,0.025588514188400704,0.019617019070850932,0.025554888146777737,5.88125,3.098964453455376,0.35622959214870975,3.8649218750024374,7.634982638888889,3.98425867173549,-15.806277788904977,1.1928981250217203,-1.6772101425860058,-9.449685904024847,7.772475761438841,2.4768341294191094
261,2,0.010350100893054083,0.018786851524623463,0.03674725621913296,0.008815291660450315,0.04568811262346253,9.078125,3.213363061683553,0.28574430492875613,5.420419921876601,20.504340277777775,3.9966655544661376,-22.09041363074993,1.1537758266779383,-1.804189208520782,-7.120003980310585,5.315814771789803,3.144839287823904
262,2,0.023378571985733558,0.02378507680811684,0.04563290589333424,0.020483168734120556,0.06751104712290368,8.821875,3.1409322963666697,0.3536569111532347,3.9587402343740905,36.18836805555556,4.42138373528785,-7.980547668122325,0.9719790063542926,-2.918733992046654,-9.29591731057971,6.377183318533056,4.108753749317198
263,2,0.014015910590436836,0.015144881696582155,0.020956842175336155,0.01792700295579263,0.019004923636680455,8.28125,3.036147990217131,0.2917669224654519,3.8588867187490905,8.477430555555554,3.772488736009727,-23.245303084473402,2.355551105472745,-8.050210154826544,-10.687310622451676,2.6371004676251317,2.441313112635663
264,2,0.022250506309047128,0.029086388812922987,0.031129906358544755,0.025140208461979334,0.029899589208322024,10.45,3.228106628426649,0.28507478963899335,9.78685546874658,13.444010416666666,4.330092704293257,-6.540311008632724,0.20563315923757222,-6.696417397211633,-9.353487626643854,2.6570702294322217,1.8329275923276653
265,2,0.010420467570222084,0.014194962196578271,0.018967976495837268,0.01278611689466011,0.011851617245089959,4.165625,2.8919127803501343,0.403001979638009,2.6274902343757276,9.79470486111111,3.8023830865653814,-13.588876889261437,2.5268111626118426,-7.390773342765641,-9.947338638337797,2.556565295572156,1.64560820017773
266,2,0.006091580623267056,0.02326642516665183,0.05914193286868558,0.021464868540112557,0.0833504613439592,40.021875,2.8363644540158783,0.36799613766262124,25.946943359374927,49.19184027777778,4.177681090924306,-12.13944487881936,1.52426208338078,-8.804427963035494,-10.561940782175384,1.7575128191398903,2.335731922692721
267,2,0.01926924037697816,0.019886609175796953,0.023958896879541957,0.015805985651056443,0.016864257480315725,7.203124999999999,2.9855051152306675,0.36600681026048676,3.5202636718704525,11.842013888888888,4.040088299442758,-15.461064034673834,1.1650814282856254,-2.3098372644166005,-7.580015896721193,5.270178632304592,2.6889319173202764
268,2,0.012062223625040232,0.015819493516192832,0.021061541742099923,0.017341057032272244,0.01830122505775707,6.66875,2.9044207024749547,0.3989236425339367,3.8815429687529104,6.543836805555555,3.7287760917277106,-14.004677907532123,0.7411463865757303,-2.0685360467598883,-11.505488328118531,9.436952281358643,2.2621704015761286
269,2,0.011025580929848712,0.01579355114887825,0.033233020589478766,0.014710156957676449,0.039586359320567484,8.821874999999999,3.079554382960742,0.32725006879051,6.778583984377292,19.924479166666664,4.157278040821938,-5.202971435601359,2.9043931692542273,-5.384871109795796,-10.304410837080965,4.919539727285169,4.308046210723534
270,2,0.034444017264120344,0.030224466958954522,0.025803364033971515,0.035623524962363096,0.02981159023510714,10.55,2.9527325465663585,0.34633452136335074,7.45812499999829,9.796440972222221,4.028169507976637,-12.06875836980507,2.433488070619069,-8.836682842889203,-11.835431563933483,2.9987487210442794,2.737468915295654
271,2,0.030209255857664475,0.027084728325493315,0.022417445275858316,0.02130666984185415,0.01978619646378804,9.90625,2.9966275268206477,0.40120878759791107,6.458105468749636,6.786892361111111,3.9131711275884307,-4.922396588473731,0.5668265731008577,8.071350053079698,-2.9273432599118223,10.99869331299152,1.3620201605902578
272,2,0.016944193068195047,0.014971096128926739,0.01742204300352816,0.017346001611581046,0.017006476574885035,4.746875000000001,2.6278499324102906,0.42768332670906195,2.3931152343739086,9.333333333333332,3.6450994035202635,-7.740178316185606,2.4215299429110915,3.219810542691576,-4.492726652917966,7.712537195609542,2.041622987954593
273,2,0.020453253055390048,0.020386342091813923,0.029028167916533145,0.021739219704584364,0.031377048891555674,6.634375000000001,3.272782183085348,0.3207973966613673,5.615029296873217,7.953124999999998,4.086501934199628,-15.646983234648122,1.3687361166019714,-4.894879025030974,-8.117270951975058,3.222391926944084,3.238721124088098
274,2,0.013059437312197495,0.01895203150416015,0.024429297865445333,0.023735514275817788,0.026755065792512193,7.378125000000001,3.0469360679340727,0.4007246163018221,3.8360449218753274,7.101996527777778,3.9143732982796497,-6.957435580343758,0.7770473303208355,1.6166390686365588,-2.4001564924430454,4.016795561079604,1.7966020924129564
275,2,0.005539181596908182,0.015626476450769883,0.02288249597649963,0.01982388342464553,0.02272470012402856,7.334375,2.980276022328006,0.3325051440014675,3.895654296875364,10.255208333333332,4.048520029081495,-22.429302182026817,1.7241230557697407,-6.439698715520464,-13.437331437989656,6.997632722469191,4.029433288026796
276,2,0.0075079456207266335,0.01234071204807624,0.019701524245897536,0.015874615780949463,0.018483019476329347,3.1875,2.667494522713006,0.5560576923076923,1.7131054687479264,5.280815972222221,3.7558571296421377,-22.013419635963647,1.472696919387742,-1.7573893075575313,-5.70503328740682,3.947643979849289,1.8334523610359568
277,2,0.012983070229144154,0.02009482218935356,0.028163447686080145,0.01840727119162372,0.026666170917259917,9.896875,3.2658800347155346,0.31867681454078506,6.219443359372235,15.723524305555554,4.229208393481845,-7.590787179307964,2.4440677382958085,-0.4520721844678661,-5.919955337460209,5.467883152992343,1.962057205981739
278,2,0.01306652810133962,0.03132001682613793,0.04463576330151083,0.04335933582586054,0.06471517241439616,17.965625000000003,3.360656837552541,0.24812739464757005,13.167099609373508,22.834201388888886,4.272502362422199,-19.81967274192808,2.3132778756833052,-0.8165315714905432,-5.780071264856076,4.963539693365533,2.709731562006176
279,2,0.020462229546345488,0.017104727746025023,0.032172212492026495,0.015812354803003123,0.040735150722584164,18.775,3.0656502579829112,0.30497752508603054,9.457871093747599,17.251302083333332,3.9036496445350988,-7.4897460947485825,0.2620905628444975,-12.856380454795186,-15.667805792151398,2.811425337356212,0.6133299231235259
280,2,0.00920145496600002,0.014677910863128696,0.02233118056756788,0.017969090056804228,0.030563875905690457,4.553125,2.8542815492787597,0.42840203467041704,3.09174804687882,9.999131944444445,3.878185061963667,-19.029180815930864,1.3113566637153233,-1.4832234805062683,-6.265924018205368,4.7827005376991,2.887958670019782
281,2,0.01802430460932422,0.024619528896347526,0.03439492844164636,0.023845951177502895,0.0441844932019756,20.640625,3.115146570030789,0.26921975996388703,9.209326171875546,21.22612847222222,4.34392809908652,-13.961158955624825,1.0182729684388483,-2.85101911004503,-7.844490179761493,4.993471069716463,2.823092644118646
282,2,0.0197188971461657,0.021962708634569297,0.02828363219702158,0.022239676866362024,0.030639930230896496,8.121875,3.1141693950094322,0.3088100235416412,4.162294921879038,8.567708333333332,4.0249217454915485,-18.31159984500306,1.3449513607940722,-15.41751707859217,-21.61403975768941,6.196522679097242,2.456219450945641
283,2,0.01392260453139525,0.019851015438143636,0.024015356393938765,0.02645889572550655,0.027151508685431626,7.709375,3.1266773171342517,0.3678392518649871,4.172138671877292,9.634982638888888,4.052055518116057,-18.08938182189393,1.409335771812859,-7.370637143164032,-11.861894618891043,4.491257475727011,3.8653133786266523
284,2,0.01265957055569342,0.020157985525831826,0.018947103548368774,0.0074315501063026475,0.0075829021283793634,7.271875,2.9041287155812237,0.352433234988382,3.671826171875182,5.282118055555555,3.610392918742127,-19.158527344190563,1.3160303520113747,-2.98524652451934,-7.413843448328279,4.428596923808939,2.4311254795381263
285,2,0.00895033572726401,0.020894075759186163,0.024718097426462936,0.016890788114719578,0.015258747380070135,8.915625,3.119478739909288,0.3759270132689251,5.198974609373181,8.915364583333332,4.009294720523737,-7.5928438846219,0.8622751123019358,-1.7709504182561346,-3.047904250790907,1.2769538325347725,1.84330537707977
286,2,0.02431714423633876,0.02612900187843056,0.02435184130604718,0.017525645367763857,0.01631989893763131,13.024999999999999,3.1856501980046765,0.3113073108949638,7.50671875000171,8.882378472222221,3.907241662225776,-7.7190720499406735,1.9724757065876608,-2.327504575614796,-7.6955726739003865,5.36806809828559,3.9794484444895275
287,2,0.01612750432748141,0.023976601385106648,0.04525387046681328,0.025956900761609957,0.05626599880928188,19.518750000000004,3.1743735327770564,0.25630050808142724,10.150585937501091,29.95703125,4.50105896509988,-6.649091886771151,0.558051972192385,-0.3068971544470287,-4.044465830705235,3.7375686762582063,2.8572601920358385
288,2,0.05032262356488144,0.07292364757684872,0.07762091879714136,0.10153539041228664,0.10731268819017542,58.715625,3.3758194321272907,0.141690190662356,55.67096679687165,72.06770833333334,4.6832824475996695,-5.187485666144328,1.526185976104167,-0.5047003187457619,-8.646589939954765,8.141889621209003,2.7455663485435013
289,2,0.01233292116071647,0.03570541687924027,0.048897768144204594,0.0645803798197332,0.058645741401404494,37.143750000000004,3.1445369311382367,0.3026820978754774,17.933867187502074,30.01258680555555,4.281878776267962,-9.361070863760638,1.2842317099512013,-4.674080108737385,-12.360208971749003,7.686128863011618,1.4139407698338204
290,2,0.012911347559377893,0.010644554918545641,0.02509287699988116,0.015672839682852293,0.030323986550568355,4.250000000000001,2.7896605476740204,0.41609728506787325,1.9272460937490905,7.341579861111111,3.6640741409221445,-11.108791129521606,1.5414516961806328,-7.419620561702587,-10.928452636970661,3.5088320752680744,2.345442599742944
291,2,0.007169081546954079,0.016878054310632246,0.04831153223600219,0.016573534035491985,0.06937215023046968,9.4125,3.0080735799654974,0.35526230661466535,7.70781249999709,24.10546875,4.201868787623528,-12.784051842806784,1.4142430086357032,-4.624719379440023,-11.910216799923617,7.285497420483594,1.657864849891758
292,2,0.030544204009557544,0.03127346064794434,0.04043967490421047,0.04547023467980171,0.05741711953526021,16.359375,3.313002968889046,0.24070363426416153,9.282529296870962,28.986111111111107,4.431196905531191,-3.249018112629244,1.833908218091035,7.214116604701516,2.76722054945904,4.446896055242476,0.5489519914309504
293,2,0.0220247898742966,0.027309481266664836,0.02680799674584854,0.020994094331131447,0.020188253433573056,14.915625,3.391024373681347,0.24087702549834905,9.032177734371544,10.50390625,3.954055448096236,-19.19705303113345,2.500783929397387,-10.300383998975434,-8.065759549666794,-2.2346244493086402,3.2063939971647306
294,2,0.025133806393047728,0.023566392263132615,0.019390810095530366,0.013917382797132031,0.01251941624924248,9.15,3.1786633556762482,0.36933906078023726,5.277246093748545,5.62890625,3.652392817900887,-16.90834116633599,1.2655101893751202,-3.1825719039702847,-10.270242072932689,7.087670168962404,2.160910209520856
295,2,0.042661922983900126,0.03922907916881297,0.03198099936918541,0.024714893063823826,0.027347944691051417,25.290625,3.367197439349599,0.23757598943785652,13.42686523436987,16.910590277777775,4.245046874045796,-21.630881787788276,1.6380491079953914,-4.0768521015525465,-9.456989574531349,5.380137472978802,4.0566986710854485
296,2,0.010080727068526755,0.028609461274227296,0.04783677254011443,0.02410510067911677,0.031000249179944966,20.525,3.4408443272840934,0.19479851092956413,13.230292968754839,31.112413194444443,4.5888053135881375,-9.65663787544194,1.8159802609965887,1.2883987859147368,-2.8672568186282774,4.155655604543014,1.9067806878462032
297,2,0.013493914353602489,0.026457683017545416,0.03228640187982095,0.0286609720012786,0.043828112476886984,12.13125,3.2637139497762857,0.2717251895560719,7.524609374994725,13.800781249999998,4.169560201348013,-22.09019218433404,4.853000017845382,-15.30576514123436,-19.826720383720215,4.520955242485854,2.361085767878517
298,2,0.021487006150387445,0.022072912484097085,0.0317817619707655,0.014350603352477632,0.014459435047937643,8.5125,3.2393984279338586,0.30832609759080354,5.990136718749454,10.229166666666664,4.173953955498201,-21.208241869281167,1.5711760033009672,-0.4481864598408407,-11.399757749411506,10.951571289570666,1.7935484262904482
299,2,0.01305655363668008,0.015304368602069022,0.026596567905098897,0.01582681291810653,0.024304860619920713,8.428125,3.133706506441988,0.38607919392052326,4.758154296871908,13.129340277777775,4.017864847957185,-15.912039436048914,1.475336405056769,-9.645338949334658,-11.129848213364696,1.484509264030038,2.2338659593253753
300,2,0.011099796052241973,0.01794667759066613,0.021810348065823337,0.013599341502438083,0.020950677362837043,6.018750000000001,3.066515526345936,0.37839175431087196,3.3278710937447613,6.6545138888888875,3.9660382485360506,-17.253082204844155,1.5327137081197495,-2.1839987748694227,-6.135344438039809,3.951345663170386,2.9942861471976987
301,2,0.005675863435495175,0.013313074266670498,0.018011163176993916,0.009778348605228426,0.011931107112925905,2.2750000000000004,2.774455606119965,0.5277941176470589,1.632187499997599,4.669704861111111,3.6966192365384334,-10.266104414782824,2.155763988944246,-7.451463552213767,-10.087625235146092,2.6361616829323253,3.60193873370768
302,2,0.006915590782575817,0.016306442336349588,0.11031738516734356,0.025719215539777466,0.15645823075676932,50.637499999999996,3.118097671335869,0.3435794943317284,38.29044921875084,102.59114583333334,4.600109268875574,-19.126517830255956,3.057877628034073,-11.90053083333521,-18.83117287122866,6.930642037893449,5.582410513435747
303,2,0.01972751780914498,0.035263021348318685,0.03274692643319606,0.014972108431067404,0.01666826250430578,12.8375,3.2571733479792284,0.28992866387748434,10.145468749993597,10.73958333333333,4.216318507609358,-8.651231639907136,1.4215190656463543,-11.324692634300007,-14.404954399951833,3.0802617656518265,3.290176557910696
304,2,0.045292697948721816,0.06387931285661572,0.07946809786042737,0.09283621753407809,0.11871405516423707,46.115625,3.3866498568235395,0.2090122521654978,41.332490234376564,66.13975694444444,4.660258972832786,-11.485269459835827,0.8957088481548334,-5.203884962638284,-11.866714757548635,6.662829794910351,2.3093505535624357
305,2,0.016302220773304357,0.016696504268539115,0.018363733355829952,0.01261773117574265,0.012571277334314004,4.50625,2.968537982289425,0.39497546471811174,3.044609374996071,3.978732638888889,3.3488623721982833,-22.95506648770247,1.5285729812251267,-6.169056694868942,-8.246607452867153,2.0775507579982104,3.4884111240295415
306,2,0.0229835729043531,0.024700588843238898,0.07928416064908413,0.02128275767549547,0.11975156254201039,6.4625,3.133175571952002,0.3719635868900575,6.0226367187451615,59.62022569444445,4.053378112384352,-18.277397292648995,0.9578694298691182,-1.5336995887874423,-5.342681605567407,3.8089820167799644,2.3261254827015
307,2,0.019347367543044693,0.01972964540730651,0.02418732248333723,0.028125038670486553,0.023942262176857475,5.209375,3.0253599125001887,0.4464097850678733,3.752802734380566,6.708333333333333,3.907211995442209,-19.0029697493026,0.840274564483907,-6.673848011361201,-6.518785651626942,-0.1550623597342593,1.679131479937356
308,2,0.00895973771619022,0.011692621836725143,0.016490638109579406,0.010974423984401223,0.016130106364249195,4.0625,2.7332802758004093,0.43724394643512293,1.678242187502292,5.417534722222221,3.7266686531698316,-14.460419098600106,0.8331807262993159,-0.6181829515655721,-3.529130629350206,2.910947677784634,3.4711842558222266
309,2,0.01146920709138263,0.02683050403603748,0.030877948030595317,0.026300639914703057,0.026568002776297155,12.16875,3.125488407216359,0.33648375686413706,8.513886718747926,13.65842013888889,4.151646190415241,-21.627929388995483,1.4529660591869942,-6.993908448876027,-13.556577066152741,6.562668617276714,4.179280332501694
310,2,0.0054101736153428625,0.011227635269539307,0.025926591245664,0.00918854778072748,0.017743827272435977,2.6062499999999997,2.9668332721611357,0.4941487556561086,2.4272460937454525,5.177083333333334,3.634588607391872,-16.948098027955467,1.3992439138142918,-4.747057875633658,-6.719045580088007,1.9719877044543495,2.9433009574179905
311,2,0.00874188767551186,0.010302205208560443,0.01798153174020271,0.005686381758494327,0.014051662427921267,3.1187500000000004,2.911492238761997,0.4676838235294118,2.78576171874829,4.876736111111111,3.5263238457235673,-14.427076994860712,1.2417435223591184,-9.729750591696884,-12.973336427088682,3.243585835391798,2.4380475851820753
312,2,0.021081117338617436,0.020149579860376708,0.03259350645204992,0.014324114135293279,0.020926243448725814,8.6875,3.263713949776285,0.2927928947046594,7.396054687500509,10.194444444444443,4.2438103260561455,-23.5611342881827,2.3068090846127887,-11.302073117251012,-13.342528327824922,2.04045521057391,4.288281612277308
313,2,0.01577075505852222,0.02706385786837052,0.02558276669356965,0.015245250519535385,0.017619216503408256,12.803125,3.1661977805307355,0.26003873576838066,6.719013671878201,11.027777777777775,4.080937476147191,-5.558913810577051,1.6756893520144498,-7.2607148112853395,-9.508287953941732,2.2475731426563925,5.152859694069118
314,2,0.02703312477487538,0.026569221906332537,0.023362994783490763,0.015357482931290183,0.016915225752069996,12.059375000000001,3.293550551415105,0.29077220330224274,6.087841796875182,10.064236111111109,4.135773120118873,-7.142915823755278,0.6477448834367134,-11.046096281489753,-20.02178013781287,8.975683856323116,3.4439886159011692
315,2,0.028930824759076913,0.021437949294039752,0.02683090755082843,0.0123955192090433,0.01990412665529737,17.303125,3.144536931138237,0.2695864492313966,7.161083984375182,13.249131944444443,4.197930903789796,-20.876945561532537,1.4478541887009955,-0.9905212748469125,-7.989832102973082,6.99931082812617,2.231668640027172
316,2,0.04238994746567291,0.04571243388946579,0.04634106506678599,0.06126196506146662,0.04666284485143548,22.665625,3.252798831121421,0.23184805118869062,19.851708984374454,15.66970486111111,4.339867953029527,-16.96139705622286,3.2606776740957772,-5.690813546760708,-11.313375512649387,5.6225619658886785,2.0546021892069226
317,2,0.013558407054841725,0.016476832837278566,0.03193679566311871,0.02045834555979499,0.03687760904301684,8.471875,3.0474670024240575,0.2969449752354164,5.926396484372162,9.34157986111111,4.075822751371003,-22.743168168086033,1.2958552986401541,-0.5393094049298668,-9.183678840381688,8.644369435451821,1.3118901445368052
318,2,0.016669870370392446,0.014624034823768152,0.023483309493132307,0.009158770983205188,0.01673715738238507,5.103125,3.196076729148862,0.3903477360278831,4.070263671874272,5.92578125,3.9557898544584336,-6.168490067583623,0.2892409977655314,0.36110606918279586,-4.521655537737885,4.882761606920681,1.8603726693379903
319,2,0.030528713289042293,0.026272714417654393,0.052647298259237175,0.033656813603059325,0.0634185928292419,19.1875,3.1942721907823683,0.24612360240949338,9.892480468747635,26.855468749999996,4.325268585595459,-2.4847299191813166,0.4410846847698027,2.972258955198953,-6.656628552378891,9.628887507577844,1.9732994473160619
320,2,0.01168836446525922,0.02065640363154067,0.03655827396890937,0.026011179151595964,0.052873600095867966,9.940625,3.189493780372498,0.3467960055643879,7.462255859372817,11.003472222222221,4.2174641142461375,-18.346991427038454,1.090756002876683,-3.868948161652014,-11.061463713140583,7.192515551488569,2.3579926249187504
321,2,0.017116953029278216,0.024856309269416073,0.03446720909537409,0.0193978950476022,0.0361010555798795,6.328125,3.163989348612178,0.3612196939586646,6.8708496093740905,13.98567708333333,4.166384097479336,-11.607606421355914,1.124650578240016,-7.101877869663923,-11.81863331930927,4.716755449645348,3.3911485774183294
322,2,0.008161869929074276,0.011375602420065347,0.01629051427600671,0.015486621655140278,0.012845991988132844,3.5218750000000005,2.535747518497021,0.4966699660633484,1.6368652343744543,3.7517361111111107,3.6512131527036464,-13.660393521425531,1.0059463344382291,-1.6533743958366358,-6.951367471385524,5.297993075548888,1.291056068610737
323,2,0.01370374414814372,0.014371648118013326,0.01787515521883533,0.00608136980741701,0.010928690214997755,5.228125,3.0768573635315057,0.41063207013574654,3.318076171875873,4.404947916666666,3.694766732877458,-8.888991908341648,0.532856222223005,-1.0617997398388752,-4.4024295268643385,3.3406297870254633,4.301864138663347
324,2,0.06394493506392335,0.10261441526190036,0.12497300120892098,0.14256373614893372,0.1636784120287602,124.075,3.388858288742097,0.2046948809475338,162.83037109374982,130.46961805555554,4.730090332246925,-16.64356202452164,2.3119669834110836,-15.682755691948898,-19.55378062956092,3.8710249376120203,4.5018603706852325
325,2,0.01207113680849084,0.034817974722521385,0.04590321526080235,0.03962972911262982,0.047912967102582665,16.525,3.272335942553976,0.2899084410076345,9.412343749999309,24.680989583333332,4.202829206496629,-11.27669168282177,1.3605788053919263,-7.777989220837156,-10.812381114985868,3.034391894148712,1.1917028614258593
326,2,0.02703144328436238,0.03158395314407097,0.024235002014172523,0.01732886026895384,0.016441772722265952,11.7625,2.997285502248556,0.3976765252196785,6.7241796874996,9.178385416666666,3.941624484840487,-15.693196275857522,2.6861531590005794,-5.621236433341778,-11.514743405859463,5.8935069725176845,7.149578675849056
327,2,0.015554947713286069,0.046050460132914924,0.13239825079414622,0.04402994625010662,0.1605564861878452,44.309374999999996,3.3887735947834825,0.22382325062029956,57.221162109373836,76.60286458333333,4.570492212382567,-15.999626580134578,2.849735087010449,-6.018986188609759,-12.840185503606179,6.82119931499642,4.321143695449883
328,2,0.010037334769512822,0.012699889845866364,0.015276473378501944,0.01239611786500367,0.015003145260740402,3.8125,2.6947990508783994,0.44242647058823537,1.7547656250044383,4.388020833333333,3.5039622946444027,-15.485242844930438,1.0396360508291018,-3.163078927102063,-8.183275858853762,5.020196931751698,1.2967588626522266
329,2,0.015777372184615033,0.04416090838742421,0.05644737569335362,0.07272279723067275,0.08429147553942132,34.25625,3.399646366459039,0.2845965260759533,27.5627343749984,25.517361111111114,4.341657461522499,-17.956857472493237,1.2842843640765598,-4.36474223037645,-14.571212195599003,10.206469965222553,2.928901176784142
330,2,0.01873324803941909,0.018226600160893267,0.03922750742565169,0.020445504766080126,0.051495531107765856,8.621875,3.1249998197056814,0.34445537024581147,4.245068359375182,39.0842013888889,4.243886911749168,-17.768911057407976,2.203721383439161,-11.27725949538413,-16.13971005698464,4.862450561600511,7.885668091199063
331,2,0.012699139799997792,0.011583526620343268,0.020805847889112893,0.011358525151342672,0.016284330707736796,4.859375,2.726251086492673,0.4355726809954752,2.3509277343682697,9.172309027777779,3.967381594947205,-19.673859320741137,2.067297017963761,-8.394046758057002,-13.54487101365575,5.150824255598749,2.4825040536939307
332,2,0.024729276676698393,0.026115342638413787,0.022133081454461107,0.01153289029748294,0.013218412304472392,9.3125,2.8774081612032933,0.37598168643756874,5.534277343751455,6.517361111111109,3.8281361453390863,-18.953535729731833,1.8230496346802643,-6.618338485125946,-6.319219636810672,-0.299118848315274,4.321297708294452
333,2,0.01072001877611042,0.01141698568994841,0.016938076120302115,0.011939418875148712,0.013785021492715856,3.6875,2.8467486381807556,0.4121266968325792,1.9910156249970896,6.111979166666667,3.6527766415013954,-8.224530432085055,0.6462190729562087,-6.231834430116265,-14.273565997205338,8.041731567089073,2.2319868173736324
334,2,0.022792178667009846,0.019923295946678025,0.0246633307705243,0.027936259616154008,0.036611745366232455,8.003125,3.0068846700476044,0.34289543078146023,5.227490234377001,8.06423611111111,3.7544217806827893,-18.206596176362837,1.015627790431512,-7.5286590214788305,-12.965125407440112,5.436466385961282,2.633048723577442
335,2,0.017378736477101333,0.021095984394831943,0.0434508616122391,0.022455613982065966,0.0499337443021616,12.99375,3.1384849168518585,0.2713369963192417,8.788085937498181,26.596354166666664,4.3123345200067105,-3.3809363563352584,0.19499291975694472,1.3665079321934144,-4.430034637526191,5.796542569719605,2.6853936011582924
336,2,0.011155322600551723,0.019281402820166684,0.030129232699322363,0.013367121078785675,0.026658168090157745,11.418750000000001,3.334706165260851,0.285498502652332,8.058984374998545,10.398871527777777,4.041064638958163,-19.163854675504908,1.0160630965680635,-9.32825364854466,-11.76366671362085,2.4354130650761903,1.4082127786816574
337,2,0.007955427824570076,0.013636895048441403,0.019812674206175333,0.01384395986178899,0.019582909396236074,2.7281250000000004,2.2808967472462824,0.5339522058823529,2.1714355468702706,5.3615451388888875,3.576066822025515,-15.037837584377442,2.2403955801362114,-0.4702285859925155,-3.7820264534667842,3.3117978674742687,2.9862429981790006
338,2,0.02805616013097758,0.041792282090427894,0.06510851274732397,0.04483482897214547,0.08005527586407371,38.71875,3.4884981959475887,0.16303460223337665,25.612578125000255,31.49045138888889,4.589611623120975,-11.189796920267764,0.7718437204069039,-5.735922819427415,-12.491328931423595,6.75540611199618,1.5163770436392257
339,2,0.04477840582964317,0.06535060558535791,0.05512877806711321,0.09131448886058477,0.0777800341845486,43.996875,3.328207910443101,0.22355881528193838,42.35424804687227,30.88064236111111,4.33287645168611,-11.089244665922104,1.2818236887058894,1.0312195623347407,-5.899313666482314,6.930533228817055,2.735540553397348
340,2,0.01276872576162186,0.023904096714224613,0.08977950267832285,0.02872200910104484,0.13557868759568767,12.215625000000001,3.237189996015301,0.23270003515959398,7.936279296873181,60.97612847222223,4.492806501863793,-23.116936260611666,1.6822473016162178,0.4152056176242098,-5.645937334598045,6.061142952222255,3.7874825118476174
341,2,0.01803427688478486,0.03355929942200161,0.05082123519553531,0.03523349932594151,0.07016594511696173,14.753125,3.21000806682641,0.31759101791878036,14.284482421871871,20.47395833333333,4.108447536409477,-20.247414720445754,4.089622973964808,-6.068309942039079,-8.480134821505544,2.411824879466465,3.072605914094005
342,2,0.027463765377527993,0.02289864430926446,0.02588316393429441,0.016538749006068904,0.019930569518204103,8.059375,3.2306917411975515,0.35765938761159344,5.556396484371362,9.895399305555554,4.200144682520478,-19.51769149910738,0.7482056379992207,-2.2938071968639804,-9.0676308153555,6.7738236184915195,1.8283233806448107
343,2,0.014460040038655343,0.019698933805240675,0.025578902461328663,0.007801535652601555,0.009445528331560123,8.128125,3.177028205226984,0.36649684327993154,6.9717480468725626,6.569444444444445,3.8638982996421696,-17.156112034845503,0.9990641834555167,-4.44540880456691,-5.807628424556384,1.3622196199894745,1.1018251966063597
344,2,0.005199147290431943,0.018152757204057554,0.05890764684533803,0.01482562121538998,0.041712380118725974,19.7625,3.1791519431869273,0.36893145426289686,12.799902343751455,32.229166666666664,4.310658650036199,-3.0377502506710474,0.7373333360642037,0.241126747211041,-5.034274428217543,5.275401175428584,2.0595238410504164
345,2,0.02965096396371986,0.09400408439318178,0.07927949286043691,0.09755932836738336,0.09976245235608741,146.140625,3.445176497162593,0.12387686741500055,90.55838867187231,71.80034722222224,4.62045603013711,-16.068207958853478,3.3755282136287588,-14.554770983727948,-18.11940821939956,3.5646372356716114,5.029592401101958
346,2,0.006402522264907578,0.012828423960036773,0.020948958983994317,0.007221355870171507,0.014853721514331569,3.6656250000000004,2.792846154613935,0.4776861547633606,2.603662109373545,10.234809027777777,3.840039430317636,-24.121718510227176,1.5473465454887385,-9.109650923776883,-15.399395040643384,6.289744116866501,2.547782433326136
347,2,0.022950293180043237,0.02711515979478601,0.04142894255520837,0.023898346509109773,0.03976707313567466,25.837500000000006,3.235066258055359,0.20082065539698393,11.569335937497272,26.13064236111111,4.372249753165761,-10.251319643233376,0.6516687520555045,-1.314195429261403,-6.339609058469378,5.025413629207975,1.3843648257142336
348,2,0.11199719206545285,0.1499826249766258,0.18727917122698046,0.24041474248760547,0.2875836410821436,157.190625,3.531819894732586,0.15235976234640408,235.31413085937265,103.55121527777777,4.674835257847416,-20.25483151607292,3.5413742051064574,-15.266454320783254,-14.893072796485825,-0.37338152429742877,1.9071952953204494
349,2,0.003758014773343128,0.015488316835315622,0.017553905692757846,0.005752624967977878,0.008768023692304588,4.271875,2.936465736032331,0.4729661321389262,2.8036230468696886,2.8381076388888884,3.4110187077879766,-20.098545922763318,1.46562806873254,-2.2770074050829407,-2.978312374155607,0.701304969072666,3.330579372534028
350,2,0.01997979344619304,0.018630272554437288,0.0491728285968745,0.019601480366311465,0.05135114036129432,14.915625,3.264202537286964,0.2689977174916837,8.542919921874272,21.836805555555557,4.2180802862576865,-15.337321054557194,1.8668453401046037,-5.398598318718655,-12.153452344520502,6.754854025801848,1.8362173956552765
351,2,0.007876686545011011,0.01755247244294709,0.02348904539578226,0.02367323161542857,0.02567457090075042,8.725,3.148295819547444,0.364235416411887,4.705839843750255,11.05208333333333,4.159502918716757,-9.435463710011227,0.7863075235524066,-3.6070231903854904,-9.769425197360349,6.162402006974858,1.1384569549037908
352,2,0.007823778754183176,0.011556949482081365,0.01263191062703947,0.015992387322556922,0.011909341931791955,2.096875,2.6146962551054624,0.5231066176470589,1.4991699218735448,3.4522569444444446,3.204181851483345,-17.63539815926415,1.3927056705536902,-5.495301070996703,-9.545116033868027,4.049814962871324,2.0132845183145602
353,2,0.01747500944682937,0.02267157505248277,0.040828528407250785,0.017356320128212425,0.051270172813852224,21.1625,2.868170539977,0.305940283993818,10.56554687500011,20.549913194444443,4.145410403123854,-10.048333806784129,1.9459090809926896,-9.442388369768196,-15.363264000033126,5.920875630264931,2.020609099895852
354,2,0.05113919188178961,0.03700391260316218,0.025813263696758168,0.033208983849343426,0.0273593912189955,23.906250000000004,3.3433281580385428,0.2747093274416639,12.338574218747453,12.961805555555552,3.862019834032842,-19.521850689056187,1.1490240282360171,-5.714526063912416,-10.87452293660023,5.159996872687813,2.6249071554146606
355,2,0.023806081308171988,0.025512094428582488,0.0385092876650455,0.016384519373532025,0.03697276791797484,11.434375,3.289706969047283,0.2543689693652929,5.4424511718798385,33.10373263888889,3.9600913267635596,-6.36619848843375,1.1679825865171127,-7.968259898353793,-12.332185839648972,4.363925941295179,1.823758814609548
356,2,0.00636730243482677,0.010847815382195765,0.05396868873967691,0.010655279008302682,0.06320384765909182,12.674999999999999,2.7558154177115703,0.45237679267768716,7.270585937500982,22.771267361111107,4.2041397469967325,-15.917911662803109,0.7517820668251369,-6.71105242955025,-7.5638424200178775,0.8527899904676275,1.7052960430721866
357,2,0.010385139717706358,0.022721820340673365,0.04340891207426669,0.032981617972386884,0.05005858158576681,10.58125,3.141839911709001,0.3023250726308474,8.495214843750546,22.639756944444443,4.393259141397291,-21.14341099252443,1.1014196450079619,-4.023919081343777,-9.771318992121593,5.7473999107778155,3.341616631790677
358,2,0.06825928846916295,0.08134819523614267,0.10870089658165336,0.12272039684815715,0.16849401824863178,63.240625,3.3173774857468525,0.12368699212818288,81.85983398437111,81.87543402777777,4.636377295951415,-13.562726783889557,2.4379592876094254,1.6852824875757904,-11.645360749038616,13.330643236614407,1.7131527444812769
359,2,0.01672030152686068,0.014117814221267915,0.022290488916043488,0.012021483928243318,0.02196032716385914,6.793749999999999,3.079469689002127,0.3718806561085972,4.028554687499309,9.802517361111109,3.9382744625599626,-18.840408378900456,0.7505722319621008,-2.652654328929401,-8.496473971617263,5.843819642687862,2.2552303335861086
360,2,0.02334104246301402,0.018969479051128085,0.02537557254047659,0.024014951906324637,0.019486252252837465,6.437500000000001,3.216060081112789,0.3558371040723981,3.320585937497526,14.296440972222221,4.080399720153568,-5.066588933701921,0.372821700371211,-2.5621625216178217,-3.8852831544466824,1.3231206328288607,2.4112824528371606
361,2,0.016834978388129647,0.04144216625181251,0.03631716908436749,0.04728119205990271,0.03389173215212894,30.275,3.23334641364748,0.2664830000134306,16.30537109375564,17.05642361111111,4.167400908030539,-7.742740620320188,1.0967833337469615,-1.6221889148413027,-9.018862909046646,7.396673994205344,1.2603899382394381
362,2,0.03517718728015584,0.028555669610964594,0.0260298710334178,0.02113703062516207,0.017738017928509556,18.756249999999998,3.2506327461821716,0.2152439238869696,8.521367187495343,9.609809027777779,4.017177716967752,-14.726784072597628,1.9684660181456604,-12.600816384958634,-15.964073862059536,3.363257477100902,3.1544275612456896
363,2,0.024867036107483243,0.0270061302696696,0.11629739603754156,0.03319516668210915,0.1823740068976592,30.3125,3.364989007431041,0.2637355985766487,14.975546874996326,132.69748263888889,4.703161752309077,-3.4280081332579795,0.6777067867902168,13.329466075304993,4.9417591240609795,8.387706951244013,2.42803391692941
364,2,0.014700887192406309,0.01968762808515781,0.0393121118741338,0.05587075195553113,0.07191569550666045,6.65625,3.0882610696970483,0.4021413568545922,3.446464843751528,11.475694444444443,4.129285830616949,-20.401658899306845,1.5237288392950987,-12.208442333093828,-13.291250378473976,1.0828080453801476,2.1344896513134217
365,2,0.021536728597218818,0.026471841873172437,0.02688757920660316,0.017077072565627547,0.01882945991044502,12.5125,3.0752222130822426,0.3513149993885288,7.899335937499927,7.533854166666667,3.8936513539670203,-11.60849104786957,1.6314515450994374,-10.805977952412007,-16.15549541278419,5.349517460372184,2.4107025566163727
366,2,0.010184970433646771,0.016416924728433927,0.03783696565648822,0.019202744228172832,0.05251196068562639,8.037500000000001,2.8807208090811285,0.37915458663055507,5.472578125000837,12.434027777777777,4.10138617974779,-18.759430047499315,2.8271280293082586,-2.650151070454484,-7.27065046519435,4.620499394739866,3.1663516042853166
367,2,0.04762376996638581,0.04515506013261937,0.03688471290854933,0.06056308439791839,0.05588490641755885,24.671875,3.3477026748963503,0.24729982753625365,18.98694335937762,11.81814236111111,4.154959349091278,-18.90370477786116,1.4772667775521537,-10.377214994863778,-18.164091374096017,7.78687637923224,2.2250631240613274
368,2,0.023721206336129074,0.026123090530226673,0.030716901417482935,0.02618065181776518,0.02932511715856672,9.5625,3.289218381536604,0.313047786474257,9.436484375001783,8.477430555555554,4.032110248150268,-14.341074113768187,1.5009379145096038,-5.344956887738405,-9.902998188772116,4.558041301033711,0.5588006901442913
369,2,0.03474591340672551,0.03278101312114977,0.029518627688569877,0.04650524834803082,0.04731760138521462,14.9875,3.2935082044357973,0.2677112799484669,9.785429687498436,13.692274305555554,4.147217190639993,-18.028615179430048,1.0888474215488846,-8.46219718516356,-11.713781800787942,3.251584615624381,2.3926149356689814
370,2,0.021456618033398486,0.02392342329342374,0.04000164106075836,0.017164653933494783,0.0528814026277992,9.840625000000001,3.3108792309291033,0.2926452473401003,8.594482421871362,29.908420138888893,4.3349768908009905,-13.214534601197306,1.072296342770094,-1.9261412243009204,-10.624399509875701,8.69825828557478,2.6446568473973957
371,2,0.011710773566318786,0.0161878336601161,0.02152571699050444,0.017724217352506146,0.03315270435981342,4.075,3.0209853956423824,0.432806347071053,3.204902343750291,7.203559027777778,3.9123327742081537,-20.05329033447455,0.6459211217863691,-2.977445994459302,-6.376687321811147,3.399241327351845,2.521959827752003
372,2,0.004211477767862457,0.008332636238770088,0.0165904677717865,0.008110496543522194,0.008640333933554662,1.321875,2.2679109299289535,0.6240625,0.8484277343759459,4.723958333333334,3.324765767579868,-12.980422743931666,0.9633789023373849,-5.153654785550401,-10.479355043419616,5.325700257869215,2.6657792976471058
373,2,0.04960964303303357,0.0765490177911361,0.0918850175343537,0.14829800048053152,0.16018131944006703,64.178125,3.2805116948002975,0.24587477469824448,60.58471679687227,74.12239583333334,4.569238617058988,-24.939825578158633,2.4159276198949233,-11.209944074724717,-13.909200300703631,2.699256225978914,3.7557210218207047
374,2,0.01979656045338346,0.017385243557059282,0.021695717004357674,0.011224040229379197,0.01850365436131473,9.100000000000001,3.1207099968064886,0.30489076067017234,4.444589843750691,9.419270833333334,4.048761995961766,-15.9421463261365,0.6617903750616795,-8.819691660557652,-11.946635677756134,3.1269440171984826,1.722656236332972
375,2,0.03490763741106359,0.028895255886023118,0.022977486158665378,0.011191893090047865,0.015410446450414315,12.040625,3.217695231562053,0.3094733933594228,7.60303710937751,8.64453125,3.875408233597987,-13.89313610901761,2.025526137538779,-7.661338123254325,-10.023045832542124,2.361707709287799,1.5723519269441686
376,2,0.037221654013686004,0.04746675527327808,0.04922950477901872,0.05638798128425881,0.05753337487260015,34.15625,3.2935082044357977,0.3193885475496275,24.965917968753274,27.667100694444443,4.475209809980678,-11.714511021085858,0.9349126020446196,-6.277317010692514,-15.0238453959347,8.746528385242186,1.5316615945408223
377,2,0.010070142107260635,0.017366699306198163,0.02543275277801729,0.024708453913077983,0.023093872472027394,7.95,3.0184577641303756,0.3692983135414631,5.335605468747417,9.381510416666668,3.7879149555034246,-20.40778585632385,0.9110537897798896,5.47638183930809,-1.404078776552808,6.880460615860898,3.35794308446145
378,2,0.03989910670894307,0.06098094484998717,0.05731392711257939,0.08455140632453084,0.07566632789937983,40.23125,3.2918307070072257,0.26119234208565556,30.129277343746253,30.98220486111111,4.1647007977170665,-13.303539274431326,1.111292645727061,-6.5148792474063555,-9.210271032715042,2.6953917853086864,1.6809325925724403
379,2,0.006476364571586946,0.009311692390674814,0.014888069621624617,0.007820547401093154,0.015173132978745087,2.78125,2.676200205562855,0.48841911764705886,1.3023242187491633,10.411024305555555,3.515307738284064,-16.62720525863263,2.439990566436069,-5.208363957007521,-8.389199270457624,3.1808353134501033,1.8246387270158697
380,2,0.011754621407456728,0.0175144923560929,0.01881566359097035,0.017263038079621592,0.01768272920200052,3.33125,3.0405225070749373,0.44900735294117655,3.2860546875044747,3.6015624999999996,3.604962955129134,-11.716356812096066,0.8931529369039772,-3.8833597953515664,-7.68811889361109,3.804759098259524,1.6529470633886194
381,2,0.01326086535674441,0.013218924296918778,0.041919423481168394,0.02991759639911966,0.05801609750210259,7.440625000000002,3.005822801067633,0.35940561177693536,4.619365234376346,17.81032986111111,4.169877119887319,-9.87237379151524,0.9705768023430049,-2.2466901329839573,-9.362517557427068,7.115827424443111,0.7739025978942191
382,2,0.008898754329212092,0.015369869713943466,0.028505017711676812,0.01248854255477512,0.018791447111682763,6.409375,3.1917445592703624,0.3600281658921365,4.032177734372453,6.772135416666666,4.071992216031452,-20.16306643499202,0.8982988779424945,0.3799615455798744,-9.074620065089348,9.454581610669223,1.8160136159534457
383,2,0.01343433823851771,0.029449723277327613,0.06373228829954193,0.04544682181507427,0.09296303370634638,19.196875,3.0388450096463657,0.35332603318498434,11.648779296872817,24.558159722222218,4.024093796425683,-17.45028992011895,1.7057935113720495,-7.776483736885368,-9.13425685988689,1.3577731230015218,1.4828244242617226
384,2,0.027732388631417033,0.03275953761804775,0.061459396261472385,0.06442579867782464,0.07908264815651724,24.43125,3.363842444492456,0.19203567657554987,17.87482421875302,37.79123263888889,4.582692185120593,-6.461941253469814,0.3662017148187802,-19.266522650005093,-31.046096281489753,11.77957363148466,10.119504779461515
385,2,0.004473931790881398,0.013037672116435561,0.02329303282334872,0.007925187752628984,0.022113341987757856,4.153125,2.628462646827202,0.4968085407239819,2.8815527343731446,8.911024305555555,3.604482014470764,-14.153611444874116,2.0933812101824616,-4.290862385767809,-8.550612282319378,4.259749896551568,3.548982641719143
386,2,0.056929767154862976,0.06372392080213624,0.06161680500871421,0.10904287727530297,0.10197245547505834,45.99375,3.3368722502001007,0.2529555135388616,38.20232421875244,63.8967013888889,4.485202839739693,-16.740734425381746,2.3973213125304254,-11.692489945718535,-13.550722067860207,1.858232122141672,2.5856757842206304
387,2,0.02725334992697334,0.041725308901001026,0.05009998592368002,0.053822225162983545,0.06599693989746665,28.6,3.3606991845318497,0.24276547194052236,16.17371093749989,33.42274305555555,4.517328128243868,-19.85797334337919,1.1141776194280844,-9.26191460863646,-13.897009576403448,4.635094967766989,3.3064333126666967
388,2,0.006531202300566135,0.010235494589253755,0.034846866018760074,0.015735581830628387,0.04444003671960762,2.221875,2.654770283497429,0.5135477941176472,1.419873046873363,23.98871527777777,3.8684891172702516,-15.852866129292753,1.0204086305610445,-0.31326978102640624,-6.150311511768592,5.837041730742186,1.8873739279132182
389,2,0.024166297850419134,0.023141687515043773,0.022889926701595193,0.027692543159228873,0.029272672478649023,8.471874999999999,3.0844174873292274,0.3974161749419102,5.241240234373436,10.565538194444441,4.0747893373875765,-16.93143526508154,1.1983056381164332,-5.72878470947515,-4.858225098514083,-0.8705596109610667,3.2572614535576503
390,2,0.017160037930215113,0.02111284719373529,0.0349824574364143,0.02147720438986842,0.027700067726377196,10.853125,3.172738382327792,0.3630315204082241,7.441083984372199,7.087673611111111,4.069501243566675,-4.3953496875130895,0.2326233530451682,-6.548793261146159,-11.418053468947136,4.869260207800977,3.013612117703288
391,2,0.027567723829222616,0.02957496900047189,0.033909019952682196,0.03434540143096343,0.03935659819486009,22.80625,3.302130197213488,0.27528454917388256,13.277929687499636,21.20746527777778,4.2927140411251035,-12.162467360450385,0.822586592271232,-5.275827516650054,-11.035136166927558,5.759308650277504,2.5844455543454576
392,2,0.031051070608973438,0.02415322279711055,0.02891803506924741,0.021102452142166966,0.018235154621261854,10.409375,3.304380976111353,0.30300667939073606,5.688818359373727,13.78125,4.091653837896054,-9.293017201010592,2.3104417657454976,1.2496117544274625,-7.339088557706134,8.588700312133597,1.3500978763540943
393,2,0.008225328053031507,0.009786147819493453,0.013449698475277801,0.006694714614110208,0.010091226695866746,2.528125,2.4666717480372804,0.540202205882353,1.1435058593760914,2.7899305555555554,3.071356484323812,-17.98411983851722,0.8900961306333396,-3.914184765977467,-10.572319430366946,6.658134664389479,2.412452894677311
394,2,0.038593834118168295,0.03853778394826682,0.033491003724033776,0.027721931991933863,0.021213692156803396,24.921875,3.4949964507653384,0.18672450357969506,15.540146484375327,16.530381944444443,4.253677722553652,-16.292099312830583,2.193253276883427,-8.096942098461994,-13.961202612697946,5.864260514235951,3.1383460042009688
395,2,0.009890994934198928,0.01982415176319031,0.022390929177631927,0.0264230847225887,0.029260391943253274,8.165624999999999,3.047020761892687,0.3977576424578756,4.306904296873654,8.024739583333332,3.761562139409461,-19.272863146166653,1.2280073884290084,-6.393360130960758,-12.344912420150052,5.951552289189294,3.2083876042961625
396,2,0.019750801232641994,0.03071609694778242,0.03616610982807052,0.01193133157186753,0.017819586631500225,10.84375,3.1895784743311126,0.34556452549834904,8.837304687499454,6.285590277777777,3.9935334223210637,-3.6507140192338348,0.6053125152569647,-1.98544657569893,-7.89165074378127,5.90620416808234,0.667132816767227
397,2,0.025030770982615063,0.030759265275481,0.027384423633625497,0.021577397064736215,0.025932839781967063,12.8125,3.11372315447806,0.35898047020643864,9.384746093750437,10.43142361111111,4.036550198099855,-17.686534134297993,0.6425309645500316,-4.806740296919628,-12.94599649378874,8.139256196869113,2.5051343640523522
398,2,0.030387527366955613,0.029514295839534042,0.040661262424079754,0.026935979684945002,0.04686790694379486,15.175,3.369363524288848,0.2613335124358712,10.402558593748836,14.287326388888886,4.336451304102105,-11.157042424008525,1.1517305761024792,-2.2371382006011515,-9.830232373819655,7.593094173218503,1.88462730324175
399,2,0.031856431332353136,0.02521976723655485,0.05388661359504807,0.035050412919232256,0.07109761528608241,22.456250000000004,3.4581730067980923,0.19279608535026305,11.484960937500546,39.907118055555564,4.474307274589324,-9.766350722073561,0.8304642190217215,-2.9817787573755368,-10.058211425668901,7.076432668293364,2.4491381384712
400,2,0.022657989357092186,0.021763572762552662,0.0249370571912082,0.030930576468324568,0.030766561549812905,6.403125,3.216017734133481,0.3569808227344992,4.985498046873545,8.812934027777777,4.10492703554439,-23.00019794739717,2.8751452817036234,3.6240904855169305,-9.165995834196764,12.790086319713694,3.716944524064641
401,2,0.01668375074001971,0.013360983154563869,0.023096139545008294,0.011276008964955947,0.014686611492686215,7.484374999999999,3.14093229636667,0.32066216980555223,4.232763671870089,6.947482638888888,3.8700745334469673,-23.02502684496243,2.377200061907669,-11.992986553967683,-15.940921765798251,3.9479352118305684,3.5052879613138317
402,2,0.021221645025034187,0.02395546145821348,0.028879875505209415,0.02030304002507333,0.018888327796435886,12.109375,3.0276106913980536,0.3113745343586272,6.394599609375291,11.49782986111111,4.049147327948512,-19.441260142607895,2.1314249294552488,-5.943083639700063,-11.888438544540904,5.9453549048408405,1.0423224219496394
403,2,0.022391396157228908,0.02266467430893274,0.01865943784841052,0.00990771940966879,0.01438063215789835,4.1968749999999995,2.9759438524495065,0.44422178824752356,4.256005859367178,6.650607638888888,3.897487684266763,-14.67530594107053,0.6404983420923418,-6.2003888464331425,-5.647115321938031,-0.5532735244951112,1.6234258853419419
404,2,0.010408932184114211,0.02603082357763947,0.047438769259429435,0.03343944745188874,0.06422286048931736,12.15625,3.2957166363543546,0.32519853017961076,10.778906249999636,15.99262152777778,4.427471023460036,-8.954234751108453,0.7678577094499832,-2.1587330113568868,-13.737077265473005,11.578344254116118,2.027622874210194
405,2,0.020728250725966364,0.023873516202984748,0.02467780829464997,0.014870966049773887,0.021977049620336263,9.384375,3.2025326369873044,0.3433852039256451,5.7644042968759095,10.635416666666666,4.026088351819743,-10.31474317379977,0.7211945719341325,1.8194670368000772,-3.2609842428296645,5.080451279629742,1.7971725240344623
406,2,0.008386070330252102,0.010254849534060664,0.012215072543617561,0.009697766234001738,0.014448737386150125,2.515625,2.2897063164852822,0.5144669117647059,1.1272949218728172,3.443576388888889,3.228811472991157,-19.231553341771694,1.0353860305911753,-5.490671682672286,-10.630670156018397,5.139998473346111,1.8860394586820959
407,2,0.014755193173034503,0.024219672116991598,0.03811271527768202,0.01803599036883258,0.05232922922731332,9.271875000000001,3.2225159889512307,0.34617589733398557,5.46831054687118,20.500868055555554,4.258874431119978,-21.911160120175666,2.0306020278713186,-13.600615810000818,-16.076853955359837,2.4762381453590194,2.9734042580277698
408,2,0.02864909546085359,0.03556679046568391,0.03423593359116714,0.031676502859384476,0.02474596452839965,19.01875,3.2783879568403553,0.24553885789834587,11.46007812499829,11.44704861111111,4.112995820326573,-13.595247697131974,1.4943923151718974,-0.6452964133900707,-6.965067615610792,6.319771202220721,3.3677230350689786
409,2,0.015044347263543608,0.02029804920907075,0.027089478697212756,0.02239832775918116,0.022603971764800612,8.343749999999998,3.23551249858673,0.315547862908157,6.072890625001492,12.291666666666664,4.217039910653311,-21.687564621364793,1.2733508008896581,-10.609785583230021,-11.23680767233816,0.627022089108138,3.549378360264836
410,2,0.012914712450243875,0.02740458750147421,0.04689088377232197,0.03508480190409424,0.06286673859425837,9.43125,3.120221409295811,0.38301988810077053,10.834121093750582,13.592447916666666,4.35141226064003,-12.529498026767078,0.7520777046728914,-8.476870676544905,-10.228218334145666,1.7513476576007605,2.8541449597205593
411,2,0.01741626958725773,0.015506184311843533,0.020527800557882087,0.01122457865798928,0.016348707772972388,5.753125000000001,2.8412850396432607,0.4515834276018099,3.3051074218774374,7.174479166666666,3.518607587934154,-18.096515603204498,0.8776461728840802,-0.02116370194177364,-7.10048511897736,7.079321417035587,2.3152728493099133
412,2,0.026825287668943376,0.030685685843153315,0.032708232526694206,0.02669401215667071,0.026548278151847324,8.15,3.2632253622656067,0.3743840039134157,9.565917968754547,8.09939236111111,4.1083638355349,-16.75316835329619,1.1639200035088726,-3.1524648040239356,-6.735053982047901,3.582589178023966,1.49409651191587
413,2,0.012743098859249222,0.018373854015805127,0.022211439655104012,0.014750422009329394,0.021042619256806925,6.581249999999999,2.9228112509689246,0.3486114253393665,3.2805468749947977,12.970052083333334,3.9605026909837617,-16.686990032265133,1.5033445208221445,-7.847525081832217,-12.690471172352474,4.8429460905202575,1.4379369012440248
414,2,0.006496650143991937,0.05410592890126578,0.06908134854214305,0.06765539189242677,0.10940458472118221,39.60625,2.9716963765296214,0.40319350154004624,24.809667968755093,59.287326388888886,4.131984160180272,-19.963155302375792,2.0677998264631734,-0.49948826360102316,-8.14549737390604,7.646009110305016,2.0586793554376874
415,2,0.002660147627274929,0.005128771139719143,0.012081391518735352,0.003224441878032097,0.00467868062852401,1.215625,1.9549942977141275,0.6471875,0.6326074218713984,1.9010416666666665,3.110897541829729,-19.93896007752943,0.789255339832913,-4.331266643474393,-11.365556801018016,7.034290157543623,2.1926284872717883
416,2,0.013002618465986493,0.02140576918028945,0.03124742288866574,0.01906922595660473,0.027574883879571067,13.984375,3.3563670146533493,0.293515973007275,7.610302734374272,12.263454861111109,4.121355636055121,-22.399988640623683,2.372754932591281,-1.5748824463740903,-12.02729880370498,10.45241635733089,4.170742060694706
417,2,0.006409408000437283,0.010348688215374621,0.02525269964997615,0.015483782397483251,0.02888120507279919,3.75,2.9288209182759957,0.4386368778280543,2.4735546874981083,3.50390625,3.7189682194638287,-16.96062713815691,1.5996329735661023,0.5166120832449934,-8.006819358102007,8.523431441347,2.437831553008164
418,2,0.011927140013639984,0.03014709614579981,0.09217963909081503,0.03610430419241179,0.141746837841056,38.015625,3.2827201267188557,0.3254597034285784,31.556591796873363,55.056857638888886,4.415159812867959,-25.298340878040577,1.2901594553680953,-4.99593573966213,-8.270476359446064,3.2745406197839344,2.7323013746971796
419,2,0.014739785924570868,0.01838588786747965,0.021394596728656467,0.009933506975290881,0.01686187429483282,5.99375,3.0274836504601312,0.35904128959276016,3.74906249999367,5.648871527777779,3.7530544442174802,-3.5945174706990763,0.37779949622227077,5.413964058176134,-1.6898995380322077,7.103863596208342,0.9264900562777229
420,2,0.025752295388250787,0.037709823015782046,0.0293385330835752,0.027629948536623358,0.02524099712734575,21.734375,3.419183477891594,0.2295688663726726,11.336669921875,15.371961805555554,4.189734662177125,-8.123140534914931,1.2694947403047512,2.1866204983530793,-4.288847098139726,6.4754675964928055,1.2025943323672017
421,2,0.025815737716219183,0.021525765879742156,0.0196463925247368,0.02674172101819431,0.019175734717326736,7.5718749999999995,3.148826754037429,0.34000141402714934,5.238818359374818,9.549479166666664,3.9504929674545823,-19.773213903740782,0.7834681975947054,-7.122795973146609,-8.850299760650529,1.7275037875039203,1.977445442051146
422,2,0.012967140180199076,0.015214200523845756,0.024243278053145814,0.012829728522416912,0.023425701483334414,3.5093750000000004,2.964667187221886,0.45568014705882354,2.886669921873363,6.559895833333332,3.9209272102971866,-12.615989201530525,0.827578710802579,-5.0265931406894,-10.354904466305726,5.328311325616326,1.940505948209069
423,2,0.018794385603722336,0.01816015306972349,0.022439692565881145,0.024906628334957444,0.0214586911423913,7.65,3.2003665520480538,0.3256030634707105,3.992949218745707,8.581163194444443,3.932954328313844,-13.254794667747982,1.108046342446632,-2.4001564924430454,-14.571212195599003,12.171055703155957,2.5164457366623756
424,2,0.010975132976717669,0.017860784757272728,0.023740182552363848,0.013856668564820748,0.01669367591567874,8.85,3.0699400808821036,0.3326618870001223,5.469843749996471,5.771701388888889,3.872523863865906,-15.303918752571272,2.526499257496413,-2.175305376571373,-10.02889688674658,7.853591510175207,1.8345894681811017
425,2,0.011793510247053166,0.008884220715663835,0.03513148263708996,0.008996797789111315,0.037936767315049184,5.4625,2.3372709089959445,0.5680260556899901,2.671777343752183,16.366319444444446,3.9429430953214406,-9.308053520962176,3.0540457010677193,1.2474814240131877,-5.077194971159614,6.324676395172801,0.7245045714227833
426,2,0.010123398955157823,0.01849319855609767,0.043188312705833065,0.004987031112332374,0.05162075016945809,9.924999999999999,3.144536931138237,0.32240138972644045,6.513183593746362,14.428819444444445,4.006343088304952,-17.149452600871367,0.5406805011751523,-11.209944074724717,-10.43222139899376,-0.7777226757309563,2.737813546466425
427,2,0.018333217379489015,0.02505311103022682,0.026821668393334375,0.03402178922972245,0.03549349005074166,12.496875,3.2225159889512307,0.28986618717133417,5.689833984371035,11.489149305555555,4.046971875100518,-10.103912201101833,0.2946185825232348,-7.922213370803334,-11.40204260793793,3.479829237134595,1.8382335426848817
428,2,0.01326141235534418,0.013108823571174747,0.027385369238560713,0.0210906695759843,0.03990333178033298,4.81875,2.8153615800512872,0.46843247829277235,3.5830859375000728,7.367621527777777,3.789766822748537,-16.268191243637897,0.833693292750358,-4.3688086581838945,-6.926761535275517,2.5579528770916227,2.6745487080007444
429,2,0.010186939233002457,0.018419768815082248,0.020471732453370355,0.01043453278030517,0.012470171396470052,5.112499999999999,2.841200345684646,0.5056579430108843,4.1066210937451615,5.190104166666666,3.829827467563092,-18.73593943261723,0.9848667552890487,-2.668525074617534,-5.258912438980872,2.5903873643633375,1.9703918377676122
430,2,0.007274254180968266,0.015262370276352117,0.017596251277903638,0.007744500286545299,0.012699362988611906,4.340625,2.815738260903634,0.48074815794301096,2.726943359373763,3.861545138888889,3.34234971924783,-9.593777442800958,2.2280645807939194,-5.620061950257295,-10.989254112710626,5.369192162453331,2.400316443229129
431,2,0.01609025626303503,0.016367500571198824,0.029043789394598,0.018028138388310782,0.0334911182252606,9.056249999999999,3.1678329309799995,0.33139096610958163,5.8227734374959255,7.7469618055555545,3.8888086709106044,-24.21492703364223,1.4768378358036014,-12.805199688592353,-18.365512333429677,5.560312644837325,5.295431829025095
432,2,0.030237214839942298,0.03747039936724663,0.037562309463672956,0.023540140238410806,0.028902912755410334,27.756249999999998,3.12548840721636,0.19689481187940794,13.818085937501564,19.07552083333333,4.3061422130145806,-12.740440959476137,1.6368809881977044,-7.928338822141868,-11.971000040542492,4.0426612184006245,3.2953375421910858
433,2,0.026097855573363082,0.03838471203978982,0.03534845118392648,0.035454748796530815,0.03888793317740623,20.7,3.3070356485612815,0.22751076208870735,14.614687500004038,17.74565972222222,4.323501522884536,-6.26763900782467,0.7729213373366756,-9.665897277602028,-16.944725830540364,7.278828552938336,2.9036567203487884
434,2,0.01785244042698237,0.01623915594193407,0.03142321694993856,0.01958275282340417,0.035214793084868586,5.762499999999999,3.150504251466,0.3666459276018099,5.384804687499127,12.233506944444441,4.260549471938939,-9.619628995117168,0.6127141962304852,-4.97628439725699,-11.266003967519012,6.289719570262022,3.481795015156901
435,2,0.016294759292732476,0.0397554303585043,0.04187395946438179,0.03274576101861472,0.04632566994316018,19.60625,3.1635854550601143,0.3448894108675736,19.71591796874418,14.905815972222221,4.032099852230174,-19.403876562824586,1.4454044789209444,-3.037429857434674,-4.5020147197143245,1.4645848622796507,2.740311959729215
436,2,0.01436965499300459,0.020544223958001626,0.023870087220793482,0.0289158749014273,0.024766969085241772,4.221875,2.9971584613106335,0.4409007352941176,5.5368652343759095,4.297743055555556,3.804188707420764,-16.818539561675053,1.6733374471643798,-8.29441103879087,-6.503170564925981,-1.7912404738648888,2.366993546831192
437,2,0.016566719123040124,0.023138650358163145,0.02931400819935353,0.025151691703742738,0.030791903448501398,9.037500000000001,3.085564050267813,0.4542675246154443,6.365136718748545,11.909288194444443,4.093005426974436,-8.898727224054895,2.950487380051033,4.99382047410748,-4.015128188634705,9.008948662742185,2.5534093429485387
438,2,0.03561387536532916,0.02985617483634897,0.02906141271712758,0.027064414938761182,0.029623856091053606,14.334375,3.3460251774677783,0.2704054637561632,8.558662109374382,10.756944444444443,4.1477571584316095,-20.33733772140573,1.793663059882265,-4.567310778925886,-7.473241807596494,2.905931028670608,1.478871135992526
439,2,0.012280359469885854,0.020943227013899748,0.03352191583738344,0.015686044897671864,0.025487934067922994,8.746875,3.180829440615499,0.3421566971383148,7.240185546872453,9.249999999999998,4.257552783684233,-8.348115304275334,1.4074256117699777,5.405717698838359,-1.5653047224047896,6.971022421243148,2.5716649116016783
440,2,0.024287544695456506,0.017007285856123832,0.019216724616310892,0.01027977141457845,0.011402207252545246,7.56875,3.0253599125001887,0.37392150238473765,3.466796874998181,7.532986111111111,3.7672911786820644,-13.103725985720574,0.36000790025944557,-9.393289731708734,-11.898111028433618,2.5048212967248844,2.82766459119374
441,2,0.021434630059193494,0.02382901149540947,0.03135820886801361,0.019557259301228425,0.042030481059073234,9.456249999999999,3.1625931457591676,0.3236881344013697,4.786386718746144,17.798611111111107,4.104185933683088,-21.076408414413304,1.3353176914802756,-5.0683734498853426,-11.842640768639555,6.774267318754212,2.534523471560234
442,2,0.01271970093672464,0.014397227730355466,0.015248687075376103,0.011407864488215387,0.013321364550281475,3.125,2.8494033106306844,0.4480147058823529,2.0574218749989086,3.2005208333333335,3.4393499827907403,-16.010266569802706,0.5907121183710633,-6.3907929993806505,-8.562139675700848,2.171346676320198,1.9591868702532946
443,2,0.010615713452344617,0.014276871922556222,0.017765065877846983,0.010575585836781311,0.013022186667172428,4.6875,2.646621743950826,0.42360294117647057,2.392402343748472,7.426649305555554,3.76701544572951,-4.789364802448232,0.19138511255344903,-8.925576801459599,-13.776034227550142,4.850457426090543,5.207918950170763
444,2,0.013379157666908802,0.016397595021196573,0.02125572832939687,0.023858617612708608,0.021410524978921205,7.609374999999999,3.101172885373933,0.328849922037422,3.7750683593731083,10.94748263888889,4.035506784968158,-12.795704702999643,2.35605483923683,2.476686360011186,-6.018986188609759,8.495672548620945,2.3789877856510193
445,2,0.006760986819662966,0.012024584103977339,0.027769814322432265,0.008809025104577818,0.021418771787385292,4.846875000000001,2.5977743831752167,0.5412849532224532,5.005810546873363,4.255208333333333,3.4734652665331254,-13.126987771775113,0.6984981880398684,-3.4072117555418515,-7.865756796704574,4.458545041162722,2.330538374571875
446,2,0.0268616109029377,0.024253460317504465,0.024888973462086055,0.016071967925012833,0.018224189799408607,11.678125,3.3308202359137224,0.2631363198605846,6.3594433593798385,11.484809027777777,4.2078117800705375,-3.0962330310731687,1.4856718533221478,-10.889589531250621,-17.484561996701373,6.594972465450752,7.051208057723207
447,2,0.018886280980195774,0.06459803475165113,0.14260137842308265,0.07370623987667899,0.18657388273768583,156.45,3.4538408369195928,0.16959729592833747,148.89982421875175,131.06597222222223,4.636978986212316,-11.783039715386622,2.481012752512787,-8.550612282319378,-12.281465172088616,3.7308528897692383,1.978716354699372
448,2,0.011714014879530481,0.014847246676196852,0.03144663933107584,0.023050649904629093,0.04014783282322184,8.440625,2.949631633585059,0.41730979399545065,6.016123046872053,11.181423611111109,3.9117342899411467,-15.299276690210982,1.5989815175554303,-4.870066804012936,-8.953112832884628,4.083046028871692,4.176276643883298
449,2,0.033825021045772445,0.032965585136287015,0.03297270515608521,0.013826294597151366,0.01404580050755573,13.690624999999999,3.1640316955914853,0.2891350585258858,12.49655273436747,10.783420138888886,4.11552447448667,-21.06173285669673,1.6017603964240759,-9.499105280882148,-9.953138898745706,0.45403361786355845,2.934383547353211
450,2,0.010888931774141538,0.009129598106313988,0.019380825226953773,0.011505886544723492,0.01902191284456295,3.3187499999999996,2.8634344765464372,0.4626046380090497,2.0553710937438154,7.234374999999999,3.823933483509487,-19.979185051048983,1.5023630412234783,-10.702055679337306,-13.624194758007775,2.922139078670469,2.0004647485668765
451,2,0.02254766100609543,0.021132753403084112,0.033172842420811484,0.030029464823758137,0.04522851225910951,7.703125000000001,3.1223874942350602,0.3906800706249236,4.7608105468762005,10.870225694444443,4.272310798508574,-14.323903869285646,0.7284207458916648,-1.6801942153244909,-5.597776892711977,3.917582677387486,1.8575797060184334
452,2,0.029545029578218633,0.040745404567424245,0.06772989225052486,0.030908745349415588,0.08176220574108228,31.618749999999995,3.3346638182815442,0.16253686099188536,25.2622656249996,34.197482638888886,4.578564816102981,-6.202560069252334,0.7075612884632791,-12.634986973829996,-19.547941375802807,6.9129544019728115,9.696590159493587
453,2,0.016746138782445977,0.01784069138158611,0.01821478783662767,0.013684485584615257,0.015574393264293347,4.0062500000000005,3.0708900432037427,0.424981120826709,3.2691406249941792,6.508246527777777,3.7491890840340507,-8.96012077087355,0.6534096707347126,-4.398347332152582,-9.521160027318246,5.122812695165663,2.274732375096662
454,2,0.01869032396256431,0.025475685665367127,0.02464423251586609,0.014118249164799737,0.029362940874323,14.253125,3.243730597812358,0.31829550111172283,6.240966796869543,10.327690972222218,3.906573998009918,-17.523854612387094,0.95498434477556,-0.9041142702744338,-6.60912128916263,5.705007018888196,2.222955675275136
455,2,0.005344117573952538,0.01050409249455452,0.015355437426040132,0.011638698807591278,0.016650683147367923,3.828125,2.7134285469686232,0.46480062217194573,1.945263671873363,3.8255208333333335,3.4169059290031796,-13.711972301518614,2.4191306698353143,-2.2109244207652665,-8.363391594236745,6.152467173471479,1.4722579933992477
456,2,0.09267826841181642,0.09149580212236548,0.12462292023055146,0.14110663347186844,0.16471637539021347,119.940625,3.501494705583088,0.08765185624590781,121.8173730468734,79.92881944444446,4.547002766107745,-4.334703785027614,1.8672628021380966,13.329466075304993,6.61823955693275,6.711226518372243,1.3852354254287949
457,2,0.02633611075489938,0.04424070959378384,0.05270859470656602,0.04229459568014241,0.0573567683376691,26.009375000000006,3.4343460724663433,0.2006600023096487,22.935927734371035,20.451822916666664,4.498712696863658,-18.23217691882336,1.4441158468867819,-5.215086782140403,-12.165919534314227,6.950832752173824,2.3492800079686496
458,2,0.017233081511047646,0.014705422029345296,0.016491900325828767,0.012681152772440273,0.014947238200755733,4.871875,2.562929447685912,0.41537471719457025,2.817998046873072,6.57421875,3.6355133961841233,-17.46810424754962,1.281319342445521,-1.0583260786695803,-9.510125654072993,8.451799575403413,1.8764891478171235
459,2,0.01808811435519739,0.023034857717422662,0.030959372289557634,0.01126373890818514,0.026131140750132974,12.175,3.2718473550432985,0.2801687927933414,7.334960937498181,13.46267361111111,4.145908666001501,-9.197112826518026,0.9932875493116403,-3.578195737257687,-6.19411336777128,2.615917630513593,2.2560064691164117
460,2,0.026120270006287156,0.020182203777813157,0.031117435146911836,0.021927294299438453,0.03081900851892801,16.090625000000003,3.0864988783098624,0.34357140131290026,8.74280273437671,15.102430555555557,4.187019245532267,-16.692107074419077,2.1155910323873566,-4.577720523266379,-10.56401551994665,5.986294996680272,3.879622359212707
461,2,0.01977085951350363,0.02337865246298028,0.02696324144865758,0.01707419421751387,0.013542662147171449,4.525,2.8910898589664162,0.4680844135991195,6.183554687497235,4.489149305555555,3.757006546674341,-15.524599058734537,0.8700192050544713,2.832260338797596,-0.7452195527965415,3.5774798915941375,1.597627720468448
462,2,0.01740913930107669,0.017238448436301644,0.021708297647461714,0.007892169290394702,0.023022074524825107,3.88125,2.9300521751731967,0.4637075791855204,3.0409960937467986,9.75607638888889,3.875877136019226,-17.403495871839276,2.1178581528941938,-4.0768521015525465,-4.5382296911520115,0.46137758959946495,3.5017541795813143
463,2,0.019938837200617444,0.01781721908755952,0.022230203507149448,0.016548327496545768,0.01724468732318794,7.440625,3.1921907998017325,0.3081993319677144,3.907060546871435,6.26345486111111,3.808117401559475,-19.708961333454642,1.7013915360024547,-4.286832277987315,-8.913557183555284,4.6267249055679684,2.364880345599983
464,2,0.006466680938601168,0.02824872611659952,0.03179734175824715,0.011693426670026534,0.017864487298210895,19.253125,3.2870522965973543,0.2777092191587349,12.712451171879366,16.150607638888886,4.1708700857339505,-10.407203958250852,0.7011459138114614,0.9500219228651758,-4.198639725212956,5.148661648078132,2.9595536435076824
465,2,0.07035394847192107,0.06499261759402064,0.08700975321001064,0.10338898520047321,0.1209662525753026,94.27187500000001,3.4690034314943405,0.08703443493268899,47.853232421871326,66.27560763888891,4.694578843803856,-14.9011797295667,3.0409263279610337,-7.216850161771205,-10.093519968754137,2.8766698069829317,1.5728248725829854
466,2,0.016239965005001147,0.026823369722189582,0.03393924439640503,0.012050128022510842,0.015774543557847555,14.381250000000001,3.1418822586883084,0.2739167701942092,7.016152343752765,18.870225694444443,4.290482299436274,-14.510744821587437,0.7923119933019875,-2.553082474602391,-10.268236325403151,7.71515385080076,1.5603472451632552
467,2,0.018311754944440227,0.0245636791574038,0.09575157200497404,0.03006700570839602,0.15246232263380824,17.325,3.414808961033788,0.21488407384271363,9.85054687500542,103.63107638888886,4.695628860997983,-17.734251217717794,2.437878710523146,-12.126087353815109,-17.35662443390717,5.230537080092063,3.9182982229668006
468,2,0.020800049811420238,0.024028365160192133,0.029355512543334697,0.017917732866586242,0.02345877346593871,9.059375,2.9738624614688707,0.36261988657209243,5.3386230468704525,9.139322916666666,4.106185663764543,-20.464440420470176,1.8708210505652392,-0.12035415552045947,-2.351654423344627,2.2313002678241673,3.329741295177936
469,2,0.013105165951382903,0.023489967567524726,0.056331182051304954,0.02364048491964162,0.08757768235925649,9.640625,3.202532636987304,0.31403439432286273,7.777646484372781,31.28559027777778,4.262000512701043,-21.077314690210546,1.5310415572446974,-9.837863289872132,-12.28905441646664,2.4511911265945088,2.9139900403018104
470,2,0.005231947311633083,0.010325849465515074,0.020279249291887083,0.014437059728753178,0.017300167299519026,3.30625,3.0014906311891334,0.44738970588235305,3.4713671875006185,5.534288194444445,3.8830885673152498,-11.282278797694152,1.6855215700207147,-0.12035415552045947,-7.022845365050287,6.902491209529828,1.6084685655303463
471,2,0.015764586257537,0.014549289035621374,0.018949436980523707,0.023410871204075995,0.022944995034397907,3.421875,2.997689395800619,0.43082720588235296,2.673974609369907,7.524739583333332,3.709484044049697,-18.161762153876335,1.4627865038304873,0.15034417065223238,-6.253282639699705,6.403626810351938,2.164807361385408
472,2,0.011880968909813251,0.029639972382481932,0.030936165135902475,0.019430329946092947,0.020753963960623484,11.228125000000002,3.0843327933706126,0.33328107113710637,8.356826171875582,9.859375,3.820405502861122,-13.460763596911375,0.791594128263896,-13.624194758007775,-10.630670156018397,-2.993524601989378,1.8238629643105015
473,2,0.011945311989378904,0.0428494171404694,0.04335799718155684,0.06584454845412781,0.05969606308155233,18.825000000000003,3.3649890074310416,0.24076890899965553,13.372949218748545,17.464409722222225,4.268256726490646,-16.86055596393699,1.168956290086867,-5.318827058121229,-9.56543823520883,4.246611177087601,2.137140159379203
474,2,0.006056940546668643,0.00948236998076737,0.01966137925804926,0.00845635638329714,0.014852562333185394,3.506250000000001,2.7496938437461678,0.47511029411764705,1.8682812499991996,7.394531249999999,3.9948109484708794,-9.711926703716765,2.429075090439998,2.9468922906938815,0.4771227797253914,2.46976951096849,3.098298434495419
475,2,0.0038120463054961895,0.013090792314464597,0.01865393051841619,0.006898778499779673,0.01051330371816337,3.8937500000000007,2.9375276050123023,0.43495757918552036,2.5744335937461074,4.627170138888888,3.83417448811901,-10.834838665523431,0.6610008106934773,-2.9601365235293997,-8.070429801399385,5.110293277869985,2.2064667323309526
476,2,0.0299381548659479,0.02368359473089727,0.03383987415525587,0.021245957760291617,0.0390303970981152,10.396875,3.2766681124324766,0.295204239024092,7.0572167968730355,11.40972222222222,4.154443760022354,-18.65587079932997,1.2398096011955433,-0.8327593008965692,-5.022206881468264,4.189447580571695,3.8531302575792528
477,2,0.016596028335067688,0.02434948172082412,0.0546857174462068,0.03436016015773025,0.07594092493044177,24.7875,3.341693007589279,0.24767752223016093,21.69568359375171,34.29383680555556,4.498227403222659,-18.159802219590556,2.469552213689703,-7.713487887480326,-8.920423499832282,1.2069356123519555,2.4598565286274563
478,2,0.04408047614660999,0.04726120538178284,0.056069749405601756,0.06497711056063649,0.07615989554689226,23.16875,3.408353053195346,0.2436053523352722,25.986679687501237,21.338975694444443,4.466664909325719,-12.972358809466012,2.6616889819694523,-0.14345410923327506,-8.29441103879087,8.150956929557594,1.5232992351040606
479,2,0.023650504807131555,0.017497027300857566,0.023190842339319822,0.011842054962663119,0.02212681835466605,7.3687499999999995,3.1223874942350602,0.2914867769353064,3.498183593752401,9.18923611111111,4.033484227498553,-9.995636672658954,1.6928968317911375,-7.616886185712033,-19.093078833031605,11.476192647319571,4.141072208336159
480,2,0.017753351663714785,0.014081233241657474,0.02044414273223936,0.025070834947111494,0.02752269187592507,4.9750000000000005,2.9226463050131155,0.4181635991194815,3.0399804687504,7.72048611111111,3.915687767311178,-17.53593814950583,1.3984888997148845,-6.7177128774174975,-10.799579506717095,4.081866629299597,1.9822667756177306
481,2,0.023842588967137396,0.030532075180326624,0.035606832996193015,0.022286213906372025,0.023826133770580914,25.428125,3.3584907526132923,0.20014996419076203,13.137177734373836,18.731770833333332,4.32960392944476,-18.71214593157933,0.6350845176762853,-5.781267585998123,-12.493919800835215,6.712652214837092,3.015052610991756
482,2,0.02762753857024608,0.030572223378029596,0.03116866409849209,0.01157474726056934,0.020119052994473568,13.856250000000001,3.010770599394733,0.4144733778972932,8.756796874999054,14.345486111111107,4.1020210100067285,-18.07869516748952,2.6857579858770473,-7.864236024637648,-12.937811266572623,5.073575241934975,2.246408140445466
483,2,0.025789468215231127,0.02483171570022878,0.0367929980739378,0.019992175698465335,0.03949576193956904,24.578125,2.8454901685838383,0.33061431090503846,11.727060546872963,21.05121527777778,4.133727253111399,-18.403556549593212,0.880986939874612,-9.775107820813332,-11.03732708373525,1.262219262921917,2.81886736376258
484,2,0.01311560618322741,0.012827272287793123,0.013543240626251484,0.0064022732876711855,0.008419393821114915,3.053125,2.6850304951621213,0.4852757352941176,1.7896777343721624,4.418402777777778,3.4195170778510104,-19.03611349171392,1.2421624401983098,-8.984195572513059,-14.476283495109783,5.492087922596724,3.135562637004436
485,2,0.02432021222844614,0.024129297089537465,0.08266849210932553,0.021745639846402955,0.13516883997896553,49.393750000000004,3.334663818281544,0.2650867507979893,38.1124218749992,57.929687500000014,4.565967772375987,-16.37349133636578,1.4372198713500317,-2.849311642054843,-7.450013608192705,4.600701966137862,2.598661388717434
486,2,0.02947561253675235,0.03074232605582419,0.05307752980193091,0.024762838544476317,0.07346521311230692,18.69375,3.270212204594034,0.23590449657767676,9.26054687499709,26.06336805555555,4.331944701184398,-16.441612500094827,1.1142927837715502,-5.396308943471325,-9.3914765828371,3.995167639365775,1.374348456430468
487,2,0.010618455464778968,0.01180666554012598,0.022843483038384016,0.009846175356124576,0.01570112195648708,3.7781249999999997,2.7632212878716524,0.4728194554848967,1.9201855468763824,6.595486111111111,3.7995630950022825,-6.966864893981329,1.1336967561768454,-3.1453959209171387,-8.292813339965775,5.147417419048637,3.2577374269152855
488,2,0.0191746790168031,0.02076988319344898,0.025885519485713358,0.005237715731615493,0.013979401093491724,9.215625,2.951224437055016,0.3623795019567078,4.66307617187158,11.696180555555555,4.12737822767489,-17.33778679863389,1.2981577992299582,-1.342857028071819,-9.66402632667652,8.321169298604701,2.5610497701849155
489,2,0.02484827510850707,0.024863647578018896,0.02811687609721461,0.022310411596621355,0.028641074949619528,11.48125,3.006842323068297,0.33529089213648033,8.521152343748327,11.481336805555557,4.116431850260439,-24.831653717951042,2.550872895518292,-5.297300678731318,-9.153639114814425,3.8563384360831066,3.2307824829752314
490,2,0.009886646384952139,0.01267840880882744,0.021239235277779024,0.010450298651715552,0.010331277541905775,5.328125,2.906671481372819,0.4511997294239941,3.4291308593683425,7.582899305555554,3.90657767173158,-15.449187844425296,1.3007489577000548,-0.775422035316879,-5.788448975111692,5.013026939794813,3.1273631181138755
491,2,0.006390984157516594,0.059360517129630364,0.07353890798091861,0.0744407904645288,0.10999862455606914,37.915625,3.0097087304147614,0.38745452659236224,32.24698242187242,40.728732638888886,4.410314848039352,-4.337706447483594,0.43026162912941796,-1.7085941551194708,-7.468881785934769,5.760287630815299,3.381819255793576
492,2,0.019673757917913336,0.047750630700651116,0.05179766005247533,0.04580417627442106,0.04753004918726349,28.818749999999998,3.315699988318281,0.20949918034969073,25.309960937496726,20.551649305555557,4.415267888119469,-11.370903763017086,1.4884484260664141,-2.8989650001200857,-12.40369606710739,9.504731066987304,2.6120611399468694
493,2,0.02628067189498649,0.02464144862134018,0.023454328681098018,0.008495541168551154,0.016498961071833098,11.1875,3.1423708461989865,0.34714865535991785,6.768574218750473,10.037760416666666,3.8886471828848537,-2.122818842381665,0.44936378697513485,-13.689368860529001,-21.861902973270546,8.172534112741545,9.099758615548673
494,2,0.017613232695455644,0.023294974819919313,0.055244239524001135,0.02480101682831468,0.06231525171499301,16.403125,3.3281655634637937,0.23887815499725218,8.152294921876091,63.900173611111114,4.441844366761085,-10.039993748414782,1.4765203347865525,-4.7449339265735375,-11.45936028747937,6.714426360905833,2.5404574177990265
495,2,0.028923191238901812,0.03175506455373118,0.02986834033535509,0.016644932628461413,0.016843583252763007,16.253125,3.2637139497762853,0.2871705450967467,10.618427734378201,12.894965277777777,4.27732577726519,-17.80538902359082,3.0683640690630436,-4.788579030374834,-9.582100929595796,4.793521899220963,2.80477233006413
496,2,0.018225948306219434,0.030822045102360307,0.045514163013078666,0.04235864268969287,0.05959620040390423,15.73125,3.137550088809809,0.3019828337470778,13.071074218755712,19.354166666666668,4.4268138732883235,-12.729261399408136,2.0428049929418997,-6.704397085083912,-7.159173785758355,0.45477670067444365,2.349437552197291
497,2,0.04063444058413828,0.03653793166949686,0.04468137786102882,0.055562622798449555,0.06844763378948471,17.987499999999997,3.3780278640458477,0.2250428502182189,15.233183593744798,43.92057291666667,4.446333073716536,-6.149670142165799,0.35208376673076935,0.5513071149482869,-5.17482766191722,5.726134776865507,1.7349347268142579
498,2,0.00833562256680985,0.01277408881213209,0.034926891289091974,0.006699370078993718,0.025541094878891984,3.21875,2.8299508931567434,0.5207324660633483,3.424765624997235,11.038628472222221,3.7676341833243403,-13.253382521722227,0.8125761733512795,-1.8299611314070034,-7.187260761365934,5.357299629958931,1.2371307748595608
499,2,0.016540905881933327,0.0223064881908867,0.03979303745771205,0.020814462581391097,0.05480103277277333,6.5062500000000005,3.1060783367217253,0.37563178733031677,7.547656249999818,18.735243055555557,4.157490470564671,-14.40031208162581,2.112794569373184,-12.322017984068111,-19.45504327488753,7.133025290819418,5.63907324336256
500,2,0.009644127051981498,0.02230892533941575,0.03290755350375895,0.03405164487966469,0.042701180929795614,6.918749999999999,2.908879913291376,0.46210742020300843,7.186718749999272,13.267795138888888,3.928882612293735,-12.61201929117314,2.6461450124698556,-3.4217884564885708,-10.38940857146352,6.967620114974949,1.0785713772496472
501,2,0.02170626528712068,0.018408866274975684,0.018756648470151346,0.01634270847920383,0.013669751734171915,5.04375,3.13799632934118,0.39748112082670906,2.9313671874961074,4.95703125,3.5732839899058764,-8.158139313968277,1.1870389651838427,-8.195905289851012,-14.750789051400773,6.55488376154976,3.0172415804862402
502,2,0.009501987944523988,0.025769127233776987,0.06487907781432187,0.024864214302560077,0.08192942401518778,29.159375000000004,3.2480627676908584,0.32259496960327294,20.842724609374272,40.365017361111114,4.607807286564153,-18.387234870205177,0.6746404642985788,-5.9163091233278635,-11.842640768639555,5.926331645311691,2.7221960514491643
503,3,0.013489487385228729,0.012888128648439042,0.01622622650343839,0.011700486867580623,0.011855061427817875,4.2593749999999995,2.860652763158587,0.4321450791855204,2.604677734371762,4.521267361111111,3.458727050445016,-12.667751383135622,0.760163922284822,-6.978789403042896,-11.42721580063855,4.448426397595654,2.120581028287691
504,3,0.013813753839776743,0.034027111031855524,0.05587155445964731,0.03691373650907971,0.06426598207991066,29.131249999999998,3.37365334718804,0.24499706129195187,27.447460937500182,18.327256944444446,4.348778992608141,-15.265671748471153,0.5933339342088773,-9.315664097222381,-13.428670088123127,4.113005990900746,0.9714139195203082
505,3,0.01992839047978284,0.02514959763835246,0.02764920706048282,0.023154642424818274,0.025966656753813825,7.36875,3.2848862116581055,0.3328817873303168,7.209999999996398,5.196180555555555,3.930689297061122,-17.96412004324928,1.9809588290949531,-5.520806905132943,-8.29441103879087,2.7736041336579262,2.4960055371808503
506,3,0.012602338447006327,0.022036038132189368,0.023714224416287236,0.011112339749369876,0.013165331789478834,6.584375,3.148826754037429,0.3622873991072521,5.809248046875837,5.39453125,3.9078881493635507,-14.347814917788007,0.48690896297029573,-6.588090069110194,-11.56349501918342,4.9754049500732265,1.6116607248916923
507,3,0.018417393486772966,0.01836808098434594,0.022722297122411337,0.013382861082366863,0.018192727352686133,6.606249999999999,2.9559605004855802,0.36950509049773755,4.056855468742469,7.627170138888889,3.9652760998152248,-7.975201099884238,0.677672303513532,-18.20400363105803,-24.080785928448627,5.876782297390598,4.276919044982307
508,3,0.006729534385758198,0.012555692586342072,0.015313886157223405,0.007842034244902185,0.014009787435689106,3.00625,2.9799144757552494,0.4915073529411765,2.026152343745707,3.6284722222222223,3.4636113291526263,-13.435182045084826,0.6395687012977731,-9.976378751106239,-19.53044713094011,9.554068379833872,3.043716677379682
509,3,0.010164057112772547,0.013841375373353997,0.01339545900428599,0.006736438496510025,0.008447739076672945,2.503125,2.8200704307821334,0.4874759615384616,1.8307714843767826,3.6805555555555554,3.479422717784462,-15.834201765367489,0.578987692385926,-8.008365302688816,-9.645338949334658,1.636973646645842,0.9339909129436418
510,3,0.018533741539696485,0.019977395926716844,0.022623518361331207,0.011314094876421781,0.016363880068319656,4.865625,2.964624840242579,0.45109678824752353,5.199326171873508,5.575520833333333,3.905219183106328,-17.702533418111543,1.120597978655904,-6.602543560989076,-8.745322818600968,2.142779257611892,2.3436960281866437
511,3,0.03011768393706862,0.036596245027769286,0.03940293758791892,0.04108405748528314,0.04837034156576007,19.890625,3.343370505017851,0.24929801726904566,18.4402246093714,15.71310763888889,4.329539232670816,-14.664101743874092,1.269647748853287,-3.1728199472409955,-10.930616805323226,7.75779685808223,2.6393727061886816
512,3,0.059644662290883055,0.10851426682242817,0.15009066863789194,0.17386869967121912,0.20706885574425798,109.10937500000001,3.4668373465550912,0.14623251258386033,125.44561523437187,146.8081597222222,4.737611460508209,-15.083441505258094,1.6974332395035392,-8.666580488797294,-18.52489092685518,9.858310438057885,2.3316494635801712
513,3,0.011943936862929546,0.010194328127394034,0.056339299752248856,0.009952886485273415,0.07420897686616418,7.724999999999999,2.922980638886154,0.400952709413972,5.1798437499965075,96.07552083333334,4.59286966361168,-14.349570126307519,1.899967666363569,-4.090628297363608,-11.163131775504311,7.072503478140703,1.8032437563467005
514,3,0.029708907690972515,0.03469172217087828,0.049827841355382436,0.03392420123779352,0.05170836240535564,16.30625,3.209073238784361,0.2502350782384857,11.503398437496799,16.209201388888893,4.265296965768635,-15.354333689100937,1.8098125949629953,-10.180438852833362,-13.539023898229246,3.358585045395884,2.2030410021958273
515,3,0.00867529114201571,0.02057176833994278,0.03463611063270838,0.021310539339357424,0.03498648930635021,6.675000000000001,3.116739373500746,0.3641638131344014,6.321679687496726,16.82638888888889,4.299219804925819,-15.371221427742512,0.9482870029951421,-5.5161639064185835,-7.949811984223146,2.4336480778045626,2.6882956840151593
516,3,0.055965770233457744,0.10095599014078402,0.1348745664721227,0.14778745259303788,0.1898635995467799,188.340625,3.5686433386998333,0.06263348891923809,153.872021484377,138.11892361111111,4.8480451494834735,-12.10493776310553,1.31530917515992,-3.817263376592507,-12.789099795867756,8.971836419275249,2.596633966337717
517,3,0.014239282401287006,0.019675963209921057,0.0373506345126276,0.029875884534603676,0.03680816230395232,7.7,3.21557149360211,0.3592212914271738,6.418261718748909,21.50043402777778,4.463237982614201,-15.94219162198178,0.9069697131888044,-3.2690437317055085,-14.617413845160485,11.348370113454976,1.4149605674507884
518,3,0.017182610045895896,0.03833803421130933,0.04025090153822632,0.043395664664653465,0.04448417021669583,16.834375,2.9038700515111593,0.39573148833443744,13.837607421877692,14.233072916666664,4.1742186825492045,-12.910146310350285,1.8842373786517146,-4.884082392642625,-8.429677904804663,3.5455955121620377,2.2826749440716867
519,3,0.00972255022573929,0.053272687299608434,0.1035190984239763,0.0802704866795531,0.14704744492768573,64.1625,3.0179540423401074,0.3132442412843809,36.854960937502256,107.91710069444441,4.081499634338565,-8.280403457161555,1.7673511487217177,-5.154767861689294,-12.984296541650878,7.829528679961584,2.994309888127682
520,3,0.0644328135744888,0.06871323849248652,0.09057177835100562,0.08625070080256786,0.12527063088968218,68.696875,3.4256393857300367,0.15209446856947154,43.39135742187955,62.072048611111114,4.7601983713916765,-13.958103821902974,0.439680783781836,-9.384227769866357,-13.958135019645368,4.573907249779012,1.9622897010095428
521,3,0.00406117644777777,0.00677786122009739,0.02361500082777973,0.005153864750483922,0.030200469479218922,2.3843750000000004,2.6206438589594176,0.5181066176470589,1.649169921875,12.67751736111111,4.081570188589822,-16.52132249664492,1.1029283711256666,-4.494789809611291,-7.653913650934541,3.1591238413232503,1.7893366986179398
522,3,0.013367142520859814,0.0458308553430759,0.10209726309831274,0.060543802149103244,0.13244987837491612,37.803125,3.3931904586205968,0.22119096091600618,36.71659179687413,50.29687500000001,4.453545797764114,-19.359898253746884,1.0409377967542401,-10.737969660661747,-11.78991169609887,1.051942035437122,2.7655547058905174
523,3,0.007414360815917478,0.04370169964455727,0.08323457529179853,0.05873791732274882,0.10379536439364889,43.009375000000006,3.094081632613081,0.3543115718679391,23.156787109374818,77.93967013888889,4.56452552457531,-15.732615524575984,0.7684619411161054,1.2165327735651204,-11.470869351887586,12.687402125452707,1.970615771426447
524,3,0.02579733420582656,0.024290647152317414,0.03957722066382136,0.04549873157741303,0.0625437370376723,9.26875,3.2501865056508,0.28290646019322485,5.736367187497308,17.606770833333332,4.208251341512144,-14.404476644831785,1.7648684146153706,-5.551047044219729,-14.818252611043306,9.267205566823577,2.038073239358083
525,3,0.031414187593799874,0.02392525047255784,0.03000762347484901,0.02707041219940137,0.03992449908219569,15.556249999999999,3.1917445592703624,0.27499319663720667,6.72777343749658,13.742621527777779,4.1380776876574,-11.627581307318113,1.8184617282817905,-4.743872146774152,-12.266306547581394,7.522434400807242,1.2972500473607969
526,3,0.01702980687604495,0.017672454180784298,0.03169818138346456,0.01767326771037176,0.03611267182569675,8.731250000000001,3.0360012328053996,0.34966374401718775,5.8003124999977445,12.263888888888888,4.228558609879225,-13.402515000079688,0.673015861857532,-4.95558943441371,-9.860796345143015,4.905206910729305,2.6734300034591563
527,3,0.013736486111769284,0.010803738309586336,0.017615547317917327,0.011661242517884604,0.015476699991704847,3.2406249999999996,2.3749262985025474,0.5397610294117647,1.9696777343760914,4.192274305555555,3.614280482441665,-14.859389501331712,0.9790384499870073,-4.408556418469004,-9.902998188772116,5.494441770303112,1.3110106676116933
528,3,0.009412458268268468,0.018541633538447788,0.029762295030360826,0.013148218302339485,0.03944977201026772,5.703125,2.9253009774630425,0.3883262122416534,3.4686621093733265,33.61067708333333,4.072610886981395,-17.520557745582728,1.1672598419093898,-3.8220361057845764,-15.894801889452424,12.072765783667847,2.0566873291524095
529,3,0.04540341779755586,0.06462464619658609,0.0853295936812216,0.09790645822278991,0.12174336730486779,86.471875,3.4906642808868393,0.12381952435619498,87.60690429687656,71.52213541666666,4.5371603807540435,-15.361267324866628,1.5820115020222072,-4.791781201706243,-8.498109578370617,3.7063283766643735,2.6357688663357832
530,3,0.090563790825039,0.11459057516881375,0.10312528088540239,0.16375642004772514,0.14992018060293819,151.30625,3.399688713438345,0.14126138361340995,132.62402343749545,101.7873263888889,4.565929320624024,-10.380216101450163,2.073918416372553,-6.959584964560477,-15.589738208028152,8.630153243467674,0.7513245374249994
531,3,0.016239198129693492,0.026520638704161853,0.05714339554055439,0.025931464847709914,0.07676347990580583,19.878124999999997,3.3590216871032776,0.302192369232519,15.56870117186918,24.64279513888889,4.329468210691795,-14.156912918826583,1.1741013206188418,-3.554091427777209,-11.15868659135505,7.604595163577841,1.554129298329667
532,3,0.009191183091172183,0.016182120505615835,0.019611494983157337,0.008753027883781154,0.010009157768560822,6.2093750000000005,2.9300521751731967,0.40381888987403697,3.753779296875109,4.857638888888888,3.6194743036190546,-17.72162572105202,1.4611418997615258,-6.122891547536781,-8.478502595692603,2.355611048155822,2.737478857085862
533,3,0.012144235030038253,0.015413343366589878,0.020469108182414545,0.006008549245796415,0.012526594130030247,3.00625,2.851584529849524,0.5029779411764705,2.2817773437482174,5.0625,3.712545178617867,-15.297252224940124,1.0786824051278898,-5.2555333727495395,-11.811444004810213,6.555910632060673,2.6265508120248806
534,3,0.014068529708996472,0.013974859635925086,0.0626901869898362,0.012478093223386383,0.09135984651445274,21.371875000000003,2.929267158807366,0.3932279299710179,11.060302734373181,34.51953125,4.136764833183083,-18.49231636803978,0.5420299364056277,-4.1906664467294235,-8.867350982534106,4.676684535804682,3.446152573102273
535,3,0.015589132321651808,0.023046311788280285,0.03428343687782438,0.02661588885553575,0.046294640138045996,6.103125,3.1483805135060585,0.377408393970894,6.594599609377838,8.399739583333332,4.116415353220713,-16.561791154135783,0.5673064574850717,-5.889616886643992,-10.017198717115619,4.127581830471627,1.6417525003215914
536,3,0.02067959514546871,0.0191390158052389,0.03021797616630761,0.013313863783136825,0.026136022112983385,8.55,3.1700413628985564,0.3442097957686192,3.997792968745671,10.394965277777775,4.246519417274399,-17.16660276799208,1.6703471036031112,-7.997549464331996,-13.515674718474898,5.518125254142902,1.6942181390149522
537,3,0.01108631891805617,0.01284328688564907,0.015682167839094346,0.009191021865517486,0.013292379560251245,2.090625,2.7962434964503853,0.5224816176470588,2.273505859368015,8.000868055555557,3.6136723331133767,-15.975456120437107,1.9243192047088074,-9.752399599675044,-15.086484294601277,5.334084694926233,1.810022659998905
538,3,0.004340437417644545,0.014078606244902555,0.01442538976097579,0.006828293809682281,0.009414736464063352,3.828125,2.9264051934223216,0.4722497171945701,2.247919921875109,2.9062499999999996,3.253513550521675,-20.09408219922093,2.431478333628941,-6.112942073782136,-12.496511443294565,6.383569369512429,2.457820158801065
539,3,0.004964359924098169,0.01986510343205906,0.0238686814417158,0.009559980193635896,0.014156658673576772,4.1937500000000005,2.843812671155267,0.43122546471811185,3.653828124993197,3.653211805555556,3.7062055585110625,-13.779093375027665,0.3761199258564065,-5.963829715435253,-12.730320865914862,6.7664911504796095,0.9791175470321044
540,3,0.013667943711983632,0.03765939851766357,0.05830692937972312,0.03171906441201599,0.061129495410782345,25.66875,3.4256393857300367,0.25839850990133134,24.425273437502256,28.142361111111114,4.6829078615678315,-14.626324215119656,1.3182230471470047,-4.12912045693092,-9.955073179933535,5.825952723002615,2.582189044527151
541,3,0.01384893297063856,0.01767965114859121,0.019317707049877512,0.007542074856020771,0.013396889499038828,3.0625,3.185734891963291,0.45808823529411763,3.7313867187513097,11.55078125,3.741747173693957,-16.618302650873943,2.10071636213692,-1.294188435398695,-8.162792118694725,6.86860368329603,2.6667439117269027
542,3,0.012005728264124053,0.018630748120769477,0.02279900222233151,0.0068295915520533235,0.006155563340486463,2.890625,3.070274414755142,0.4747610294117647,4.216083984376382,2.9431423611111107,3.4072736762666085,-18.086399864451018,0.5977246406355144,-8.606746339639074,-14.587684587484702,5.9809382478456286,3.139985391948718
543,3,0.010346373764335465,0.013021710433360235,0.05116742169608819,0.014698655361794917,0.07254132547143792,4.0062500000000005,3.007500298496204,0.4234869909502263,3.330605468747308,40.38368055555556,4.283910951279735,-16.743713696490616,0.5818760496858679,-5.371165561172134,-10.906840559042578,5.535674997870444,1.1133740332954152
544,3,0.009118954743430796,0.013874477024842586,0.01835029596537815,0.008468492379555447,0.009216094887733691,1.675,2.637573227115572,0.56375,1.610371093745016,4.859375,3.5197481007317806,-18.533100467154334,1.0498089747894346,-6.413924543379508,-13.580036606782528,7.16611206340302,2.952657550524113
545,3,0.010067609263367682,0.020074592730469513,0.06486278370887973,0.03372804551173316,0.0895267089218383,23.55625,3.4105191381345956,0.24403958745448384,21.458105468749636,42.64062500000001,4.49686057388172,-14.25155655197244,0.833294457633236,-10.182424425967639,-10.628579437597395,0.4461550116297559,1.6235175968792215
546,3,0.009383140994150049,0.014137642867228498,0.03062994600408258,0.006992998320953473,0.03496101766460631,8.796875,2.878554724141879,0.39098261830464087,3.891318359374054,15.45138888888889,4.039314689428473,-13.845343363320211,1.4614801251788547,-6.776546098668916,-12.62708951339377,5.850543414724854,1.8326685954936413
547,3,0.018066906934807468,0.020493721209399966,0.0372032249184997,0.012788573107200553,0.04321095613278669,12.8375,3.1705299504092355,0.25321301270368707,8.295136718747926,13.38628472222222,4.17733408139803,-13.633012305820191,1.0220760140214085,-6.302688401999234,-12.413960044240383,6.1112716422411495,1.2414841240084822
548,3,0.021065260146678453,0.04599616234263527,0.0664291275872408,0.05653079423513586,0.0898549794330938,19.85,3.166240127510042,0.3327306628515122,27.93531249999978,18.384114583333332,4.33575759194924,-13.60638127647557,1.1644135993988203,-9.362517557427068,-16.47328278142497,7.110765223997902,2.456904454606208
549,3,0.02279623908648415,0.05150627069605841,0.1357036088767175,0.05706861727741466,0.18922819623712855,91.53125,3.4256817327093443,0.24109951586813294,99.65781250000236,66.91666666666667,4.47551084762529,-11.388568824332399,0.3726257330923149,-1.6258956061611656,-8.053317807681893,6.427422201520727,2.506443682749114
550,3,0.012503670289061752,0.013584053734885798,0.0102573841943503,0.008064710489072778,0.008773757108882388,2.05,2.6331563632784576,0.565735294117647,1.2480859374991269,2.083767361111111,2.9145031759395463,-15.373901301994565,0.7649451823775094,-10.240204384306296,-9.598795650537312,-0.6414087337689836,1.1220283351188387
551,3,0.017936800788263884,0.018888175941009794,0.02889375745216249,0.017621414506415918,0.02170731969447119,7.656250000000001,3.3064623670919886,0.2996143909746851,7.020898437496726,9.468749999999998,4.271654689479347,-13.172925173343467,1.5991356985531158,-8.434548042099664,-13.8242223657831,5.389674323683437,1.4256423572810573
552,3,0.017839060489565652,0.02146201266987396,0.028040394229911163,0.024214585938516286,0.026169030127559112,9.5875,3.2745443744725344,0.29912152990094165,7.528105468750255,7.200086805555555,4.035909014722976,-11.659319710635977,0.74014350201965,-4.444383013052516,-13.072478919751987,8.628095906699471,1.6577239646784385
553,3,0.016742319683185194,0.015726859149081777,0.027197905850037188,0.010166171708918247,0.017654105405759984,5.859375,3.0778345385528625,0.41718467194570136,4.228779296875473,7.319444444444444,4.06414232028091,-11.72044912971899,0.5522523962270943,-4.994842831244455,-7.486335019479128,2.491492188234673,1.7481019724162363
554,3,0.015017442175334161,0.013668176978498581,0.012961282745634326,0.00915665658684306,0.011181983245821163,3.2312500000000006,2.980318369307314,0.47642251131221725,2.417871093746726,2.295138888888889,3.209276921007413,-16.715971355100994,0.8338262948023493,-6.827679291460157,-11.701946549415908,4.874267257955751,1.7675362649649637
555,3,0.023348423082102398,0.04203990741816073,0.09061952822806754,0.05546404807402878,0.11563478353823907,49.606249999999996,3.4148513080130947,0.17891973339130945,26.15277343750131,76.57378472222221,4.718369135209129,-13.042469747158146,1.3107805673035975,-6.022675770104414,-13.976556849749201,7.953881079644788,2.259175258359966
556,3,0.009858550830812383,0.015695724539191946,0.014197473258858423,0.005553685421277575,0.010477113523677127,4.4625,2.9266971803160535,0.4509439586645469,2.379179687502983,4.573784722222222,3.44631876046269,-12.32742862825316,0.6234922108157606,-9.803576838885903,-11.869125830329708,2.065548991443805,1.903383959135216
557,3,0.03483548061784562,0.06517570655838521,0.18568177835873495,0.06698019219359586,0.25454835087611094,201.26250000000002,3.5123251302793377,0.11566995949243883,136.41982421874218,168.26128472222223,4.731367453670119,-11.789050135527084,1.6496845580322765,-3.1074989246279046,-12.061747136375146,8.954248211747242,2.687955425484524
558,3,0.08740326061117636,0.11275912176909028,0.156000043039885,0.16339566169314063,0.20526715527747058,88.021875,3.505826875461588,0.14392536149983465,155.12221679687264,65.61284722222223,4.638266385641128,-17.707717822312123,0.4096153748368263,-14.548203202970356,-13.061407038535705,-1.4867961644346508,1.5429883523240262
559,3,0.023846053176671596,0.035930874008105185,0.04483010808806366,0.043956580079087065,0.058852043583626897,17.728125,3.099006800434683,0.3285737452638152,23.06182617187278,20.197916666666668,4.1859046968300735,-15.179181175860501,1.1237935565540649,-6.110456485086374,-8.4199458145562,2.3094893294698267,1.8674322684894151
560,3,0.0030726048862786087,0.005568659195764969,0.011283300686175588,0.007960160790675509,0.006609958059192699,0.9343750000000001,1.5435680879913083,0.7203124999999999,0.5839355468715439,1.3194444444444444,2.6640303540556927,-11.348470140788962,0.9552045690221704,-6.115428373967447,-9.761854144679575,3.6464257707121277,3.1300268329992984
561,3,0.022528754041409103,0.030597668810846912,0.040027691098792666,0.03448889864407292,0.03155779011322252,13.95,3.2762218719011047,0.25910948317261084,13.389179687496835,42.20703124999999,4.37752548669607,-11.105706131502664,1.666002770411941,-8.843488633355364,-12.722336287778148,3.878847654422785,2.829053856522398
562,3,0.1835404238926561,0.19241385147809528,0.18345629778368908,0.27304665347283497,0.26110029732409784,430.41249999999997,3.48199994112984,0.11051247071236334,340.85662109375426,268.72743055555554,4.767168024193829,-14.51566512197236,0.9250511346636486,0.7560527743683849,-10.967490408921108,11.723543183289493,3.555009992086512
563,3,0.009599069318820467,0.015693607450868823,0.018140279399924648,0.0159204301036776,0.017755018788036418,2.8343750000000005,2.935319173093745,0.44685661764705886,2.5486621093750728,5.136718750000001,3.6407790762373105,-13.285581192380297,0.7409979818105998,-7.6553980377856305,-7.920682682696793,0.2652846449111621,1.4509843569048742
564,3,0.006400726682563076,0.014943812283824754,0.015330212798049768,0.013622295687312826,0.01675997063178037,3.546875,2.8027840982474417,0.5028860294117647,2.164013671871544,3.676649305555556,3.432790842199108,-11.587481930181934,2.6418503222138985,-1.360099494554035,-10.10925884443185,8.749159349877814,1.966503099771023
565,3,0.004178689736215013,0.013581103515998212,0.014599229968095094,0.012631952123661973,0.011307538679513193,2.8249999999999997,2.7113471559879883,0.5585633484162897,1.7657421874982901,4.055121527777778,3.43802893285817,-12.837134281123305,1.4036441164532343,-6.469433873186972,-13.086338647661691,6.616904774474719,0.9701031736199707
566,3,0.011264442378717536,0.013161533940231108,0.01453200660618061,0.008787187748032247,0.010355521371065258,3.546875,2.8660044550377504,0.45243919683257916,2.0581933593730355,2.7721354166666665,3.256016597019016,-17.530649310557763,1.4508817846111008,-9.415077091722821,-9.76563884610681,0.35056175438398895,1.633644089717597
567,3,0.01186638579183547,0.024717908655601067,0.03306278267596979,0.024504191062116792,0.04060938606315348,8.1625,3.2674728381854914,0.2815089580530757,6.152792968746326,12.125434027777779,4.176607547630564,-11.103836547395701,1.4385265969196954,-3.543913553268439,-9.03624860267756,5.492335049409121,2.73962956948934
568,3,0.021630054108633633,0.03425648047113538,0.05014096985112996,0.03439206111494499,0.0620705112629781,8.421875,3.3541585827347924,0.3452002950348539,12.398193359373181,17.23958333333333,4.367386460178472,-20.63842982654368,1.1695188747958027,-7.34052010111904,-14.382381070942174,7.041860969823134,1.0274792766306666
569,3,0.012631008536511851,0.024050128376524364,0.033936641418062456,0.029857095488377356,0.04418184867831699,7.325,3.098518212924005,0.40840228690228697,5.333886718750364,10.10546875,4.063546279634148,-10.485535302304651,0.8424321802889284,-8.489934622813692,-7.796075410897316,-0.6938592119163758,2.0660061312086326
570,3,0.010914507248665823,0.01686088109491423,0.01487854108050831,0.004837439580347733,0.006225959480921784,4.284375,2.7896605476740204,0.4154199660633484,2.7528808593742724,2.967447916666666,3.295266716125069,-11.603203983223285,2.6775560432576797,-11.621891700342431,-21.11756808318877,9.49567638284634,3.8728123998845274
571,3,0.01804848758496157,0.021503993245110556,0.031625136290613566,0.01474587444394316,0.0247806534120979,6.78125,3.114615635540803,0.369612556561086,4.595996093747999,8.770399305555554,4.130431609497056,-12.409235469757707,0.9860747094005039,-4.079802304684705,-9.8416812634009,5.761878958716196,1.5135070735718068
572,3,0.01787686069956132,0.01898516687624555,0.025985414728580424,0.014115123960927123,0.02523001126083077,5.025,3.2610169303470493,0.4016119909502262,4.389765624996471,9.533854166666664,4.04609426450978,-14.190488883377917,1.260504298005267,-8.199065518970116,-14.273565997205338,6.0745004782352225,2.516778458640417
573,3,0.016287537872903823,0.012617151420176099,0.015740156704792917,0.014875586866627724,0.015587808513998512,3.8687500000000004,2.848229534992381,0.4732164149443562,2.255585937497017,4.572916666666666,3.5585818902710677,-10.085980857829673,0.7137395718926715,-8.738593482887211,-13.948938735421493,5.210345252534282,1.392393999685361
574,3,0.008989739226707247,0.014268852802738765,0.01594097787714827,0.008908478044930255,0.010960215521982513,5.15625,2.8595485471993083,0.38550056561085966,2.4786523437460346,3.7300347222222223,3.4823918329768695,-15.772119041402608,1.345300844458282,-2.1634647472491224,-7.856636155714554,5.693171408465432,3.3847546068250858
575,3,0.007056007832029928,0.0743554866028614,0.15291471651415778,0.10749843129909549,0.19985459557098734,161.175,3.133748853421295,0.26713341429693244,131.9333984374971,162.85677083333337,4.461083529457622,-15.420761921040409,1.4922430174367367,-3.783927501764609,-11.91263998019825,8.128712478433641,1.8146348433328647
576,3,0.01311000315274013,0.01506059143798397,0.013253700281209528,0.00770494385483645,0.009587234264943472,2.140625,2.7225542615365836,0.5409375,1.6546386718719077,3.592881944444444,3.471620132287407,-16.760030112465206,0.9708052849491114,-9.127219476769042,-13.1839809597829,4.056761483013858,1.2462989170870373
577,3,0.009504768097168537,0.0174606571375623,0.01897887035178118,0.015052059229089273,0.020798545942805145,3.9468750000000004,2.917406519792284,0.3836213235294118,2.892724609377183,14.778211805555554,3.799851395672016,-12.984670872566515,1.8185399356329286,-7.959031043611219,-18.820429654474935,10.861398610863716,2.938406070207042
578,3,0.06288008481212183,0.12058535660539978,0.14161161072099326,0.15277951979865093,0.18983531226514438,144.36875,3.4733356013728405,0.13061365733289326,177.63763671874858,118.74305555555554,4.596314678799612,-15.829636187060128,1.6394099124142483,-3.5392911862613374,-14.125355171968067,10.58606398570673,3.9092958663217208
579,3,0.05421773314682375,0.08931891091466257,0.11470880288700644,0.10564549455881493,0.1339561341617032,95.73749999999998,3.3282079104431017,0.2509654151474646,92.05458984374127,84.28298611111113,4.466414278997039,-10.648944202969368,0.745910692519735,-5.126983660280729,-13.02276622014233,7.895782559861601,1.6721351338836803
580,3,0.007523226998081251,0.033458124397184874,0.04213729149148052,0.045352546342407686,0.05504177452865249,19.640625,3.0020639126584268,0.3547027329717084,12.308857421877292,19.769965277777775,4.237115022196448,-16.066136895793818,1.784572981212073,-6.448737774905524,-8.772292418030972,2.3235546431254477,3.5636102433024806
581,3,0.011907336092528946,0.014743557629502833,0.023412390381477445,0.015186281264039305,0.03479241345981153,3.0843750000000005,2.810259528086548,0.4659007352941177,1.9893261718725626,15.040364583333334,3.9413145724620677,-16.425411472216467,0.8270015803360417,-11.268253906564894,-14.363079086025493,3.0948251794605994,1.9265293063798437
582,3,0.014794509868486327,0.014421573169572622,0.013021409671679331,0.008966432780835441,0.011277966796435283,2.3375,2.6196017064532557,0.5693382352941176,1.5474609375023647,2.7990451388888893,3.24288268192739,-7.976573635506392,1.5654230702897602,-7.652429517716399,-11.716150787476039,4.06372126975964,1.8454935956060456
583,3,0.007950229152549181,0.011269250060096943,0.021462792671341446,0.018222792349847344,0.025167793447605103,1.421875,2.451913047014595,0.6190625,1.4819042968765643,3.9058159722222228,3.696519604777642,-14.980216038066668,0.8744515206800464,-8.402131920735243,-19.766651751245277,11.364519830510034,2.961461312326524
584,3,0.010067295688749565,0.01169788803753083,0.013325770196567995,0.016097778386878425,0.01458110990282437,2.6125,2.7495244558289382,0.5205147058823529,1.5629492187426877,2.2513020833333335,3.041495242528905,-19.282048756293552,1.4953508490072873,-4.068989788602892,-9.707160488877491,5.6381707002746,1.799941086740171
585,3,0.012291868053190883,0.013216743672593862,0.034732709908068815,0.007226598363229374,0.02679676251781155,8.0625,2.9976047018420053,0.4492564743333436,5.853808593745271,14.608072916666666,3.416928199825219,-16.950829303553213,0.7951963627763626,-2.540715869640138,-3.8163091453761666,1.2755932757360284,1.8685067966304287
586,3,0.012277106121157157,0.020492853345141337,0.07401932987501686,0.018360240747383745,0.10362104691424946,19.70625,3.2545610225086077,0.3841342117067718,10.84277343749909,83.13585069444444,4.587149402166551,-13.835415088459362,0.6355014775858279,3.7139710299644406,-11.216652189079042,14.930623219043483,1.4181407395969035
587,3,0.0647321572434563,0.05117119079843276,0.10100175775642808,0.06231180423437718,0.14108837809281022,64.90625,3.5057845284822804,0.1163585487764347,28.905449218756075,95.74869791666667,4.6998289297744975,-15.119550250957365,1.7384426995789521,-11.308852789486508,-16.171309508437204,4.862456718950696,3.2143878688412353
588,3,0.010783850896904661,0.01231021451690189,0.019469874778632622,0.008729176344880775,0.008542756389508143,3.8843750000000004,2.8558592184691265,0.4466699660633484,2.127099609371726,5.9019097222222205,3.764508066562945,-4.872752617581505,0.8353269494009892,-1.5505903539221464,-5.924819338504619,4.374228984582473,3.16439513979387
589,3,0.008145500138119327,0.02685215105823614,0.03839650190253354,0.018660522716025765,0.03717518330664092,5.940625000000001,3.0773882980214924,0.4243103751375811,7.771083984375764,30.276909722222218,4.3488949845014195,-11.181051943973909,1.631422807240236,0.44388256933861214,-10.980542086265032,11.424424655603644,1.5893885806603174
590,3,0.012227139414732236,0.021967555185006454,0.0556375672362352,0.026330566904090524,0.08181834261727075,25.028125000000003,2.8289737181353867,0.3606047931484524,21.634873046874418,24.413194444444446,4.073276869068092,-13.370499996474203,1.484862500392697,6.091714597350844,7.62344495965246,-1.5317303623016159,5.178025061567519
591,3,0.004908056370862913,0.021884238797879384,0.06271792939989165,0.02254191771767211,0.08046198841567742,10.08125,3.270169857614727,0.3117510242142595,11.151308593747672,39.741319444444436,4.4986051518570385,-8.734271562695586,1.1323162949965935,-4.194652171079753,-10.863777061620723,6.669124890540971,1.6428095807952467
592,3,0.06062471891997857,0.06259691824386969,0.07452575527305755,0.08964985099513749,0.10468963530774311,75.6125,3.4733356013728405,0.1381202171004638,42.917871093750364,115.91145833333331,4.668591251009325,-12.732170215805441,0.8727257637420098,-7.350547516674283,-14.324603321502678,6.974055804828396,3.224660265925719
593,3,0.02253264062854354,0.03148285019192215,0.051471018636297966,0.03436238795067859,0.061587100484232736,17.768749999999997,3.438635895365536,0.2383678081476227,11.887421874997017,21.98394097222222,4.398509227367929,-11.533010153937262,0.6407645548900311,-4.928434126738921,-10.377214994863778,5.448780868124857,1.1994915377886897
594,3,0.013916042825229867,0.024125593299941663,0.021505710849741632,0.028012060111532674,0.02364600231388531,6.6625,3.1917022122910548,0.3837720129631894,5.130527343747417,6.744357638888889,3.8693000713821366,-8.583277843840404,1.364963568814557,-5.973609747025094,-10.795316493312214,4.82170674628712,3.0383293388903034
595,3,0.018724804024382043,0.05258747078256424,0.0744442919475499,0.06644464410258046,0.09665584306553406,31.796875000000004,3.269723617083357,0.28859629385183333,29.283896484374964,37.44618055555556,4.290487293157771,-15.421908947573922,0.5229682407731151,-9.856969961980667,-12.465462653707291,2.6084926917266245,2.501243868018063
596,3,0.01622812188332345,0.015608244603926963,0.02278899668946866,0.011818302977903586,0.016153187125489507,6.315625,3.2393560809545514,0.36124231839305365,4.552138671878311,8.208333333333332,4.085948973696308,-15.7861591009295,1.3346357707544199,-5.081609093799685,-12.577238325919268,7.495629232119583,2.6589161869828413
597,3,0.02803732326709343,0.05554722764285054,0.04622726351473353,0.08190769977474781,0.07148747574001818,37.31875,3.0552388611183154,0.3167295026531013,27.11976562500331,23.809895833333332,4.0907571253777455,-17.033109067217175,1.161026064832439,-10.574396648991694,-12.066679498596315,1.4922828496046208,1.6471162275432645
598,3,0.009025797999416007,0.01219202383847722,0.012929663294836042,0.004610392114831745,0.006809564855125577,2.6000000000000005,2.7627750473402815,0.5377941176470589,2.3178710937490905,5.945746527777779,3.2123509954882956,-13.97725582113425,2.3836657069456524,-6.51097459926774,-6.8777577966181696,0.3667831973504292,2.028439620412174
599,3,0.011511157374670565,0.0171600090596531,0.023335940052798893,0.005641065620781991,0.01521626111096649,4.481250000000001,3.0882187227177416,0.43107840589458235,3.3654687500002183,6.96267361111111,3.8689753425935547,-14.534159445033252,1.6088255251344952,-4.284817925093762,-5.963829715435253,1.679011790341491,3.527541968037866
600,3,0.13216936311779037,0.1815549603464234,0.1733081222017851,0.23114090293828382,0.21960713619366753,198.65625,3.5513146591858344,0.08394052864196194,317.8823046874968,149.23958333333331,4.705772091482136,-14.880067337258012,1.725340260663989,-1.0043160679284426,-6.494074711380804,5.489758643452362,3.2779890463586754
601,3,0.010244782615334116,0.011043697253732412,0.011822298353098304,0.005240008904726978,0.006375312989174289,2.1125000000000003,2.62030202886047,0.5587500000000001,1.4116796875023283,2.153645833333333,2.9988926933017965,-12.658652366903667,1.3651394654114672,-1.2372782259889732,-9.201397919635639,7.964119693646666,2.203054092891866
602,3,0.03286752690756778,0.06506612024579932,0.11607855778065578,0.06196134733478912,0.14374688406948488,67.5,3.4993286206438388,0.19299148291518942,68.81998046875015,55.04210069444445,4.581812134686368,-17.82257018783053,0.7135747104300731,-8.603434274913312,-12.10128468236995,3.4978504074566388,4.1596173516468
603,3,0.02090934089892224,0.02196214942527329,0.029766207097099935,0.02410537433899091,0.024444111262712755,6.4625,3.2176952315620526,0.35501635685459215,4.913808593743852,13.58420138888889,4.217739696845241,-17.034683675485038,2.4046190322738856,-4.436181039224863,-3.464749534650778,-0.9714315045740847,3.3552752195739957
604,3,0.00840782931644391,0.015539606398424242,0.015781296902772645,0.012720195007308385,0.013491823416848027,3.803125,2.8417312801746313,0.4997676027271616,2.0590136718701615,3.21875,3.365209268853319,-13.862441560552446,0.40529386742050805,-7.198521031473902,-8.691633548098878,1.4931125166249757,1.7743791369813795
605,3,0.018831317371658034,0.03255153499304997,0.12676742983715486,0.05243010416446705,0.20345420889121418,76.98125,3.429929208629229,0.21554538700031492,50.93281250000382,179.04253472222223,4.633668204733162,-16.18660511594951,0.8408654867272164,-10.356930329787346,-15.818475478814747,5.461545149027401,2.427064081199335
606,3,0.014803158741241865,0.013443690597849558,0.012971022503592852,0.008827661442670684,0.011649503375976688,3.2625,2.784351202774164,0.48933823529411763,1.826367187498363,2.7131076388888893,3.081360813647882,-16.439250798275026,1.410735756522597,-8.858821187448072,-11.56349501918342,2.7046738317353487,2.9382308112087694
607,3,0.018911069565409815,0.06389504422360935,0.1493362480270369,0.0627983417223599,0.20231459111998235,82.040625,3.157491093794429,0.3809515973934302,50.151318359367906,119.02256944444443,4.531108188995593,-13.119547832459995,0.9268527779410562,-7.240877534321356,-12.937811266572623,5.696933732251267,1.6356513363531544
608,3,0.01485811902676797,0.02475530416407282,0.026770465414120332,0.029496286948499265,0.030160700008376465,7.409375,3.2176105376034383,0.28788037330316746,4.47850585937249,6.976996527777779,3.9801751920930437,-13.505912575818233,2.098589201542085,-7.850561044686643,-11.533283198678646,3.682722153992003,2.8821607598124244
609,3,0.02536225347474696,0.06674075231953315,0.10615305960087401,0.08040802001006903,0.13458958836718743,118.61875,3.3785164515565267,0.19162399966648902,82.00302734374964,120.14843749999999,4.640600890827541,-13.732177699941309,0.5555992417616126,-11.19654336807372,-14.604188277872737,3.407644909799018,3.7705120090281494
610,3,0.03147855046615441,0.042579603528369404,0.060757539895208434,0.05045280530951924,0.08972123331760204,28.996875000000003,3.345536589957101,0.29708164333134474,19.99815429686896,30.057725694444446,4.414306537479078,-15.164224610331571,1.0356829506893224,-7.2154388546533,-15.277157821383625,8.061718966730325,3.218653663019705
611,3,0.010370076640515091,0.013272135420470507,0.011574665754715021,0.012655976285026828,0.011701107010851464,2.6375,2.0640841097257105,0.6258766968325792,1.359179687501637,2.676649305555556,2.9425715447306313,-18.359916700068254,1.9126758837362645,-14.053737823528635,-15.864190792965672,1.810452969437037,2.4320365871052223
612,3,0.01911151516982494,0.07138454748681883,0.15525227715363912,0.07387773864758465,0.19517573922510678,118.09062500000002,3.2567271074478574,0.24238947449779297,81.9508886718686,106.74305555555556,4.6366749784793235,-13.753951597822212,1.7065965737635302,-12.396006035938356,-17.066696194769378,4.670690158831022,2.2740888086162014
613,3,0.01671647940614685,0.014518027891088473,0.015117654548934038,0.014366627501143597,0.021216407780900757,3.5749999999999997,2.7432454321336337,0.5133427601809954,2.6503710937486176,3.2547743055555554,3.3652390149141085,-14.668136621402347,0.44914609454050075,-9.158932699318385,-12.337274234427213,3.178341535108828,1.3392588398131444
614,3,0.02107775140728838,0.026627089021360052,0.03266088337620983,0.03337122833677331,0.04212784472974995,8.284375,3.2631830152862995,0.331433326709062,8.788779296874054,10.174045138888886,4.016857105802536,-11.36006662234801,0.8387118866444323,-1.7649206438813394,-6.846593975390334,5.081673331508995,1.8643843445173147
615,3,0.012198865342410126,0.02886945218792743,0.045516903879150264,0.0414051274416504,0.07298709905431552,21.209375000000005,3.0860102907991847,0.3621504110560545,14.569560546876346,22.20442708333333,4.198331859918832,-16.189079024107237,1.0405260519803636,-6.435827710641092,-14.147269484355363,7.71144177371427,2.790704638030513
616,3,0.018750996504127176,0.04151670981156339,0.06575402827526479,0.04961110458621421,0.0720277942228501,19.715625,3.1055050552524324,0.37937242452271114,13.063818359374636,38.82335069444444,4.253284199417074,-18.538335669776437,0.9470602588857067,-8.173815822008606,-14.710561007413943,6.536745185405337,2.002896389082862
617,3,0.016998858597574086,0.016866709525084064,0.06250283774617099,0.012935758841422668,0.08982275334728518,12.4125,2.972885286447515,0.3995538481102775,7.198730468746362,40.51953124999999,4.1002635017483176,-9.548791326963022,0.9562215817960963,-8.366613363427277,-13.6123972830015,5.245783919574222,1.1814971157880219
618,3,0.009430976506595225,0.01262916120805004,0.019940002293572828,0.008656801284266215,0.01777005801250399,2.44375,2.8156535669450187,0.5691883484162896,3.1721679687470896,3.1723090277777786,3.5466841662635558,-18.637890124563977,1.9049277602831542,-10.620221592701327,-10.982719273803212,0.3624976811018854,2.195033829577784
619,3,0.029868812698052135,0.051079609782525986,0.09636624644138421,0.05735638018577854,0.13110656455586395,34.559375,3.2957166363543546,0.27649465507138105,38.644560546872526,74.63758680555556,4.487932486969183,-13.97629208916213,1.0888993584501925,-7.8051326480455,-12.09138341069297,4.2862507626474695,3.2245466012418107
620,3,0.02494614281913602,0.035347352299326715,0.07406566240899301,0.0408785658096431,0.11619352346978844,24.15,3.3064623670919886,0.2570154094654177,14.597812499994689,49.21961805555557,4.621308350726689,-13.7446172254791,1.1837606974149597,-2.761827733016929,-9.113161792716383,6.351334059699454,2.126254511451129
621,3,0.031127742795588154,0.043992339465009495,0.05374138189240713,0.06767995360107085,0.07057976215152041,32.46875,3.2957166363543537,0.1705525663824993,24.609960937500546,42.634982638888886,4.560576086127479,-14.097437456149795,1.127474838959927,-10.312470118232653,-14.913590655565386,4.601120537332733,1.4362653947319468
622,3,0.005719689336810799,0.01166575674001573,0.014128573129463059,0.00791455494167037,0.00759236559033097,2.6343750000000004,2.635364795197015,0.48134191176470587,1.1893261718714712,2.4149305555555554,3.252613926123796,-17.292937478498654,1.109874963361464,-10.651605065256476,-9.795975972386373,-0.8556290928701031,1.757046494088125
623,3,0.011980905037040235,0.025534994829833162,0.04311921206054167,0.0273211494182111,0.04629120127963976,8.359375,2.908391325780698,0.4769042434347765,8.004248046874636,20.299479166666664,4.043431977170904,-17.31458917947453,1.6951395765607644,-2.5423637333593803,-7.903862892911533,5.361499159552153,2.883327432856946
624,3,0.04918344218755099,0.06649815082348506,0.06714866003243515,0.09739157915494402,0.08648594915960066,78.746875,3.4629937641872695,0.11577555895437486,52.16772460937682,74.39626736111111,4.663801255021719,-16.593492557028966,1.1798353578009202,-6.664571753333078,-13.139208233646968,6.47463648031389,2.196040947372628
625,3,0.005164564976913005,0.016123902530876085,0.022903748503289578,0.012140724002072358,0.019310554986836134,4.684375,2.827827155196801,0.4005613687782805,2.7193261718784925,4.694010416666667,3.7591427666877157,-12.14469544416731,1.0006550047000684,-3.3972044450849097,-13.749045423946711,10.351840978861802,1.6348391668524969
626,3,0.014385382297880474,0.017212339913704057,0.026102717737939072,0.011474759058822483,0.020350636766088323,7.4750000000000005,3.2393984279338586,0.3275244588479883,4.641699218748727,8.246961805555555,4.1042431966705175,-7.28468546677361,1.7277594783012904,-9.29412437226432,-13.431556245198394,4.137431872934073,0.9992629684761634
627,3,0.01567735484352208,0.02725838949462168,0.03414276891713051,0.0163035102405267,0.027030071075398843,12.865625000000001,3.330289301423737,0.25548853398288474,9.414833984374127,14.756076388888888,4.207545866309471,-17.593813966782033,1.7507653666738003,-10.524679997321385,-12.049428470804358,1.5247484734829726,1.9610536952320192
628,3,0.03814551933057809,0.07721942652395239,0.0968276279945571,0.07720935713162602,0.11529702293095939,89.246875,3.4733356013728405,0.18209722531740657,95.81018554687125,75.34375,4.481364108901023,-19.086853281390088,1.197305585202829,-9.37698500135157,-15.604554228060735,6.227569226709164,1.885800366055073
629,3,0.005872748790847207,0.012512772316649538,0.01638003840303288,0.031856720984269504,0.03274277800869246,1.6187500000000001,2.658341595445328,0.546875,1.3203124999972715,3.953993055555556,3.3970186021710935,-13.33991424683982,1.3179128910505065,-9.111406180858339,-14.707217065259826,5.595810884401487,1.8349801108344999
630,3,0.010203323124031206,0.016111002991211952,0.07126566083698649,0.018879833643649268,0.08902486725967182,11.7375,3.1743735327770564,0.3807992865469382,8.081230468750618,48.06163194444445,4.209146636425202,-10.720136900886056,2.5088799785702216,-5.8485259170500825,-13.731099364591444,7.882573447541361,2.3718180018368247
631,3,0.010900572562326879,0.01317299293412535,0.012448319704557766,0.014138336200458547,0.013282290202051098,1.56875,2.615311883554064,0.6109191176470589,1.9148046874997817,2.3875868055555554,3.193169480128251,-14.652588967431084,1.415945106686208,-10.737969660661747,-19.215810208353872,8.477840547692125,2.23203546960575
632,3,0.009620306911028817,0.015027425005911076,0.02886481482127047,0.018325274476230894,0.025845425590858666,5.228125,2.92489264194956,0.36846578054298645,2.6204980468692156,9.405381944444443,4.0703243490459,-9.345036128203317,3.3245718048299695,-1.5933308829387443,-5.828053100106146,4.234722217167402,2.028401336753287
633,3,0.0398219946226454,0.05435893821297253,0.0844787660053084,0.06970605126074197,0.11881581866213044,59.31875,3.414851308013095,0.1615170649168501,27.315761718748945,79.06857638888889,4.661185034323755,-16.432503373417855,1.0488858953705835,3.742393600057298,-17.73201337331996,21.474406973377256,2.8855747615912573
634,3,0.004372600114688746,0.0354983977251099,0.0712636709057906,0.04997286504809489,0.0891638400484591,14.925,2.8476788840285856,0.4393842204524525,7.8102148437519645,45.549479166666664,4.348150994324117,-15.942671796196079,0.567036558946818,-3.9055041804187454,-9.425991300033914,5.520487119615169,2.626926691482145
635,3,0.05101678161744453,0.05925851772144521,0.052463871411094785,0.06968479651558146,0.05526694978924805,27.843750000000004,3.263225362265606,0.29229112715789385,30.398242187499818,18.377604166666664,4.201900831031444,-14.022679233281988,0.8154556831218732,-5.89567610533274,-8.398896952490006,2.503220847157266,2.2923541377553005
636,3,0.005699450294526898,0.014133938086510561,0.04726665642686182,0.006599786839850575,0.046489519809469096,11.834375000000001,2.7353001273712008,0.48409199564840366,8.641357421871362,17.635850694444443,3.9212117940754285,-10.896555367171365,1.1450577051802011,-14.869196391320898,-18.045443341805537,3.1762469504846393,1.7617544494421962
637,3,0.009963045394651874,0.04651989392588924,0.05199156190592011,0.0697743437567227,0.07649749485461488,35.40625000000001,3.47550168631209,0.17872874579666675,21.630859375,32.19661458333334,4.549059508361619,-11.335634064480159,1.745250171201288,-6.206668862351336,-14.38560224273435,8.178933380383015,2.5473661774743923
638,3,0.05168383233408335,0.06067074002543632,0.061582725963492776,0.06505870738193527,0.07445308314527893,29.00625,3.423515647770094,0.24625080691264298,41.69218749999709,16.76779513888889,4.4801649323457715,-16.56411333804045,1.0529070266982095,-4.442331793385861,-9.866539082302992,5.424207288917131,2.014808094376964
639,3,0.008032264696207011,0.013575162763844144,0.024689374767672457,0.014689913876469184,0.028286679424518547,4.6,3.0756684536136136,0.42790158371040726,3.264511718749418,7.374131944444444,3.97488270179143,-15.906538888439036,1.505608880995286,-7.201338381364991,-15.146060934806684,7.944722553441693,2.1734120878265664
640,3,0.01733090477924856,0.026561521465490914,0.03994215591421006,0.034378992117095296,0.05368336888962483,19.715625000000003,3.3087131459898527,0.25519164943972195,10.755029296872635,30.612413194444446,4.564787917953798,-13.616987515642258,0.7384472882044226,-7.27065046519435,-14.896489075640218,7.625838610445868,2.252123807191674
641,3,0.04226987561955339,0.040195653798142696,0.061868694876573226,0.05236951278795984,0.0785288282706156,34.784375000000004,3.0768573635315066,0.4034568363937543,28.729833984372817,62.14366319444445,4.3050622581725655,-13.563443111638838,1.8078112904738282,-7.386454511332644,-13.33967159711736,5.953217085784715,1.5516890312896554
642,3,0.0229841694425585,0.027266050227907478,0.02487024287634927,0.022455992855216187,0.023642417437806908,5.6625000000000005,3.2241934863798027,0.39561024825730706,5.7333984375027285,5.226996527777778,3.8742669567970367,-10.741399770427536,1.0672425019022778,-9.064138298365108,-14.791204275793078,5.727065977427969,2.3841552225332157
643,3,0.03652446371029201,0.04404158749794324,0.07372217719649118,0.04934786479170965,0.08255711982503298,28.071875,3.460339091737341,0.19108526332869927,28.931787109371726,26.413628472222218,4.527219243355152,-13.528895768663643,1.2241351519055128,-7.487791039872789,-12.283994183502045,4.796203143629256,1.5375652929876076
644,3,0.027204679061402767,0.03646582143989081,0.03716389512016187,0.03842157246027206,0.047836953208882725,15.193750000000001,3.404020883316846,0.22309110734451482,15.269531249998181,15.15625,4.475636288372638,-15.940617709669247,0.6000000912234089,-6.816889365056383,-11.176480993764173,4.35959162870779,1.7582811775772487
645,3,0.06200768914998835,0.10018103326967953,0.14573301095607877,0.13730454785229662,0.20426156856375294,95.8625,3.47983385619059,0.16420838391931966,139.78482421875378,102.95486111111111,4.737986046540046,-14.625297242315023,0.6346494881256836,-5.591921894419457,-9.405992382560711,3.8140704881412546,2.4050176588514782
646,3,0.014680545078572688,0.013878273929054663,0.017259982330326537,0.010576652861306737,0.00945315648417054,5.1,2.8403350773216216,0.37008575883575884,2.4102734374919237,4.914930555555555,3.615295952943725,-12.425366437897683,2.017884578800534,0.5206669852804566,-6.76180039159803,7.282467376878486,0.6918748402067273
647,3,0.006433722798770541,0.009391874395620585,0.018369869668632903,0.005595938531319255,0.012737478101705915,2.4625,2.904059155902198,0.5077205882352941,1.924687499992615,3.6901041666666665,3.6969705522074827,-11.98961852321262,1.0048436025843615,-7.34052010111904,-12.143491460816406,4.802971359697366,1.5476796848761403
648,3,0.035562661115250416,0.040720307732653095,0.05350694507108071,0.041504460053951434,0.06517500576933682,17.3,3.0404801600956306,0.3364886061401041,21.696386718750546,20.055989583333332,4.3138097819361505,-15.968800885173875,0.9138176978583206,-7.909975412261659,-11.090075563488512,3.1801001512268527,1.9468976515003396
649,3,0.00684492691008074,0.008231873933445632,0.014014079799028715,0.006279140061258585,0.0060153504632027305,2.671875,2.8586409318569768,0.4720772058823529,1.7947558593714348,7.139322916666666,3.375932934182601,-13.338982209081363,0.9834173397488765,-1.1512017733771813,-11.209944074724717,10.058742301347536,1.537347958560837
650,3,0.006721234874192797,0.011501652528136482,0.05289371466594619,0.01397034400668889,0.05859884464508357,11.19375,2.650637148424381,0.46876681757758804,8.429277343748254,16.03342013888889,3.822130554986401,-16.44164301402519,0.8163126147654743,-10.17250109615749,-12.034669096585091,1.8621680004276016,1.8681283827015072
651,3,0.01137319504235939,0.012005916719519888,0.013710540754033001,0.005707663865839594,0.007379278117121485,1.93125,2.641416809483393,0.544375,1.4797656249984357,2.6232638888888893,3.3074104027834363,-14.967676497791825,2.8203264753841957,-3.2941656281422382,-5.817234054109377,2.523068425967139,3.7366804576694768
652,3,0.018408402526961867,0.03543028111587849,0.04930333309928909,0.05064445234625201,0.05850801738252479,15.040625,3.1862234794739694,0.3038968859012903,13.183583984374309,18.983072916666668,4.375085711523698,-15.197469560554925,1.6210391688219015,-7.818736236790258,-15.720243405030175,7.901507168239917,2.913204944525288
653,3,0.021350073973733036,0.022458704181922265,0.02075321104688803,0.01278355346538249,0.012586380499026545,7.915624999999999,3.1639893486121786,0.3343737235538706,5.3454589843759095,7.023437499999999,3.85177116825862,-13.646624703104653,0.5093677149906095,-3.6359466371430074,-9.32825364854466,5.6923070114016525,1.660906678165612
654,3,0.020844739968636956,0.03354553363651909,0.037955612703158545,0.03167059695014449,0.030380880095390674,22.75,3.317377485746852,0.23679236213326604,17.720996093750728,11.83203125,4.113117183419691,-11.775150680139452,0.8520122849036476,-8.731869356646186,-14.927296204189034,6.195426847542848,2.71929915748927
655,3,0.012795108066361522,0.04388656194847119,0.10767840476214202,0.04955663985972259,0.15055580225964707,62.221875000000004,3.3606991845318492,0.18445486958507307,42.40331054687522,146.50477430555551,4.6958057504252775,-14.402004246077762,0.6582177046071501,-5.913879163978393,-12.233553335371198,6.319674171392805,2.2617462107155824
656,3,0.012796183483849203,0.02188454132451029,0.04736477905384192,0.023981412998335776,0.055423090018668686,8.090625,3.0632028784681,0.33241013666381314,4.144052734372963,17.99826388888889,4.294555442199722,-8.525200752937414,1.1199664021895326,-1.2500505519147111,-7.535977152873116,6.285926600958405,2.3282535002610305
657,3,0.00844336164014546,0.01421613551127697,0.027736746055243643,0.010360049673095903,0.02799199504616173,6.34375,2.9069517720619227,0.38695036382536385,5.247324218748872,16.970486111111114,3.7940145594739114,-24.30270300505024,2.4161526262737354,-5.712151896988232,-16.416111698230978,10.703959801242746,3.8464384496270942
658,3,0.019489188560313994,0.04078550460838455,0.05720681499995164,0.039203696555723325,0.06671974935164145,31.2875,3.2680461196547848,0.266287038546406,26.04296875,31.803819444444443,4.526881431516925,-15.045791739037625,0.5512189306549574,-10.657895389952444,-16.03390273903679,5.376007349084347,1.2685292042023553
659,3,0.02377411418853496,0.03342649214288786,0.05494116851503779,0.05500074900384234,0.079355592596909,9.621875,3.3151690538282947,0.2835552846398435,14.71709960937278,26.042968750000004,4.555904164318128,-11.195188367737556,1.1360882850904042,-8.070429801399385,-12.301717911402662,4.231288110003277,2.337251770080273
660,3,0.009754837704930646,0.012153071564383932,0.015499676045839525,0.019258539999466993,0.02076634932826135,3.1656250000000004,2.902827899004998,0.45644654977375576,2.0847558593750364,4.066840277777778,3.5865372049576987,-10.500032154515345,0.9146078156809742,-5.664804330097837,-11.408900791980031,5.744096461882194,2.2482341899368343
661,3,0.013104233372995051,0.019597055583341523,0.036187241276334874,0.016959115123038614,0.03923755265877043,5.665625,2.7867941403275567,0.4390138116057234,5.7751464843759095,24.40277777777778,4.102288588693812,-13.528447080530759,2.0826569039574356,-9.171296957118756,-14.740714560066749,5.569417602947993,2.0197197579395487
662,3,0.022446481804814726,0.01589709810218364,0.016884435019760866,0.010726405132886136,0.014576804191748307,4.778125,2.6707224766322266,0.4733639705882353,2.1534667968726353,4.001302083333333,3.4183381905094494,-19.386401720269888,1.8975541036696386,-4.216606407496442,-12.751649027983206,8.535042620486763,1.733785852173421
663,3,0.08570284099228577,0.0894875511208494,0.10749664695953048,0.11575422889978883,0.14167879823798935,163.228125,3.5253216399148357,0.07287038040460032,100.18084960937449,131.84982638888886,4.7737246392121815,-17.597421024237697,1.4832155244703882,-6.898142433146546,-10.971838789306332,4.073696356159786,1.642503220789291
664,3,0.04134361991371519,0.06662531638395801,0.06901546686713747,0.10122543315515584,0.09938524492195075,47.743750000000006,3.269638923124742,0.28627068950338075,40.242636718749964,33.14583333333333,4.1721614961721025,-17.191231405458176,1.0944966639144664,-7.366328309852989,-12.385763240366856,5.019434930513867,2.6708828086614393
665,3,0.023888904875864755,0.027982745921083265,0.02481318670338647,0.016507395175727576,0.024949060858862244,9.39375,3.0065926831538725,0.37095183135624304,7.046367187501346,9.423611111111109,3.8949952424841023,-15.827275385189486,1.1705797714814075,-11.207709187374675,-12.902430811795682,1.6947216244210068,2.7193626138641545
666,3,0.031524602019938314,0.03127389255158834,0.05404253499648422,0.027069302751018667,0.05916550906893154,19.3375,3.2566847604685503,0.2719881501355676,10.359374999994543,24.801215277777782,4.323502564027025,-15.134520966668251,0.7848521978816437,-2.7314574585860782,-10.891744036938974,8.160286578352896,2.629392072125453
667,3,0.014439259302485111,0.024175203526982176,0.037879832211948516,0.015339492313156634,0.03626738632593494,5.571875,3.276179524921798,0.37976569187966247,6.37163085937118,18.47309027777778,4.279237795592211,-16.523420873233896,0.6755500401329261,-5.319961504624246,-10.685206227616902,5.3652447229926565,1.6275262956101497
668,3,0.029736570642395,0.0654784565052101,0.12418828715174958,0.08365188277443146,0.1669102044073881,100.99687500000002,3.2956319423957394,0.23180480641597753,101.00764648437507,105.96267361111111,4.595951855817581,-14.7856227330744,1.206757852010808,-12.188405669910921,-16.367405647401355,4.1789999774904345,2.1065691417557915
669,3,0.009582693123059094,0.009201001522560984,0.013497104520032182,0.010903971398824078,0.014399423680664132,2.140625,2.627130417572539,0.5049816176470588,1.9341308593711801,2.815104166666667,3.2177725069998613,-11.847182488462812,1.8914152227352612,-4.329241960565909,-6.287456675802048,1.9582147152361387,1.9812916785281454
670,3,0.014629346500037166,0.01981255988629221,0.033424736131786724,0.028105536520568693,0.05243818619068661,12.95,3.302214891172104,0.2831588433722756,9.878554687496035,13.937499999999998,4.276839634995865,-11.192509341862298,0.7612463237368831,-5.371165561172134,-8.841786685737873,3.4706211245657386,1.5256983878271502
671,3,0.010615085528411556,0.021679954644374517,0.023206841773520538,0.012367504166915795,0.02030811346749228,5.434375,3.146745363056794,0.3928288568545922,5.544560546873981,7.905381944444443,4.049004089065846,-11.417930295568246,0.6793016934912156,-8.431300980514905,-12.813260839647114,4.381959859132209,3.317932444642441
672,3,0.051182718392832754,0.07729597930183292,0.10860601367317403,0.08972245776495716,0.14426927775088866,61.88125,3.442968065244035,0.18884905157427684,80.31214843750149,106.02734375,4.684639191449156,-13.087198649645536,0.8399386323748546,0.12977152100033607,-15.739048109578135,15.868819630578471,1.6782512215690755
673,3,0.011275823602252414,0.03854813937673569,0.10534262263300768,0.03136947631299221,0.1445005443501168,67.615625,3.3845261188635973,0.2184466647830608,50.108310546876055,62.6545138888889,4.458071722814884,-10.654354907016497,0.7946121528181197,-6.9458934585129555,-15.234422730807225,8.28852927229427,2.7082379238553336
674,3,0.01593163500886139,0.023532166828796882,0.020993429420337748,0.017231539362241664,0.020859256399216094,8.74375,3.1704876034299274,0.29228728445640206,4.822109374997126,5.836805555555555,3.961422996468095,-12.588936541745067,2.481933177709578,-7.290555933872241,-10.967490408921108,3.676934475048867,1.4301685575075391
675,3,0.012075277911202621,0.02356652540426143,0.03030072263763635,0.03581178054588258,0.03752871985586862,14.04375,3.2437305978123585,0.27530913733846923,7.209121093749673,22.283420138888886,4.245174157617376,-16.260422409745733,1.3323290229400002,-14.337409648390292,-15.086484294601277,0.7490746462109854,1.5467215530255618
676,3,0.021242539241422845,0.03866303125934032,0.06881795373430534,0.027285686083878418,0.047066858835216344,23.896875,3.406144621276788,0.218059518573534,26.003076171872635,45.703125,4.544530864610013,-14.268224539605914,2.184654410967605,-10.405693347057365,-13.638964170915244,3.233270823857879,2.652130780132958
677,3,0.043965197058971214,0.04618273314745348,0.04532189339361974,0.061239670429336326,0.06211638013239916,26.631249999999998,3.306547061050603,0.2565915173299783,23.43664062499829,21.321180555555554,4.286502946239555,-13.234704456419832,1.5150692982198715,-8.473607757784492,-9.920321852518626,1.4467140947341335,1.5269170136705579
678,3,0.0072459186932589716,0.013687529351214194,0.014431298847351203,0.018828109209177015,0.024204042756841748,2.828125,2.9836733641644564,0.4835110294117647,2.0800292968724534,2.4149305555555554,3.2991380612847645,-12.725417494114245,1.3717122989200117,-6.643406005087883,-7.396535127148113,0.7531291220602299,2.55408992827239
679,3,0.004509203207357854,0.017226243563365048,0.04782079059904994,0.026497610158914844,0.060531853132423465,4.528125,2.7204577362763587,0.48402359514491866,3.1056933593790745,24.093315972222218,4.073466032664312,-16.00501597271839,0.6936782772812108,-10.53915131507236,-11.983207898684299,1.444056583611939,1.8630594632020463
680,3,0.0370638485950186,0.03435505531434412,0.031198635529402316,0.02635044895040738,0.03405763300266916,21.353125000000002,3.3779855170665405,0.18532592956648747,12.452060546871508,10.968315972222223,4.259784333080427,-13.080578786342775,2.6561929346437845,-11.770816575161689,-17.633121720978707,5.862305145817018,2.234573206831833
681,3,0.01141324639612782,0.008993461761228448,0.018315322643695283,0.008490868229985602,0.014909602055112091,3.425,2.6814484908960527,0.4791557111410052,1.8599218750014188,5.097222222222221,3.5240796996028565,-6.008701820041473,0.7852488464751373,-11.806654432238844,-17.018574799451812,5.211920367212969,2.0029007902770206
682,3,0.012005851395938585,0.019949903651210535,0.03782200138299835,0.009089669222630352,0.020644977429749634,6.9375,3.2046987219265537,0.3227134034486976,4.837890624998181,20.19704861111111,4.195349056395511,-12.45623898689484,1.3388300643360163,-7.277754325603468,-13.100220526336642,5.8224662007331744,1.994935341362702
683,3,0.018175383545955038,0.0334962292137945,0.05284680273483875,0.049032290450409674,0.07489759132810202,23.703125,3.270212204594035,0.28715424931517186,13.177021484370925,32.830729166666664,4.349097926215005,-16.97004280443049,0.8932906928350062,-12.136028287247072,-17.10626751441113,4.970239227164058,3.4820010849294816
684,3,0.008068248114617415,0.012049798873306044,0.02206047537219762,0.009241075964593214,0.013593456835424015,1.846875,2.7744556061199646,0.5453125,1.9386621093708527,4.523003472222223,3.811573453043411,-15.91374451160945,3.0753398876919973,-9.606225838875844,-14.106615381229517,4.500389542353673,2.323101023406061
685,3,0.010262075813707533,0.01282049223593022,0.03479378515900049,0.0224072699799274,0.04331297087971626,4.40625,2.8781084836105078,0.4636336523174759,2.5447460937475626,15.037760416666668,3.869362732596165,-20.790830102935168,1.8406629198220574,-5.1158948171583205,-10.226222266197524,5.110327449039204,3.110848346380311
686,3,0.031520832839404093,0.1180209464438684,0.1489797068246964,0.16201725461353655,0.1979756957274574,121.30625,3.334663818281544,0.2765388508276877,128.82490234374472,130.29166666666663,4.325503846370088,-17.014955219580774,1.2969994879675384,-8.826484145469266,-16.01056401571229,7.184079870243025,1.920376255580212
687,3,0.06085046969365948,0.09019887981062819,0.08191799896123811,0.151081449760482,0.12704348616433064,74.596875,3.225170661401159,0.23552900476482366,79.82963867187573,60.76258680555556,4.475345721247805,-12.973512510908215,2.306276875152004,-8.150210708364497,-11.201007973485844,3.0507972651213464,3.2370971390684797
688,3,0.02168481371007775,0.01727658072209207,0.02004515396219044,0.01463726937149563,0.020792534504690728,7.578125,2.9001535100812608,0.37022421884554235,4.186474609375182,5.557291666666667,3.720273507434393,-15.615054000881479,1.2494644038107008,-4.9501515768279205,-7.963644245262415,3.0134926684344947,1.6949897089543688
689,3,0.03617984286773872,0.03845093115065469,0.06811589267730275,0.020560777733506775,0.0672264642292152,32.934375,3.354200929714099,0.2435859258918867,27.781982421875,47.50694444444444,4.647068839292156,-15.411160706413005,0.6187693024604836,-7.633158827109327,-12.658722530346907,5.02556370323758,1.486546419416663
690,3,0.008482167129756569,0.012250594866498684,0.02586457943692693,0.010842234560976003,0.017105658994931734,4.284375000000001,2.6614425084266276,0.4779278846153846,3.194873046876637,7.922309027777777,3.981132845536717,-10.085245275299599,0.9038561244815912,-6.135344438039809,-10.868073816414295,4.732729378374486,1.7452896048306394
691,3,0.033070261479302365,0.05177585206307015,0.09346878403453741,0.04676999084558924,0.10961551956077215,56.52499999999999,3.1380386763204875,0.300806152721809,62.98183593750127,59.246093750000014,4.08317584181828,-20.492596024383936,1.4221269358486321,-2.3677917055303794,-8.673254242209026,6.305462536678647,2.44857865056289
692,3,0.015694998377420128,0.026544299893916115,0.03812068790868126,0.03467852125906791,0.04477252579547303,9.840625,3.280554041779605,0.3118660563015836,6.9720996093737995,11.63411458333333,4.299969420891198,-14.373509627421369,0.48772142857508943,-8.613374260325472,-10.670489722228695,2.057115461903223,2.221285617184157
693,3,0.027173595873259734,0.03323478545992659,0.04515529874789281,0.03504600772141598,0.05597738564113611,12.23125,3.38448377188429,0.2848578243705575,14.934375000003456,10.970486111111109,4.27712546813078,-14.08404398475582,1.3054890256162401,-10.624399509875701,-10.286304749055546,-0.3380947608201552,2.593508756425716
694,3,0.04037116509799531,0.03239586246615134,0.056567168058175674,0.031943548841803435,0.07496131292612815,11.75,3.1982428140881116,0.2759210139645492,10.675449218744689,42.6640625,4.471512679419876,-12.717286220008301,2.0409168746830333,-3.3256705217250158,-12.786419379355806,9.46074885763079,1.052144907082692
695,3,0.006810358305591397,0.013718546916645192,0.04366896332569186,0.012563784207309829,0.045207992818276165,3.40625,2.69524973337119,0.4419485294117647,1.9029296875023647,21.64887152777778,4.066085105758371,-15.158763118001756,0.6199909109382908,-8.498109578370617,-8.644926135785681,0.1468165574150646,2.404127233685991
696,3,0.013429194118941466,0.0221050417908686,0.033303581495611544,0.020670948217519004,0.032869729087201024,7.518750000000002,3.190067061841791,0.35950674146997674,6.864960937497926,8.819878472222221,4.010653608953796,-16.15248545377907,1.1886163493584618,-5.0805053528187045,-11.172028974375024,6.09152362155632,1.8092610874388328
697,3,0.056353269625431565,0.052436470324712145,0.044096936034800346,0.06721333434058556,0.05490429579152833,27.715625000000003,3.401854798377596,0.2937347804076045,23.770224609372235,28.03949652777778,4.275384543827815,-13.05540046914922,0.984481582480898,-9.187219765680652,-14.440545727835826,5.253325962155174,1.1209000599068621
698,3,0.00667041507679115,0.012568284401655682,0.022340725818805907,0.01257292925934033,0.029513490759954922,5.6000000000000005,2.7575111036842204,0.46704803106273696,4.148652343743379,5.874131944444444,3.806212875098294,-14.293870830355452,1.1738650442376395,-10.754921878071258,-14.343819899336637,3.588898021265379,2.8293045687928995
699,3,0.01798966822175056,0.015981331500018063,0.016342622014043212,0.013948434528518449,0.019958655939571333,4.75,2.9885364685329416,0.39966628959276024,2.827480468747126,4.203125,3.6561395902032716,-16.173619749359506,2.246201980692857,-6.567109649155654,-11.03075599051698,4.463646341361326,1.3697277268160506
700,3,0.07325485060837517,0.07256327698937487,0.0765136670670801,0.09628408859257813,0.10710476983236832,58.493750000000006,3.230691741197552,0.23934861513371544,42.827714843748254,58.60894097222223,4.3410622892023625,-16.015511316925725,1.1942006725326724,-6.058422758685694,-12.595571282360794,6.5371485236751,3.4460862051915218
701,3,0.139689501280835,0.16793746279756344,0.16871943221600136,0.2323311017006467,0.23063407265618013,179.13437499999998,3.3936366991519678,0.16007100129973192,288.97053710937325,116.26605902777777,4.229783587554752,-17.273814307178867,1.29055967388388,-9.024074964191371,-10.906840559042578,1.8827655948512074,2.526982487994986
702,3,0.013628766241748797,0.022205663760447258,0.022231032701985967,0.017668070913836344,0.018609437363497235,5.121874999999999,3.114700329499417,0.3985996163018223,6.437021484374782,3.610677083333333,3.7202699241836794,-16.84081193204336,0.9267727795473608,-12.396006035938356,-17.722546462695533,5.326540426757177,1.827523319695154
703,3,0.012003609143359534,0.022612569230261247,0.059827423212842616,0.02061879962266397,0.05366156052411319,18.225,3.046916351460263,0.30411374872154856,17.22466796875142,24.911458333333332,4.354659897606851,-19.845716084370203,1.933674065521155,-6.40620718202058,-14.241819289210028,7.835612107189448,0.8784478309705465
704,3,0.03825958779113018,0.05362774914475441,0.09376021408362213,0.0673490205766288,0.13178435447615136,56.775,3.5144912152185874,0.19322554844686546,35.59136718749778,63.62239583333333,4.66763701577201,-13.853123241058734,0.6583316268955524,-15.479416365436393,-17.98672161073513,2.5073052452987383,2.560951781048417
705,3,0.020197162203896637,0.05441154382470453,0.10446899680697977,0.059451655712663254,0.1345224029503476,47.834375,3.406675555766774,0.23506541578003975,39.43139648437045,62.27560763888891,4.575004889339335,-15.079592126271656,0.8036173507382246,-7.238047332394061,-13.451786241854975,6.213738909460915,2.8340956384388676
706,3,0.07293518218131569,0.10327235041272018,0.1129615655536434,0.14563700188055861,0.14697449129377024,176.034375,3.455964574879534,0.15214718504409497,129.70952148437573,117.25824652777777,4.39510389758861,-14.881707949791348,1.5038388093082025,-3.7346349694752945,-10.013302825757165,6.278667856281871,1.4125503467503229
707,3,0.03242432265422352,0.05050235043659788,0.055037678934869314,0.05821041861324677,0.06541653226045285,36.293749999999996,3.4711695164335907,0.17220632082459392,30.127929687494543,33.70789930555556,4.497385360638694,-14.463872178129048,1.8071239875375364,-4.629957207276519,-11.794692042745709,7.16473483546919,2.153778621972804
708,3,0.009414382717060358,0.01105466875674948,0.014083139103053914,0.00519386766524082,0.009101195390361092,3.0375,2.872545056834807,0.4668382352941177,1.6122656249981446,3.095052083333333,3.2941754375641423,-13.374195132945786,0.2877184171109835,-10.570242708387397,-20.02178013781287,9.451537429425471,2.9627215636474618
709,3,0.013273283162005026,0.05807726272578721,0.05057503644696515,0.06868134413428006,0.06369514611071886,33.55625,3.193825950250998,0.2874305110491604,20.919335937493997,20.589843749999996,4.179896713051748,-11.763385566481997,1.4187965969206071,-13.621243886690777,-14.340614182511885,0.7193702958211077,1.6505282498420544
710,3,0.010871650576669365,0.013459485951911517,0.029354564286991305,0.015351877621113346,0.03686195779814351,3.309375,2.99458848281932,0.4740625,2.6611230468715803,20.62673611111111,3.7430266562594743,-12.207570764210175,0.7184770386972286,-6.422936806467206,-11.687765501958836,5.26482869549163,1.895142339466165
711,3,0.009983527658256525,0.01439078299630531,0.029238434838341102,0.005485944070195705,0.01450856960101264,3.1375,2.9803183693073136,0.532464534670417,3.2709960937454525,4.892361111111111,3.5273303047996483,-10.406600190149273,0.8270438437447764,-8.428055132331366,-12.989781789473255,4.5617266571418895,1.99395447125019
712,3,0.039368161190983346,0.04935248855237538,0.05111967582482072,0.04182897620232528,0.05827931483840508,15.350000000000001,3.358533099592599,0.29414971417581326,24.527792968746326,20.62847222222222,4.21280123656423,-14.60050497565127,0.5196066629983399,-6.9636966283712525,-12.834793889753314,5.871097261382062,1.2619704567980539
713,3,0.026831648564057536,0.05093975019304548,0.04960432820293632,0.05374455748793927,0.050574362175927444,31.049999999999997,3.2458966827516074,0.24841169074028446,28.473417968748436,17.063368055555557,4.256601711049458,-17.806784712859425,1.0313213195118176,-4.636246772821494,-8.206971125812473,3.570724352990979,2.739500259079882
714,3,0.10421110704413429,0.12559896027060172,0.16246946712892857,0.17602680142434413,0.21234508113346112,124.15625000000003,3.1384849168518585,0.22380139807679922,170.81511718750153,104.93750000000003,4.277516743716507,-14.092686919089692,1.389986627902035,-4.5403036858223516,-9.064138298365108,4.523834612542757,1.6070102998837024
715,3,0.03483370489293618,0.07709024038482956,0.09242772319420782,0.0991079046746882,0.12230539453342244,72.08125000000001,3.4473425821018417,0.1316285635316699,44.15771484374909,71.97048611111113,4.614990602987212,-15.095964558888271,0.7102633211859631,-8.659911859189052,-14.302237582653675,5.642325723464623,1.697834432387142
716,3,0.013850077747173324,0.019768878856410307,0.023866928548759145,0.019208842123427296,0.01909365834071961,5.640625,3.087029812799848,0.36115655955729487,4.603193359372199,7.434461805555554,3.8836046002858766,-17.351881862388698,1.6071751670225323,-7.056034603220823,-11.871537572574297,4.815502969353474,2.437236358499384
717,3,0.030967616107583477,0.0266659743555709,0.02449369970536103,0.0152026302388811,0.01992129372479948,11.965625,3.239398427933859,0.2737464458236517,7.013505859375982,8.027777777777777,4.103824084626126,-8.532302152618836,4.19047919107971,2.5618044807520874,-3.61634281535477,6.178147296106857,1.9994852349092782
718,3,0.028566661037700763,0.040767512848753684,0.02698181126659741,0.052359226216329546,0.032625634835754154,14.600000000000001,3.1383471835957666,0.27608237950416936,10.57671874999869,26.810329861111107,3.9611337260010515,-12.768299840162125,3.6651821643573497,-10.27826969793854,-16.37145406958514,6.0931843716466005,2.5477397426097355
719,3,0.01927691491427053,0.02152257369595206,0.05978822836913098,0.014228751824000498,0.07844529817501351,9.88125,3.232857826136802,0.315808349639232,4.797968749997381,40.67578124999999,4.399897056400284,-13.552522027404523,1.308488826114715,-7.402300736147112,-13.80612047044059,6.403819734293478,1.9919194560484135
720,3,0.006474621318181519,0.015636157391341922,0.01992945912988689,0.014381140641833969,0.01919027687594822,5.640625,3.1223451472557526,0.3603040158371041,4.618310546871726,5.366753472222222,3.777566304065595,-20.540555946911482,1.8311822697617477,-8.439420911589636,-12.294117599144599,3.854696687554963,4.104413309672411
721,3,0.017447099988962288,0.03741039566981903,0.059664820724111535,0.039963980184879705,0.06954139634376934,27.824999999999996,3.3243643280752804,0.20504042646695458,16.66167968749869,28.74696180555555,4.600090987885001,-16.247325328866594,0.8233193394595099,-7.470334883326373,-14.35665461114823,6.886319727821856,2.451667964009771
722,3,0.01168015363801275,0.017952228253554598,0.014237784677418954,0.009705616837973734,0.012488351168549997,4.128125,2.7762026632275614,0.4357526828298887,3.174599609370489,2.7621527777777777,3.1864121287008724,-20.164648411284595,0.9126624899116431,-10.43222139899376,-15.14254509195841,4.71032369296465,1.9897407625577492
723,3,0.005324877544948371,0.010467861127932453,0.014895026673804775,0.0071129776351765974,0.012094448133502607,3.8999999999999995,2.7819733829383786,0.473714534670417,2.0303710937450887,3.9605034722222223,3.4143620831872443,-8.906095189318512,0.8127926777654931,-6.258336983536282,-11.374663894526591,5.11632691099031,3.867518284749452
724,3,0.015107088006391921,0.04801139124192547,0.07034233966869123,0.06286014157679472,0.10059498939899478,23.618750000000002,3.209030891805054,0.3816669543087275,16.439179687500655,32.50564236111111,3.9142315443081666,-10.464693955016967,0.981548623411406,-5.556874545034148,-13.518589935699126,7.961715390664978,2.1671183696403356
725,3,0.07675048099474899,0.07850919481213912,0.08295881285717444,0.09748482654850686,0.09722752330559842,66.828125,3.47550168631209,0.1368002005679882,60.01307617187558,48.902777777777786,4.626599607371656,-18.64925252877269,1.759406823982693,-9.88954807493164,-14.427586546561216,4.5380384716295765,1.6818230993669852
726,3,0.011010408304212724,0.019643984842110735,0.03262675066348769,0.023393319705707405,0.030703213117953914,8.515625,3.135384003870559,0.3957183487220252,5.992216796871617,9.921440972222221,4.022618365235614,-14.46716485124763,1.259458342448721,-6.349821745875275,-11.98809585021344,5.638274104338166,3.0441470099761894
727,3,0.010138991240855145,0.013611479917919351,0.01423946835153763,0.01278197804742929,0.011957245258597596,3.6374999999999997,2.7728204556707,0.5061368778280543,2.2263867187457436,2.9227430555555554,3.4300947702353044,-14.155073483774157,1.2198827155391514,-3.9248061653354256,-7.389333493671913,3.4645273283364872,2.171703809782433
728,3,0.0062404804985596125,0.009173191562392723,0.01199938373919984,0.011055658644880517,0.014979088602920989,1.5562500000000001,2.2379061862420633,0.589375,0.9609960937486903,2.4978298611111107,3.1178538666024442,-17.33823011044607,1.2269806591563857,-0.5583049857826126,-7.85359806906655,7.295293083283937,3.2396922372353076
729,3,0.03340428363950919,0.04778603293320508,0.03602663380333139,0.04080127014600653,0.026206382372998414,17.653125,3.2355124985867296,0.30857026113956254,18.504052734375364,11.022135416666664,3.7621931978982777,-12.78456307822022,1.476868508488354,-1.4004655273480466,-2.5176785434645836,1.117213016116537,2.4487092235030805
730,3,0.016675644304351728,0.036687548824048705,0.045706020179423254,0.026955674200316387,0.030198303841437013,31.48125,3.315169053828295,0.1668552105814327,21.024902343746362,18.67404513888889,4.376497318043207,-13.955839478935733,1.0670307870897395,-7.047725396938489,-11.006704424231671,3.958979027293182,1.8872832662660406
731,3,0.03981419837467776,0.04808304551492645,0.05302556170704046,0.05470901302377593,0.05820613569711957,30.534375,3.414851308013095,0.29449946378969066,25.179716796875255,22.168836805555557,4.4811118010139905,-19.878206826467213,1.2792285248902655,-11.363281518847032,-16.258805473589504,4.8955239547424725,2.729191484949282
732,3,0.00746807827662125,0.010285891658794486,0.023181209970301927,0.01114822628368281,0.023749463967749507,3.5687499999999996,2.733299992274218,0.4744922496025437,1.8529296874976353,11.374565972222221,4.020423762497887,-16.537970328792284,2.038590031648006,-9.59693909615639,-14.053737823528635,4.456798727372245,1.7908808943221326
733,3,0.01428081905929701,0.01714160953370781,0.017420015251786578,0.014598208877953118,0.018776854133888736,5.846875000000001,2.910599757699255,0.38703761312217194,2.739130859378747,4.484375,3.5338077280795224,-5.898119175009423,0.445900063760785,-7.233803757858993,-10.318519490250623,3.084715732391629,2.726764154685312
734,3,0.04244456578498322,0.0454391271308259,0.049478367543694314,0.031393468381654466,0.05797817246840528,35.278124999999996,3.4863321110083394,0.1358576432971564,24.674052734374527,32.86631944444444,4.583502293893362,-19.413137115181602,1.6059947296006023,-8.814600780483389,-15.009986773707794,6.195385993224406,1.6203574898967394
735,3,0.03176936269754026,0.050408799229326715,0.05487013520341183,0.06800291399546954,0.07684285481596938,19.562499999999996,3.473335601372841,0.22091275573664382,26.789843750002547,21.25390625,4.48441328697816,-17.39844771880883,1.3132924730540765,-8.613374260325472,-13.164364488316679,4.550990227991207,2.8794921311941044
736,3,0.003209321146874185,0.008942714011291895,0.018848468963349227,0.005855718123858838,0.011792444123851565,2.7218750000000003,3.076942057490122,0.4693566176470588,3.050693359370598,3.4774305555555554,3.570447478404051,-18.16308309382024,1.8967665267711762,-7.479058576364409,-11.946635677756134,4.467577101391726,1.6126808349163968
737,3,0.005402009014060646,0.013124486777232807,0.016132582152719576,0.012195953145004674,0.012342063135512598,2.23125,2.7724589090979443,0.553860294117647,2.1660742187523283,2.4926215277777777,3.3910450119827575,-14.58284939004982,0.6404208204028453,-9.775107820813332,-10.99361340496678,1.2185055841534478,1.9841651402021583
738,3,0.009961850476921686,0.012267957374861225,0.0118703256971166,0.010912855334940807,0.012254276669618175,2.453125,2.5189271429675095,0.5011580882352941,1.1506542968745634,3.665364583333333,3.2864340876141713,-17.97859182045242,1.7452713150402295,-9.887628329175556,-14.581091881560553,4.693463552384998,2.412173438500907
739,3,0.010623952653980702,0.013479282599561977,0.04425894972711578,0.005955240167588647,0.053384218144547385,6.484375000000001,2.840011435766753,0.43664355721879045,5.361513671879038,25.17838541666666,4.106160271587168,-19.859901742000087,1.3426116118035432,-8.275258021905415,-11.248025405575106,2.972767383669691,1.737185689431313
740,3,0.009504463354488377,0.01672296348701687,0.028215703409149386,0.012513737406965948,0.02606077263749754,5.55625,3.070847696224435,0.3503029075455546,3.0555859374971988,15.730034722222223,4.015779272420575,-12.283673252607931,2.125742229530186,-3.125986103592993,-11.971000040542492,8.845013936949499,1.9795764203901234
741,3,0.008932220135351603,0.014150988254252084,0.017318073940738223,0.011147600721954453,0.01561340921217439,3.84375,2.9063099348000625,0.40392816742081444,2.2489062499971624,4.440538194444445,3.4549062916662705,-19.621126649911886,0.9456699721857799,-11.076858381676558,-12.656082041000516,1.579223659323958,2.79999207269199
742,3,0.016706049672725987,0.07112165971065626,0.11528342885408559,0.06630315444685356,0.14370466489171496,73.303125,3.297882721293604,0.2737995373992741,75.84897460937555,63.419704861111114,4.672112726021005,-13.535673727273059,1.0565195712730757,0.8919517048501859,-10.475246297062,11.367198001912186,2.6179411614300996
743,3,0.04569145202833079,0.042009172760070865,0.05031815685807041,0.03535789987630715,0.059509838940793834,18.6,3.4018547983775953,0.20960676367247832,19.264746093750546,13.81510416666667,4.3853812641930405,-13.464271159113766,2.3724219376553473,-8.613374260325472,-16.395784308569446,7.782410048243975,2.7618126964937404
744,3,0.017400318822958623,0.024865721693026338,0.02964365558340328,0.02136396557536573,0.028629689610220322,6.35625,3.1065245772530967,0.31703428824752355,5.440996093747344,12.436197916666666,4.094834853008307,-17.30954767029292,1.0185763036686104,-4.768325980378492,-12.118639112994487,7.3503131326159945,1.3110484766152224
745,3,0.021557555448246404,0.05103495327916368,0.06242078699495152,0.04973007535968899,0.06634999330230167,56.3125,3.2870522965973543,0.1868557449386099,42.17468749999625,115.32855902777777,4.625520182553008,-14.594381535364752,1.1982554407534318,-7.031130792996251,-12.951457600311343,5.920326807315092,3.1914630322689295
746,3,0.010823643680637571,0.014358341380674421,0.03245696445472956,0.006283350716976685,0.023877391209931886,3.025,2.6793172567102017,0.49977941176470586,2.472265624997817,14.200520833333334,3.9577447681862408,-22.810237047296443,0.7520350399195833,-13.111342025472027,-14.923867789051542,1.8125257635795151,2.2945720595695263
747,3,0.007968182926264274,0.009204529509709354,0.013261112486579277,0.011168137574945594,0.01072891521353701,1.40625,2.269211746505179,0.589375,0.9369921874977081,1.798611111111111,3.181461134304035,-6.623167667533814,1.9475247420686772,-9.929961060741348,-15.167185930152243,5.237224869410895,4.746612274461879
748,3,0.008117124590782203,0.022638259423860507,0.09614857544961199,0.01889496535290557,0.12775005131054443,17.309375,3.0963521279847552,0.3856115272087377,13.660732421872126,85.57725694444446,4.350036387171645,-14.65606301233185,0.5443095386700376,-7.4297397652215125,-13.621243886690777,6.191504121469265,1.5791949967503478
749,3,0.0302892129380031,0.04053518755999331,0.0319608375116286,0.044644477668680224,0.03426702224813976,27.7625,3.090342460677684,0.2786624541315759,16.41621093750109,12.984809027777775,3.7336366058656414,-12.977823103819402,0.65582808544782,-12.165919534314227,-12.916021629211102,0.7501020948968744,1.981631162410157
750,3,0.049117472236912006,0.053234315395177624,0.038285414062534814,0.03836200586754376,0.027408249305813672,22.040625,3.391024373681346,0.22767852721003756,22.665966796870634,13.801649305555557,4.306836966531457,-9.9039569158006,0.5283077130306066,-10.15268838310054,-15.432041981037244,5.279353597936705,1.9626431311442207
751,3,0.02075325637848315,0.03439388944341632,0.0513906054517936,0.05045330451161017,0.06247668370999962,22.390625,3.3584484056339843,0.2183522467759373,16.89104492187289,26.84982638888889,4.5022682271465895,-14.546651966240763,1.2416805798270916,-6.679153181560068,-9.649073209769668,2.9699200282096,2.624957730054385
752,3,0.03289200561351414,0.03419454818341628,0.047989921183806135,0.04239161157534326,0.0528981123873177,10.15,2.932175913133139,0.4052080530757002,10.830156249998254,35.842447916666664,4.204227969648764,-13.055176357126149,1.6740760283696472,-7.171801686656792,-13.556577066152741,6.384775379495949,1.499311874830183
753,3,0.004321375483403998,0.009779807412139829,0.027974231618822534,0.0072780024215208594,0.02527469073919044,4.5531250000000005,2.6891977190848118,0.4681377262443439,2.5501464843719077,7.165798611111111,3.8556362811595175,-15.258618610128714,0.5375072210213425,-4.435156336853822,-10.947949591594877,6.512793254741055,2.616065866338586
754,3,0.017680895569197854,0.019003502415792215,0.019391009722091665,0.007723196312307636,0.011357564652032755,4.90625,2.8958410566765704,0.42605425278219405,3.886230468746362,5.208333333333333,3.6639051651574497,-13.649007692858742,0.9545797502020401,-5.039765224049972,-9.91069332959708,4.870928105547108,1.2020306341043965
