NBR_amp,NBR_mean,NBR_pha,NDMI_amp,NDMI_mean,NDMI_pha,NDVI_amp,NDVI_mean,NDVI_pha,RATIO_mean,RATIO_std,RATIO_wetdry,RVI_mean,VH_amp,VH_mean,VH_pha,VH_wetdry,VV_mean,VV_wetdry,aspect_cos,cls,dewdep,dewp_mean,elev,precip_dry,precip_mm,precip_wet,reNDVI_amp,reNDVI_mean,reNDVI_pha,slope,soilm_dry,soilm_mean,soilm_wet,soilm_wetdry,temp_mean,lon,lat,blk
0.0836063474416732,0.164641186594963,-2.722546100616455,0.0660236254334449,-0.0451244786381721,-2.547435760498047,0.0731061771512031,0.4390335977077484,2.8512980937957764,-6.884871482849121,3.11490797996521,0.6231678128242493,2.571319103240967,1.0134235620498655,-15.685283660888672,-2.4500348567962646,1.2564022541046145,-8.800411224365234,0.633234441280365,-0.9948973059654236,1,3.2455151081085205,19.396120071411133,77.0,45.309226989746094,186.3233337402344,327.33746337890625,0.0610445998609066,0.2428646683692932,-2.782552719116211,4.8840651512146,0.2840933203697204,0.3382332324981689,0.3923731446266174,0.1082798317074775,22.64163589477539,120.53074,22.9342,1205_254
0.0553544610738754,0.3445031344890594,2.8363699913024902,0.0457735918462276,0.150887906551361,2.565068244934082,0.0605840384960174,0.5169432759284973,2.863018035888672,-6.333691120147705,3.052407503128052,-0.1509052813053131,2.390827417373657,0.5067248344421387,-19.4736442565918,-2.5774173736572266,0.9679059386253356,-13.139952659606934,1.1188112497329712,-0.7658634781837463,1,3.722911834716797,19.798412322998047,267.0,46.478851318359375,172.9737091064453,299.46856689453125,0.0425083264708519,0.3304078876972198,2.57855486869812,8.205740928649902,0.2464741617441177,0.3014064729213714,0.3563387989997864,0.109864629805088,23.52132225036621,120.44788,22.84315,1204_253
0.2399486601352691,0.3375522792339325,-2.935631275177002,0.1866208612918853,0.0678833276033401,-2.8975675106048584,0.2087606340646743,0.6420592665672302,-2.9431471824646,-6.258779048919678,2.6823904514312744,0.1552202105522155,2.8014702796936035,1.5549840927124023,-11.4657564163208,-2.574924230575561,2.0151050090789795,-5.206976890563965,1.8598847389221191,-0.6751439571380615,1,3.2455151081085205,19.396120071411133,100.0,45.309226989746094,186.3233337402344,327.33746337890625,0.1624288260936737,0.4233727753162384,-3.0173580646514893,15.855780601501465,0.2840933203697204,0.3382332324981689,0.3923731446266174,0.1082798317074775,22.64163589477539,120.45233,22.86837,1204_254
0.104150965809822,0.5388793349266052,3.026264190673828,0.0812735557556152,0.2534505426883697,2.812896728515625,0.1167390421032905,0.754203736782074,3.038814067840576,-5.670651912689209,3.049313306808472,-0.1422917395830154,2.410675287246704,0.5587925910949707,-16.731664657592773,-2.4227499961853027,0.749141275882721,-11.061012268066406,0.8914330005645752,-0.140975996851921,1,4.0019636154174805,19.990583419799805,280.0,43.53074645996094,145.16754150390625,246.8043365478516,0.1001236587762832,0.5059975385665894,2.972560405731201,27.50412368774414,0.2452889084815979,0.2783414721488952,0.3113940060138702,0.0661051124334335,23.9925479888916,120.77555,22.22966,1207_246
0.1127260625362396,0.3482708930969238,2.6388936042785645,0.100147008895874,0.0908107832074165,2.5262973308563232,0.0825333893299102,0.4508790671825409,1.5942106246948242,-6.465054035186768,3.082376718521118,-0.0949654653668403,2.42212438583374,0.5563262701034546,-18.825729370117188,-0.3095270693302154,-0.3508870601654053,-12.360675811767578,-0.2559215724468231,-0.8203425407409668,1,3.536424160003662,19.509281158447266,39.0,49.74431610107422,177.6247100830078,305.5050964355469,0.0857227966189384,0.2948826253414154,2.2280545234680176,6.5414862632751465,0.2678819298744201,0.3204320669174194,0.3729822337627411,0.1051002889871597,23.045703887939453,120.42454,22.91249,1204_254
0.066048115491867,0.5014488101005554,-2.6624341011047363,0.0512841008603572,0.2138490825891494,-2.5617542266845703,0.0661250501871109,0.770204484462738,-2.547410249710083,-6.371410846710205,2.4737303256988525,-0.3824496865272522,2.6074821949005127,0.370527446269989,-13.83775520324707,-2.082152843475342,0.3934107422828674,-7.466343879699707,0.7758604288101196,-0.9662877321243286,1,3.4827606678009038,19.1938533782959,50.0,54.204925537109375,183.6466522216797,313.08837890625,0.0511253178119659,0.5263442993164062,-2.603536367416382,2.737602710723877,0.2747484147548675,0.3243363797664642,0.3739243447780609,0.0991759225726127,22.67661476135254,120.42718,23.06622,1204_256
0.140505775809288,0.4575521945953369,-3.045093059539795,0.1290586590766906,0.1944756954908371,-2.98721694946289,0.1195038855075836,0.7124521136283875,2.993133544921875,-6.731226444244385,2.7454147338867188,0.6091495156288147,3.0876030921936035,0.8975112438201904,-9.960782051086426,-2.283209085464477,1.4225471019744873,-3.229555368423462,0.8133975863456726,0.3042015433311462,1,3.30648136138916,17.507661819458008,331.0,57.69468307495117,193.77220153808597,329.8497009277344,0.0929512083530426,0.4834382832050323,3.0450284481048584,29.211557388305664,0.2798152565956116,0.3210102319717407,0.3622051775455475,0.0823899284005165,20.81414222717285,120.69278,22.558,1206_250
0.130278393626213,0.3760328888893127,-2.528674602508545,0.1304474472999572,0.0688818991184234,-2.3083176612854004,0.064348466694355,0.7167307734489441,-3.1029398441314697,-5.035826206207275,5.010616779327393,-0.9292975068092346,2.2220444679260254,0.2340265214443206,-24.984277725219727,0.2940185964107513,-0.9548959732055664,-19.94845199584961,-0.0255984663963317,0.5377100110054016,1,3.1118202209472656,17.810518264770508,1028.0,59.76025390625,200.3168487548828,340.8734436035156,0.0816364362835884,0.4388382732868194,-2.7329211235046387,45.98274993896485,0.2879869341850281,0.3288847506046295,0.3697825670242309,0.0817956402897834,20.922338485717773,120.71291,22.72656,1207_252
0.1772632449865341,0.4572194516658783,-3.015737771987915,0.1477479934692382,0.1841039210557937,-2.998321056365967,0.1289679855108261,0.7315510511398315,3.105510711669922,-6.288130760192871,2.3828110694885254,-0.6721389889717102,2.6539039611816406,0.1261358261108398,-13.026124000549316,-1.3793935775756836,0.1438344717025756,-6.737993717193604,0.8159734606742859,-0.3121599853038788,1,2.959760904312134,18.204805374145508,808.0,61.44756317138672,203.71165466308597,345.9757385253906,0.1165886521339416,0.4829353988170624,-3.096770763397217,18.329465866088867,0.3000304698944092,0.3380650281906128,0.376099556684494,0.0760690793395042,21.16456794738769,120.66503,22.81742,1206_253
0.0821117833256721,0.303094744682312,-3.0056209564208984,0.0645409896969795,0.1215674132108688,3.138731002807617,0.0926921591162681,0.6150588989257812,-2.815009117126465,-8.479381561279297,2.349436521530152,0.0901418775320053,2.940659523010254,0.9603102803230286,-13.723469734191896,-2.779448270797729,0.6905407309532166,-5.244088649749756,0.6003988981246948,0.6035799384117126,1,3.017175912857056,18.977781295776367,167.0,47.843223571777344,202.1314697265625,356.4197082519531,0.0457262136042118,0.3847852945327759,3.0293030738830566,16.591392517089844,0.3219666182994842,0.3693627119064331,0.4167588055133819,0.0947921797633171,21.99495887756348,120.56628,22.98729,1205_255
0.1162277460098266,0.6729313135147095,2.5151820182800293,0.1451498568058014,0.4211417138576507,2.20931077003479,0.0809758305549621,0.823652446269989,2.917463541030884,-5.403555393218994,2.936692476272583,0.5464989542961121,2.3006105422973637,1.4969501495361328,-20.508729934692383,-1.6091848611831665,1.582302451133728,-15.105175018310549,1.0358035564422607,-0.7332350015640259,1,4.0019636154174805,19.990583419799805,448.0,43.53074645996094,145.16754150390625,246.8043365478516,0.1267627030611038,0.6397327184677124,2.2770838737487797,31.216463088989254,0.2452889084815979,0.2783414721488952,0.3113940060138702,0.0661051124334335,23.9925479888916,120.76798,22.24507,1207_247
0.0505742840468883,0.5848342180252075,-2.64224910736084,0.0353373140096664,0.329160064458847,-2.882704496383667,0.046679101884365,0.8078425526618958,-2.813473463058472,-6.445899486541748,2.4625532627105717,0.5587577819824219,2.582818984985352,0.4780291318893432,-14.416812896728516,-1.5722298622131348,0.6136360764503479,-7.970913410186768,0.0548782646656036,0.932484209537506,1,3.208843946456909,18.59105491638184,591.0,83.44465637207031,194.07162475585935,304.6986083984375,0.0401594042778015,0.5816429853439331,-2.8369622230529785,21.251123428344727,0.4150266051292419,0.4219680726528168,0.4289095103740692,0.0138829052448272,21.799898147583008,120.92604,22.48228,1209_249
0.0928093343973159,0.4964137673377991,-2.384037971496582,0.08726367354393,0.1873191893100738,-2.2193920612335205,0.0949940234422683,0.7519458532333374,-2.488259792327881,-5.915504455566406,2.562821388244629,0.1237294673919677,2.6314291954040527,0.7555304765701294,-12.42385196685791,-1.7027428150177002,1.0396584272384644,-6.508347988128662,0.9159289002418518,-0.1748785823583603,1,3.0848193168640137,18.56361389160156,157.0,60.95082092285156,226.845703125,392.7406005859375,0.0826406925916671,0.4762531816959381,-2.4470019340515137,9.237359046936035,0.338410347700119,0.3812448382377624,0.4240793585777282,0.0856690034270286,21.6484317779541,120.49805,23.35766,1204_259
0.0336600355803966,0.2328819036483764,-2.9335036277771,0.0155032388865947,0.0440071932971477,-2.871191501617432,0.0569965578615665,0.3897458016872406,-3.013943910598755,-8.243446350097656,2.886406898498535,-0.0807929709553718,2.8770511150360107,0.9001209139823914,-13.722893714904783,-2.7213268280029297,0.754081130027771,-5.479447364807129,0.8348740935325623,-0.844717264175415,1,3.972468376159668,20.361831665039062,28.0,49.04265594482422,163.001708984375,276.96075439453125,0.0294916927814483,0.2575822174549103,-2.894126415252685,11.82958984375,0.2429887056350708,0.2938059866428375,0.3446232676506042,0.1016345545649528,24.33429908752441,120.32722,22.81468,1203_253
0.0092015359550714,0.5865065455436707,-2.459160804748535,0.0175122953951358,0.3057109713554382,-2.2565412521362305,0.0167086776345968,0.8077399134635925,1.244312405586243,-6.368391990661621,2.4843544960021973,-0.5525648593902588,2.5274105072021484,0.205686405301094,-15.423982620239258,-1.2685738801956177,-0.0658517852425575,-9.055590629577637,0.4867130815982818,0.9955571293830872,1,3.423597812652588,17.446706771850586,644.0,56.80278396606445,176.8909912109375,296.97918701171875,0.0146540068089962,0.5800437331199646,2.6062936782836914,26.61894989013672,0.3081825673580169,0.345310240983963,0.382437914609909,0.0742553547024726,20.870304107666016,120.68759,22.47134,1206_249
0.0378899574279785,0.0112941348925232,3.0065853595733643,0.0302626527845859,-0.0467204302549362,3.1130311489105225,0.0313432626426219,0.1219358593225479,2.636850357055664,-2.015515089035034,2.443223714828491,0.5382934212684631,2.3494656085968018,0.1994107961654663,-6.649941921234131,-1.4352911710739136,0.0596054345369339,-4.634427070617676,-0.4786880016326904,-0.4480736255645752,1,3.906311511993408,19.92314720153809,38.0,42.44860458374024,166.03390502929688,289.61920166015625,0.0282791126519441,0.0415807552635669,-2.8998169898986816,1.0056227445602417,0.2380600571632385,0.2970779836177826,0.3560959100723266,0.1180358603596687,23.829458236694336,120.37545,22.74869,1203_252
0.198843240737915,0.4039070308208465,-2.614668846130371,0.1553807556629181,0.1289596706628799,-2.493037700653076,0.2037690132856369,0.6621320843696594,-2.6154980659484863,-5.633996963500977,2.4900848865509038,-0.3306664228439331,2.633806705474853,0.2940676808357239,-11.9453706741333,-2.277968168258667,0.4644175171852112,-6.311374187469482,0.7950839400291443,-0.8571674227714539,1,3.475185871124268,19.071674346923828,89.0,57.33665466308594,184.8936004638672,312.4505310058594,0.1843675225973129,0.4272928535938263,-2.551992416381836,14.828017234802246,0.3225462734699249,0.3646931648254394,0.406840056180954,0.0842937901616096,22.546859741210938,120.44867,23.23036,1204_258
0.3048539161682129,0.3131698668003082,-2.7732388973236084,0.2421259582042694,0.0509979054331779,-2.715298891067505,0.2606354653835296,0.6016018986701965,-2.93561053276062,-5.3569159507751465,2.365175724029541,-0.0967859625816345,2.462747812271118,1.116181492805481,-14.445655822753906,-2.6076626777648926,1.298872947692871,-9.088740348815918,1.3956588506698608,-0.7534101009368896,1,3.722911834716797,19.798412322998047,113.0,46.478851318359375,172.9737091064453,299.46856689453125,0.2057830393314361,0.4061313271522522,-2.90492844581604,2.214771270751953,0.2464741617441177,0.3014064729213714,0.3563387989997864,0.109864629805088,23.52132225036621,120.43738,22.81477,1204_253
0.0411294251680374,0.53292316198349,-2.731834888458252,0.0427141487598419,0.2547207176685333,-2.8738138675689697,0.022574994713068,0.7584811449050903,-2.5792076587677,-5.956296920776367,3.0334041118621826,-0.5764919519424438,2.3443078994750977,0.692695677280426,-20.465898513793945,-0.3320885300636291,-0.1818912625312805,-14.509600639343262,0.3946006596088409,0.0644726231694221,1,2.89008903503418,14.973302841186523,1086.0,58.91925048828125,236.7748870849609,414.6305236816406,0.0336823984980583,0.5488916635513306,2.806541919708252,37.81915664672852,0.300826221704483,0.3498997986316681,0.3989733755588531,0.0981471464037895,17.863391876220703,120.71677,23.52079,1207_261
0.1734219491481781,0.3762648999691009,-2.9756321907043457,0.1404846906661987,0.1181387603282928,-2.8565492630004883,0.1317293643951416,0.7117559313774109,3.1269078254699707,-6.313451766967773,2.607588768005371,-0.0333546474575996,2.4781241416931152,0.4542836844921112,-16.512474060058594,-0.8604031801223755,0.2841753363609314,-10.199021339416504,0.3175299763679504,-0.0174222495406866,1,3.536424160003662,19.509281158447266,102.0,49.74431610107422,177.6247100830078,305.5050964355469,0.1238688230514526,0.4343442022800445,-3.0911521911621094,10.796290397644045,0.2678819298744201,0.3204320669174194,0.3729822337627411,0.1051002889871597,23.045703887939453,120.411,22.9313,1204_254
0.0406467318534851,0.051391415297985,-2.341290235519409,0.0296510439366102,-0.041067823767662,-2.2901132106781006,0.0875473022460937,0.2029436379671096,-2.7022523880004883,-5.485288143157959,2.944491386413574,-0.2077195793390274,2.657689094543457,0.3171520531177521,-12.460829734802246,-2.875640869140625,0.3383953273296356,-6.975542068481445,0.5461149215698242,-0.7429287433624268,1,3.2455151081085205,19.396120071411133,78.0,45.309226989746094,186.3233337402344,327.33746337890625,0.0454233661293983,0.1206313371658325,-2.7525320053100586,5.517343044281006,0.2840933203697204,0.3382332324981689,0.3923731446266174,0.1082798317074775,22.64163589477539,120.47932,22.90464,1204_254
0.1883061528205871,0.3162946999073028,-2.951977252960205,0.1388465762138366,0.0647647231817245,-2.998697280883789,0.1834412217140197,0.5463074445724487,-2.854396104812622,-6.367798805236816,2.523033142089844,-0.4552461802959442,2.796393871307373,1.2307918071746826,-11.60918140411377,-2.443408489227295,1.450102686882019,-5.241382598876953,1.9053488969802856,0.9760482907295228,1,3.46696138381958,19.30820083618164,94.0,52.15351867675781,181.96653747558597,311.779541015625,0.1491268426179886,0.3620037138462066,-2.9277215003967285,19.84073829650879,0.2974051535129547,0.3480840027332306,0.3987628221511841,0.1013576835393905,22.775161743164062,120.40897,22.96751,1204_255
0.0237771607935428,0.0662925764918327,-2.459336519241333,0.0134783191606402,-0.0653527379035949,-2.203824520111084,0.0354517325758934,0.2324350923299789,-3.0823824405670166,-6.673643112182617,2.478065013885498,0.437935471534729,2.5615479946136475,0.5601208209991455,-15.505552291870115,-0.3121064305305481,-0.3324048221111297,-8.8319091796875,-0.7703403234481812,1.0,1,3.536424160003662,19.509281158447266,77.0,49.74431610107422,177.6247100830078,305.5050964355469,0.0333612412214279,0.1932480037212371,-3.0754616260528564,3.704791784286499,0.2678819298744201,0.3204320669174194,0.3729822337627411,0.1051002889871597,23.045703887939453,120.44276,22.92051,1204_254
0.0651460215449333,0.0572462975978851,1.669344425201416,0.0541733913123607,-0.0100706992670893,1.6805751323699951,0.0143822412937879,0.0910017564892768,-1.232900857925415,-5.155861854553223,2.4193437099456787,-0.2988224625587463,2.7672348022460938,0.3889157176017761,-9.739651679992676,-0.1491343975067138,-0.1912260800600052,-4.583790302276611,0.1075963824987411,-0.4480736255645752,1,2.7591347694396973,20.22433090209961,19.0,227.3386688232422,281.9049072265625,336.4711608886719,0.0391213744878768,-0.0071836272254586,1.2283029556274414,3.014791488647461,0.4841546416282654,0.4646251499652862,0.4450956583023071,-0.039058968424797,22.98346519470215,121.14949,22.76665,1211_252
0.0878084078431129,0.3811182975769043,-3.030594110488892,0.0725232809782028,0.1864759176969528,-2.9302425384521484,0.0984872728586196,0.6692611575126648,2.945176839828491,-4.729910373687744,2.9335618019104004,-0.8056719899177551,2.386049270629883,0.6972317099571228,-14.45216178894043,0.72605299949646,-0.9169012904167176,-9.722250938415527,-0.1112292930483818,-0.6333534717559814,1,2.810887098312378,17.49132537841797,389.0,65.46480560302734,219.4438323974609,373.4228820800781,0.0785402879118919,0.4092780649662018,2.8200392723083496,7.57720947265625,0.3867454528808594,0.4197625815868377,0.4527797102928161,0.0660342648625373,20.30221176147461,120.6848,23.06576,1206_256
0.025602463632822,0.163532093167305,-1.1564874649047852,0.0203282535076141,0.0444268062710762,-0.8660507202148438,0.0089988131076097,0.4308810830116272,-0.0494628101587295,-5.575014114379883,2.2312023639678955,-0.3221447765827179,2.597317934036255,0.2330005466938018,-12.358704566955566,-2.5275349617004395,0.3878002464771271,-6.783690452575684,0.709945023059845,0.7675844430923462,1,3.2455151081085205,19.396120071411133,77.0,45.309226989746094,186.3233337402344,327.33746337890625,0.0121268536895513,0.2379105389118194,-0.5963553190231323,1.368884563446045,0.2840933203697204,0.3382332324981689,0.3923731446266174,0.1082798317074775,22.64163589477539,120.45285,22.93878,1204_254
0.1690243184566497,0.4401312470436096,-3.135880947113037,0.143944650888443,0.1617323905229568,-3.1089181900024414,0.1328407824039459,0.7074158787727356,-3.1195383071899414,-6.179640293121338,2.88897967338562,-0.0541780516505241,2.7258501052856445,1.267908811569214,-11.92526626586914,-2.4931087493896484,1.4207781553268433,-5.745625972747803,1.4749561548233032,0.9996859431266784,1,3.198816537857056,19.006488800048828,146.0,47.86428451538086,192.8312225341797,337.79815673828125,0.1226716339588165,0.4697369337081909,3.123023748397827,15.336590766906738,0.3649422824382782,0.4101694226264953,0.4553965926170349,0.0904543250799179,22.205305099487305,120.47275,23.01061,1204_255
0.1292231529951095,0.3897538781166076,-2.4204630851745605,0.1079161018133163,0.1120541989803314,-2.205195426940918,0.085157610476017,0.7179598212242126,-2.810954332351685,-5.756628513336182,2.595489025115967,0.9501900672912598,2.4738481044769287,0.654275119304657,-15.214862823486328,-2.295606851577759,1.124855637550354,-9.458234786987305,0.1746655404567718,0.9191004037857056,1,3.536424160003662,19.509281158447266,56.0,49.74431610107422,177.6247100830078,305.5050964355469,0.1082695871591568,0.4358346462249756,-2.490997314453125,3.838407516479492,0.2678819298744201,0.3204320669174194,0.3729822337627411,0.1051002889871597,23.045703887939453,120.42245,22.89995,1204_254
0.0791118890047073,0.4894925951957702,-2.9236769676208496,0.0614983811974525,0.225442349910736,-2.8286807537078857,0.0774521082639694,0.6979662179946899,-2.913998603820801,-6.746326446533203,2.6175787448883057,-0.6908468008041382,3.091284990310669,0.485142171382904,-9.9313325881958,-1.6617032289505005,0.3961666226387024,-3.1850056648254395,1.0870134830474854,0.0097616696730256,1,3.146355628967285,15.30453109741211,1188.0,58.42212677001953,199.9085235595703,341.3949279785156,0.0772337913513183,0.5072513222694397,-3.111100673675537,39.54526519775391,0.2931519448757171,0.3384490609169006,0.3837461769580841,0.0905942320823669,18.45088577270508,120.74275,23.60201,1207_262
0.0554949641227722,0.0784900933504104,-2.913112163543701,0.0488110445439815,-0.045517049729824,-2.9109835624694824,0.0361759178340435,0.390018492937088,-2.9435253143310547,-13.85709285736084,2.752058506011963,-1.2944364547729492,3.6633903980255127,0.0538205206394195,-15.530536651611328,-2.493237972259521,0.0637668371200561,-1.6734439134597778,1.3582032918930054,-0.6767305731773376,1,2.81221866607666,17.611072540283203,319.0,63.26001739501953,213.8228302001953,364.3856201171875,0.0454000048339366,0.2455179244279861,2.739542245864868,5.11007022857666,0.2991456985473633,0.3392252922058105,0.3793049156665802,0.0801592171192169,20.423290252685547,120.66332,23.0285,1206_255
0.1090722978115081,0.5559699535369873,-2.113288164138794,0.1120436117053031,0.2374952137470245,-1.8888583183288572,0.0492363981902599,0.8301754593849182,-2.772557258605957,-6.448315143585205,2.326491355895996,-0.1144101172685623,4.32735538482666,0.3649778664112091,-6.29700231552124,0.6572131514549255,-0.2930637300014496,0.1513125300407409,-0.1786536127328872,0.9818082451820374,1,3.2454774379730225,11.974542617797852,1807.0,94.85676574707033,179.14059448242188,263.4244079589844,0.1019074767827987,0.5290641784667969,-2.430993795394897,45.92363357543945,0.3477639257907867,0.3578404188156128,0.3679169118404388,0.0201529972255229,15.220020294189451,121.23425,24.08396,1212_267
0.109477587044239,0.5149481892585754,2.8629181385040283,0.1040650233626365,0.2459700405597686,2.7956995964050293,0.0808750167489051,0.7565402984619141,-3.0768110752105717,-6.231130123138428,2.4483795166015625,-0.1555667519569397,2.5848121643066406,0.6957392692565918,-14.050596237182615,-1.939336895942688,1.121962308883667,-7.819466590881348,1.277529001235962,-0.4480736255645752,1,3.461901903152466,19.9937801361084,41.0,42.2109375,182.3033599853516,322.3957824707031,0.0876201689243316,0.5084279179573059,2.955810785293579,1.0063010454177856,0.2555655241012573,0.3124996125698089,0.3694337010383606,0.1138681843876838,23.4556827545166,120.46252,22.84041,1204_253
0.1757577508687973,0.4847891330718994,-2.8766210079193115,0.1398602724075317,0.1918916255235672,-2.890256643295288,0.1353315412998199,0.7557203769683838,-2.825714349746704,-6.431606769561768,2.971974372863769,-0.7130769491195679,2.4491872787475586,0.6586241722106934,-17.589752197265625,-0.4828143715858459,-0.1133699268102645,-11.1581449508667,0.5997070074081421,-0.9130696654319764,1,3.1118202209472656,17.810518264770508,336.0,59.76025390625,200.3168487548828,340.8734436035156,0.115102544426918,0.4962427318096161,-2.9087603092193604,19.99203109741211,0.2879869341850281,0.3288847506046295,0.3697825670242309,0.0817956402897834,20.922338485717773,120.71536,22.68956,1207_252
0.0633893013000488,0.3146065175533294,-2.8165524005889893,0.0475570671260356,0.1169732585549354,-2.8016610145568848,0.0775395035743713,0.6011799573898315,3.0938475131988525,-8.864374160766602,2.545896053314209,0.573047935962677,2.914714813232422,0.6904206871986389,-14.245540618896484,-2.060369968414306,0.84869784116745,-5.381166934967041,0.2756498754024505,0.7723115682601929,1,2.81221866607666,17.611072540283203,323.0,63.26001739501953,213.8228302001953,364.3856201171875,0.0412833429872989,0.3770792782306671,-3.1045947074890137,2.110121488571167,0.2991456985473633,0.3392252922058105,0.3793049156665802,0.0801592171192169,20.423290252685547,120.66353,23.0297,1206_255
0.1262824386358261,0.4680942893028259,-2.871427297592163,0.1062946990132331,0.1944154500961303,-2.8264191150665283,0.0902338698506355,0.7366344928741455,-2.943657159805298,-5.392848491668701,2.7306602001190186,-0.8668172955513,2.4275171756744385,0.104874849319458,-15.352299690246582,-1.9691309928894043,0.2294828444719314,-9.95945167541504,1.0963001251220703,-0.7167425155639648,1,3.1118202209472656,17.810518264770508,917.0,59.76025390625,200.3168487548828,340.8734436035156,0.0825669914484024,0.4939027428627014,-2.9152960777282715,34.92453384399414,0.2879869341850281,0.3288847506046295,0.3697825670242309,0.0817956402897834,20.922338485717773,120.73299,22.69777,1207_252
0.1008354425430297,0.41651251912117,3.140390157699585,0.0827623307704925,0.1721309572458267,3.1260101795196533,0.1068247109651565,0.6672517657279968,-2.9154040813446045,-6.268772125244141,2.564891815185547,-0.8848901987075806,2.526163101196289,0.774911105632782,-15.100990295410156,-0.4420499205589294,-0.2563627958297729,-8.832218170166016,0.6285274028778076,0.8094333410263062,1,3.035642385482788,18.2084903717041,124.0,58.4616813659668,209.1888885498047,359.91607666015625,0.0884602516889572,0.4373618364334106,-3.0930349826812744,5.46701192855835,0.2859133183956146,0.3364288210868835,0.3869443535804748,0.1010310426354408,21.24413299560547,120.46957,23.25929,1204_258
0.1099544018507003,0.3974549472332001,3.132630586624145,0.0866984575986862,0.1491502672433853,3.046255588531494,0.1094150692224502,0.5284435153007507,2.9687700271606445,-6.625463485717773,2.792306423187256,0.1804520189762115,2.6254231929779053,0.8568357825279236,-14.036348342895508,-2.6608004570007324,0.5809260010719299,-7.410885334014893,0.4004740118980407,0.9431185126304626,1,3.722911834716797,19.798412322998047,44.0,46.478851318359375,172.9737091064453,299.46856689453125,0.0982665196061134,0.372006356716156,2.9677462577819824,3.537858009338379,0.2464741617441177,0.3014064729213714,0.3563387989997864,0.109864629805088,23.52132225036621,120.36155,22.77854,1203_253
0.1543753743171692,0.3102697432041168,-2.6462559700012207,0.1225399896502494,0.0782665461301803,-2.705655574798584,0.150034561753273,0.5576093196868896,-2.4783034324646,-6.173813343048096,2.8056154251098637,-0.4340738654136657,2.5663766860961914,0.815658688545227,-14.152252197265623,-1.890402913093567,0.5878098011016846,-7.978438854217529,1.0218836069107056,-0.4627688229084015,1,3.475185871124268,19.071674346923828,116.0,57.33665466308594,184.8936004638672,312.4505310058594,0.091506727039814,0.3448045253753662,-2.5336310863494877,8.167522430419922,0.3225462734699249,0.3646931648254394,0.406840056180954,0.0842937901616096,22.546859741210938,120.44362,23.23743,1204_258
0.0950728431344032,0.2838706970214844,-2.7865774631500244,0.0702537521719932,0.0851855725049972,-2.68866229057312,0.0960155427455902,0.5345619916915894,-2.807762622833252,-6.4008402824401855,3.3598759174346924,0.6519100666046143,2.3391833305358887,1.0345908403396606,-22.15152359008789,-2.297521114349365,1.6407077312469482,-15.750683784484863,0.988797664642334,0.8036540746688843,1,3.4827606678009038,19.1938533782959,75.0,54.204925537109375,183.6466522216797,313.08837890625,0.076411172747612,0.3309327960014343,-2.7968690395355225,19.690608978271484,0.2747484147548675,0.3243363797664642,0.3739243447780609,0.0991759225726127,22.67661476135254,120.41452,23.1333,1204_257
0.1641479730606079,0.4734440147876739,-2.7778170108795166,0.1359573900699615,0.1725023686885833,-2.7515909671783447,0.1141159832477569,0.7627121806144714,-2.6598875522613525,-6.74420690536499,2.7376468181610107,-0.1678490936756134,2.609708070755005,0.3132844567298889,-14.652185440063477,-1.7179301977157593,0.6336526274681091,-7.9079790115356445,0.8015017509460449,-0.7541730403900146,1,2.81221866607666,17.611072540283203,570.0,63.26001739501953,213.8228302001953,364.3856201171875,0.0944633781909942,0.4910885691642761,-2.7074620723724365,20.646053314208984,0.2991456985473633,0.3392252922058105,0.3793049156665802,0.0801592171192169,20.423290252685547,120.71315,22.95525,1207_255
0.0376834273338317,0.2452975660562515,2.8941845893859863,0.02634790353477,0.0844647660851478,2.938802719116211,0.0687758773565292,0.40983846783638,2.559602737426758,-5.936465263366699,2.85988712310791,0.0888606905937194,2.5314438343048096,0.1521095782518386,-14.272210121154783,-0.1093091443181037,-0.1875592619180679,-8.335744857788086,-0.2764199674129486,-0.0714329332113266,1,3.722911834716797,19.798412322998047,57.0,46.478851318359375,172.9737091064453,299.46856689453125,0.0359308458864688,0.2881275415420532,2.759434461593628,4.42369270324707,0.2464741617441177,0.3014064729213714,0.3563387989997864,0.109864629805088,23.52132225036621,120.35514,22.84283,1203_253
0.1308487951755523,0.4990865886211395,-2.8793158531188965,0.1079142242670059,0.2184769958257675,-2.876307964324951,0.0985810086131095,0.7463847398757935,-2.939194440841675,-6.713420867919922,2.751767873764038,-0.6958178281784058,3.936894416809082,0.4598765671253204,-7.380410194396973,-1.3434923887252808,0.4676491916179657,-0.6669893860816956,1.1634669303894043,0.9346163272857666,1,2.7318122386932373,15.664743423461914,861.0,82.315673828125,216.1943817138672,350.0730895996094,0.0999990627169609,0.5236464738845825,-3.083195209503174,41.815528869628906,0.3312493860721588,0.3525575399398803,0.3738656640052795,0.0426162853837013,18.39655494689941,120.76545,22.76328,1207_252
0.1571685969829559,0.4686025977134704,-3.04168438911438,0.1474122703075409,0.2075777202844619,-3.0532331466674805,0.0942576825618743,0.729992151260376,3.038057327270508,-5.507046699523926,2.5161025524139404,-0.0871821939945221,2.43545150756836,0.450557142496109,-15.49250316619873,-1.1738990545272827,0.3355477750301361,-9.985456466674805,0.4227299690246582,-0.9858981966972352,1,3.752830266952514,18.456031799316406,516.0,47.82228469848633,156.79234313964844,265.7624206542969,0.1095728799700737,0.5193883180618286,3.077674150466919,29.72123146057129,0.3414438366889953,0.3746328949928283,0.4078219532966614,0.0663781315088272,22.208860397338867,120.6805,22.35071,1206_248
0.1035171002149581,0.5490602850914001,2.8032360076904297,0.0799685791134834,0.3003896474838257,2.7953591346740723,0.102146066725254,0.8064887523651123,2.7780749797821045,-6.3989667892456055,2.682581663131714,-0.7630136013031006,2.5284762382507324,0.5060529112815857,-15.42031478881836,-2.151357889175415,0.6240984201431274,-9.021347999572754,1.387112021446228,0.7833824753761292,1,2.810887098312378,17.49132537841797,332.0,65.46480560302734,219.4438323974609,373.4228820800781,0.0900976806879043,0.5693027973175049,2.672181367874145,8.163084983825684,0.3867454528808594,0.4197625815868377,0.4527797102928161,0.0660342648625373,20.30221176147461,120.66781,23.05723,1206_256
0.0854405537247657,0.4494789540767669,-2.8885574340820312,0.0822635665535926,0.2221630811691284,-2.869590997695923,0.0703256875276565,0.7145247459411621,-2.9121482372283936,-5.632532596588135,2.6617772579193115,-0.177209123969078,2.5366034507751465,0.4095043241977691,-13.495468139648438,-3.085062265396118,0.4438195824623108,-7.862935543060303,0.62102872133255,0.7752004861831665,1,2.976447820663452,18.634151458740234,208.0,46.68815612792969,208.61204528808597,370.5359497070313,0.0622604340314865,0.4627061784267425,-3.037327527999878,4.214715957641602,0.3631727695465088,0.4080788791179657,0.452985018491745,0.0898122489452362,21.610599517822266,120.55983,23.05519,1205_256
0.1358467042446136,0.4554722607135772,2.9258689880371094,0.0979027822613716,0.1837368756532669,2.921222925186157,0.122307650744915,0.6629318594932556,2.855933666229248,-7.019016265869141,2.8625082969665527,0.5159655213356018,2.5386855602264404,0.8984588384628296,-17.03327178955078,-1.9381369352340696,1.2609469890594482,-10.014256477355955,0.7449814677238464,-0.7195301651954651,1,3.198816537857056,19.006488800048828,102.0,47.86428451538086,192.8312225341797,337.79815673828125,0.0960313901305198,0.4673314392566681,2.806278705596924,11.527298927307127,0.3649422824382782,0.4101694226264953,0.4553965926170349,0.0904543250799179,22.205305099487305,120.45569,22.96754,1204_255
0.0719633102416992,0.1662336587905883,-2.519972801208496,0.0498460493981838,0.0110898483544588,-2.385321140289306,0.0760195851325988,0.292110413312912,-2.6559743881225586,-7.168879508972168,2.522956609725952,0.8113167881965637,2.643016576766968,1.4236372709274292,-15.096153259277344,-1.7949920892715454,1.5387011766433716,-7.927274227142334,0.7273843884468079,0.3940467238426208,1,3.536424160003662,19.509281158447266,89.0,49.74431610107422,177.6247100830078,305.5050964355469,0.0417503342032432,0.2127712368965149,-2.682295083999634,5.897284030914307,0.2678819298744201,0.3204320669174194,0.3729822337627411,0.1051002889871597,23.045703887939453,120.44057,22.92504,1204_254
0.0690479576587677,0.5409227013587952,-3.014822483062744,0.0655787289142608,0.2535438537597656,-3.110349416732788,0.0775301530957222,0.7477902770042419,-2.69912052154541,-5.8567795753479,2.7922184467315674,-0.3165594637393951,2.501866340637207,0.468921422958374,-14.804424285888672,-1.862620234489441,0.4964470565319061,-8.947644233703613,0.8130065202713013,0.3371590077877044,1,3.475185871124268,19.071674346923828,116.0,57.33665466308594,184.8936004638672,312.4505310058594,0.0767359808087349,0.5086770057678223,-2.8603720664978027,14.744606018066406,0.3225462734699249,0.3646931648254394,0.406840056180954,0.0842937901616096,22.546859741210938,120.43999,23.24109,1204_258
0.2015288770198822,0.4020324349403381,-2.9102795124053955,0.1732099205255508,0.1404978334903717,-2.900240182876587,0.1432339549064636,0.697841227054596,-2.933680772781372,-6.34934663772583,3.0068726539611816,0.4778304696083069,2.526423215866089,1.3208452463150024,-15.254915237426758,-2.8881633281707764,1.2179681062698364,-8.905569076538086,0.7401375770568848,0.9250439405441284,1,3.722911834716797,19.798412322998047,68.0,46.478851318359375,172.9737091064453,299.46856689453125,0.1168914064764976,0.4578076303005218,-2.958016395568848,6.835289001464844,0.2464741617441177,0.3014064729213714,0.3563387989997864,0.109864629805088,23.52132225036621,120.37686,22.81487,1203_253
0.0394967384636402,0.3091785311698913,-2.9306232929229736,0.0361490175127983,0.1553734987974167,-2.991459846496582,0.0118046551942825,0.5596694350242615,-2.7338552474975586,-4.529187679290772,2.6504366397857666,-0.2734856307506561,2.436864852905273,0.200700357556343,-12.86790657043457,-1.0710406303405762,0.4600496292114258,-8.33871841430664,0.7335352301597595,1.0,1,3.722911834716797,19.798412322998047,328.0,46.478851318359375,172.9737091064453,299.46856689453125,0.0217690486460924,0.3858527243137359,-2.8241283893585205,2.7802884578704834,0.2464741617441177,0.3014064729213714,0.3563387989997864,0.109864629805088,23.52132225036621,120.42473,22.81732,1204_253
0.070417046546936,0.351594865322113,-2.9380056858062744,0.0477035045623779,0.1296639442443847,-2.9741196632385254,0.0506515987217426,0.6203503012657166,3.067139148712158,-6.11423921585083,2.818599224090576,0.3272361159324646,2.560896158218384,0.2027453333139419,-14.1539306640625,-1.881773829460144,0.4494940936565399,-8.039690971374512,0.1222580000758171,-0.6165115237236023,1,3.46696138381958,19.30820083618164,112.0,52.15351867675781,181.96653747558597,311.779541015625,0.0433780252933502,0.3917987644672394,-3.1028730869293213,8.463142395019531,0.2974051535129547,0.3480840027332306,0.3987628221511841,0.1013576835393905,22.775161743164062,120.44814,22.9609,1204_255
0.0775719657540321,0.1845079213380813,-2.651528596878052,0.0630621388554573,-0.0048865308053791,-2.328981637954712,0.0650581642985344,0.4211960732936859,-2.7962183952331543,-4.877828121185303,2.353776454925537,-0.1769750267267227,2.9981143474578857,0.6490511298179626,-7.516689300537109,3.137834072113037,0.3631370365619659,-2.6388609409332275,0.5401120781898499,-0.9627588391304016,1,2.976447820663452,18.634151458740234,259.0,46.68815612792969,208.61204528808597,370.5359497070313,0.0499738454818725,0.2947610318660736,-2.583932638168335,13.373269081115724,0.3631727695465088,0.4080788791179657,0.452985018491745,0.0898122489452362,21.610599517822266,120.59009,23.08149,1205_256
0.0864270851016044,0.5216732025146484,2.936659336090088,0.069726787507534,0.2507398426532745,2.88523530960083,0.077348954975605,0.7774420976638794,-3.1126766204833984,-7.313429355621338,2.1233174800872803,0.1638970226049423,3.080850124359131,0.7423494458198547,-10.607789993286133,-1.5064101219177246,0.7239395380020142,-3.294360399246216,0.5600425004959106,-0.1429940313100814,1,2.870518207550049,18.040603637695312,282.0,61.45972442626953,207.39573669433597,353.3317565917969,0.0775492638349533,0.5355508923530579,2.9440479278564453,20.375652313232425,0.2969100475311279,0.3366179764270782,0.3763259351253509,0.079415887594223,20.911121368408203,120.68257,22.9092,1206_254
0.0308186374604702,0.6127490997314453,3.1002352237701416,0.025912307202816,0.3516371250152588,2.4274699687957764,0.0439537949860096,0.8009462356567383,3.0834710597991943,-6.605600833892822,2.7384274005889893,-0.0795220658183097,3.0671286582946777,0.5674598813056946,-10.011353492736816,-1.6745948791503906,0.8258674144744873,-3.405752420425415,0.9053894877433776,0.5377202033996582,1,4.0019636154174805,19.990583419799805,476.0,43.53074645996094,145.16754150390625,246.8043365478516,0.0483272671699523,0.5782642960548401,2.982759475708008,23.43784523010254,0.2452889084815979,0.2783414721488952,0.3113940060138702,0.0661051124334335,23.9925479888916,120.76387,22.23258,1207_247
0.0799986273050308,0.1623402833938598,-2.272305011749268,0.0581377334892749,0.0027245599776506,-2.1692159175872803,0.0777933597564697,0.3773940205574035,2.6494460105896,-5.972359657287598,2.3671278953552246,0.0602090507745742,2.746526002883911,0.3836639523506164,-11.315871238708496,-1.1395165920257568,0.2190231084823608,-5.343512058258057,0.1588140577077865,0.9979494214057922,1,3.573415994644165,19.65044593811035,66.0,38.98667144775391,181.1106109619141,323.23455810546875,0.0463478304445743,0.2494648545980453,-2.7432351112365723,8.445757865905762,0.242096796631813,0.2994177043437958,0.3567386269569397,0.1146418303251266,23.223861694335938,120.62864,22.6426,1206_251
0.041804701089859,0.5602537989616394,-2.913294076919556,0.0427051223814487,0.2873210310935974,2.858058452606201,0.0393541678786277,0.7462130188941956,-2.8566596508026123,-6.517313480377197,3.8267359733581534,-0.6659601330757141,2.4029130935668945,0.8074655532836914,-19.212526321411133,-0.0478029437363147,-0.7726210355758667,-12.695212364196776,-0.1066609323024749,0.9190003275871276,1,2.742547512054444,18.818065643310547,218.0,155.39573669433594,240.3304901123047,325.2652282714844,0.0359311364591121,0.5311300158500671,2.8664543628692627,30.906776428222656,0.4733364582061767,0.4565293788909912,0.439722329378128,-0.0336141251027584,21.56061363220215,121.03318,22.71779,1210_252
0.1593777239322662,0.3749050796031952,-2.8127870559692383,0.131256103515625,0.1641964167356491,-2.6978087425231934,0.1748771667480468,0.6452299356460571,-2.8928072452545166,-6.471714019775391,2.654005765914917,-0.1516265124082565,2.6246349811553955,0.577089786529541,-13.846875190734863,-1.4304126501083374,0.5927575826644897,-7.375161170959473,0.7443841099739075,-0.1299926489591598,1,3.198816537857056,19.006488800048828,123.0,47.86428451538086,192.8312225341797,337.79815673828125,0.1211131140589714,0.4326332807540893,-2.839635372161865,11.281024932861328,0.3649422824382782,0.4101694226264953,0.4553965926170349,0.0904543250799179,22.205305099487305,120.47394,23.0212,1204_255
0.1674382239580154,0.4171893298625946,-3.0379180908203125,0.1266468316316604,0.1425428688526153,-3.0411620140075684,0.1764233410358429,0.6116553544998169,-2.9891371726989746,-5.33807897567749,2.5959837436676025,-1.1060742139816284,2.2935307025909424,0.4124139547348022,-20.78982925415039,0.4271720945835113,-0.5339363217353821,-15.45175075531006,0.5721378922462463,-0.546902596950531,1,3.2455151081085205,19.396120071411133,197.0,45.309226989746094,186.3233337402344,327.33746337890625,0.1333170533180236,0.4305360615253448,3.134953498840332,23.95172119140625,0.2840933203697204,0.3382332324981689,0.3923731446266174,0.1082798317074775,22.64163589477539,120.48705,22.94804,1204_254
0.068788506090641,0.0919795855879783,-2.7228944301605225,0.0440440475940704,-0.0447243005037307,3.083760023117065,0.0725117772817611,0.2423250824213028,-2.8336730003356934,-6.694065093994141,2.898290634155273,-0.8076385855674744,2.430584192276001,0.9676718711853028,-18.947235107421875,-1.2839524745941162,0.8529981374740601,-12.25317096710205,1.6606367826461792,-0.5984600782394409,1,3.475185871124268,19.071674346923828,185.0,57.33665466308594,184.8936004638672,312.4505310058594,0.047730728983879,0.1692942678928375,-2.892392158508301,13.648222923278809,0.3225462734699249,0.3646931648254394,0.406840056180954,0.0842937901616096,22.546859741210938,120.43369,23.17767,1204_257
0.0485573709011077,0.6380241513252258,2.70206069946289,0.0617894120514392,0.3734521269798279,2.228759765625,0.0578616820275783,0.7980526089668274,-3.006817579269409,-6.131356716156006,2.9580864906311035,-1.4613926410675049,2.44344162940979,0.509449303150177,-16.981342315673828,1.6086779832839966,-0.7514521479606628,-10.849985122680664,0.709940493106842,0.8872680068016052,1,3.9791316986083984,20.506502151489254,214.0,42.61661529541016,142.66981506347656,242.7230224609375,0.0587878264486789,0.6063149571418762,2.594183921813965,23.916410446166992,0.3538478016853332,0.386587381362915,0.4193269610404968,0.0654791593551635,24.485633850097656,120.81828,22.09393,1208_245
0.0724835991859436,0.3298202455043793,2.308333396911621,0.0283421445637941,0.0347575955092906,-2.2899937629699707,0.2113208919763565,0.5787865519523621,1.83118200302124,-7.459782123565674,2.3780460357666016,0.4542343616485595,7.48323917388916,0.3948355317115783,-6.177536010742188,-1.7495765686035156,0.6041238903999329,1.2822461128234863,0.1498895585536956,-0.830361008644104,1,2.675235748291016,14.979241371154783,1228.0,81.30682373046875,219.78070068359372,358.25457763671875,0.1401083320379257,0.4342718720436096,1.877055525779724,29.24517059326172,0.3262604773044586,0.3498724102973938,0.3734843134880066,0.0472238436341285,17.654476165771484,120.77175,22.88017,1207_254
0.0462631173431873,-0.1269456297159195,2.0228075981140137,0.0397503413259983,-0.1649392992258072,1.977626919746399,0.016762625426054,0.103885531425476,-2.83049750328064,-7.124020099639893,3.5904197692871094,0.1572775989770889,2.471554756164551,0.289768785238266,-18.821483612060547,-0.2712360322475433,-0.0299533884972333,-11.697463989257812,-0.1872309893369674,1.0,1,4.001287937164307,19.499868392944336,3.0,37.88169479370117,142.28164672851562,246.6815948486328,0.0390062481164932,-0.0927724540233612,2.068345308303833,0.9274099469184875,0.3080366253852844,0.3500909209251404,0.3921452164649963,0.0841085985302925,23.501155853271484,120.65137,22.25912,1206_247
0.2109883427619934,0.2064566016197204,-2.8343515396118164,0.1518014222383499,-0.0185403395444154,-2.848083734512329,0.170948177576065,0.4553858041763305,-2.879579305648804,-5.5095038414001465,2.5295233726501465,0.4267469048500061,2.4624338150024414,1.6714309453964231,-14.981332778930664,-2.4902353286743164,2.1287178993225098,-9.471829414367676,1.7019710540771484,0.0216997563838958,1,3.2455151081085205,19.396120071411133,101.0,45.309226989746094,186.3233337402344,327.33746337890625,0.1172742769122123,0.3085320889949798,-2.8772757053375244,7.532105922698975,0.2840933203697204,0.3382332324981689,0.3923731446266174,0.1082798317074775,22.64163589477539,120.45338,22.86918,1204_254
0.0552435293793678,0.2146150320768356,2.485245704650879,0.0431608408689498,0.0346317440271377,2.322948694229126,0.0616362988948822,0.3574850261211395,-3.1346635818481445,-6.822216033935547,2.7374613285064697,0.1445859968662262,2.5230190753936768,0.9323704838752748,-16.400787353515625,-2.5308423042297363,1.206225037574768,-9.578572273254396,1.0616389513015747,-0.5984600782394409,1,3.722911834716797,19.798412322998047,66.0,46.478851318359375,172.9737091064453,299.46856689453125,0.0495512932538986,0.2748557031154632,2.467867851257324,0.9274099469184875,0.2464741617441177,0.3014064729213714,0.3563387989997864,0.109864629805088,23.52132225036621,120.38385,22.77834,1203_253
0.1628290116786956,0.4676947891712188,-2.9847512245178223,0.1448479443788528,0.1757080107927322,-2.979861259460449,0.1172496080398559,0.7329991459846497,-3.051732301712036,-5.562396049499512,2.7549214363098145,0.1285420507192611,2.3543171882629395,0.4099779427051544,-18.513525009155277,-2.6068177223205566,0.4066782891750335,-12.951129913330078,0.2781362533569336,-0.6218034625053406,1,3.1118202209472656,17.810518264770508,586.0,59.76025390625,200.3168487548828,340.8734436035156,0.102464772760868,0.4846880733966827,-3.009923219680786,24.643184661865234,0.2879869341850281,0.3288847506046295,0.3697825670242309,0.0817956402897834,20.922338485717773,120.70414,22.68455,1207_252
0.0339995361864566,0.1907280087471008,2.4167160987854004,0.0290437825024127,0.0573291927576065,2.0113184452056885,0.0234185196459293,0.0450633279979229,1.631244659423828,-5.5532755851745605,2.6909754276275635,-0.6494521498680115,2.422327995300293,0.8352695107460022,-16.167133331298828,0.0271977186203002,-0.6270101070404053,-10.61385726928711,0.0224420391023159,0.8586366176605225,1,3.300032377243042,16.8581485748291,570.0,57.14727783203125,189.42144775390625,321.69561767578125,0.0323222428560256,0.1409792453050613,1.6681852340698242,11.913423538208008,0.322169691324234,0.3644704818725586,0.4067713022232055,0.0846015959978103,20.158180236816406,120.8842,23.94545,1208_266
0.069184124469757,0.5907926559448242,2.6130688190460205,0.0797280743718147,0.3192470073699951,2.4513230323791504,0.0906987264752388,0.7699945569038391,2.7499356269836426,-7.0567626953125,2.9784650802612305,-0.6347602605819702,3.2869873046875,0.2968136668205261,-9.438944816589355,-2.2129223346710205,0.2279908955097198,-2.3821821212768555,0.8627511858940125,-0.8507005572319031,1,3.9791316986083984,20.506502151489254,197.0,42.61661529541016,142.66981506347656,242.7230224609375,0.0863806530833244,0.5572183728218079,2.6326870918273926,15.470779418945312,0.3538478016853332,0.386587381362915,0.4193269610404968,0.0654791593551635,24.485633850097656,120.7887,22.10559,1207_245
0.0478130280971527,0.1539146155118942,-2.946013927459717,0.0247687678784132,0.0308531299233436,-3.0420472621917725,0.0611103288829326,0.1985089629888534,-3.0897998809814453,-7.997396945953369,2.820336103439331,0.8351747989654541,2.588327169418335,1.108370065689087,-17.6213436126709,-2.150947570800781,1.28158438205719,-9.623946189880373,0.4464095532894134,-0.0821921825408935,1,3.461901903152466,19.9937801361084,34.0,42.2109375,182.3033599853516,322.3957824707031,0.0328494124114513,0.1555085629224777,2.96291184425354,8.791728019714355,0.2555655241012573,0.3124996125698089,0.3694337010383606,0.1138681843876838,23.4556827545166,120.45078,22.77529,1204_253
0.1309737116098404,0.200104609131813,-2.8111698627471924,0.086868792772293,0.0069089508615434,-2.8458240032196045,0.1288686543703079,0.2703982293605804,-2.6773784160614014,-7.340254783630371,2.830360174179077,-0.3287912607192993,2.7138326168060303,1.2186806201934814,-14.248726844787598,-2.851681709289551,1.4815860986709597,-6.908472061157227,1.8103773593902588,-0.8212816119194031,1,3.722911834716797,19.798412322998047,52.0,46.478851318359375,172.9737091064453,299.46856689453125,0.0992962196469307,0.2373808473348617,-2.9969072341918945,13.953636169433594,0.2464741617441177,0.3014064729213714,0.3563387989997864,0.109864629805088,23.52132225036621,120.39446,22.84078,1203_253
0.0421099252998828,0.0299034267663955,-2.919697999954224,0.029714111238718,-0.0916874259710311,-2.942901849746704,0.0680192187428474,0.3317376375198364,3.050524473190308,-5.526534080505371,3.8051702976226807,-1.982918381690979,2.275418758392334,0.5921149849891663,-22.5456600189209,1.2624549865722656,-0.7126432657241821,-17.01912498474121,1.2702751159667969,-0.4480736255645752,1,3.017175912857056,18.977781295776367,201.0,47.843223571777344,202.1314697265625,356.4197082519531,0.0498814843595027,0.2215912193059921,2.8704912662506104,14.776473999023438,0.3219666182994842,0.3693627119064331,0.4167588055133819,0.0947921797633171,21.99495887756348,120.58699,22.99289,1205_255
0.0765494406223297,0.4012935757637024,2.2727150917053223,0.0799091383814811,0.2412000596523285,2.186014175415039,0.0792005062103271,0.6225167512893677,2.5477919578552246,-6.770564079284668,3.0340912342071533,0.0469990707933902,2.558734893798828,0.4732652306556701,-15.582944869995115,-0.6033289432525635,0.1976698935031891,-8.81238079071045,0.1506708264350891,-0.7878589630126953,1,3.208843946456909,18.59105491638184,20.0,83.44465637207031,194.07162475585935,304.6986083984375,0.0928597822785377,0.4211832582950592,2.198277473449707,4.113168239593506,0.4150266051292419,0.4219680726528168,0.4289095103740692,0.0138829052448272,21.799898147583008,120.93962,22.46081,1209_249
0.1415027827024459,0.5758265852928162,3.080376625061035,0.1212809756398201,0.3043614029884338,3.084477424621582,0.129342034459114,0.7976006865501404,2.996701717376709,-5.99495267868042,3.088970422744751,-0.1461983472108841,2.364586591720581,0.6510642170906067,-19.53536605834961,2.163281917572021,-0.2915078699588775,-13.540413856506348,-0.1453095078468322,-0.1774610430002212,1,4.0019636154174805,19.990583419799805,303.0,43.53074645996094,145.16754150390625,246.8043365478516,0.1185595393180847,0.5903023481369019,2.915014266967773,24.195199966430664,0.2452889084815979,0.2783414721488952,0.3113940060138702,0.0661051124334335,23.9925479888916,120.76804,22.19781,1207_246
0.104447141289711,0.5057337284088135,2.547889232635498,0.0944801345467567,0.2264129519462585,2.6207194328308105,0.0757957175374031,0.7745423913002014,2.1282706260681152,-6.692928791046143,2.9449963569641118,-0.3412319123744964,2.5210094451904297,0.7352923154830933,-16.361726760864258,-1.6932237148284912,0.7964114546775818,-9.668797492980955,1.137643337249756,0.1676671952009201,1,2.870518207550049,18.040603637695312,985.0,61.45972442626953,207.39573669433597,353.3317565917969,0.0991093218326568,0.5438153147697449,2.338541269302368,10.28719997406006,0.2969100475311279,0.3366179764270782,0.3763259351253509,0.079415887594223,20.911121368408203,120.70782,22.8856,1207_254
0.1796862185001373,0.3534390926361084,3.092437267303467,0.139979213476181,0.1239018663764,3.105818033218384,0.1819018423557281,0.6386604309082031,2.9467146396636963,-7.298349380493164,3.2058379650115967,-0.7771405577659607,2.8653218746185303,1.1176798343658447,-12.624266624450684,-2.896928310394287,0.9907033443450928,-5.32591724395752,1.7678439617156982,0.9843819737434388,1,3.722911834716797,19.798412322998047,69.0,46.478851318359375,172.9737091064453,299.46856689453125,0.1496278941631317,0.4165679216384887,3.015366077423096,6.016571998596191,0.2464741617441177,0.3014064729213714,0.3563387989997864,0.109864629805088,23.52132225036621,120.38371,22.84863,1203_253
0.0875359028577804,0.5535870790481567,3.107447385787964,0.0770805031061172,0.2658913433551788,2.9799928665161133,0.0863190218806266,0.7530761957168579,-2.844083786010742,-6.798140525817871,2.616860866546631,-0.11707803606987,2.857969045639038,0.426561176776886,-11.590659141540527,-2.15216326713562,0.4581433832645416,-4.792518615722656,0.5752214193344116,-0.6362659335136414,1,3.0848193168640137,18.56361389160156,138.0,60.95082092285156,226.845703125,392.7406005859375,0.0788208246231079,0.5356148481369019,3.135449171066284,12.76455783843994,0.338410347700119,0.3812448382377624,0.4240793585777282,0.0856690034270286,21.6484317779541,120.48685,23.35647,1204_259
0.0714106708765029,0.5748357772827148,2.9397873878479004,0.0671339258551597,0.2788223922252655,2.715301036834717,0.0789743512868881,0.764901340007782,-2.7116453647613525,-6.756432056427002,2.653416633605957,0.9736865758895874,2.686816692352295,1.2271376848220823,-13.385589599609377,-1.5580658912658691,1.4829895496368408,-6.629157543182373,0.5093029737472534,0.8055985569953918,1,3.475185871124268,19.071674346923828,94.0,57.33665466308594,184.8936004638672,312.4505310058594,0.0701038688421249,0.5025262236595154,3.0282092094421387,2.2205278873443604,0.3225462734699249,0.3646931648254394,0.406840056180954,0.0842937901616096,22.546859741210938,120.44681,23.23925,1204_258
0.0959359183907508,0.3786104023456573,2.638134717941284,0.0792105346918106,0.1366656273603439,2.46948766708374,0.08507090061903,0.6027894616127014,2.844558000564575,-6.221575736999512,2.3726954460144043,0.5970603227615356,2.7615649700164795,0.4757279455661773,-11.502313613891602,-1.6769461631774902,0.5898867249488831,-5.28073787689209,-0.0071736252866685,0.9953193068504332,1,3.130266666412353,18.323156356811523,131.0,53.406494140625,200.52294921875,347.639404296875,0.074743278324604,0.4290264844894409,2.476206064224243,13.921823501586914,0.3256750404834747,0.3720595836639404,0.4184441268444061,0.0927691012620925,21.45342254638672,120.47986,23.21075,1204_257
0.1378807574510574,0.4488875567913055,-2.9776723384857178,0.1146579906344413,0.1729480773210525,-2.980048179626465,0.1076304540038108,0.7209144234657288,-2.918841600418091,-6.842109680175781,2.8791935443878174,-0.7901220917701721,2.479810953140259,0.7888110280036926,-17.75072479248047,-1.8011080026626587,0.9042789936065674,-10.908614158630373,1.6944010257720947,-0.8444151282310486,1,3.130266666412353,18.323156356811523,152.0,53.406494140625,200.52294921875,347.639404296875,0.0825512185692787,0.4698132872581482,-3.13462495803833,24.88088607788086,0.3256750404834747,0.3720595836639404,0.4184441268444061,0.0927691012620925,21.45342254638672,120.49004,23.20075,1204_257
0.1471172869205474,0.2763488888740539,-3.017185688018799,0.111745648086071,0.0711331665515899,3.1305105686187744,0.1571182608604431,0.4434445202350616,-2.854161739349365,-6.53016471862793,2.8393921852111816,-0.499589204788208,2.9018478393554688,1.0569050312042236,-10.852716445922852,-2.015134334564209,1.2015764713287354,-4.322551727294922,1.7011656761169434,0.8925351500511169,1,3.536424160003662,19.509281158447266,164.0,49.74431610107422,177.6247100830078,305.5050964355469,0.1200016587972641,0.3149875998497009,-3.034559726715088,14.524625778198242,0.2678819298744201,0.3204320669174194,0.3729822337627411,0.1051002889871597,23.045703887939453,120.42548,22.94956,1204_254
0.1996547281742096,0.2537297308444977,-2.908270835876465,0.1426291912794113,0.0080675203353166,-2.9166836738586426,0.1860605776309967,0.4426825940608978,-2.9216203689575195,-6.018961429595947,3.258483409881592,-0.4744245409965515,2.3391332626342773,0.4560166597366333,-20.78986549377441,-0.8142313957214355,0.2938396334648132,-14.770903587341309,0.7682641744613647,-0.5789157152175903,1,3.722911834716797,19.798412322998047,201.0,46.478851318359375,172.9737091064453,299.46856689453125,0.122525654733181,0.3106552064418793,-2.971144437789917,24.935148239135746,0.2464741617441177,0.3014064729213714,0.3563387989997864,0.109864629805088,23.52132225036621,120.43201,22.81791,1204_253
0.1466393172740936,0.2467038184404373,2.897543668746948,0.1146150082349777,0.0694713667035102,2.9052109718322754,0.1597691774368286,0.4979660511016845,3.0256600379943848,-6.180124282836914,2.974257707595825,-0.1710927486419677,2.471771001815796,0.2327412366867065,-16.330650329589844,-2.6120548248291016,0.786303699016571,-10.150525093078612,0.9573964476585388,-0.8625136613845825,1,3.722911834716797,19.798412322998047,58.0,46.478851318359375,172.9737091064453,299.46856689453125,0.1112046912312507,0.3053446412086487,2.745436191558838,3.838292121887207,0.2464741617441177,0.3014064729213714,0.3563387989997864,0.109864629805088,23.52132225036621,120.35981,22.84014,1203_253
0.0702549517154693,0.3508595526218414,-2.4621756076812744,0.0503406189382076,0.1295545995235443,-2.171478271484375,0.08162372559309,0.5958759188652039,-2.302811861038208,-3.426108837127685,2.5370678901672363,0.4385134875774383,2.4786970615386963,0.8546561002731323,-9.45186996459961,-2.5194990634918213,1.0806031227111816,-6.025761127471924,0.6420896053314209,-0.7766050696372986,1,3.46696138381958,19.30820083618164,60.0,52.15351867675781,181.96653747558597,311.779541015625,0.0565059557557106,0.4275895357131958,-2.4572343826293945,2.217794179916382,0.2974051535129547,0.3480840027332306,0.3987628221511841,0.1013576835393905,22.775161743164062,120.42172,23.03895,1204_255
0.1322658061981201,0.1583422571420669,-2.32578706741333,0.0878137126564979,-0.031507920473814,-2.1509904861450195,0.1117676943540573,0.4877776801586151,-2.503350257873535,-7.388730525970459,2.828444719314575,1.515430569648743,2.5298867225646973,2.296106576919556,-17.592741012573242,-2.2503790855407715,2.9467501640319824,-10.20401096343994,1.4313194751739502,-0.045412540435791,1,3.017175912857056,18.977781295776367,148.0,47.843223571777344,202.1314697265625,356.4197082519531,0.0629956200718879,0.3117563724517822,-2.660378932952881,4.428047180175781,0.3219666182994842,0.3693627119064331,0.4167588055133819,0.0947921797633171,21.99495887756348,120.56837,23.0051,1205_255
0.1751748174428939,0.4740801453590393,-2.893838167190552,0.1513351202011108,0.1866146028041839,-2.824726819992065,0.1358899772167205,0.7405482530593872,-2.9636459350585938,-5.934073448181152,2.858198404312134,0.0019217118388041,2.732935667037964,0.3322246670722961,-11.341805458068848,-2.4069981575012207,0.3716349005699157,-5.407732009887695,0.3697132170200348,0.6318296790122986,1,3.30648136138916,17.507661819458008,215.0,57.69468307495117,193.77220153808597,329.8497009277344,0.1173597127199173,0.5013054013252258,-3.005852699279785,17.964231491088867,0.2798152565956116,0.3210102319717407,0.3622051775455475,0.0823899284005165,20.81414222717285,120.66566,22.56491,1206_250
0.2329869568347931,0.3834631443023681,-2.840837001800537,0.1921334862709045,0.1160409599542617,-2.80604887008667,0.2113304883241653,0.6573315858840942,-2.9141762256622314,-5.012788772583008,2.8746049404144287,-0.9018646478652954,2.4336843490600586,0.3011869192123413,-14.151126861572266,-0.3515276312828064,-0.103188931941986,-9.138338088989258,0.7986757159233093,-0.588946521282196,1,3.2455151081085205,19.396120071411133,67.0,45.309226989746094,186.3233337402344,327.33746337890625,0.1651127785444259,0.4333033263683319,-2.8861687183380127,11.44386100769043,0.2840933203697204,0.3382332324981689,0.3923731446266174,0.1082798317074775,22.64163589477539,120.45749,22.86539,1204_254
0.0311831105500459,0.1132317185401916,-2.673762321472168,0.0191299114376306,0.0174198355525732,-2.7136967182159424,0.0405710972845554,0.2116287499666214,2.9494788646698,-4.968072414398193,2.9054160118103027,0.5022897124290466,2.668593406677246,0.7703670859336853,-10.245662689208984,-2.3306806087493896,0.9151017069816588,-5.277589797973633,0.4128119647502899,0.4023272395133972,1,2.870518207550049,18.040603637695312,445.0,61.45972442626953,207.39573669433597,353.3317565917969,0.0167704746127128,0.1790120303630828,2.5182011127471924,1.368729829788208,0.2969100475311279,0.3366179764270782,0.3763259351253509,0.079415887594223,20.911121368408203,120.71489,22.91071,1207_254
0.153401494026184,0.4926848113536834,-3.096380710601806,0.1334452927112579,0.2152847349643707,-3.0971620082855225,0.1085297912359237,0.7345291972160339,-2.90002179145813,-6.121161937713623,3.141908884048462,-0.5903328061103821,2.379837989807129,0.6218894720077515,-19.15211677551269,-2.2088847160339355,0.8873660564422607,-13.03095531463623,1.4776989221572876,0.2649890184402466,1,2.959760904312134,18.204805374145508,857.0,61.44756317138672,203.71165466308597,345.9757385253906,0.1010135114192962,0.5188751220703125,-3.073673725128174,32.72660827636719,0.3000304698944092,0.3380650281906128,0.376099556684494,0.0760690793395042,21.16456794738769,120.69977,22.76319,1206_252
0.0838959366083145,0.3093366324901581,3.018218278884888,0.0663958489894867,0.0926041156053543,2.886359691619873,0.0900482758879661,0.5190000534057617,-3.095177412033081,-6.392580032348633,2.816633939743042,-0.2923602759838104,2.518754482269287,0.6030950546264648,-15.631579399108888,-1.633847713470459,0.7337771058082581,-9.238999366760254,1.026137351989746,0.4043629169464111,1,2.976447820663452,18.634151458740234,339.0,46.68815612792969,208.61204528808597,370.5359497070313,0.0634689107537269,0.4029541313648224,2.7909741401672363,4.887454032897949,0.3631727695465088,0.4080788791179657,0.452985018491745,0.0898122489452362,21.610599517822266,120.59529,23.07296,1205_256
0.0731436684727668,0.2537045180797577,-2.7884225845336914,0.0541407018899917,0.0514878295361995,-2.899770021438598,0.0902604386210441,0.4124738574028015,-2.90535044670105,-7.180621147155762,2.592012643814087,0.612187922000885,2.6796932220458984,0.9811919331550598,-14.236310005187988,-2.141201972961426,1.3270761966705322,-7.055688858032227,0.7148882746696472,0.795203447341919,1,4.060549259185791,20.72430229187012,11.0,37.27758026123047,137.96820068359375,238.6588287353516,0.0576517581939697,0.220671609044075,-2.9632604122161865,4.103354454040527,0.3712298572063446,0.4027755260467529,0.4343211948871612,0.063091330230236,24.784852981567383,120.71535,22.10772,1207_245
0.1677643656730651,0.2628983557224273,3.098376750946045,0.1177952662110328,0.0242592301219701,3.051018238067627,0.1514112800359726,0.5031536221504211,-3.037950038909912,-6.218819618225098,3.028391122817993,-0.2370488345623016,2.471665859222412,0.9328460693359376,-16.408597946166992,-2.434292316436768,1.126294732093811,-10.189777374267578,1.3633434772491455,0.6836842894554138,1,3.722911834716797,19.798412322998047,77.0,46.478851318359375,172.9737091064453,299.46856689453125,0.1210735216736793,0.3432110846042633,2.9523305892944336,7.069134712219238,0.2464741617441177,0.3014064729213714,0.3563387989997864,0.109864629805088,23.52132225036621,120.39196,22.83288,1203_253
0.1656505465507507,0.1839972734451294,-2.943831205368042,0.1212872043251991,-0.0077401148155331,-2.963397264480591,0.1687750518321991,0.4317743480205536,-2.92063307762146,-5.954536437988281,2.936429023742676,-0.0322721078991889,2.636969804763794,1.2210689783096311,-12.62926197052002,-2.412827014923096,1.5989564657211304,-6.674725532531738,1.6312285661697388,0.3910377919673919,1,3.46696138381958,19.30820083618164,102.0,52.15351867675781,181.96653747558597,311.779541015625,0.133700430393219,0.2692703306674957,-3.02060341835022,8.16023063659668,0.2974051535129547,0.3480840027332306,0.3987628221511841,0.1013576835393905,22.775161743164062,120.41551,22.96885,1204_255
0.0443041585385799,0.4299640655517578,1.7640950679779053,0.0494717732071876,0.1715070456266403,1.449823021888733,0.0384305864572525,0.6791079044342041,2.7528653144836426,-6.797862529754639,2.5827975273132324,1.0675474405288696,2.5910439491271973,1.2987384796142578,-14.99312686920166,-1.6377304792404177,1.593711018562317,-8.195263862609863,0.5261635184288025,0.3461936414241791,1,3.130266666412353,18.323156356811523,120.0,53.406494140625,200.52294921875,347.639404296875,0.0340323559939861,0.4353633522987366,2.0677332878112797,5.465614795684815,0.3256750404834747,0.3720595836639404,0.4184441268444061,0.0927691012620925,21.45342254638672,120.47413,23.19609,1204_257
0.1541842669248581,0.2898490726947784,-3.0324530601501465,0.1147450059652328,0.0659999251365661,-2.955683946609497,0.1562301069498062,0.4909065365791321,-3.06325364112854,-6.481659889221191,2.976446866989136,-0.9966180920600892,2.631974458694458,0.8176072239875793,-13.809715270996094,-2.6710047721862797,0.9816719889640808,-7.328055381774902,1.97829008102417,0.9163989424705504,1,3.198816537857056,19.006488800048828,109.0,47.86428451538086,192.8312225341797,337.79815673828125,0.1184479147195816,0.3536200225353241,-3.0982282161712646,7.642910957336426,0.3649422824382782,0.4101694226264953,0.4553965926170349,0.0904543250799179,22.205305099487305,120.45366,22.96371,1204_255
0.0942459180951118,0.5924269556999207,2.9195456504821777,0.0937784239649772,0.3176234066486358,2.7460134029388428,0.0844102799892425,0.8006201982498169,3.0010664463043213,-6.2093706130981445,3.189570665359497,0.1557038873434066,2.3868894577026367,0.1711801886558532,-19.174165725708008,-1.39077627658844,0.4256593585014343,-12.96479606628418,0.2699554860591888,-0.410125195980072,1,4.0019636154174805,19.990583419799805,181.0,43.53074645996094,145.16754150390625,246.8043365478516,0.0937330201268196,0.5711486339569092,2.769343614578247,33.19416809082031,0.2452889084815979,0.2783414721488952,0.3113940060138702,0.0661051124334335,23.9925479888916,120.7919,22.21845,1207_246
0.0884795784950256,0.3807701170444488,-1.5541131496429443,0.0670626461505889,0.1273059993982315,-1.6121416091918943,0.1207039952278137,0.5549683570861816,-1.279887557029724,-6.149633407592773,2.805873155593872,0.1703275293111801,2.464319944381714,0.9398579001426696,-16.35849380493164,-2.0267229080200195,1.0671228170394895,-10.208860397338867,0.8967952728271484,-0.6787645816802979,1,2.2376880645751958,18.049280166625977,250.0,225.12164306640625,292.3650207519531,359.6083984375,0.0834039151668548,0.3332425057888031,-1.3516310453414917,5.111409187316895,0.4098894298076629,0.3967747986316681,0.3836601376533508,-0.0262293089181184,20.28696823120117,121.20752,23.06536,1212_256
0.1383131593465805,0.3766065537929535,2.997966289520264,0.1008165255188942,0.1479639559984207,3.0223560333251958,0.1304598003625869,0.5860907435417175,2.8482425212860107,-6.390060424804688,3.2870290279388428,0.524786651134491,2.508345603942871,0.3703296184539795,-15.9323148727417,-1.8670190572738647,0.6585338115692139,-9.542254447937012,0.1337471157312393,-0.5984600782394409,1,3.536424160003662,19.509281158447266,92.0,49.74431610107422,177.6247100830078,305.5050964355469,0.0921632871031761,0.3971843421459198,2.940614461898804,6.464860916137695,0.2678819298744201,0.3204320669174194,0.3729822337627411,0.1051002889871597,23.045703887939453,120.44165,22.92543,1204_254
0.1571012884378433,0.2604551911354065,-2.843541622161865,0.1038408949971199,0.0424801371991634,-3.010524272918701,0.1803290843963623,0.4282219111919403,-2.6447672843933105,-7.670262813568115,2.9406187534332275,0.750629723072052,2.9125912189483643,1.7416826486587524,-12.61843490600586,-2.1083457469940186,2.252220630645752,-4.948172569274902,1.5015908479690552,0.8308313488960266,1,3.46696138381958,19.30820083618164,93.0,52.15351867675781,181.96653747558597,311.779541015625,0.1226254701614379,0.3223592042922973,-2.8806581497192383,21.16161155700684,0.2974051535129547,0.3480840027332306,0.3987628221511841,0.1013576835393905,22.775161743164062,120.40918,22.96818,1204_255
0.1856889426708221,0.33822962641716,3.0383570194244385,0.1583828628063202,0.0974914133548736,3.0015015602111816,0.1985131204128265,0.5067222714424133,-2.833143949508667,-5.636271953582764,2.737183094024658,1.2489880323410034,2.462920427322388,1.5131618976593018,-15.116549491882324,-2.5760693550109863,1.7258083820343018,-9.48027801513672,0.4768202602863312,0.923358917236328,1,3.937173128128052,20.321855545043945,22.0,37.52186965942383,140.31158447265625,243.10128784179688,0.1445784419775009,0.3778805136680603,-3.062910795211792,8.88060188293457,0.3175507187843323,0.3619466722011566,0.4063426256179809,0.0887919068336486,24.2590274810791,120.68904,22.20753,1206_246
0.066576637327671,0.4944304525852203,-3.019012689590454,0.0526094064116478,0.2121185958385467,-3.118402004241944,0.0877162665128707,0.7079843282699585,-2.8717570304870605,-6.88879919052124,2.7512567043304443,0.1735954284667968,2.9076132774353027,0.4426004290580749,-11.32230281829834,-1.69560444355011,0.673017144203186,-4.4335036277771,0.4994217157363891,0.6069545149803162,1,3.475185871124268,19.071674346923828,105.0,57.33665466308594,184.8936004638672,312.4505310058594,0.0750743299722671,0.4754579365253448,-2.887972116470337,21.57289123535156,0.3225462734699249,0.3646931648254394,0.406840056180954,0.0842937901616096,22.546859741210938,120.43983,23.23884,1204_258
0.0594939664006233,0.2214014232158661,2.609106540679932,0.0475187450647354,0.0395876690745353,2.3881006240844727,0.0589054562151432,0.4199432134628296,2.387728691101074,-6.907218456268311,3.2410597801208496,0.7824438214302063,2.5603652000427246,0.9959208369255066,-15.826708793640137,-2.136337995529175,1.120646834373474,-8.919490814208984,0.3382030725479126,-0.3802119791507721,1,3.2455151081085205,19.396120071411133,74.0,45.309226989746094,186.3233337402344,327.33746337890625,0.0627621039748191,0.2904245257377624,2.1703906059265137,3.1572489738464355,0.2840933203697204,0.3382332324981689,0.3923731446266174,0.1082798317074775,22.64163589477539,120.53033,22.93393,1205_254
0.037131480872631,0.1115100309252739,2.8840444087982178,0.0278826113790273,0.0004885719390586019,2.721941947937012,0.0373498611152172,0.1824853271245956,2.822898626327514,-5.314280986785889,2.673948049545288,0.549799919128418,2.3924264907836914,0.8331843614578247,-16.168807983398438,-1.9123958349227903,1.1337417364120483,-10.854527473449709,0.5839418172836304,0.9843819737434388,1,3.2455151081085205,19.396120071411133,92.0,45.309226989746094,186.3233337402344,327.33746337890625,0.0347099676728248,0.2078502178192138,2.186523914337158,3.018742084503174,0.2840933203697204,0.3382332324981689,0.3923731446266174,0.1082798317074775,22.64163589477539,120.53477,22.94502,1205_254
0.315444141626358,0.3156241476535797,-2.747135877609253,0.2513611912727356,0.068473570048809,-2.703310966491699,0.2264313697814941,0.6049761176109314,-2.833566188812256,-5.538822174072266,2.777184247970581,-0.6453983783721924,2.410757541656494,0.0435596257448196,-16.30643653869629,-0.4981311559677124,-0.0166262835264205,-10.767614364624023,0.6287720799446106,0.967101514339447,1,3.2455151081085205,19.396120071411133,115.0,45.309226989746094,186.3233337402344,327.33746337890625,0.1688952893018722,0.3949099481105804,-2.7630012035369877,12.438559532165527,0.2840933203697204,0.3382332324981689,0.3923731446266174,0.1082798317074775,22.64163589477539,120.46209,22.88609,1204_254
0.0859783515334129,0.578637957572937,2.820934772491455,0.0898535475134849,0.3163394927978515,2.7116453647613525,0.0820623040199279,0.7944175601005554,2.8451552391052246,-5.907618999481201,2.795817613601685,0.3352915644645691,2.6798267364501958,0.9348828196525574,-12.004188537597656,-2.622966766357422,0.950170397758484,-6.096570014953613,0.6148788332939148,0.2138647735118866,1,3.9791316986083984,20.506502151489254,104.0,42.61661529541016,142.66981506347656,242.7230224609375,0.081595093011856,0.5599936246871948,2.6176555156707764,6.2976508140563965,0.3538478016853332,0.386587381362915,0.4193269610404968,0.0654791593551635,24.485633850097656,120.8103,22.05871,1208_245
0.0885148346424102,0.4877550899982452,2.600395679473877,0.0855893716216087,0.2281955480575561,2.5980372428894043,0.0699317827820777,0.6771932244300842,2.724414587020874,-7.95820951461792,3.1493916511535645,-1.2947880029678345,2.8687431812286377,0.2087933719158172,-13.505464553833008,-1.606622338294983,0.1101754531264305,-5.547255039215088,1.404963493347168,0.9755277037620544,1,3.536424160003662,19.509281158447266,260.0,49.74431610107422,177.6247100830078,305.5050964355469,0.0827842205762863,0.489711195230484,2.7062530517578125,8.211344718933105,0.2678819298744201,0.3204320669174194,0.3729822337627411,0.1051002889871597,23.045703887939453,120.42861,22.94204,1204_254
0.0830849260091781,0.5702106952667236,3.0322811603546143,0.0859089568257331,0.2806700468063354,3.059656381607056,0.0511968582868576,0.7922606468200684,-3.0869617462158203,-6.077523708343506,2.786186695098877,-0.736891508102417,2.4804935455322266,0.3277680277824402,-15.841741561889648,-3.06416130065918,0.3129672408103943,-9.764217376708984,1.049858808517456,-0.2318824529647827,1,3.2455151081085205,19.396120071411133,77.0,45.309226989746094,186.3233337402344,327.33746337890625,0.0780059322714805,0.5805018544197083,2.8593711853027344,12.04629611968994,0.2840933203697204,0.3382332324981689,0.3923731446266174,0.1082798317074775,22.64163589477539,120.48999,22.93728,1204_254
0.0395173765718936,-0.003807941218838,2.335813045501709,0.0322618335485458,-0.1253142952919006,2.1168746948242188,0.0554777421057224,0.1995896250009536,2.490188837051392,-9.514598846435549,3.252796173095703,-0.0632794424891471,2.939775228500366,0.793064534664154,-15.718527793884276,-1.7968298196792605,0.7420740723609924,-6.2039289474487305,0.8053535223007202,-0.9961530566215516,1,3.198816537857056,19.006488800048828,88.0,47.86428451538086,192.8312225341797,337.79815673828125,0.0430216491222381,0.045290034264326,2.336439847946167,9.701662063598633,0.3649422824382782,0.4101694226264953,0.4553965926170349,0.0904543250799179,22.205305099487305,120.47201,22.9615,1204_255
0.1854379028081894,0.184168592095375,-2.6584198474884038,0.1237403228878974,-0.0407684817910194,-2.5801122188568115,0.1993733644485473,0.41290083527565,-2.796916246414185,-7.066989421844482,3.3348922729492188,0.7994387745857239,2.959805488586426,1.9730321168899536,-11.551396369934082,-2.3772618770599365,2.662425756454468,-4.4844069480896,1.8629869222640991,-0.4227705895900726,1,3.536424160003662,19.509281158447266,112.0,49.74431610107422,177.6247100830078,305.5050964355469,0.1374801099300384,0.2659635841846466,-2.705507516860962,16.927532196044922,0.2678819298744201,0.3204320669174194,0.3729822337627411,0.1051002889871597,23.045703887939453,120.41093,22.94854,1204_254
0.1164062172174453,0.4812023043632507,-2.4855775833129883,0.1063509508967399,0.2071154564619064,-2.4194397926330566,0.1025906279683113,0.7579296231269836,-2.663493633270264,-5.6160888671875,2.764359712600708,-0.4649446010589599,2.53130316734314,0.1775319874286651,-13.712568283081056,2.8604936599731445,-0.0053973509930074,-8.096479415893555,0.4595472514629364,0.9141444563865662,1,3.722911834716797,19.798412322998047,52.0,46.478851318359375,172.9737091064453,299.46856689453125,0.1143332570791244,0.5209850072860718,-2.602921962738037,4.772253513336182,0.2464741617441177,0.3014064729213714,0.3563387989997864,0.109864629805088,23.52132225036621,120.36312,22.84561,1203_253
0.0216469541192054,0.1555807441473007,-2.922907590866089,0.0119541697204113,0.0303700342774391,-2.576599597930908,0.0229808967560529,0.1193839311599731,-1.538030982017517,-4.198100566864014,2.2549023628234863,-0.3385766446590423,2.5094103813171387,0.3336434066295624,-10.417845726013184,-1.326775074005127,0.3050536215305328,-6.219745635986328,0.6436302661895752,1.0,1,4.060549259185791,20.72430229187012,6.0,37.27758026123047,137.96820068359375,238.6588287353516,0.0105707384645938,0.0602611266076564,-3.0736083984375,2.7802884578704834,0.3712298572063446,0.4027755260467529,0.4343211948871612,0.063091330230236,24.784852981567383,120.71489,22.08824,1207_245
0.1401558965444564,0.1555301547050476,-3.0005359649658203,0.1036160960793495,-0.0083050103858113,-3.1238808631896973,0.1484118998050689,0.3433514237403869,-2.967893600463867,-5.554272174835205,2.575059175491333,0.1999151855707168,2.4797074794769287,1.3547087907791138,-14.618070602416992,-2.081162691116333,1.8607919216156008,-9.063797950744627,1.660876750946045,-0.9539059400558472,1,3.2455151081085205,19.396120071411133,103.0,45.309226989746094,186.3233337402344,327.33746337890625,0.1113439723849296,0.2295817285776138,-3.1007518768310547,17.927635192871094,0.2840933203697204,0.3382332324981689,0.3923731446266174,0.1082798317074775,22.64163589477539,120.47899,22.90764,1204_254
0.0724537894129753,0.3670453429222107,-2.929096937179565,0.054439753293991,0.0395884364843368,-2.511988878250122,0.1015310510993003,0.6465817093849182,-3.081688642501831,-6.244318962097168,2.374317169189453,-0.3563562035560608,3.0291075706481934,0.4897515177726745,-9.503597259521484,-1.4929622411727903,0.4614677429199219,-3.2592780590057373,0.8178239464759827,-0.0711767524480819,1,3.46696138381958,19.30820083618164,196.0,52.15351867675781,181.96653747558597,311.779541015625,0.0772059485316276,0.3608537912368774,-2.8893210887908936,32.33955764770508,0.2974051535129547,0.3480840027332306,0.3987628221511841,0.1013576835393905,22.775161743164062,120.42377,22.96716,1204_255
0.1427231281995773,0.3246916830539703,-2.8098604679107666,0.0992506071925163,0.0664274170994758,-2.782386541366577,0.1889492571353912,0.512507438659668,-2.824631690979004,-5.606973171234131,2.6192996501922607,-1.0107500553131104,2.4849815368652344,0.5043537020683289,-14.56597900390625,-2.063472986221313,0.4540339112281799,-8.959005355834961,1.4647839069366455,-0.0067101172171533,1,3.46696138381958,19.30820083618164,93.0,52.15351867675781,181.96653747558597,311.779541015625,0.1221746131777763,0.3723063170909881,-2.8582651615142822,9.189477920532228,0.2974051535129547,0.3480840027332306,0.3987628221511841,0.1013576835393905,22.775161743164062,120.40975,22.97049,1204_255
0.0658008977770805,0.5183709859848022,3.066101551055908,0.0539669580757617,0.2928656637668609,3.0147948265075684,0.0745302364230156,0.7497743964195251,-2.833837509155273,-6.661365032196045,2.5608551502227783,0.2514204084873199,2.6104772090911865,0.3995885550975799,-14.367850303649902,-1.7459312677383425,0.5696072578430176,-7.706485271453857,0.3181868493556976,-0.4282072484493255,1,3.0848193168640137,18.56361389160156,129.0,60.95082092285156,226.845703125,392.7406005859375,0.0672764331102371,0.5211907625198364,-3.017746925354004,3.166680097579956,0.338410347700119,0.3812448382377624,0.4240793585777282,0.0856690034270286,21.6484317779541,120.49285,23.37198,1204_259
0.1056913286447525,0.5039528608322144,-3.137537240982056,0.105219230055809,0.2517773509025574,3.0598549842834477,0.0809112414717674,0.7531894445419312,-2.963476181030273,-5.216871738433838,2.5967166423797607,-0.2108312398195266,2.397534847259521,0.3589767515659332,-15.77547550201416,-2.337650775909424,0.4925974309444427,-10.558603286743164,0.7034286856651306,0.7486327886581421,1,4.052180290222168,20.99658203125,39.0,44.98672866821289,146.32705688476562,247.6673889160156,0.08510522544384,0.527457058429718,3.1091055870056152,5.506481170654297,0.3589511215686798,0.3891499638557434,0.4193487763404846,0.0603976398706436,25.04876136779785,120.75755,21.97706,1207_244
0.0145441526547074,0.0477097444236278,0.7893653512001038,0.0154416672885417,-0.021497119218111,0.2717477679252624,0.0124868331477046,0.1306629627943039,1.2663835287094116,-10.06264877319336,1.907193899154663,-0.8119842410087585,14.85759735107422,0.483915239572525,-8.463401794433594,-1.2136861085891724,0.3907322287559509,1.5992467403411863,1.2027164697647097,0.3950997292995453,1,3.017175912857056,18.977781295776367,171.0,47.843223571777344,202.1314697265625,356.4197082519531,0.0189170446246862,0.0856034830212593,-0.2199108451604843,2.110011577606201,0.3219666182994842,0.3693627119064331,0.4167588055133819,0.0947921797633171,21.99495887756348,120.5732,22.99902,1205_255
0.093990534543991,0.3613087832927704,-3.057289361953736,0.0708029642701149,0.1536028534173965,-3.1023380756378174,0.0911312401294708,0.6132345199584961,-2.915440797805786,-7.173245429992676,2.6501290798187256,-1.0125759840011597,2.7560958862304688,0.2195427268743515,-13.30544376373291,-0.3842401504516601,-0.2690516710281372,-6.132198333740234,0.7435243129730225,-0.8516312837600708,1,3.722911834716797,19.798412322998047,37.0,46.478851318359375,172.9737091064453,299.46856689453125,0.0882070809602737,0.393747329711914,-3.115482807159424,3.42932391166687,0.2464741617441177,0.3014064729213714,0.3563387989997864,0.109864629805088,23.52132225036621,120.37663,22.75397,1203_252
0.0931345447897911,0.2356668561697006,-2.771824359893799,0.0719886422157287,0.0405022278428077,-3.030261993408203,0.1140107288956642,0.3894048631191253,-2.398390293121338,-4.033808708190918,5.612217903137207,1.5177522897720337,2.1544976234436035,0.8306838870048523,-27.07619857788086,-1.5117968320846558,0.8724933862686157,-23.042390823364254,-0.645258903503418,0.8950335383415222,1,2.81221866607666,17.611072540283203,656.0,63.26001739501953,213.8228302001953,364.3856201171875,0.0559807606041431,0.2436175644397735,-2.827195167541504,45.122501373291016,0.2991456985473633,0.3392252922058105,0.3793049156665802,0.0801592171192169,20.423290252685547,120.73924,22.96532,1207_255
0.0625718459486961,0.037624716758728,2.22499942779541,0.0605108998715877,-0.0877568647265434,2.176854372024536,0.0244581513106822,0.1146438866853714,1.4188588857650757,-15.377755165100098,4.468917369842529,1.048309326171875,4.392091274261475,0.7929415702819824,-16.110759735107422,-1.6738389730453491,0.6609972715377808,-0.7330045104026794,-0.3873120248317718,-0.979381501674652,1,3.722911834716797,19.798412322998047,59.0,46.478851318359375,172.9737091064453,299.46856689453125,0.0227444302290678,0.0691094696521759,1.9978848695755005,2.7346527576446533,0.2464741617441177,0.3014064729213714,0.3563387989997864,0.109864629805088,23.52132225036621,120.37522,22.79596,1203_253
0.1056457906961441,0.5824452042579651,2.9322938919067383,0.0903678759932518,0.2859681844711303,2.8757472038269043,0.0971188098192215,0.8195163011550903,2.885584115982056,-5.9193196296691895,2.7729475498199463,-0.3899989724159241,2.3856825828552246,0.2448581308126449,-18.491477966308597,-2.2833926677703857,0.4819874465465545,-12.572158813476562,0.8719863891601562,0.7564138770103455,1,2.8093090057373047,16.589881896972656,956.0,56.62954711914063,223.7749938964844,390.9204406738281,0.0922252163290977,0.5972498059272766,2.7469165325164795,20.583349227905277,0.3652452230453491,0.4107372164726257,0.4562292098999023,0.0909839794039726,19.39919090270996,120.72082,23.30186,1207_258
0.0857693329453468,0.52757328748703,-2.6905460357666016,0.07928516715765,0.2098344415426254,-2.3873462677001958,0.0564449019730091,0.7955120205879211,3.1145730018615723,-6.638769626617432,2.9522545337677,0.1832536458969116,2.4485087394714355,0.5020506978034973,-18.11347961425781,-0.3471002578735351,-0.1795071959495544,-11.47471046447754,-0.362760841846466,-0.0009574724244885148,1,3.30648136138916,17.507661819458008,537.0,57.69468307495117,193.77220153808597,329.8497009277344,0.051338106393814,0.5346270799636841,-2.958549737930298,24.792137145996094,0.2798152565956116,0.3210102319717407,0.3622051775455475,0.0823899284005165,20.81414222717285,120.6921,22.58889,1206_250
0.1004190668463707,0.4197415113449096,2.723799705505371,0.0831834003329277,0.1756771355867386,2.767540693283081,0.0927782654762268,0.6228896379470825,2.812147617340088,-7.404000759124756,2.548395156860352,0.560865044593811,3.0970678329467773,1.1367405652999878,-10.82774543762207,-2.5153181552886963,1.2855454683303833,-3.423744440078736,0.7246804237365723,-0.3115479052066803,1,3.017175912857056,18.977781295776367,197.0,47.843223571777344,202.1314697265625,356.4197082519531,0.07256730645895,0.4374898374080658,2.7953388690948486,23.255931854248047,0.3219666182994842,0.3693627119064331,0.4167588055133819,0.0947921797633171,21.99495887756348,120.5923,23.00245,1205_255
0.1588069349527359,0.4113188087940216,-2.6755001544952397,0.1289436668157577,0.1262507885694503,-2.5363948345184326,0.1539099663496017,0.6925632357597351,-2.809542417526245,-6.1770195960998535,2.640265703201294,-1.078481674194336,2.6697824001312256,0.5623851418495178,-12.62765407562256,3.017580032348633,0.1969871073961258,-6.450634479522705,1.275468826293945,0.3818309605121612,1,3.198816537857056,19.006488800048828,93.0,47.86428451538086,192.8312225341797,337.79815673828125,0.1312571614980697,0.4549597203731537,-2.7412667274475098,6.815514087677002,0.3649422824382782,0.4101694226264953,0.4553965926170349,0.0904543250799179,22.205305099487305,120.46914,23.01606,1204_255
0.1925631612539291,0.2637051939964294,-2.834275722503662,0.1488236635923385,0.0398150570690631,-2.8345823287963867,0.1722131967544555,0.5154578685760498,-2.7311015129089355,-5.426766872406006,4.863584995269775,-0.8678302764892578,2.219557523727417,0.5465046167373657,-26.43073844909668,0.6649059057235718,-0.541610062122345,-21.00397109985352,0.3262202739715576,-0.9374353885650636,1,2.870518207550049,18.040603637695312,538.0,61.45972442626953,207.39573669433597,353.3317565917969,0.1104692742228508,0.3519949615001678,-2.8666603565216064,47.534549713134766,0.2969100475311279,0.3366179764270782,0.3763259351253509,0.079415887594223,20.911121368408203,120.68703,22.92968,1206_254
0.0874802693724632,0.38013756275177,3.006420135498047,0.0707948803901672,0.1312616616487503,2.741316318511963,0.0639251694083213,0.6308084726333618,-2.930467128753662,-5.890932559967041,2.735471725463867,-0.9623472094535828,2.4720027446746826,0.1593703329563141,-15.531882286071776,-1.952516198158264,0.1295912265777588,-9.640950202941896,1.0919383764266968,-0.0297154802829027,1,3.722911834716797,19.798412322998047,45.0,46.478851318359375,172.9737091064453,299.46856689453125,0.075142316520214,0.3836679458618164,2.83817982673645,9.02699089050293,0.2464741617441177,0.3014064729213714,0.3563387989997864,0.109864629805088,23.52132225036621,120.38307,22.8018,1203_253
0.0208209250122308,0.2502072155475616,1.888810515403748,0.0221085678786039,0.1119910180568695,1.683635115623474,0.0126250945031642,0.2724490463733673,1.859901070594788,-6.227362155914307,4.245752334594727,0.8564171195030212,2.3323888778686523,0.7195064425468445,-21.94934844970703,-2.1262407302856445,0.96332186460495,-15.721986770629885,0.1069047302007675,-0.6650315523147583,1,3.208843946456909,18.59105491638184,10.0,83.44465637207031,194.07162475585935,304.6986083984375,0.0212439112365245,0.171362355351448,1.5585472583770752,8.436573028564453,0.4150266051292419,0.4219680726528168,0.4289095103740692,0.0138829052448272,21.799898147583008,120.94906,22.47196,1209_249
0.1907406002283096,0.1189858391880989,-2.6175551414489746,0.1393330097198486,-0.0621105879545211,-2.500847816467285,0.1700683236122131,0.3663505315780639,-2.8511946201324463,-6.328995704650879,3.0557737350463867,1.5726261138916016,2.398904323577881,1.9257383346557615,-19.036937713623047,-2.1962623596191406,2.3413360118865967,-12.707942962646484,0.7687098979949951,-0.4480736255645752,1,3.536424160003662,19.509281158447266,84.0,49.74431610107422,177.6247100830078,305.5050964355469,0.129347875714302,0.231781929731369,-2.745660781860352,17.555233001708984,0.2678819298744201,0.3204320669174194,0.3729822337627411,0.1051002889871597,23.045703887939453,120.42285,22.92105,1204_254
0.0603118054568767,0.4749452769756317,3.103349208831787,0.0479241572320461,0.1949486285448074,2.989638328552246,0.0642573535442352,0.6433855295181274,-2.863330364227295,-6.747841358184815,2.62562108039856,-0.4679035246372223,2.7679014205932617,0.2981274425983429,-12.40150260925293,-2.613175630569458,0.3516676127910614,-5.653661251068115,0.8195711374282837,0.5825193524360657,1,3.475185871124268,19.071674346923828,100.0,57.33665466308594,184.8936004638672,312.4505310058594,0.0652161538600921,0.4761887192726135,-2.9638049602508545,8.901397705078125,0.3225462734699249,0.3646931648254394,0.406840056180954,0.0842937901616096,22.546859741210938,120.43684,23.24071,1204_258
0.0116498880088329,-0.0412724502384662,-1.538374900817871,0.0167558826506137,-0.1081129759550094,-1.0921772718429563,0.0271399822086095,0.2079838216304779,2.111992835998535,-7.108806133270264,3.029252767562866,-0.499318391084671,2.715733289718628,0.5012526512145996,-14.116751670837402,-1.1049573421478271,0.3089962005615234,-7.007946014404297,0.8083145618438721,-0.8576425909996033,1,3.722911834716797,19.798412322998047,100.0,46.478851318359375,172.9737091064453,299.46856689453125,0.00906119402498,0.0753544047474861,-0.6975501179695129,6.835241317749023,0.2464741617441177,0.3014064729213714,0.3563387989997864,0.109864629805088,23.52132225036621,120.39872,22.81184,1203_253
0.0536585636436939,0.5342820882797241,-3.095190525054932,0.0616400763392448,0.2403052747249603,-3.0929994583129883,0.0120688751339912,0.8029031157493591,1.3742167949676514,-6.16300630569458,2.7590372562408447,-0.0223104953765869,2.3950257301330566,0.1147825941443443,-18.69112205505371,2.7993721961975098,0.355670154094696,-12.528115272521973,0.3779806494712829,-0.3049179315567016,1,2.959760904312134,18.204805374145508,828.0,61.44756317138672,203.71165466308597,345.9757385253906,0.0323457904160022,0.56992506980896,2.7531580924987797,26.32196617126465,0.3000304698944092,0.3380650281906128,0.376099556684494,0.0760690793395042,21.16456794738769,120.71075,22.817,1207_253
0.2174511849880218,0.2611737549304962,-2.790398597717285,0.1736675798892974,0.0719566047191619,-2.8966007232666016,0.2028665095567703,0.4843969345092773,-2.714263200759888,-7.967022895812988,2.651252508163452,1.1108794212341309,2.9563798904418945,2.177495241165161,-12.86687183380127,-2.154417037963867,2.794355869293213,-4.89984941482544,1.683476448059082,-0.3661003708839416,1,3.722911834716797,19.798412322998047,124.0,46.478851318359375,172.9737091064453,299.46856689453125,0.1399547904729843,0.3112247884273529,-2.8728551864624023,10.126432418823242,0.2464741617441177,0.3014064729213714,0.3563387989997864,0.109864629805088,23.52132225036621,120.42689,22.83563,1204_253
0.0261715501546859,0.5447043180465698,-1.969696402549744,0.0116163417696952,0.2490851432085037,-2.9046616554260254,0.0401728972792625,0.7620685696601868,-1.8507333993911743,-5.782366752624512,3.277859926223755,0.527122437953949,2.2793853282928467,0.5173091888427734,-23.54497337341309,2.566133975982666,-0.0531350821256637,-17.76260757446289,-0.5802575349807739,0.9886184334754944,1,2.658803224563598,16.263538360595703,689.0,109.8313446044922,226.24012756347656,342.6488952636719,0.0172375757247209,0.5141284465789795,-1.8013405799865725,46.47893524169922,0.3692130148410797,0.3730747699737549,0.37693652510643,0.0077235056087374,18.92234230041504,120.93346,22.65251,1209_251
0.1631022840738296,0.3069633543491363,2.846529245376587,0.1237967163324356,0.0724836811423301,2.8348135948181152,0.1679562330245971,0.4552392065525055,2.9017481803894043,-6.478238582611084,2.730412483215332,-0.2510139048099518,2.7012593746185303,1.130672574043274,-12.89717960357666,-2.5468642711639404,1.3090301752090454,-6.418941497802734,1.5600440502166748,-0.0535262115299701,1,3.722911834716797,19.798412322998047,52.0,46.478851318359375,172.9737091064453,299.46856689453125,0.1308759748935699,0.3377380967140198,2.6547017097473145,15.446595191955566,0.2464741617441177,0.3014064729213714,0.3563387989997864,0.109864629805088,23.52132225036621,120.41209,22.8449,1204_253
0.0806461125612258,0.4761056005954742,2.947539567947388,0.0580624602735042,0.2174126207828521,3.123484373092652,0.0791899412870407,0.7303107380867004,2.8238699436187744,-6.472482204437256,2.593348979949951,-0.3561505675315857,2.5667285919189453,0.6973603367805481,-14.872401237487791,-1.541982650756836,0.747721254825592,-8.399919509887695,1.1038718223571775,-0.4802971184253692,1,3.130266666412353,18.323156356811523,110.0,53.406494140625,200.52294921875,347.639404296875,0.070031002163887,0.5073739886283875,2.859619379043579,14.17063045501709,0.3256750404834747,0.3720595836639404,0.4184441268444061,0.0927691012620925,21.45342254638672,120.50227,23.22985,1205_258
0.1483317017555236,0.3304738402366638,-2.695957660675049,0.1020341143012046,0.0658163577318191,-2.691755533218384,0.1389634907245636,0.5093721151351929,-2.79825758934021,-6.640320777893066,2.578873872756958,-0.1187130436301231,2.649893522262573,0.551784873008728,-13.742094993591309,-2.165820598602295,0.4838326573371887,-7.1017746925354,0.6025456786155701,0.9824178814888,1,2.81221866607666,17.611072540283203,899.0,63.26001739501953,213.8228302001953,364.3856201171875,0.083117701113224,0.3539705872535705,-2.853606700897217,27.438364028930664,0.2991456985473633,0.3392252922058105,0.3793049156665802,0.0801592171192169,20.423290252685547,120.72826,22.95595,1207_255
0.0899866223335266,0.3850515484809875,1.9714243412017824,0.080907829105854,0.1867619901895523,1.8903694152832031,0.0643036663532257,0.6374618411064148,2.2923738956451416,-7.034902095794678,2.7568209171295166,0.3486276566982269,2.7968380451202397,0.2178255170583725,-12.620279312133787,-2.027218103408813,0.4683034121990204,-5.5853776931762695,0.1196757555007934,-0.5984600782394409,1,3.722911834716797,19.798412322998047,41.0,46.478851318359375,172.9737091064453,299.46856689453125,0.0801541805267334,0.4398159384727478,2.1741113662719727,2.7802884578704834,0.2464741617441177,0.3014064729213714,0.3563387989997864,0.109864629805088,23.52132225036621,120.44737,22.7731,1204_253
0.0446603037416935,0.5522749423980713,2.97558856010437,0.0570923462510108,0.2923886179924011,2.7437431812286377,0.034122884273529,0.7666177153587341,-2.979144334793091,-6.494911670684815,2.4292378425598145,-1.3449196815490725,2.8518946170806885,0.2349552810192108,-11.156937599182127,-0.7093731164932251,0.1445249319076538,-4.6620259284973145,1.489444613456726,-0.6627323627471924,1,3.1118202209472656,17.810518264770508,289.0,59.76025390625,200.3168487548828,340.8734436035156,0.0457766503095626,0.5397245287895203,2.2618966102600098,26.55816078186035,0.2879869341850281,0.3288847506046295,0.3697825670242309,0.0817956402897834,20.922338485717773,120.71854,22.74784,1207_252
0.1317404359579086,0.3734574913978576,-2.676966428756714,0.112367533147335,0.0945526957511901,-2.5119078159332275,0.1225064396858215,0.6552168130874634,-2.964510440826416,-5.903416633605957,2.539890050888061,-0.2753926813602447,2.5716960430145264,0.2985110878944397,-13.430495262145996,-0.961306631565094,0.1537779569625854,-7.527078151702881,0.4291706383228302,-0.9675042033195496,1,3.46696138381958,19.30820083618164,149.0,52.15351867675781,181.96653747558597,311.779541015625,0.103759616613388,0.4027192294597626,-2.7197322845458984,22.62591361999512,0.2974051535129547,0.3480840027332306,0.3987628221511841,0.1013576835393905,22.775161743164062,120.42302,22.95407,1204_255
0.0604557506740093,0.3525837659835815,2.920604705810547,0.0457307882606983,0.1134919375181198,2.7368524074554443,0.0737116113305091,0.5469081401824951,3.008333921432495,-5.520010948181152,2.8989758491516118,-0.969855546951294,2.461742401123047,0.4960471987724304,-14.910627365112305,-1.8024157285690308,0.2866556048393249,-9.390616416931152,1.2565112113952637,0.9843819737434388,1,3.2455151081085205,19.396120071411133,76.0,45.309226989746094,186.3233337402344,327.33746337890625,0.0531513094902038,0.3604879379272461,2.813143491744995,1.0070178508758545,0.2840933203697204,0.3382332324981689,0.3923731446266174,0.1082798317074775,22.64163589477539,120.45399,22.93719,1204_254
0.0239055678248405,0.4455983638763428,3.070286512374878,0.0227392837405204,0.2288111895322799,2.3851306438446045,0.0080902725458145,0.6633830070495605,1.7787222862243652,-6.657896995544434,2.8109734058380127,0.5307585000991821,2.5167548656463623,0.5195178389549255,-16.31114387512207,-1.6782995462417605,0.7590919733047485,-9.653246879577637,0.2283334583044052,0.9646169543266296,1,2.7591347694396973,20.22433090209961,238.0,227.3386688232422,281.9049072265625,336.4711608886719,0.0133375730365514,0.47477987408638,1.7045514583587646,6.290027618408203,0.4841546416282654,0.4646251499652862,0.4450956583023071,-0.039058968424797,22.98346519470215,121.05868,22.80514,1210_253
0.1355510205030441,0.3964728116989136,2.812720775604248,0.1127312555909156,0.1656829118728637,2.73908805847168,0.0854707732796669,0.6525111198425293,2.6801252365112305,-6.501668930053711,2.7851364612579346,-0.3884352147579193,2.567474365234375,0.7545321583747864,-14.842577934265137,-2.5282974243164062,0.7310231924057007,-8.34090805053711,1.1194584369659424,-0.7726816534996033,1,3.017175912857056,18.977781295776367,213.0,47.843223571777344,202.1314697265625,356.4197082519531,0.0706589594483375,0.4005253314971924,2.525712728500366,3.15905499458313,0.3219666182994842,0.3693627119064331,0.4167588055133819,0.0947921797633171,21.99495887756348,120.551,23.01858,1205_255
0.0302543435245752,0.0599448420107364,2.5992043018341064,0.0373023822903633,-0.0093388697132468,2.3232877254486084,0.0274119768291711,0.2123693078756332,1.6245362758636477,-5.789978981018066,2.2868459224700928,-0.6266299486160278,2.473836660385132,0.243578240275383,-15.166733741760254,0.0362451858818531,-0.2726927101612091,-9.376753807067873,0.3539372384548187,0.7925918102264404,1,3.536424160003662,19.509281158447266,80.0,49.74431610107422,177.6247100830078,305.5050964355469,0.0804409980773925,0.13494174182415,1.9974335432052608,5.349087238311768,0.2678819298744201,0.3204320669174194,0.3729822337627411,0.1051002889871597,23.045703887939453,120.42261,22.88782,1204_254
0.1597844213247299,0.4990437030792236,-2.976400136947632,0.1245281621813774,0.2404527515172958,-2.980018377304077,0.1762939691543579,0.7096374034881592,-3.129176139831543,-6.128331184387207,2.510991096496582,-0.8038768172264099,2.7245516777038574,0.379292368888855,-11.793140411376951,-2.656296491622925,0.4616159796714782,-5.664809226989746,1.2654927968978882,0.8440494537353516,1,3.9791316986083984,20.506502151489254,110.0,42.61661529541016,142.66981506347656,242.7230224609375,0.1395007371902465,0.4952723085880279,-3.077843427658081,26.86975479125977,0.3538478016853332,0.386587381362915,0.4193269610404968,0.0654791593551635,24.485633850097656,120.77886,22.12337,1207_245
0.1657212823629379,0.3647184371948242,-2.7924041748046875,0.1190325170755386,0.0970423519611358,-2.85823655128479,0.1720788180828094,0.5407105088233948,-2.692307472229004,-5.984196186065674,2.5090465545654297,-0.2934986650943756,2.51645827293396,0.1035055369138717,-14.74075412750244,2.875123977661133,0.2139234840869903,-8.75655746459961,0.507422149181366,0.6082531809806824,1,2.81221866607666,17.611072540283203,487.0,63.26001739501953,213.8228302001953,364.3856201171875,0.096692182123661,0.3640286326408386,-2.876338005065918,36.8976936340332,0.2991456985473633,0.3392252922058105,0.3793049156665802,0.0801592171192169,20.423290252685547,120.71816,22.95621,1207_255
0.1321836113929748,0.4177002906799316,2.995979785919189,0.1016688495874404,0.1823694854974746,2.953723430633545,0.1128278374671936,0.6745824217796326,3.008298397064209,-7.1288580894470215,3.0209429264068604,-0.5093492865562439,2.739161491394043,1.0492689609527588,-13.424154281616213,-1.8912781476974487,1.2235091924667358,-6.2952961921691895,1.7328585386276243,-0.991166353225708,1,3.2455151081085205,19.396120071411133,76.0,45.309226989746094,186.3233337402344,327.33746337890625,0.0917849838733673,0.444783866405487,2.7951407432556152,6.118870735168457,0.2840933203697204,0.3382332324981689,0.3923731446266174,0.1082798317074775,22.64163589477539,120.4522,22.90564,1204_254
0.0852800607681274,0.5747804045677185,2.947664737701416,0.0753084793686866,0.2810775637626648,2.877452850341797,0.0680152028799057,0.8128140568733215,2.9884400367736816,-6.789048194885254,2.464833498001098,-0.7225373983383179,3.116097927093506,0.6322700381278992,-10.03074550628662,-2.057302236557007,0.9326690435409546,-3.241697311401367,1.6552064418792725,-0.0892768129706382,1,3.30648136138916,17.507661819458008,576.0,57.69468307495117,193.77220153808597,329.8497009277344,0.0734179243445396,0.5721543431282043,2.833094835281372,14.552589416503906,0.2798152565956116,0.3210102319717407,0.3622051775455475,0.0823899284005165,20.81414222717285,120.68527,22.58684,1206_250
0.073547326028347,0.5585675835609436,2.7475032806396484,0.0649558156728744,0.2783921360969543,2.703615665435791,0.0698323994874954,0.8031128644943237,2.853400945663452,-6.561405181884766,2.8313651084899902,-1.409725546836853,2.950828313827514,0.2336068749427795,-10.500035285949709,1.244422197341919,-0.1535702496767044,-3.9386305809021,1.256155252456665,-0.6596149206161499,1,2.81221866607666,17.611072540283203,305.0,63.26001739501953,213.8228302001953,364.3856201171875,0.0735454559326171,0.5718936324119568,2.5980467796325684,16.690393447875977,0.2991456985473633,0.3392252922058105,0.3793049156665802,0.0801592171192169,20.423290252685547,120.66237,23.02883,1206_255
0.1367631405591964,0.2694639265537262,-2.876281261444092,0.0979540199041366,0.0503920167684555,-2.97053337097168,0.1407487988471985,0.3815670907497406,-2.5587193965911865,-6.443406105041504,3.1485090255737305,0.3152381777763366,2.489029884338379,1.1737438440322876,-16.575153350830078,-1.625052571296692,1.6694366931915283,-10.131747245788574,1.3541985750198364,-0.0411150604486465,1,3.46696138381958,19.30820083618164,84.0,52.15351867675781,181.96653747558597,311.779541015625,0.0889281556010246,0.3246195018291473,-2.875514268875122,19.39199447631836,0.2974051535129547,0.3480840027332306,0.3987628221511841,0.1013576835393905,22.775161743164062,120.40765,22.96583,1204_255
0.0340147204697132,0.4656767547130584,2.08575701713562,0.0273823570460081,0.240805372595787,1.9085652828216555,0.0533441752195358,0.5921499133110046,1.6361535787582395,-6.13495397567749,2.8152878284454346,0.5676375031471252,2.3974950313568115,0.3970639705657959,-18.57474899291992,2.833324432373047,0.1106653064489364,-12.43979549407959,-0.4569721817970276,-0.9468241930007936,1,3.208843946456909,18.59105491638184,122.0,83.44465637207031,194.07162475585935,304.6986083984375,0.0539200641214847,0.427608460187912,1.70541512966156,31.59656143188477,0.4150266051292419,0.4219680726528168,0.4289095103740692,0.0138829052448272,21.799898147583008,120.89554,22.45753,1208_249
0.0619683116674423,0.4881250858306885,-2.8558883666992188,0.0526294484734535,0.191033661365509,-2.531569004058838,0.0798480883240699,0.7639892101287842,-2.5236775875091557,-5.546204090118408,2.719433307647705,-0.4839245676994324,2.55918288230896,0.1427164822816848,-12.837578773498535,-2.399447202682495,0.0361128114163875,-7.291375160217285,0.5200374126434326,0.0283107124269008,1,3.130266666412353,18.323156356811523,87.0,53.406494140625,200.52294921875,347.639404296875,0.0737158730626106,0.5021837949752808,-2.5955512523651123,6.236941337585449,0.3256750404834747,0.3720595836639404,0.4184441268444061,0.0927691012620925,21.45342254638672,120.48213,23.16943,1204_257
0.1126247867941856,0.6315987706184387,2.713630199432373,0.1208532154560089,0.3498486876487732,2.704319715499878,0.0916156470775604,0.8109569549560547,2.7671267986297607,-5.039263725280762,2.8817145824432373,-0.2398046851158142,2.364114761352539,1.139103889465332,-16.551774978637695,-1.7440464496612549,1.3595982789993286,-11.512511253356934,1.5994030237197876,-0.9270957708358764,1,4.001287937164307,19.499868392944336,376.0,37.88169479370117,142.28164672851562,246.6815948486328,0.09491628408432,0.5948923230171204,2.618321180343628,17.358596801757812,0.3080366253852844,0.3500909209251404,0.3921452164649963,0.0841085985302925,23.501155853271484,120.66954,22.27294,1206_247
0.0381825976073741,0.2419228851795196,3.054570436477661,0.0189852584153413,0.0536118634045124,3.0000128746032715,0.0655436441302299,0.3619029819965362,2.7519755363464355,-6.612889289855957,3.048116445541382,0.5556311011314392,2.5446789264678955,0.9768467545509338,-15.405138969421388,-2.0403289794921875,1.4310436248779297,-8.79224967956543,0.8754125237464905,0.7072548270225525,1,3.722911834716797,19.798412322998047,60.0,46.478851318359375,172.9737091064453,299.46856689453125,0.0372345559298992,0.2861450016498565,2.757556915283203,9.477367401123049,0.2464741617441177,0.3014064729213714,0.3563387989997864,0.109864629805088,23.52132225036621,120.44752,22.7783,1204_253
0.1848978251218795,0.3840043544769287,-2.9525306224823,0.1537066549062729,0.1767170578241348,-2.9536683559417725,0.2070712894201278,0.5793183445930481,-2.8526110649108887,-5.582851409912109,2.698713541030884,-0.2863528430461883,2.456484079360962,1.150700926780701,-15.26076316833496,3.0997207164764404,0.7357065081596375,-9.677911758422852,1.0220593214035034,0.3744573593139648,1,3.722911834716797,19.798412322998047,65.0,46.478851318359375,172.9737091064453,299.46856689453125,0.1390336900949478,0.4221053421497345,-2.9282143115997314,5.896499156951904,0.2464741617441177,0.3014064729213714,0.3563387989997864,0.109864629805088,23.52132225036621,120.39863,22.76754,1203_252
0.0859053507447242,0.5172117948532104,-3.1024556159973145,0.0597835853695869,0.2267646640539169,3.140588521957397,0.0779255554080009,0.7679538726806641,-2.9053432941436768,-6.197213649749756,2.9016475677490234,-0.4888649880886078,2.524750232696533,0.2521721720695495,-15.03768253326416,-2.407572031021118,0.4075517058372497,-8.840468406677246,0.8964166641235352,-0.4790810048580169,1,3.2455151081085205,19.396120071411133,68.0,45.309226989746094,186.3233337402344,327.33746337890625,0.0775340944528579,0.5283039212226868,3.0858466625213623,7.24989128112793,0.2840933203697204,0.3382332324981689,0.3923731446266174,0.1082798317074775,22.64163589477539,120.54629,22.91787,1205_254
0.1680691838264465,0.3488517999649048,-2.7607574462890625,0.1306984275579452,0.0671469494700431,-2.670079231262207,0.1431136578321457,0.63654625415802,-2.869426012039185,-5.732077121734619,2.5993592739105225,0.6048598289489746,2.464906930923462,0.9057438969612122,-15.413503646850586,-2.27860951423645,1.089974045753479,-9.681427001953123,0.4851142466068268,0.5141733288764954,1,3.198816537857056,19.006488800048828,106.0,47.86428451538086,192.8312225341797,337.79815673828125,0.1018905416131019,0.4032156765460968,-2.7934181690216064,9.17605209350586,0.3649422824382782,0.4101694226264953,0.4553965926170349,0.0904543250799179,22.205305099487305,120.45503,22.98843,1204_255
0.0768331810832023,0.3679280579090118,3.009169101715088,0.0638677254319191,0.1384495496749878,2.857261657714844,0.0681751742959022,0.5997430086135864,3.0454390048980717,-6.936883449554443,2.9656789302825928,0.1571046710014343,2.5074851512908936,0.9640663266181946,-17.1678524017334,-1.8007237911224363,1.184281349182129,-10.230969429016112,1.0271767377853394,0.8870792388916016,1,2.810887098312378,17.49132537841797,368.0,65.46480560302734,219.4438323974609,373.4228820800781,0.0560584440827369,0.4294572472572326,2.575984477996826,16.775564193725586,0.3867454528808594,0.4197625815868377,0.4527797102928161,0.0660342648625373,20.30221176147461,120.67016,23.06269,1206_256
0.0530411675572395,0.0087103825062513,2.9105899333953857,0.0367051474750041,-0.0883806869387626,-2.821657419204712,0.0602717064321041,0.2846971750259399,-3.0220868587493896,-3.707300901412964,2.5364017486572266,-0.9661738872528076,2.4335477352142334,0.3525737226009369,-10.862963676452637,-2.506742477416992,0.4162628054618835,-7.155662536621094,1.3824366331100464,-0.4480736255645752,1,2.810887098312378,17.49132537841797,399.0,65.46480560302734,219.4438323974609,373.4228820800781,0.0464176833629608,0.1393105387687683,2.946200132369995,1.0080235004425049,0.3867454528808594,0.4197625815868377,0.4527797102928161,0.0660342648625373,20.30221176147461,120.67315,23.07202,1206_256
0.1229388639330864,0.4949897527694702,-2.963610410690308,0.1125215142965316,0.2278397381305694,-2.90287184715271,0.0925362929701805,0.788306713104248,-3.105137348175049,-6.825008392333984,2.6678316593170166,-0.5365764498710632,2.902947187423706,0.34197598695755,-11.293957710266112,-1.2901138067245483,0.4301642477512359,-4.468948841094971,0.9667406678199768,-0.6340134143829346,1,2.810887098312378,17.49132537841797,368.0,65.46480560302734,219.4438323974609,373.4228820800781,0.0864080414175987,0.5538620948791504,-3.136822462081909,6.096276760101318,0.3867454528808594,0.4197625815868377,0.4527797102928161,0.0660342648625373,20.30221176147461,120.67117,23.07038,1206_256
0.0393342599272728,0.2570046484470367,2.327310085296631,0.041042786091566,0.1337286680936813,2.2800662517547607,0.049030277878046,0.4194072484970093,2.6459085941314697,-9.714987754821776,2.569838285446167,0.6433542370796204,2.80088210105896,0.7284298539161682,-17.118812561035156,-1.2240257263183594,1.0692130327224731,-7.403824329376221,0.4258587658405304,0.1331985592842102,1,3.722911834716797,19.798412322998047,60.0,46.478851318359375,172.9737091064453,299.46856689453125,0.053544096648693,0.2876976132392883,2.2487947940826416,7.44560432434082,0.2464741617441177,0.3014064729213714,0.3563387989997864,0.109864629805088,23.52132225036621,120.38963,22.77246,1203_253
0.04843645170331,0.6018878221511841,2.9305450916290283,0.0582568272948265,0.3478126525878906,2.7302393913269043,0.0411688089370727,0.8233157396316528,-2.9778835773468018,-6.189496040344238,2.960191249847412,0.7953156232833862,2.482882499694824,0.6005801558494568,-16.013383865356445,-1.476285099983215,0.6975827813148499,-9.823887825012209,-0.0977328792214393,0.5037444233894348,1,3.208843946456909,18.59105491638184,67.0,83.44465637207031,194.07162475585935,304.6986083984375,0.0467230379581451,0.5900815725326538,2.810516834259033,28.427959442138672,0.4150266051292419,0.4219680726528168,0.4289095103740692,0.0138829052448272,21.799898147583008,120.93196,22.46349,1209_249
0.0450452081859111,0.3387032449245453,2.922865629196167,0.030120251700282,0.0820121988654136,-3.105231285095215,0.0878071188926696,0.4290105700492859,2.0439982414245605,-6.006226539611816,3.0474023818969727,0.0981553941965103,2.314497232437134,0.8655118346214294,-22.1574764251709,-3.123862743377685,0.489233911037445,-16.1512508392334,0.3910785019397735,0.3809040188789367,1,2.675235748291016,14.979241371154783,981.0,81.30682373046875,219.78070068359372,358.25457763671875,0.0582330152392387,0.33353191614151,2.078907251358032,36.04713821411133,0.3262604773044586,0.3498724102973938,0.3734843134880066,0.0472238436341285,17.654476165771484,120.75978,22.88036,1207_254
0.0357449576258659,0.503831684589386,-3.1294994354248047,0.0316446721553802,0.2219984382390976,2.587310552597046,0.0322824008762836,0.6754947304725647,3.118182182312012,-6.261430263519287,2.8826136589050293,0.3011445701122284,2.4154703617095947,0.5435380339622498,-18.276805877685547,-1.5438950061798096,0.5807088613510132,-12.015375137329102,0.2795642912387848,0.8390510678291321,1,2.664930820465088,17.785608291625977,405.0,163.70799255371094,250.04135131835935,336.37469482421875,0.0217809882014989,0.4850199818611145,3.1288747787475586,32.95847702026367,0.452890545129776,0.4385660290718078,0.4242415130138397,-0.028649017214775,20.450538635253903,121.01549,22.76289,1210_252
0.077199250459671,0.3179977238178253,-2.252535581588745,0.0598233751952648,0.0955956801772117,-2.0388007164001465,0.0763238221406936,0.5485031604766846,-2.9475226402282715,-7.316801071166992,2.5084168910980225,-0.5565009713172913,3.6286449432373047,0.4847032725811004,-8.526737213134766,-1.522169589996338,0.38068488240242,-1.209936261177063,0.9371858835220336,0.3915127515792846,1,3.722911834716797,19.798412322998047,281.0,46.478851318359375,172.9737091064453,299.46856689453125,0.0720400139689445,0.3065854907035827,-2.504042148590088,25.830059051513672,0.2464741617441177,0.3014064729213714,0.3563387989997864,0.109864629805088,23.52132225036621,120.42975,22.83048,1204_253
0.1812810152769088,0.3743140697479248,-2.772645711898804,0.1468734294176101,0.127172514796257,-2.6857450008392334,0.1580355167388916,0.6151720285415649,-2.9082448482513428,-6.032331943511963,2.682828664779663,0.3605436384677887,2.796458005905152,0.034270741045475,-11.013941764831545,-1.917077660560608,0.2328794598579406,-4.98160982131958,-0.1276641637086868,-0.5984600782394409,1,4.001287937164307,19.499868392944336,517.0,37.88169479370117,142.28164672851562,246.6815948486328,0.1286603510379791,0.4099337458610534,-2.9110538959503174,33.572174072265625,0.3080366253852844,0.3500909209251404,0.3921452164649963,0.0841085985302925,23.501155853271484,120.69247,22.29721,1206_247
0.0366131328046321,0.0521167740225791,2.7121431827545166,0.0229018162935972,-0.0446578413248062,2.6486029624938965,0.04980044439435,0.2170362621545791,2.6259653568267822,-8.888636589050293,2.127706527709961,-0.6609269380569458,3.778183460235596,0.3508050143718719,-10.059163093566896,-2.075880765914917,0.3698129057884216,-1.170526385307312,1.0307397842407229,0.2393209636211395,1,2.870518207550049,18.040603637695312,291.0,61.45972442626953,207.39573669433597,353.3317565917969,0.0428723655641078,0.1452780216932296,2.2190194129943848,17.379993438720703,0.2969100475311279,0.3366179764270782,0.3763259351253509,0.079415887594223,20.911121368408203,120.68103,22.90893,1206_254
0.0473494045436382,0.3796929717063904,2.8199830055236816,0.0406707227230072,0.1858642846345901,2.842508316040039,0.0479774363338947,0.6901209950447083,-2.885378360748291,-6.109195709228516,2.582479476928711,0.0921519920229911,2.4482736587524414,0.4329732954502105,-16.725204467773438,-0.7554911971092224,0.1910000592470169,-10.616008758544922,0.0988480672240257,-0.9631966948509216,1,3.130266666412353,18.323156356811523,118.0,53.406494140625,200.52294921875,347.639404296875,0.0472142361104488,0.4867523610591888,2.851654529571533,2.1107466220855717,0.3256750404834747,0.3720595836639404,0.4184441268444061,0.0927691012620925,21.45342254638672,120.48969,23.20419,1204_257
0.0528406575322151,0.0767213255167007,3.015577554702759,0.034101165831089,-0.0707459449768066,2.845191240310669,0.052161019295454,0.2531687617301941,2.626537322998047,-1.3973147869110107,2.2958152294158936,0.1963536888360977,2.196734666824341,0.2409102320671081,-8.354812622070312,0.3605438768863678,-0.1076686233282089,-6.957497596740723,-0.3040223121643066,-0.8643101453781128,1,3.536424160003662,19.509281158447266,70.0,49.74431610107422,177.6247100830078,305.5050964355469,0.0469077862799167,0.2177198678255081,2.513282299041748,4.773280143737793,0.2678819298744201,0.3204320669174194,0.3729822337627411,0.1051002889871597,23.045703887939453,120.43549,22.91902,1204_254
0.0894781500101089,0.157933309674263,3.061448335647583,0.0705777630209922,-0.0044147060252726,2.6356041431427,0.0987534075975418,0.2085133194923401,-2.816183567047119,-7.87021541595459,2.6890835762023926,0.1457319408655166,3.3476369380950928,1.3957449197769165,-10.328282356262209,-2.358367919921875,1.7512251138687134,-2.4580674171447754,1.6054930686950684,0.1640738844871521,1,3.46696138381958,19.30820083618164,114.0,52.15351867675781,181.96653747558597,311.779541015625,0.0703191086649894,0.1812313199043274,-3.129148006439209,15.191997528076172,0.2974051535129547,0.3480840027332306,0.3987628221511841,0.1013576835393905,22.775161743164062,120.41378,22.96148,1204_255
0.0023672757670283,0.6421146392822266,-0.2984620928764343,0.0087288673967123,0.3632283210754394,0.9702906012535096,0.0087790442630648,0.8402562737464905,-2.262342691421509,-6.772620677947998,2.524136066436768,-0.3880310356616974,2.9811041355133057,0.7466337084770203,-10.649514198303224,-0.7545875310897827,0.3186941742897033,-3.8768930435180655,0.7067252397537231,-0.8817559480667114,1,3.423597812652588,17.446706771850586,572.0,56.80278396606445,176.8909912109375,296.97918701171875,0.0187310203909873,0.628844141960144,3.00569224357605,21.40740394592285,0.3081825673580169,0.345310240983963,0.382437914609909,0.0742553547024726,20.870304107666016,120.68803,22.46985,1206_249
0.0243767946958541,0.6288355588912964,2.9696621894836426,0.0312581211328506,0.3365554213523865,2.594597578048706,0.011361195705831,0.8379952311515808,-2.4868338108062744,-6.318068027496338,3.107153415679932,-0.8474899530410767,2.399268627166748,0.1942251473665237,-18.884057998657227,0.0317036435008049,-0.2871321141719818,-12.565990447998049,0.5603578090667725,-0.6539753079414368,1,3.1118202209472656,17.810518264770508,898.0,59.76025390625,200.3168487548828,340.8734436035156,0.0334080830216407,0.6473286151885986,2.193246603012085,26.704500198364254,0.2879869341850281,0.3288847506046295,0.3697825670242309,0.0817956402897834,20.922338485717773,120.73523,22.67238,1207_251
0.0924046039581298,0.1911153346300125,-2.4525816440582275,0.0613927356898784,0.0321062318980693,-2.4280152320861816,0.0766830593347549,0.3804491460323334,-2.398832082748413,-6.532094478607178,2.9620232582092285,0.5738441348075867,2.6444928646087646,1.0182873010635376,-13.567087173461914,-2.1984996795654297,1.2717205286026,-7.034993171691895,0.6978764533996582,0.3803673684597015,1,3.722911834716797,19.798412322998047,46.0,46.478851318359375,172.9737091064453,299.46856689453125,0.046407762914896,0.2493690550327301,-2.48047137260437,5.896735191345215,0.2464741617441177,0.3014064729213714,0.3563387989997864,0.109864629805088,23.52132225036621,120.35559,22.81509,1203_253
0.167439803481102,0.4012929499149322,-2.980128765106201,0.1284826099872589,0.1214236542582511,-2.9965951442718506,0.1747819185256958,0.6784244179725647,-2.98816442489624,-6.38858699798584,2.6421167850494385,0.5653037428855896,2.752629280090332,0.7903547883033752,-11.988590240478516,-2.153334856033325,1.0943793058395386,-5.600003242492676,0.529075562953949,-0.3825798332691192,1,3.46696138381958,19.30820083618164,147.0,52.15351867675781,181.96653747558597,311.779541015625,0.1485266983509063,0.4336650967597961,-3.0059828758239746,15.421067237854004,0.2974051535129547,0.3480840027332306,0.3987628221511841,0.1013576835393905,22.775161743164062,120.42575,22.95571,1204_255
0.1298085749149322,0.312454342842102,-2.896965503692627,0.1013333722949028,0.0685757175087928,-2.8979947566986084,0.1014448106288909,0.5658624768257141,-3.021162748336792,-5.950860977172852,2.9780173301696777,-0.2101654112339019,2.343609571456909,0.9631280899047852,-20.32533264160156,-0.6667940020561218,-0.0180240403860807,-14.374470710754396,0.1921413689851761,-0.99233740568161,1,3.46696138381958,19.30820083618164,89.0,52.15351867675781,181.96653747558597,311.779541015625,0.0995971783995628,0.3756648302078247,-2.8748836517333984,14.479755401611328,0.2974051535129547,0.3480840027332306,0.3987628221511841,0.1013576835393905,22.775161743164062,120.38909,22.97267,1203_255
0.0647234767675399,0.466946393251419,-2.854466199874878,0.0622142180800437,0.196957841515541,-3.0853259563446045,0.0437472872436046,0.7079924941062927,-3.0443031787872314,-6.466739177703857,2.347274780273437,-0.117949940264225,2.484365224838257,0.3184711933135986,-16.670467376708984,-0.683483898639679,0.3033149242401123,-10.203727722167969,0.4212648570537567,-0.029541976749897,1,2.742547512054444,18.818065643310547,348.0,155.39573669433594,240.3304901123047,325.2652282714844,0.0365119948983192,0.4688922762870788,3.120002269744873,23.48130416870117,0.4733364582061767,0.4565293788909912,0.439722329378128,-0.0336141251027584,21.56061363220215,121.02046,22.72056,1210_252
0.0233707297593355,0.5498919486999512,2.7323977947235107,0.0341910608112812,0.2948800325393677,2.011935234069824,0.0505692102015018,0.7134188413619995,2.601555347442627,-6.927337169647217,2.5905566215515137,-0.7718533277511597,2.7541167736053467,0.5090271830558777,-12.921663284301758,-0.5854723453521729,0.0199368838220834,-5.994326114654541,0.7917901873588562,-0.3272008895874023,1,3.9791316986083984,20.506502151489254,211.0,42.61661529541016,142.66981506347656,242.7230224609375,0.0574183352291584,0.5365621447563171,2.1904022693634038,14.652987480163574,0.3538478016853332,0.386587381362915,0.4193269610404968,0.0654791593551635,24.485633850097656,120.83754,22.1103,1208_245
0.0882311314344406,0.5732627511024475,3.018097400665283,0.0806109011173248,0.2916058599948883,2.9682414531707764,0.0731026083230972,0.7602430582046509,-2.953804016113281,-6.222916603088379,2.498164653778076,-0.1520770490169525,2.6664130687713623,0.7869242429733276,-12.663572311401367,-2.2755842208862305,0.9419094324111938,-6.440655708312988,1.0939865112304688,-0.988843023777008,1,3.130266666412353,18.323156356811523,119.0,53.406494140625,200.52294921875,347.639404296875,0.0688489824533462,0.5444126129150391,2.966947555541992,5.898473262786865,0.3256750404834747,0.3720595836639404,0.4184441268444061,0.0927691012620925,21.45342254638672,120.45245,23.16096,1204_257
0.0561020299792289,0.2427774965763092,2.901212215423584,0.0450218170881271,0.082389011979103,2.6133291721343994,0.0462704747915267,0.3597130179405212,-3.046405076980591,-4.678510665893555,2.51305627822876,-0.3056307733058929,2.368626832962036,0.5542809367179871,-15.11652660369873,-2.759643316268921,0.522927463054657,-10.438015937805176,0.8285582661628723,-0.3227266371250152,1,3.2455151081085205,19.396120071411133,69.0,45.309226989746094,186.3233337402344,327.33746337890625,0.0434034466743469,0.3241660892963409,2.573465585708618,3.5404598712921143,0.2840933203697204,0.3382332324981689,0.3923731446266174,0.1082798317074775,22.64163589477539,120.46501,22.9167,1204_254
0.0173414312303066,-0.0614739097654819,2.0517220497131348,0.0230351760983467,-0.1420173943042755,1.615967035293579,0.0321687683463096,0.1866084337234497,2.585292339324951,-7.360278129577637,2.5325777530670166,0.1061480939388275,2.6675500869750977,0.652543842792511,-15.037349700927734,-2.894742012023926,0.3767199516296386,-7.6770710945129395,0.2705718576908111,0.9992424845695496,1,3.536424160003662,19.509281158447266,48.0,49.74431610107422,177.6247100830078,305.5050964355469,0.0441704019904136,0.0918539837002754,2.147481203079224,3.540254831314087,0.2678819298744201,0.3204320669174194,0.3729822337627411,0.1051002889871597,23.045703887939453,120.35678,22.9058,1203_254
0.1661587953567505,0.4383343756198883,-2.9435179233551025,0.1420271396636963,0.1670584231615066,-2.937508106231689,0.1276945918798446,0.6811164021492004,-2.8258578777313232,-5.694375514984131,2.667965888977051,-0.379773885011673,2.5050320625305176,0.297358900308609,-14.352078437805176,-3.088983058929444,0.2624579668045044,-8.657703399658203,0.6422318816184998,0.0682565793395042,1,3.536424160003662,19.509281158447266,52.0,49.74431610107422,177.6247100830078,305.5050964355469,0.0944894179701805,0.4114470183849334,-2.910828828811645,2.735475778579712,0.2678819298744201,0.3204320669174194,0.3729822337627411,0.1051002889871597,23.045703887939453,120.39656,22.87177,1203_254
0.1550202369689941,0.4428272247314453,3.109935522079468,0.1270700693130493,0.1714663356542587,3.057961225509644,0.1292231976985931,0.680726945400238,-2.9839117527008057,-5.760698795318604,3.0076560974121094,0.2052629739046096,2.449763059616089,0.1477002799510955,-15.842597007751465,2.6421070098876958,0.2186627388000488,-10.081897735595703,0.0133997602388262,-0.195767804980278,1,3.46696138381958,19.30820083618164,112.0,52.15351867675781,181.96653747558597,311.779541015625,0.1192563846707344,0.4740073382854461,3.045978307723999,20.19794464111328,0.2974051535129547,0.3480840027332306,0.3987628221511841,0.1013576835393905,22.775161743164062,120.41294,22.95707,1204_255
0.0677531883120536,0.598166823387146,-2.9754135608673096,0.0531497001647949,0.2922469079494476,-2.8616127967834477,0.0526988096535205,0.8332493901252747,-2.959553003311157,-5.765793323516846,2.465341806411743,0.5285099148750305,2.351302146911621,0.9151130318641664,-19.32042121887207,-0.1989118009805679,-0.3676494359970093,-13.554627418518066,-0.8961594104766846,-0.9766892790794371,1,2.959760904312134,18.204805374145508,760.0,61.44756317138672,203.71165466308597,345.9757385253906,0.0622583255171775,0.5853666067123413,3.0801761150360107,19.960426330566406,0.3000304698944092,0.3380650281906128,0.376099556684494,0.0760690793395042,21.16456794738769,120.7095,22.7958,1207_253
0.2036615759134292,0.3110459148883819,-2.7528364658355717,0.1508493423461914,0.0480801910161972,-2.659890651702881,0.2193727344274521,0.5466173887252808,-2.889058828353882,-5.322941780090332,2.6624767780303955,0.1463294029235839,2.557663917541504,1.0105193853378296,-12.40998649597168,-2.2490274906158447,1.2400983572006226,-7.087045192718506,1.0937689542770386,0.3934659957885742,1,3.46696138381958,19.30820083618164,71.0,52.15351867675781,181.96653747558597,311.779541015625,0.1652409732341766,0.341249942779541,-2.754782199859619,1.3689804077148438,0.2974051535129547,0.3480840027332306,0.3987628221511841,0.1013576835393905,22.775161743164062,120.40975,22.95652,1204_255
0.0434867292642593,0.1281215250492096,2.928558349609375,0.0341085866093635,-0.0375500880181789,2.350741386413574,0.0807990878820419,0.272655189037323,-2.9985756874084477,-7.155888080596924,2.633235454559326,0.1913666427135467,3.0082433223724365,1.134835124015808,-11.121134757995604,-2.2373485565185547,1.429493427276611,-3.965246438980103,1.2381267547607422,0.7334602475166321,1,3.46696138381958,19.30820083618164,219.0,52.15351867675781,181.96653747558597,311.779541015625,0.0602410435676574,0.1789475232362747,-3.1238412857055664,25.04708671569824,0.2974051535129547,0.3480840027332306,0.3987628221511841,0.1013576835393905,22.775161743164062,120.43268,22.96265,1204_255
0.2155898213386535,0.2989749312400818,-2.911233425140381,0.1548691987991333,0.0866114720702171,-2.8020012378692627,0.2086327522993087,0.5403990745544434,-3.110249280929565,-5.533355712890625,2.658353328704834,-0.1189315766096115,2.523487329483032,1.2433464527130127,-13.479105949401855,-2.6442248821258545,1.2740478515625,-7.9457502365112305,1.3929795026779177,0.999925434589386,1,3.536424160003662,19.509281158447266,36.0,49.74431610107422,177.6247100830078,305.5050964355469,0.1531436443328857,0.3565853536128998,-3.060863256454468,14.887889862060549,0.2678819298744201,0.3204320669174194,0.3729822337627411,0.1051002889871597,23.045703887939453,120.41094,22.90918,1204_254
0.1256314814090728,0.5397655367851257,2.878239154815674,0.1257475465536117,0.2578225433826446,2.8544921875,0.0874493941664695,0.7116038203239441,-3.071897268295288,-6.275118827819824,2.9973573684692383,0.4163245856761932,2.5080108642578125,0.8417433500289917,-15.489266395568848,-1.6588271856307983,0.9347975850105286,-9.214147567749023,0.5184729695320129,1.0,1,3.198816537857056,19.006488800048828,383.0,47.86428451538086,192.8312225341797,337.79815673828125,0.0846649333834648,0.4867005348205566,2.7499382495880127,19.602388381958008,0.3649422824382782,0.4101694226264953,0.4553965926170349,0.0904543250799179,22.205305099487305,120.50121,23.041,1205_256
0.17741559445858,0.4213459491729736,-3.1169161796569824,0.1482965499162674,0.1521410346031189,-3.0738205909729004,0.1373363435268402,0.6628016233444214,3.1113035678863525,-6.264152050018311,3.017178773880005,-1.3712409734725952,2.402247190475464,0.3698585331439972,-18.71736717224121,0.9065697193145752,-0.4459968507289886,-12.453214645385742,0.9252440929412842,-0.9315927028656006,1,2.870518207550049,18.040603637695312,205.0,61.45972442626953,207.39573669433597,353.3317565917969,0.1196748316287994,0.4455333948135376,3.053311824798584,20.356822967529297,0.2969100475311279,0.3366179764270782,0.3763259351253509,0.079415887594223,20.911121368408203,120.67229,22.89285,1206_254
0.0416087098419666,-0.0801164433360099,2.131021738052368,0.021464429795742,-0.1459815502166748,2.1640305519104004,0.0273584499955177,0.0906682386994361,2.1524438858032227,-9.913421630859377,2.804352045059204,-1.0793542861938477,2.844945192337036,0.5670733451843262,-16.994983673095703,-1.848423719406128,0.727484941482544,-7.08156156539917,1.806839227676392,1.0,1,3.722911834716797,19.798412322998047,46.0,46.478851318359375,172.9737091064453,299.46856689453125,0.0391988866031169,0.0574507676064968,2.206120729446411,0.9274099469184875,0.2464741617441177,0.3014064729213714,0.3563387989997864,0.109864629805088,23.52132225036621,120.44569,22.77314,1204_253
0.0199660807847976,0.131245419383049,-2.825829267501831,0.0092934574931859,0.0094126043841242,1.6671292781829834,0.0367831327021122,0.1728572100400924,2.593428373336792,-6.562130451202393,2.643261194229126,-1.0037413835525513,2.539475917816162,0.5366386771202087,-15.635698318481444,-1.095015525817871,0.1588994562625885,-9.073567390441896,1.1626408100128174,0.8160157799720764,1,3.536424160003662,19.509281158447266,41.0,49.74431610107422,177.6247100830078,305.5050964355469,0.02664415538311,0.141134425997734,1.6387783288955688,17.63943862915039,0.2678819298744201,0.3204320669174194,0.3729822337627411,0.1051002889871597,23.045703887939453,120.41007,22.90611,1204_254
0.0688191950321197,0.2115288227796554,2.814850330352783,0.055646363645792,0.0608225837349891,2.7420244216918945,0.1160239875316619,0.397435575723648,2.800258159637451,-5.762391090393066,3.225671529769897,-0.4621198177337646,2.4806463718414307,0.6082757711410522,-15.091724395751951,-2.259290933609009,0.9529202580451964,-9.329333305358888,1.415040135383606,-0.9953003525733948,1,3.722911834716797,19.798412322998047,63.0,46.478851318359375,172.9737091064453,299.46856689453125,0.0626488476991653,0.2853059470653534,2.570967435836792,2.95609188079834,0.2464741617441177,0.3014064729213714,0.3563387989997864,0.109864629805088,23.52132225036621,120.44133,22.77359,1204_253
0.1369143724441528,0.4565983414649963,3.097477674484253,0.1130979359149932,0.1831777840852737,3.1175098419189453,0.1343658566474914,0.6825258135795593,3.116905927658081,-5.771689414978027,2.6647088527679443,-0.1861045658588409,2.383640766143799,0.899235725402832,-17.92010498046875,-0.918090283870697,0.4494495391845703,-12.148414611816406,0.6355541348457336,-0.3928939402103424,1,3.972468376159668,20.361831665039062,58.0,49.04265594482422,163.001708984375,276.96075439453125,0.1251311153173446,0.4615761041641235,3.130725860595703,17.563432693481445,0.2429887056350708,0.2938059866428375,0.3446232676506042,0.1016345545649528,24.33429908752441,120.34289,22.8172,1203_253
0.0218862406909465,0.6475160717964172,-2.551506757736206,0.0255571324378252,0.3785296976566314,2.6817333698272705,0.0393481440842151,0.8318026065826416,-2.2853243350982666,-6.094609260559082,2.8494415283203125,0.3890743851661682,2.544275045394897,0.8100508451461792,-14.49528980255127,-1.3708115816116333,0.9657163023948668,-8.400680541992188,0.5766419172286987,0.3496073484420776,1,3.208843946456909,18.59105491638184,662.0,83.44465637207031,194.07162475585935,304.6986083984375,0.0273328255861997,0.5842224955558777,-3.1038618087768555,11.061890602111816,0.4150266051292419,0.4219680726528168,0.4289095103740692,0.0138829052448272,21.799898147583008,120.94772,22.54702,1209_250
0.05760508030653,0.1053381413221359,2.751412868499756,0.0439278781414032,-0.008499028161168,2.652028560638428,0.0739235281944274,0.2652073502540588,-3.0761070251464844,-6.730839729309082,2.45339035987854,-0.0675615221261978,2.6072816848754883,0.4130705595016479,-14.496084213256836,-1.2337586879730225,0.4893343150615692,-7.765244483947754,0.5568958520889282,0.9843819737434388,1,3.937173128128052,20.321855545043945,65.0,37.52186965942383,140.31158447265625,243.10128784179688,0.0536634251475334,0.1473082304000854,2.927264451980591,1.0016876459121704,0.3175507187843323,0.3619466722011566,0.4063426256179809,0.0887919068336486,24.2590274810791,120.72374,22.20551,1207_246
0.0366911068558692,0.6297470331192017,2.882645606994629,0.0342699661850929,0.3576611578464508,2.5412869453430176,0.0548698157072067,0.8447631597518921,-3.121784448623657,-6.240851879119873,2.537475109100342,0.6101331114768982,2.4616494178771973,0.4278497695922851,-16.7152042388916,-2.20322847366333,0.9820888042449952,-10.47435188293457,0.3719556629657745,0.0173255838453769,1,3.208843946456909,18.59105491638184,401.0,83.44465637207031,194.07162475585935,304.6986083984375,0.0467028245329856,0.6291795372962952,2.793307304382324,32.417823791503906,0.4150266051292419,0.4219680726528168,0.4289095103740692,0.0138829052448272,21.799898147583008,120.94795,22.54071,1209_250
0.0284110158681869,-0.0422470606863498,1.431421995162964,0.022550381720066,-0.1341619044542312,1.1827858686447144,0.0422134064137935,0.2482442259788513,2.481786727905273,-5.319959163665772,2.43887996673584,-1.168940544128418,2.439838171005249,0.208676740527153,-15.096840858459473,2.401435852050781,-0.164899930357933,-9.77688217163086,1.0040405988693235,-0.9727981090545654,1,3.2455151081085205,19.396120071411133,84.0,45.309226989746094,186.3233337402344,327.33746337890625,0.0411227606236934,0.1146328747272491,1.934926152229309,2.7362234592437744,0.2840933203697204,0.3382332324981689,0.3923731446266174,0.1082798317074775,22.64163589477539,120.50418,22.94039,1205_254
0.0841132849454879,0.3730479180812835,-2.682086706161499,0.067569576203823,0.1498219221830368,-2.689561605453491,0.0500047840178012,0.685711145401001,-2.511882781982422,-6.7669997215271,2.672069787979126,-0.8566715717315674,2.562403440475464,0.9332025647163392,-15.60271167755127,-1.51860773563385,0.6554456353187561,-8.835711479187012,1.5121172666549685,-0.994414210319519,1,3.536424160003662,19.509281158447266,78.0,49.74431610107422,177.6247100830078,305.5050964355469,0.0462803803384304,0.3941251933574676,-2.8239285945892334,7.074217796325684,0.2678819298744201,0.3204320669174194,0.3729822337627411,0.1051002889871597,23.045703887939453,120.4487,22.933,1204_254
0.1200741231441497,0.4632526934146881,-3.079772472381592,0.1034851297736167,0.21970234811306,-3.1091349124908447,0.1133920848369598,0.6979997754096985,-2.8930184841156006,-5.295327663421631,2.3455379009246826,-0.5573044419288635,2.7534162998199463,0.1811046302318573,-9.966832160949709,0.9006084203720093,-0.2889683246612549,-4.671504974365234,0.268336147069931,-0.9586395621299744,1,3.536424160003662,19.509281158447266,294.0,49.74431610107422,177.6247100830078,305.5050964355469,0.0891234949231147,0.4563411772251129,-2.976179838180542,13.361475944519045,0.2678819298744201,0.3204320669174194,0.3729822337627411,0.1051002889871597,23.045703887939453,120.42962,22.94792,1204_254
0.0754473954439163,0.4669691920280456,-3.106945037841797,0.0628710985183715,0.2361023724079132,2.956376314163208,0.0683316588401794,0.6599189043045044,-2.772215843200684,-5.86863374710083,2.5437581539154053,-0.2706893980503082,2.5410821437835693,0.6141494512557983,-14.001535415649414,-2.061001300811768,0.7439476251602173,-8.132901191711426,1.0146369934082031,0.9843819737434388,1,2.976447820663452,18.634151458740234,223.0,46.68815612792969,208.61204528808597,370.5359497070313,0.0504637733101844,0.460987389087677,2.680612802505493,2.015265464782715,0.3631727695465088,0.4080788791179657,0.452985018491745,0.0898122489452362,21.610599517822266,120.57499,23.06138,1205_256
0.1472640633583068,0.4179139137268066,-2.918520212173462,0.121332824230194,0.1721038818359375,-2.9509403705596924,0.1258873492479324,0.6595128774642944,-2.780435085296631,-6.106967449188232,2.8446075916290283,-0.5741008520126343,2.343855381011963,0.6303645968437195,-20.86680793762207,0.0851782113313674,-0.3750913739204407,-14.759840965270996,0.1990094631910324,0.8925011157989502,1,2.959760904312134,18.204805374145508,457.0,61.44756317138672,203.71165466308597,345.9757385253906,0.1042503863573074,0.4308868944644928,-2.916153907775879,40.848331451416016,0.3000304698944092,0.3380650281906128,0.376099556684494,0.0760690793395042,21.16456794738769,120.71119,22.76804,1207_252
0.123962290585041,0.2338380515575409,-2.693242073059082,0.0956195294857025,0.0392599962651729,-2.7319493293762207,0.1023616939783096,0.615943193435669,3.126262664794922,-6.560340881347656,2.7257673740386963,-0.2037831842899322,2.808842182159424,0.3125903308391571,-11.634262084960938,-0.5862157940864563,0.1147532686591148,-5.073920726776123,0.3185364603996277,0.2575157582759857,1,2.675235748291016,14.979241371154783,1197.0,81.30682373046875,219.78070068359372,358.25457763671875,0.1026402488350868,0.2791140079498291,-2.762930154800415,35.77785110473633,0.3262604773044586,0.3498724102973938,0.3734843134880066,0.0472238436341285,17.654476165771484,120.75812,22.89537,1207_254
0.1719065457582473,0.3048738837242126,-2.8658766746521,0.1452300101518631,0.0727456957101821,-2.587393045425415,0.1566164642572403,0.589891254901886,-3.0490617752075195,-7.926718235015869,1.6444790363311768,0.1018935963511467,19.594860076904297,0.4259634017944336,-6.184539794921875,1.483017086982727,-0.5182344913482666,1.7421783208847046,-0.6201280951499939,0.143841415643692,1,3.536424160003662,19.509281158447266,81.0,49.74431610107422,177.6247100830078,305.5050964355469,0.1374342292547226,0.4376403987407684,-2.7973313331604004,11.69167423248291,0.2678819298744201,0.3204320669174194,0.3729822337627411,0.1051002889871597,23.045703887939453,120.43895,22.89602,1204_254
0.1201237440109252,0.4990903437137604,-2.9398386478424072,0.0961486548185348,0.233661487698555,-2.8549654483795166,0.096712402999401,0.7464554905891418,3.083885669708252,-6.977954387664795,2.34342885017395,-0.1654158979654312,3.2370102405548096,0.2851269245147705,-9.57950496673584,-2.936400890350342,0.5777760744094849,-2.601550817489624,0.7431919574737549,-0.8831630945205688,1,3.1118202209472656,17.810518264770508,834.0,59.76025390625,200.3168487548828,340.8734436035156,0.0958981588482856,0.5360029339790344,3.0952956676483154,37.44450378417969,0.2879869341850281,0.3288847506046295,0.3697825670242309,0.0817956402897834,20.922338485717773,120.74141,22.74336,1207_252
0.1365957856178283,0.519485592842102,-2.8793768882751465,0.1179796308279037,0.2267233431339264,-2.8844990730285645,0.0977991670370101,0.7956374287605286,-2.8261306285858154,-6.892301559448242,2.939074993133545,0.3448724150657654,2.446613311767578,0.6181185841560364,-18.940282821655277,-1.746090292930603,0.6567968726158142,-12.047982215881348,0.3119244575500488,-0.3936575055122375,1,2.959760904312134,18.204805374145508,488.0,61.44756317138672,203.71165466308597,345.9757385253906,0.0965711250901222,0.5351621508598328,-2.882293939590454,26.74686813354492,0.3000304698944092,0.3380650281906128,0.376099556684494,0.0760690793395042,21.16456794738769,120.72489,22.7682,1207_252
0.1627258658409118,0.4395358264446258,-2.9491658210754395,0.137516364455223,0.1584458649158477,-2.76233458518982,0.178611621260643,0.6968345642089844,3.103390693664551,-5.716797828674316,2.4309771060943604,0.7735876441001892,2.4626615047454834,0.8058650493621826,-15.393282890319824,-1.723624348640442,0.9138532876968384,-9.676486015319824,0.1402656584978103,0.9290710687637328,1,3.536424160003662,19.509281158447266,130.0,49.74431610107422,177.6247100830078,305.5050964355469,0.1558991968631744,0.4764787554740906,-2.9969675540924072,18.868179321289062,0.2678819298744201,0.3204320669174194,0.3729822337627411,0.1051002889871597,23.045703887939453,120.43551,22.93795,1204_254
0.0506717152893543,0.1012354716658592,-2.919046640396118,0.0329260192811489,-0.0711276978254318,-3.040360689163208,0.0615186281502246,0.3884118795394897,3.1165783405303955,-1.891443371772766,2.3668832778930664,-0.7103405594825745,2.2089052200317383,0.3182900249958038,-10.436986923217772,-1.3773834705352783,0.309147447347641,-8.545543670654297,1.019487977027893,0.9949013590812684,1,2.810887098312378,17.49132537841797,367.0,65.46480560302734,219.4438323974609,373.4228820800781,0.0516705624759197,0.2458955198526382,2.813950538635254,8.06342601776123,0.3867454528808594,0.4197625815868377,0.4527797102928161,0.0660342648625373,20.30221176147461,120.67719,23.05361,1206_256
0.0771570578217506,0.371089220046997,-2.638147592544556,0.0604946799576282,0.1645544618368148,-2.435750722885132,0.0970987230539321,0.6209969520568848,-2.7766306400299072,-4.711107730865479,2.5398643016815186,0.1646658927202224,2.493614673614502,0.6560625433921814,-12.01186466217041,-1.6854517459869385,0.9945914149284364,-7.300756931304932,0.829925537109375,-0.0640597119927406,1,3.536424160003662,19.509281158447266,79.0,49.74431610107422,177.6247100830078,305.5050964355469,0.0594506077468395,0.4072329998016357,-2.77325701713562,2.2157671451568604,0.2678819298744201,0.3204320669174194,0.3729822337627411,0.1051002889871597,23.045703887939453,120.42173,22.88887,1204_254
0.0776446834206581,0.4824910759925842,2.712387561798096,0.0647481083869934,0.2185656130313873,2.655470371246338,0.0702806562185287,0.6639512777328491,3.0453336238861084,-6.964404582977295,3.052717924118042,-0.2412636578083038,2.6711537837982178,0.9171987175941468,-13.973520278930664,-1.2665270566940308,0.9150447249412536,-7.009115695953369,1.15630841255188,0.971608579158783,1,3.46696138381958,19.30820083618164,60.0,52.15351867675781,181.96653747558597,311.779541015625,0.062347438186407,0.4269766211509704,2.985110282897949,6.299948692321777,0.2974051535129547,0.3480840027332306,0.3987628221511841,0.1013576835393905,22.775161743164062,120.42399,23.04067,1204_256
0.0155450692400336,-0.1144632175564765,1.4159350395202637,0.0063460879027843,-0.1775482892990112,-0.215485617518425,0.0169648416340351,0.1821958571672439,-1.6041806936264038,-5.777159690856934,2.568002223968506,-0.9761009216308594,2.5209310054779053,0.3452366590499878,-14.171923637390137,-1.385001540184021,0.0721401572227478,-8.394762992858887,1.048241138458252,-0.5984600782394409,1,2.81221866607666,17.611072540283203,324.0,63.26001739501953,213.8228302001953,364.3856201171875,0.0080317268148064,0.0557135567069053,0.5984044075012207,0.9274099469184875,0.2991456985473633,0.3392252922058105,0.3793049156665802,0.0801592171192169,20.423290252685547,120.66361,23.03056,1206_255
0.1344776451587677,0.4805707335472107,3.03771710395813,0.1213353872299194,0.2340622395277023,3.0131969451904297,0.1268777400255203,0.7151288986206055,3.0927250385284424,-6.520321369171143,2.845043897628784,-0.747454047203064,2.6886000633239746,0.617547869682312,-13.017163276672363,-1.4935126304626465,0.7038417458534241,-6.496842384338379,1.4512957334518433,0.1712345480918884,1,3.722911834716797,19.798412322998047,52.0,46.478851318359375,172.9737091064453,299.46856689453125,0.1141968145966529,0.4796673059463501,3.0116958618164062,7.0651140213012695,0.2464741617441177,0.3014064729213714,0.3563387989997864,0.109864629805088,23.52132225036621,120.39391,22.75291,1203_252
0.0837168544530868,0.2931621670722961,-3.04847264289856,0.0619705542922019,0.0882691368460655,-2.997878074645996,0.0860166624188423,0.4941367208957672,-2.945084571838379,-7.0120110511779785,2.572045087814331,0.0653224661946296,2.7094147205352783,0.797808825969696,-13.6178560256958,-2.6971869468688965,0.7815748453140259,-6.605844974517822,0.716252326965332,-0.3804574608802795,1,3.46696138381958,19.30820083618164,52.0,52.15351867675781,181.96653747558597,311.779541015625,0.0718232244253158,0.3229139149188995,-2.806870698928833,19.68367958068848,0.2974051535129547,0.3480840027332306,0.3987628221511841,0.1013576835393905,22.775161743164062,120.44705,23.0408,1204_256
0.0770584791898727,0.1033968329429626,-2.242672920227051,0.0695994794368743,-0.0575335882604122,-2.07610821723938,0.0131881525740027,0.3268329203128814,2.5757689476013184,-5.404962062835693,2.200498580932617,-0.1376016736030578,2.596360206604004,0.6228309869766235,-12.182823181152344,-1.5714902877807615,0.7595353722572327,-6.777860641479492,0.8971370458602905,0.0600848421454429,1,2.870518207550049,18.040603637695312,458.0,61.45972442626953,207.39573669433597,353.3317565917969,0.0300519112497568,0.1592230945825576,-1.874611496925354,1.368729829788208,0.2969100475311279,0.3366179764270782,0.3763259351253509,0.079415887594223,20.911121368408203,120.71705,22.91071,1207_254
0.10109743475914,0.501161515712738,2.749797821044922,0.0961247086524963,0.2325815856456756,2.5718533992767334,0.0735565572977066,0.7021166086196899,-2.932485342025757,-6.522933483123779,2.61745285987854,-0.7845965623855591,2.650184154510498,0.6554038524627686,-13.654712677001951,-2.0535638332366943,0.888276994228363,-7.131779193878174,1.672873616218567,1.0,1,3.376675605773926,19.084545135498047,43.0,63.56798553466797,190.3538055419922,317.1396179199219,0.0703865438699722,0.4770871102809906,2.801669120788574,3.704791784286499,0.2922510206699371,0.3357942998409271,0.3793375790119171,0.0870865434408187,22.461219787597656,120.39548,23.26716,1203_258
0.0360851809382438,0.4721538424491882,-3.0124614238739014,0.03162457421422,0.2647881507873535,2.95401382446289,0.0332426056265831,0.6488019227981567,2.428452014923096,-8.013494491577148,2.817028522491455,0.3474222123622894,2.79238510131836,0.6605083346366882,-14.231285095214844,-2.238192319869995,0.6785542368888855,-6.217790603637695,0.3311319947242737,-0.3364651203155517,1,4.052180290222168,20.99658203125,70.0,44.98672866821289,146.32705688476562,247.6673889160156,0.0318082049489021,0.467473030090332,2.597506284713745,5.705582618713379,0.3589511215686798,0.3891499638557434,0.4193487763404846,0.0603976398706436,25.04876136779785,120.82293,22.03226,1208_244
0.1190853491425514,0.3117144405841827,2.492395401000977,0.0963946133852005,0.0956005677580833,2.408233165740967,0.1174403727054596,0.4864786267280578,2.430392980575561,-7.230853080749512,2.5957980155944824,1.4402549266815186,2.667661666870117,1.1390525102615356,-14.573190689086914,-2.4256694316864014,1.6268125772476196,-7.34233808517456,0.1865576356649398,0.6742880344390869,1,3.722911834716797,19.798412322998047,60.0,46.478851318359375,172.9737091064453,299.46856689453125,0.0871979817748069,0.3592318296432495,2.2309494018554688,8.806227684020996,0.2464741617441177,0.3014064729213714,0.3563387989997864,0.109864629805088,23.52132225036621,120.36855,22.78431,1203_253
0.1872213184833526,0.4412512183189392,-2.787492036819458,0.1471977680921554,0.161605954170227,-2.7744271755218506,0.138676032423973,0.73359215259552,-2.7643110752105717,-6.031772136688232,3.442841053009033,-0.2181991934776306,2.337964534759521,0.1175319999456405,-20.78299903869629,2.171816110610962,-0.1614674627780914,-14.751226425170898,0.0567317306995391,0.0700108334422111,1,2.959760904312134,18.204805374145508,583.0,61.44756317138672,203.71165466308597,345.9757385253906,0.1263777315616607,0.4814208745956421,-2.804328680038452,37.123477935791016,0.3000304698944092,0.3380650281906128,0.376099556684494,0.0760690793395042,21.16456794738769,120.70776,22.78233,1207_253
0.0469710491597652,0.5881420373916626,-3.0549521446228027,0.039457332342863,0.3044957518577575,3.1011760234832764,0.0391598753631114,0.7994176149368286,-3.0254311561584477,-7.200732231140137,2.7651729583740234,0.1470618993043899,2.879763603210449,0.8426057696342468,-11.910059928894045,-2.10517692565918,0.8768304586410522,-4.709327697753906,0.7297685146331787,0.9979202747344972,1,3.035642385482788,18.2084903717041,411.0,58.4616813659668,209.1888885498047,359.91607666015625,0.0485095977783203,0.573853075504303,2.9322121143341064,20.95343399047852,0.2859133183956146,0.3364288210868835,0.3869443535804748,0.1010310426354408,21.24413299560547,120.50026,23.3232,1205_259
0.2106947153806686,0.3498614430427551,-2.7575032711029053,0.162100076675415,0.0888329744338989,-2.593881845474243,0.2153248786926269,0.6110641956329346,-2.853058099746704,-5.694104671478272,2.8378148078918457,0.4487936794757843,2.4354472160339355,0.6113341450691223,-16.143821716308594,-1.4363305568695068,0.5229072570800781,-10.44971752166748,0.074113592505455,-0.673805832862854,1,3.536424160003662,19.509281158447266,193.0,49.74431610107422,177.6247100830078,305.5050964355469,0.1621415764093399,0.4081237614154815,-2.7768359184265137,8.160679817199707,0.2678819298744201,0.3204320669174194,0.3729822337627411,0.1051002889871597,23.045703887939453,120.42654,22.93384,1204_254
0.057280033826828,-0.0567680858075618,2.191507577896118,0.0390347503125667,-0.1401173025369644,2.108379364013672,0.0280443429946899,0.1708669364452362,2.5043203830718994,-17.739990234375,2.8987576961517334,-1.582363247871399,4.932492733001709,0.3109194040298462,-14.189229011535645,-1.850374698638916,0.2612028121948242,3.550760269165039,1.8435660600662231,-0.853533148765564,1,3.722911834716797,19.798412322998047,55.0,46.478851318359375,172.9737091064453,299.46856689453125,0.0531703568994998,0.0477795451879501,1.885838747024536,3.429481744766236,0.2464741617441177,0.3014064729213714,0.3563387989997864,0.109864629805088,23.52132225036621,120.39163,22.77214,1203_253
0.0648059099912643,0.3987363576889038,2.826603412628174,0.048561792820692,0.2015910744667053,2.730468988418579,0.080858014523983,0.6067022681236267,2.998748779296875,-5.936059951782227,2.5418972969055176,-0.2400613725185394,2.47823166847229,0.5169880986213684,-15.578048706054688,-2.0752737522125244,0.6534339189529419,-9.64198875427246,0.8934953212738037,0.9202439785003662,1,3.536424160003662,19.509281158447266,70.0,49.74431610107422,177.6247100830078,305.5050964355469,0.0620959736406803,0.3989000618457794,2.769072771072388,4.773288249969482,0.2678819298744201,0.3204320669174194,0.3729822337627411,0.1051002889871597,23.045703887939453,120.43225,22.91977,1204_254
0.1254606693983078,0.3852938115596771,-3.0332069396972656,0.0983039885759353,0.1041651517152786,-2.634458541870117,0.1231534481048584,0.607223629951477,-3.024498701095581,-6.1728596687316895,2.9847934246063232,0.0502583682537078,2.567158937454224,0.9726384878158568,-14.224342346191406,-3.068098783493042,0.931089460849762,-8.051483154296875,0.8808310627937317,-0.0987443253397941,1,3.722911834716797,19.798412322998047,54.0,46.478851318359375,172.9737091064453,299.46856689453125,0.1082722470164299,0.4108839035034179,3.0172019004821777,10.007871627807615,0.2464741617441177,0.3014064729213714,0.3563387989997864,0.109864629805088,23.52132225036621,120.40603,22.84439,1204_253
0.0458941757678985,0.117144800722599,-1.6589847803115845,0.0378248021006584,0.0142562584951519,-1.517807126045227,0.0732137337327003,0.4263671338558197,2.539947748184204,-7.610241413116455,2.776740312576294,-0.3306211233139038,2.583982467651367,0.5697289705276489,-17.062026977539062,-1.916398525238037,0.9937099814414978,-9.451786041259766,1.3243310451507568,0.3837197422981262,1,3.722911834716797,19.798412322998047,65.0,46.478851318359375,172.9737091064453,299.46856689453125,0.0385638549923896,0.123367078602314,-2.591623544692993,2.9562630653381348,0.2464741617441177,0.3014064729213714,0.3563387989997864,0.109864629805088,23.52132225036621,120.37812,22.84206,1203_253
0.158916175365448,0.4524145424365997,-2.7555460929870605,0.1306976377964019,0.1664475947618484,-2.685874462127685,0.1293318122625351,0.7635364532470703,-2.740792989730835,-7.156509876251221,2.696922779083252,-0.9100828170776368,2.9589874744415283,0.6098214983940125,-11.231534957885742,0.9542309045791626,-0.8385130167007446,-4.0750250816345215,0.0715698227286338,0.7776743173599243,1,2.7318122386932373,15.664743423461914,558.0,82.315673828125,216.1943817138672,350.0730895996094,0.1173382401466369,0.4988174438476562,-2.7635414600372314,26.167234420776367,0.3312493860721588,0.3525575399398803,0.3738656640052795,0.0426162853837013,18.39655494689941,120.76202,22.76018,1207_252
0.1595493406057357,0.4114319384098053,-3.0585193634033203,0.1310187131166458,0.1394744962453842,-2.939882755279541,0.1525751203298568,0.6549892425537109,-3.0699245929718018,-6.113169193267822,2.5414881706237797,0.0383934564888477,2.706182718276977,1.1275328397750854,-12.104750633239746,-2.6027231216430664,1.4983395338058472,-5.991581439971924,1.4599460363388062,0.9588662385940552,1,3.46696138381958,19.30820083618164,69.0,52.15351867675781,181.96653747558597,311.779541015625,0.1261385977268219,0.440256267786026,3.127526044845581,19.42909812927246,0.2974051535129547,0.3480840027332306,0.3987628221511841,0.1013576835393905,22.775161743164062,120.40687,22.9596,1204_255
0.0598967000842094,0.5978949666023254,-2.007394313812256,0.0309100467711687,0.3371433317661285,-2.3165283203125,0.0766716599464416,0.8174372911453247,-2.0100257396698,-6.335043430328369,2.591344118118286,0.1309117823839187,2.6027307510375977,0.1865050494670868,-13.793940544128418,-0.5625847578048706,-0.0873773545026779,-7.458897590637207,-0.2182891517877578,-0.9680772423744202,1,2.8277108669281006,18.014341354370117,654.0,107.32107543945312,217.652587890625,327.9841003417969,0.0539851039648056,0.587412416934967,-2.1606338024139404,30.77541160583496,0.4076430797576904,0.4075815677642822,0.407520055770874,-0.0001230177585966885,20.842050552368164,120.9492,22.5623,1209_250
0.1430868804454803,0.3802374303340912,-3.131555557250977,0.1008764132857322,0.1264459788799286,-3.1260523796081543,0.2025668323040008,0.5787199139595032,-3.1242306232452397,-5.494407176971436,2.740077495574951,0.3880034983158111,3.002121686935425,1.110621690750122,-8.600080490112305,-1.6871641874313354,1.0989598035812378,-3.10567307472229,0.710956335067749,0.4213159680366516,1,3.46696138381958,19.30820083618164,256.0,52.15351867675781,181.96653747558597,311.779541015625,0.1533835381269455,0.4033151865005493,-3.1381289958953857,28.752504348754883,0.2974051535129547,0.3480840027332306,0.3987628221511841,0.1013576835393905,22.775161743164062,120.43172,22.95933,1204_255
0.1246580481529235,0.3321061134338379,-2.4911625385284424,0.0933317691087722,0.1186492070555687,-2.47920298576355,0.0913181900978088,0.6549539566040039,-2.813629150390625,-6.4342217445373535,3.178304433822632,-1.1036884784698486,2.5399630069732666,0.3338544368743896,-15.246159553527832,-2.72969651222229,0.2462989389896392,-8.81193733215332,1.3499873876571655,1.0,1,3.390674352645874,17.48227310180664,355.0,63.73433303833008,169.23553466796875,274.7367248535156,0.0834831148386001,0.4068437814712524,-2.76767635345459,0.9274099469184875,0.3484990894794464,0.3882829546928406,0.4280667901039123,0.0795676857233047,20.872947692871094,120.81112,24.15288,1208_268
0.0766269862651825,0.5377238988876343,2.9867730140686035,0.0738996639847755,0.292838841676712,2.9784164428710938,0.0764169618487358,0.7773287892341614,3.0673835277557373,-6.872707843780518,2.407937526702881,-0.2107009440660476,2.79909348487854,0.3879212141036987,-12.192672729492188,-1.3866746425628662,0.3843638002872467,-5.31996488571167,0.5950647592544556,0.8423606753349304,1,2.81221866607666,17.611072540283203,289.0,63.26001739501953,213.8228302001953,364.3856201171875,0.0706401020288467,0.55823814868927,2.6616358757019043,8.215314865112305,0.2991456985473633,0.3392252922058105,0.3793049156665802,0.0801592171192169,20.423290252685547,120.66543,23.01153,1206_255
0.0919548422098159,-0.0032576851081103,1.8032726049423216,0.0828926190733909,-0.0841400325298309,1.756476879119873,0.0112261613830924,0.0381172038614749,0.1164158508181572,-14.913044929504396,2.6562981605529785,0.8099673986434937,4.343276500701904,0.5859644412994385,-14.158961296081545,-2.2356412410736084,0.6912699341773987,0.7540838718414307,-0.1186974868178367,-0.5984600782394409,1,2.7591347694396973,20.22433090209961,26.0,227.3386688232422,281.9049072265625,336.4711608886719,0.0487835966050624,-0.0981617271900177,1.6842025518417358,1.854334115982056,0.4841546416282654,0.4646251499652862,0.4450956583023071,-0.039058968424797,22.98346519470215,121.14668,22.7681,1211_252
0.0897607952356338,0.1929851770401001,-3.084462404251098,0.0830134451389312,-0.0652913674712181,-2.108242511749268,0.2058856934309005,0.4074477553367615,2.273293256759644,-6.722572326660156,2.985013008117676,0.0205243956297636,2.4149765968322754,1.2302740812301636,-19.57592391967773,-2.224323511123657,1.781378984451294,-12.853351593017578,1.7608544826507568,0.1447909325361251,1,3.536424160003662,19.509281158447266,173.0,49.74431610107422,177.6247100830078,305.5050964355469,0.0742866769433021,0.2047741860151291,3.0987021923065186,11.555152893066406,0.2678819298744201,0.3204320669174194,0.3729822337627411,0.1051002889871597,23.045703887939453,120.42631,22.94876,1204_254
0.103667713701725,0.1452418714761734,2.258096694946289,0.0874795243144035,-0.008228519000113,2.138608694076538,0.0774367079138755,0.2322026789188385,2.251573085784912,-7.000203609466553,2.6411521434783936,0.2675740122795105,2.475053548812866,0.7767860889434814,-18.328279495239254,-1.8928347826004028,0.9452378153800964,-11.328076362609863,0.6776638031005859,0.0666981413960456,1,3.2455151081085205,19.396120071411133,60.0,45.309226989746094,186.3233337402344,327.33746337890625,0.0864827260375022,0.15357007086277,2.1975834369659424,4.213737964630127,0.2840933203697204,0.3382332324981689,0.3923731446266174,0.1082798317074775,22.64163589477539,120.46121,22.91725,1204_254
0.0249039884656667,0.6398118734359741,2.2064225673675537,0.0402922220528125,0.3812692761421203,2.0557680130004883,0.034897293895483,0.8015875816345215,-3.11901330947876,-5.532706260681152,2.70960545539856,-0.3237588405609131,2.363870143890381,0.3780980110168457,-17.932153701782227,-0.6713746786117554,0.1082851514220237,-12.39944839477539,0.4320439994335174,0.0121561596170067,1,3.9791316986083984,20.506502151489254,353.0,42.61661529541016,142.66981506347656,242.7230224609375,0.0414404198527336,0.6056430339813232,2.193023920059204,23.285327911376957,0.3538478016853332,0.386587381362915,0.4193269610404968,0.0654791593551635,24.485633850097656,120.8105,22.08227,1208_245
0.1234174743294715,0.3169153034687042,-1.9509077072143557,0.0920105054974556,0.0920924693346023,-1.862610101699829,0.1288121342658996,0.520091712474823,-1.8076196908950808,-6.167078495025635,2.6106364727020264,0.4128318428993225,2.502385377883911,0.7696166634559631,-15.513503074645996,-1.8745663166046145,1.1810662746429443,-9.34642505645752,0.768234372138977,0.1697876900434494,1,3.752830266952514,18.456031799316406,147.0,47.82228469848633,156.79234313964844,265.7624206542969,0.0744750723242759,0.3430589437484741,-1.8099879026412964,9.4755859375,0.3414438366889953,0.3746328949928283,0.4078219532966614,0.0663781315088272,22.208860397338867,120.66306,22.37915,1206_248
0.1085003614425659,0.323942631483078,-2.4321627616882324,0.0863423198461532,0.1115738004446029,-2.329310655593872,0.0980871096253395,0.6093438267707825,-2.5357778072357178,-6.664510726928711,2.705841302871704,0.3257422149181366,2.606419324874878,0.3349476456642151,-14.482293128967283,-0.8420349359512329,-0.0347315929830074,-7.817782402038574,-0.3604738116264343,0.9297523498535156,1,3.46696138381958,19.30820083618164,337.0,52.15351867675781,181.96653747558597,311.779541015625,0.0778680965304374,0.3463656008243561,-2.5583324432373047,7.573598384857178,0.2974051535129547,0.3480840027332306,0.3987628221511841,0.1013576835393905,22.775161743164062,120.43654,22.96239,1204_255
0.0883708968758583,0.2673708498477936,2.510706186294556,0.0683048442006111,0.0916539132595062,2.4265289306640625,0.060074858367443,0.5485249757766724,2.9033472537994385,-1.4274736642837524,3.840796232223511,-0.1248078867793083,2.047807455062866,1.3729058504104614,-11.269168853759766,-0.9273241758346558,0.9949761033058168,-9.841694831848145,1.1197839975357056,-0.0604552179574966,1,3.536424160003662,19.509281158447266,46.0,49.74431610107422,177.6247100830078,305.5050964355469,0.0612927787005901,0.3523303866386413,2.387552499771118,13.071451187133787,0.2678819298744201,0.3204320669174194,0.3729822337627411,0.1051002889871597,23.045703887939453,120.41361,22.91144,1204_254
0.1213334947824478,0.2084983438253402,-2.75307846069336,0.0932428836822509,0.0116328373551368,-2.66107439994812,0.1112423613667488,0.5414232611656189,-2.896158218383789,-6.821430683135986,2.8921806812286377,0.257444679737091,2.505412101745605,0.5294457674026489,-17.118324279785156,-1.8693186044692995,0.6959477066993713,-10.296893119812012,0.4385029971599579,-0.67838054895401,1,3.46696138381958,19.30820083618164,110.0,52.15351867675781,181.96653747558597,311.779541015625,0.0956510007381439,0.3331430554389953,-2.77213191986084,8.161355972290039,0.2974051535129547,0.3480840027332306,0.3987628221511841,0.1013576835393905,22.775161743164062,120.40111,22.96417,1204_255
0.103052444756031,0.4125266969203949,-2.550583839416504,0.0972538888454437,0.1278473883867263,-2.28326678276062,0.0894869863986969,0.6650859117507935,2.974679470062256,-7.441581249237059,2.94176721572876,0.8537166118621826,2.840580463409424,0.7647619843482971,-12.907052993774414,-1.8110227584838867,1.019129514694214,-5.4654717445373535,0.1654129326343536,0.9843819737434388,1,2.81221866607666,17.611072540283203,718.0,63.26001739501953,213.8228302001953,364.3856201171875,0.0521441251039505,0.4587377607822418,3.017353057861328,20.26517105102539,0.2991456985473633,0.3392252922058105,0.3793049156665802,0.0801592171192169,20.423290252685547,120.69113,22.97047,1206_255
0.0588688850402832,0.1820130497217178,2.660949468612671,0.0446684584021568,-0.018257237970829,2.474289655685425,0.053668063133955,0.2222401052713394,2.8727867603302,-6.622588157653809,3.017854928970337,1.86565625667572,2.4362621307373047,1.4006751775741575,-18.533559799194336,-2.1894426345825195,2.0016701221466064,-11.910971641540527,0.1360139697790146,0.0826157107949256,1,4.052180290222168,20.99658203125,176.0,44.98672866821289,146.32705688476562,247.6673889160156,0.0469776391983032,0.1592219322919845,2.8073463439941406,16.13046646118164,0.3589511215686798,0.3891499638557434,0.4193487763404846,0.0603976398706436,25.04876136779785,120.77448,21.97977,1207_244
0.0423791296780109,0.256605863571167,3.1055655479431152,0.0333114080131053,0.1033734604716301,2.992266893386841,0.0701211541891098,0.361027717590332,3.0382630825042725,-6.493533611297607,2.564427614212036,-0.4170570075511932,2.629388332366944,0.3825681507587433,-13.691012382507324,-3.0571722984313965,0.4101139307022095,-7.197478771209717,0.8271709084510803,-0.7451258897781372,1,3.536424160003662,19.509281158447266,60.0,49.74431610107422,177.6247100830078,305.5050964355469,0.0530225895345211,0.3076505362987518,2.6713995933532715,5.042791366577148,0.2678819298744201,0.3204320669174194,0.3729822337627411,0.1051002889871597,23.045703887939453,120.4336,22.91189,1204_254
0.0210043247789144,0.2143445760011673,2.805870771408081,0.0253442917019128,0.0833204537630081,1.892325520515442,0.0380651801824569,0.2004387527704239,1.3585630655288696,-7.43980598449707,2.149186372756958,0.6457009315490723,3.0127084255218506,0.7464287877082825,-11.22943115234375,-3.071962356567383,0.4566533863544464,-3.7896246910095215,-0.1890475302934646,0.7440199851989746,1,2.664930820465088,17.785608291625977,137.0,163.70799255371094,250.04135131835935,336.37469482421875,0.0170324388891458,0.2394260615110397,1.4220079183578491,8.153778076171875,0.452890545129776,0.4385660290718078,0.4242415130138397,-0.028649017214775,20.450538635253903,121.04541,22.76761,1210_252
0.0365065038204193,0.0921946167945861,-2.284273624420166,0.0238843038678169,-0.017564084380865,-2.498787879943848,0.0331588685512542,0.2968948781490326,-2.7749781608581543,-6.853048324584961,2.565950393676758,0.0755058750510215,2.6590232849121094,0.3270902037620544,-14.00654125213623,-1.784825086593628,0.1332881599664688,-7.1534929275512695,0.0577822811901569,-0.9977309107780457,1,3.573415994644165,19.65044593811035,58.0,38.98667144775391,181.1106109619141,323.23455810546875,0.0260256901383399,0.1901657432317733,-3.042545318603516,2.9555411338806152,0.242096796631813,0.2994177043437958,0.3567386269569397,0.1146418303251266,23.223861694335938,120.62873,22.55174,1206_250
0.0957572236657142,0.2282523363828659,-2.9400956630706787,0.067205786705017,0.0447996743023395,-3.058337450027466,0.0970378220081329,0.4071028232574463,-2.772207498550415,-6.944779396057129,3.1247100830078125,-0.1399309933185577,2.518819570541382,1.0780478715896606,-16.81717872619629,-2.6497044563293457,1.1965785026550293,-9.87239933013916,1.3365094661712646,-0.5984600782394409,1,3.722911834716797,19.798412322998047,68.0,46.478851318359375,172.9737091064453,299.46856689453125,0.0774502381682396,0.2770433723926544,-2.8120038509368896,6.464860916137695,0.2464741617441177,0.3014064729213714,0.3563387989997864,0.109864629805088,23.52132225036621,120.43792,22.77316,1204_253
0.1351124048233032,0.2433608770370483,-3.0941162109375,0.0920671299099922,-0.0314221009612083,-3.0385570526123047,0.1651902645826339,0.443860799074173,3.086110830307007,-6.558762073516846,2.5207176208496094,-0.1588310897350311,2.7783031463623047,1.221455454826355,-12.032922744750977,-2.1054623126983643,1.5744643211364746,-5.474161148071289,1.733295440673828,-0.6250287294387817,1,3.46696138381958,19.30820083618164,116.0,52.15351867675781,181.96653747558597,311.779541015625,0.1112578958272934,0.2966516315937042,-3.0918424129486084,11.84064769744873,0.2974051535129547,0.3480840027332306,0.3987628221511841,0.1013576835393905,22.775161743164062,120.41356,22.96805,1204_255
0.0912958979606628,0.3841244578361511,-3.0624375343322754,0.0686123445630073,0.1319572627544403,-2.8788037300109863,0.1092638149857521,0.549258291721344,2.764275312423706,-6.645984649658203,3.694838285446167,-0.5417236089706421,2.337664842605591,0.3770413994789123,-22.84395980834961,0.8643608689308167,-0.3391936421394348,-16.197975158691406,0.2025299370288849,-0.0500935353338718,1,2.7318122386932373,15.664743423461914,1047.0,82.315673828125,216.1943817138672,350.0730895996094,0.0793829783797264,0.3632985651493072,2.967600107192993,29.964496612548828,0.3312493860721588,0.3525575399398803,0.3738656640052795,0.0426162853837013,18.39655494689941,120.76944,22.77005,1207_253
0.1218565627932548,0.4586435854434967,-2.939319610595703,0.0901011526584625,0.1591066718101501,-2.603050708770752,0.1182602271437645,0.7147883772850037,-3.098191499710083,-6.308554172515869,2.644004821777344,-0.4665146172046661,2.529568672180176,0.3314383029937744,-15.291739463806152,-2.0727667808532715,0.2971764802932739,-8.983184814453125,0.7636911273002625,-0.5341328382492065,1,3.130266666412353,18.323156356811523,122.0,53.406494140625,200.52294921875,347.639404296875,0.0933584496378898,0.4500603377819061,-2.900397062301636,11.167715072631836,0.3256750404834747,0.3720595836639404,0.4184441268444061,0.0927691012620925,21.45342254638672,120.46053,23.17526,1204_257
0.2484169006347656,0.3324575424194336,-2.807849645614624,0.1980962008237838,0.05979535728693,-2.7353157997131348,0.2092952877283096,0.6448798179626465,-2.9174251556396484,-5.418497085571289,2.932230234146118,0.0713715329766273,2.404016256332397,0.8335732221603394,-16.235475540161133,-2.720640182495117,1.0849555730819702,-10.816978454589844,1.013584017753601,0.2481556832790374,1,3.46696138381958,19.30820083618164,127.0,52.15351867675781,181.96653747558597,311.779541015625,0.1786634773015976,0.4094396829605102,-2.829348564147949,17.381757736206055,0.2974051535129547,0.3480840027332306,0.3987628221511841,0.1013576835393905,22.775161743164062,120.42061,22.95535,1204_255
0.0923287793993949,0.5775365233421326,1.9024032354354856,0.0840709879994392,0.318438857793808,2.034301996231079,0.0847516953945159,0.774479866027832,1.7881287336349487,-4.731504917144775,3.0992684364318848,0.8321261405944824,2.2666983604431152,0.7974761724472046,-20.012189865112305,-0.9573042392730712,0.3484129905700683,-15.280685424804688,-0.483713150024414,0.8882128596305847,2,2.173062562942505,11.008648872375488,2987.0,172.9473419189453,313.4855651855469,454.0237731933594,0.0972664803266525,0.5097523331642151,1.990652322769165,41.45550537109375,0.3950037062168121,0.3914793729782104,0.3879550099372864,-0.0070486823096871,13.181711196899414,121.19161,23.59276,1211_262
0.0588302351534366,0.6407328844070435,2.1032817363739014,0.0735886022448539,0.4105836749076843,1.896026849746704,0.0381732769310474,0.7827681303024292,2.258046388626098,-6.437772274017334,3.186765670776367,-0.2994930446147918,2.327123641967773,0.2989667952060699,-22.78026962280273,-2.1774911880493164,0.419223815202713,-16.342496871948242,0.7187168598175049,0.0222766697406768,2,2.544316291809082,10.904772758483888,3021.0,120.33082580566406,252.17369079589844,384.01654052734375,0.0794864445924758,0.6029854416847229,1.8852386474609373,18.492509841918945,0.3741270899772644,0.3840312957763672,0.3939354717731476,0.0198083687573671,13.449089050292969,120.97813,23.3601,1209_259
0.054340373724699,0.5945655703544617,-2.468593120574951,0.0498144105076789,0.3374938070774078,-2.6324734687805176,0.0189052894711494,0.8102903962135315,-2.172123432159424,-5.696434020996094,2.9086461067199707,0.5524023771286011,2.497182846069336,1.3701584339141846,-14.716429710388184,-2.265609741210937,1.5654200315475464,-9.01999568939209,1.013017654418945,-0.9805492758750916,2,2.3323144912719727,11.177535057067873,2508.0,156.71084594726562,313.1099853515625,469.5090942382813,0.0327526070177555,0.5792151689529419,2.934528350830078,34.43500518798828,0.3797320127487182,0.381810188293457,0.3838883638381958,0.0041563655249774,13.509849548339844,121.24232,23.74152,1212_263
0.0221004094928503,0.6551363468170166,1.9513455629348757,0.0334901958703994,0.3963028192520141,2.1835625171661377,0.0236188154667615,0.8077558279037476,1.7579418420791626,-5.225372314453125,2.9090070724487305,0.0821617916226387,2.3602662086486816,0.5024991035461426,-17.12972640991211,-1.6917566061019895,0.414106547832489,-11.904354095458984,0.3319447636604309,-0.5437197089195251,2,2.348651170730591,14.446325302124023,2515.0,148.5471649169922,256.09771728515625,363.6482849121094,0.0365091525018215,0.538059651851654,1.659245848655701,25.16295051574707,0.396653801202774,0.3922488689422607,0.3878439366817474,-0.0088098403066396,16.79497718811035,120.95348,23.02028,1209_255
0.0379093922674655,0.5050928592681885,-2.9842514991760254,0.0293890070170164,0.2418142259120941,-3.0424575805664062,0.0674880594015121,0.6979546546936035,-3.0701229572296143,-5.712335586547852,2.441349983215332,0.2287917137145996,2.3887646198272705,0.296262264251709,-17.723281860351562,-2.839988470077514,0.2504894137382507,-12.010947227478027,0.0216976907104253,-0.7852494120597839,2,1.7123169898986816,14.95742893218994,1458.0,170.1428985595703,357.6925354003906,545.2421264648438,0.0644155666232109,0.4703989624977112,3.1035852432250977,26.47528648376465,0.3989788293838501,0.40144944190979,0.4039200246334076,0.0049412031657993,16.66974639892578,121.46487,24.61411,1214_273
0.0331036113202571,0.6122648119926453,1.534291386604309,0.0362672507762908,0.3360496461391449,2.049916982650757,0.0402048975229263,0.7887060642242432,1.078173279762268,-6.189096927642822,2.783433198928833,0.4884784817695617,2.4538257122039795,0.8156837821006775,-16.816612243652344,-1.2665082216262815,0.4866211414337158,-10.62751579284668,-0.0018573341658338,-0.2632833421230316,2,2.675235748291016,14.979241371154783,2166.0,81.30682373046875,219.78070068359372,358.25457763671875,0.0521148070693016,0.5468382239341736,1.6713083982467651,20.700485229492188,0.3262604773044586,0.3498724102973938,0.3734843134880066,0.0472238436341285,17.654476165771484,120.83215,22.92952,1208_254
0.0351403355598449,0.5401175022125244,-1.4955976009368896,0.066835731267929,0.2536492347717285,-1.3923025131225586,0.0469981506466865,0.7950975894927979,1.4708281755447388,-6.49811601638794,2.7339487075805664,0.6669144034385681,2.369475841522217,1.066526174545288,-20.729097366333008,-1.6428697109222412,1.018733024597168,-14.23098087310791,0.3518185913562774,-0.8863022327423096,2,3.3499755859375,10.572549819946287,3018.0,75.80978393554688,189.3680877685547,302.9263916015625,0.0483956448733806,0.5195547342300415,1.4520931243896484,20.26909065246582,0.3858266174793243,0.4148865938186645,0.4439465701580047,0.0581199415028095,13.922525405883787,121.13071,24.33384,1211_270
0.1070885136723518,0.3439893722534179,-2.001298666000366,0.1076178923249244,0.0123118562623858,-2.048992156982422,0.0294010248035192,0.7649409174919128,-1.0781713724136353,-5.581658363342285,2.8032264709472656,-0.7789181470870972,2.352325439453125,0.4046268761157989,-18.850229263305664,-2.04424262046814,0.3991420567035675,-13.268571853637695,1.1780601739883425,0.5153822898864746,2,2.1997230052948,11.954541206359863,2290.0,165.23898315429688,282.825927734375,400.4129028320313,0.0301667563617229,0.3895597755908966,-2.997110605239868,28.5225887298584,0.4040587842464447,0.4015916883945465,0.3991245925426483,-0.0049341698177158,14.154264450073242,121.10827,23.44402,1211_260
0.0583502314984798,0.685784101486206,1.3950213193893433,0.0650171712040901,0.42789027094841,1.4615126848220823,0.0211140252649784,0.8297839760780334,1.0364196300506592,-6.277210712432861,2.192190647125244,0.3655588924884796,2.903226852416992,0.7762442827224731,-10.291544914245604,-1.9733272790908811,0.9722237586975098,-4.014334201812744,0.6066648960113525,0.5405696034431458,2,3.0459649562835693,13.154682159423828,1443.0,82.10057830810547,209.77593994140625,337.4513244628906,0.0531457737088203,0.6171346306800842,1.6592775583267212,33.57356262207031,0.3342304229736328,0.3605354726314544,0.3868405520915985,0.052610132843256,16.200647354125977,121.17792,24.62457,1211_273
0.0287007130682468,0.5703734159469604,1.6989370584487915,0.0402960591018199,0.3001559376716614,1.5997720956802368,0.02850759960711,0.7744489312171936,2.0062570571899414,-4.973340034484863,2.3427131175994877,-0.3633975982666015,2.412463665008545,0.0042242798954248,-14.66647243499756,-2.463010549545288,0.0549456849694252,-9.693132400512695,0.4183432757854461,-0.9226862192153932,2,2.1894845962524414,11.19408893585205,2529.0,144.961181640625,250.31651306152344,355.6718444824219,0.047782365232706,0.4867688417434692,1.8292388916015625,37.18984222412109,0.3937315940856933,0.3943225741386413,0.3949135541915893,0.0011819843202829,13.383573532104492,121.37896,24.32149,1213_270
0.0432775020599365,0.6157382726669312,1.12684428691864,0.0548380799591541,0.3906387984752655,1.6138113737106323,0.0378051288425922,0.7267965078353882,0.4557611346244812,-5.397924423217773,3.240996122360229,-0.63821941614151,2.301750898361206,0.3578843474388122,-20.57267189025879,-0.2858088314533233,-0.1663415431976318,-15.1747465133667,0.4718779027462005,-0.999993085861206,2,2.014972686767578,12.44117832183838,2697.0,210.0760498046875,322.9810485839844,435.8860473632813,0.0574473440647125,0.5599889159202576,1.1960744857788086,38.55218505859375,0.4094034433364868,0.4027221500873565,0.3960408568382263,-0.0133625930175185,14.456151008605955,121.15668,23.50046,1211_261
0.0357579216361045,0.633188009262085,-2.079195261001587,0.028606915846467,0.3387907743453979,-1.697267770767212,0.0287131387740373,0.8470104932785034,-2.5418527126312256,-5.719656467437744,3.624047040939331,-0.2171482294797897,2.2770466804504395,0.6698248982429504,-23.37080955505371,-0.9773007035255432,0.3473718762397766,-17.651153564453125,0.5645201206207275,-0.9765698313713074,2,2.6413302421569824,11.965877532958984,2056.0,103.48814392089844,227.5515594482422,351.6149597167969,0.0335059501230716,0.5678225755691528,-3.0476481914520264,33.592010498046875,0.3337695896625519,0.3524322211742401,0.3710948526859283,0.0373252518475055,14.607208251953123,120.9491,23.16072,1209_257
0.020563481375575,0.6263811588287354,3.131495475769043,0.0280227269977331,0.3793741166591644,2.756290912628174,0.0096078449860215,0.8222613334655762,1.1430294513702393,-5.783472537994385,2.8861734867095947,-0.3658719062805176,2.369682550430298,0.221909150481224,-18.757509231567383,-2.9606735706329346,0.1188190057873725,-12.974037170410156,0.4846909046173095,0.7614041566848755,2,2.1118505001068115,14.625774383544922,2499.0,278.0994873046875,389.4148559570313,500.730224609375,0.0187670569866895,0.5641618371009827,2.423264741897583,28.268978118896484,0.4114225804805755,0.4038065671920776,0.3961905539035797,-0.0152320424094796,16.737625122070312,121.25606,23.73025,1212_263
0.0193106438964605,0.6506770253181458,1.2731167078018188,0.0230412986129522,0.3877841532230377,1.223544716835022,0.0303326305001974,0.8057493567466736,1.166267156600952,-6.62885856628418,2.8586387634277344,0.8050183057785034,2.4509549140930176,0.4682962298393249,-18.026784896850582,-2.083870649337769,0.8935250639915466,-11.397926330566406,0.088506780564785,-0.6542844176292419,2,2.658663034439087,11.69184684753418,3132.0,151.4472198486328,230.22853088378903,309.0098571777344,0.0355339832603931,0.5701131820678711,1.5728857517242432,20.93143844604492,0.3962686061859131,0.3946070671081543,0.3929455280303955,-0.0033230867702513,14.350509643554688,121.2926,24.17754,1212_268
0.0187188293784856,0.5882257223129272,-3.0123252868652344,0.0151474513113498,0.3248676061630249,-2.717002868652344,0.0301254820078611,0.7593389749526978,1.5680861473083496,-5.642275810241699,2.8606762886047363,-0.9716051816940308,2.459444999694824,0.8277553915977478,-15.413264274597168,-1.1785953044891355,0.7162079215049744,-9.770988464355469,1.68781316280365,-0.9621942639350892,2,3.308823585510254,12.17832374572754,2863.0,79.2593765258789,182.81700134277344,286.3746032714844,0.0384135991334915,0.5303859710693359,2.0772485733032227,29.246505737304688,0.3971173763275146,0.4235340058803558,0.449950635433197,0.0528332516551017,15.487147331237791,121.0917,24.18127,1210_268
0.0214337296783924,0.6268842220306396,2.142297506332397,0.0244876500219106,0.3633972704410553,2.163424015045166,0.0195582639425992,0.8077987432479858,1.470130205154419,-5.822024822235107,2.6362760066986084,0.3006486892700195,2.4106314182281494,0.4960626661777496,-17.167850494384766,-2.2478044033050537,0.7104988098144531,-11.345826148986816,0.4098500907421112,-0.6682158708572388,2,2.49420166015625,12.131412506103516,3102.0,131.708251953125,249.4044647216797,367.1006774902344,0.0481961071491241,0.528967559337616,2.0495476722717285,21.776153564453125,0.3738244771957397,0.3798916041851043,0.385958731174469,0.0121342418715357,14.625614166259766,121.0394,23.28815,1210_258
0.0680312737822532,0.566332995891571,2.1479177474975586,0.0517558865249156,0.2608835995197296,2.22403883934021,0.0575977563858032,0.7676742076873779,2.1507656574249268,-6.164694786071777,2.7110354900360107,-0.0052721020765602,2.527902841567993,0.6034579277038574,-14.919028282165527,-1.952719449996948,0.5575852394104004,-8.754334449768066,0.5628573298454285,-0.926032543182373,2,2.3323144912719727,11.177535057067873,2288.0,156.71084594726562,313.1099853515625,469.5090942382813,0.0823743045330047,0.5243786573410034,1.9250543117523196,7.607229232788086,0.3797320127487182,0.381810188293457,0.3838883638381958,0.0041563655249774,13.509849548339844,121.16512,23.65673,1211_262
0.0168139822781085,0.6066452264785767,2.363165616989136,0.0212652795016765,0.3381201028823852,2.612276792526245,0.027745259925723,0.7507756948471069,2.618626117706299,-5.839861869812012,2.740839719772339,0.0169940553605556,2.444565296173096,0.4166270196437835,-16.13186264038086,-1.5990160703659058,0.3712297976016998,-10.292001724243164,0.3542357385158539,0.5359745621681213,2,2.390493154525757,13.409990310668944,2413.0,144.88209533691406,250.73703002929688,356.59197998046875,0.0454981140792369,0.5157320499420166,2.3453128337860107,20.46166229248047,0.3867504894733429,0.3846602141857147,0.3825699388980865,-0.0041805296204984,15.800482749938965,120.96529,23.13456,1209_257
0.0280988942831754,0.5990111827850342,2.940447807312012,0.0197037514299154,0.320368230342865,3.036972761154175,0.0465580746531486,0.7778653502464294,2.1681697368621826,-5.848279476165772,3.07423996925354,-0.8705607056617737,2.298308849334717,0.6000163555145264,-22.55011940002441,-1.8075729608535769,0.5487602949142456,-16.701839447021484,1.4193209409713743,0.3553793728351593,2,2.283833265304565,11.681960105895996,2940.0,172.0917205810547,278.6646423339844,385.237548828125,0.0393542870879173,0.500863790512085,2.2235000133514404,29.86570167541504,0.4033507704734802,0.4001184999942779,0.3968861997127533,-0.0064645675010979,13.96579360961914,121.30489,23.94645,1213_266
0.0082101877778768,0.5154908299446106,-0.3167561590671539,0.0232907403260469,0.2268965244293213,-1.3184999227523804,0.0554881542921066,0.7497228384017944,1.3422539234161377,-6.983311176300049,2.66889762878418,1.0890673398971558,3.880714178085327,0.9120450615882874,-7.762184143066406,-1.6392033100128174,1.1642688512802124,-0.7788727879524231,0.0752014890313148,0.7668473124504089,2,2.421710968017578,10.618030548095703,2940.0,125.14056396484376,281.00213623046875,436.8636779785156,0.0202022120356559,0.4099068939685821,1.3701785802841189,29.21116828918457,0.3801341652870178,0.3892140686511993,0.3982939422130584,0.0181597992777824,13.03974151611328,121.13552,23.57898,1211_261
0.0298391561955213,0.6001232862472534,2.861003398895264,0.0434854067862033,0.3368560969829559,2.342903852462769,0.0261749364435672,0.7526686787605286,-2.8068130016326904,-6.087368965148926,3.692455291748047,-0.6870538592338562,2.284217834472656,0.6235824823379517,-24.30264663696289,-2.086634635925293,0.6736531257629395,-18.21527862548828,1.3607069253921509,-0.2467668503522873,2,2.283833265304565,11.681960105895996,2516.0,172.0917205810547,278.6646423339844,385.237548828125,0.050758134573698,0.5129913687705994,2.3261914253234863,39.61225891113281,0.4033507704734802,0.4001184999942779,0.3968861997127533,-0.0064645675010979,13.96579360961914,121.3226,23.9368,1213_265
0.0735620781779289,0.5432447195053101,-2.9579017162323,0.0729867368936538,0.2677294015884399,-2.762312650680542,0.0518616214394569,0.7714472413063049,2.471967935562134,-5.424424648284912,2.6189334392547607,-0.8414584994316101,3.87542986869812,0.5492234826087952,-6.508518695831299,-1.7205629348754885,0.4386813342571258,-1.0840942859649658,1.2801398038864136,-0.2625791430473327,2,2.5478336811065674,10.551860809326172,2666.0,123.09405517578124,279.28790283203125,435.4817504882813,0.0634623616933822,0.4977220594882965,2.8691577911376958,46.75336837768555,0.381113052368164,0.3872546255588531,0.3933961987495422,0.0122831529006361,13.09969425201416,121.21218,23.83942,1212_264
0.0477636791765689,0.5857148766517639,1.7380789518356323,0.0481541231274604,0.3140023648738861,1.9488662481307983,0.0519910156726837,0.7453442811965942,1.4438318014144895,-5.825435638427734,2.587851047515869,-0.3388200998306274,2.5321075916290283,0.7144865393638611,-14.022082328796388,-1.8385096788406368,0.623542070388794,-8.196646690368652,0.9623621702194214,0.1384998112916946,2,1.9230382442474363,15.113529205322266,1959.0,267.2466125488281,398.6565551757813,530.0665283203125,0.0525810234248638,0.5118871927261353,1.8583505153656008,18.988693237304688,0.4076579809188843,0.4045942723751068,0.4015305340290069,-0.0061274515464901,17.03656768798828,121.56049,24.49937,1215_272
0.1598963737487793,0.5508309006690979,-2.2218992710113525,0.139417678117752,0.2515237629413605,-2.099138736724853,0.0944277197122573,0.804635226726532,-2.26226019859314,-5.634891033172607,2.561952829360962,-0.8751766085624695,2.6172585487365723,0.3364083468914032,-12.265422821044922,1.4562398195266724,-0.4699255228042602,-6.6305317878723145,0.4052510857582092,-0.5984600782394409,2,2.172800779342652,12.704118728637695,2136.0,217.39414978027344,271.58673095703125,325.779296875,0.1018899157643318,0.5665653944015503,-2.3045854568481445,22.82535171508789,0.4045973420143127,0.3959013521671295,0.3872053623199463,-0.017391974106431,14.876919746398926,121.35729,24.13155,1213_268
0.0538364127278327,0.5038896203041077,-1.2462332248687744,0.104129672050476,0.1884869784116745,-1.2688204050064087,0.091280847787857,0.7927249670028687,1.792630314826965,-6.026364803314209,2.5684492588043213,0.4567704498767853,2.531445980072021,0.5653893351554871,-14.50849437713623,-1.8711508512496948,0.5949593782424927,-8.48213005065918,0.1381889581680297,0.2670257985591888,2,3.1241278648376465,9.299466133117676,2365.0,91.31892395019533,203.7288360595703,316.1387634277344,0.0339463651180267,0.4356170296669006,-1.1968902349472046,28.3206787109375,0.3352031111717224,0.3591205179691314,0.3830379247665405,0.0478348210453987,12.42359447479248,121.23,24.43651,1212_271
0.0834229290485382,0.5083029866218567,1.8809548616409304,0.0909386500716209,0.2234614342451095,1.9001291990280151,0.0417700707912445,0.7319542765617371,2.466195821762085,-5.776511669158936,2.5031609535217285,-0.218538150191307,2.526430130004883,0.1971646249294281,-13.98861598968506,2.8272252082824707,0.0541570521891117,-8.212104797363281,0.2726951837539673,-0.9941115975379944,2,3.0388898849487305,17.631608963012695,1029.0,54.56525039672852,248.0713806152344,441.5775146484375,0.0783982574939727,0.5159065127372742,1.9501699209213257,25.56072235107422,0.2857244312763214,0.3326608836650848,0.3795973062515259,0.0938728749752044,20.67049789428711,120.64689,23.52983,1206_261
0.0277288500219583,0.6666263341903687,2.001901626586914,0.0151952216401696,0.4111575782299042,1.7336838245391846,0.0531831607222557,0.8041262030601501,2.0001096725463867,-6.870464324951172,2.476066827774048,0.5944666862487793,13.787158966064451,0.7968662977218628,-4.763378620147705,-1.7131133079528809,0.9909563660621644,2.107085704803467,0.396489679813385,0.9214365482330322,2,2.1997230052948,11.954541206359863,3032.0,165.23898315429688,282.825927734375,400.4129028320313,0.0499111786484718,0.5439243912696838,2.3502357006073,52.31747817993164,0.4040587842464447,0.4015916883945465,0.3991245925426483,-0.0049341698177158,14.154264450073242,121.05628,23.44539,1210_260
0.0354832783341407,0.5789670348167419,2.23203444480896,0.0508758537471294,0.3044338524341583,2.0805563926696777,0.0386833101511001,0.7651861906051636,-2.8510847091674805,-6.437744617462158,2.590545177459717,0.2673012614250183,2.783841133117676,0.9373397827148438,-11.640331268310549,-1.459692120552063,0.744193434715271,-5.202586650848389,0.4768922030925751,0.2709439098834991,2,2.1894845962524414,11.19408893585205,2610.0,144.961181640625,250.31651306152344,355.6718444824219,0.0403767712414264,0.5581076145172119,2.206551551818848,34.99763107299805,0.3937315940856933,0.3943225741386413,0.3949135541915893,0.0011819843202829,13.383573532104492,121.40993,24.2588,1214_269
0.0405666977167129,0.6324647665023804,1.7366819381713867,0.0593590103089809,0.3837795257568359,1.7502764463424685,0.0304084066301584,0.8031378984451294,1.1574428081512451,-5.725169658660889,2.54861068725586,-0.2177804857492447,6.124051570892334,0.8778499960899353,-4.976428508758545,-1.834455490112305,1.1833053827285769,0.748741090297699,1.4010858535766602,-0.9826897382736206,2,2.544316291809082,10.904772758483888,3026.0,120.33082580566406,252.17369079589844,384.01654052734375,0.0480994097888469,0.539139449596405,1.769399881362915,41.46062469482422,0.3741270899772644,0.3840312957763672,0.3939354717731476,0.0198083687573671,13.449089050292969,121.01345,23.43631,1210_260
0.0328212715685367,0.5981076955795288,1.281501054763794,0.0339445397257804,0.364807665348053,1.596935153007507,0.0275558196008205,0.748837947845459,1.3204011917114258,-6.068300724029541,2.820683002471924,0.1256306916475296,3.664282083511353,0.7314467430114746,-7.386296272277832,-2.3353233337402344,0.9659828543663024,-1.317995548248291,0.8403521776199341,-0.9519669413566588,2,2.173011302947998,15.211843490600586,2474.0,299.2823486328125,380.5121154785156,461.7418823242188,0.0272894743829965,0.4792066514492035,2.029491662979126,37.03339385986328,0.4136084020137787,0.4033930599689483,0.3931776881217956,-0.0204307027161121,17.384855270385742,121.26457,23.64544,1212_262
0.0460444279015064,0.5694877505302429,2.5757620334625244,0.0398207008838653,0.3252861201763153,2.4994611740112305,0.0485494099557399,0.7151721715927124,2.664621591567993,-6.0664567947387695,2.7658567428588867,-0.717386782169342,2.481457471847534,0.4115971624851227,-15.691612243652344,-0.7625623345375061,0.1325213462114334,-9.625155448913574,0.8499081134796143,-0.8692769408226013,2,2.173011302947998,15.211843490600586,2619.0,299.2823486328125,380.5121154785156,461.7418823242188,0.0499391220510005,0.4660537838935852,2.538156270980835,40.98518371582031,0.4136084020137787,0.4033930599689483,0.3931776881217956,-0.0204307027161121,17.384855270385742,121.27117,23.63632,1212_262
0.0429382994771003,0.6368127465248108,1.6854997873306274,0.0486667528748512,0.3776552975177765,1.6287243366241455,0.0468938909471035,0.7726649641990662,1.828505039215088,-5.62285041809082,2.5914673805236816,0.0803016349673271,3.5031704902648926,0.6436066627502441,-7.015396118164063,-2.1946725845336914,0.7762123346328735,-1.392545461654663,0.6959106922149658,-0.9942481517791748,2,2.159665822982788,11.972312927246094,2966.0,184.29861450195312,261.7147521972656,339.13092041015625,0.0601894408464431,0.4983099699020386,2.1993517875671387,52.44832992553711,0.4067250192165375,0.4016572833061218,0.3965895175933838,-0.0101355127990245,14.13197898864746,121.35772,24.19154,1213_268
0.0293560586869716,0.5651822686195374,1.685881733894348,0.0544520355761051,0.3032032549381256,1.6838853359222412,0.0176900848746299,0.753404438495636,0.928081750869751,-6.631890296936035,3.5168631076812744,0.9213461875915528,2.319255352020264,0.6876462697982788,-23.988056182861328,-1.8664873838424685,1.0473700761795044,-17.356164932250977,0.1260238736867904,-0.9996734857559204,2,2.734246253967285,11.503533363342283,2955.0,150.61700439453125,220.34942626953125,290.08184814453125,0.0498913265764713,0.4968733191490173,1.6199499368667605,35.23942565917969,0.3891997337341308,0.3831722736358642,0.3771448135375976,-0.0120549136772751,14.23777961730957,121.34055,24.08187,1213_267
0.0751140713691711,0.506999671459198,-1.4220895767211914,0.1162145361304283,0.2088585346937179,-1.3813979625701904,0.0283378064632415,0.8030111193656921,1.8258248567581177,-6.06868314743042,4.53907585144043,-0.5575377941131592,2.269887924194336,0.795086145401001,-25.039953231811523,-1.8153377771377563,0.5233680009841919,-18.971269607543945,1.080905795097351,-0.3909187912940979,2,2.5836305618286133,11.800631523132324,2565.0,105.93549346923828,229.4572906494141,352.97906494140625,0.0293090809136629,0.5020949244499207,-1.6170456409454346,24.627349853515625,0.3456694483757019,0.3592888116836548,0.3729081749916076,0.0272387117147445,14.384262084960938,120.91155,23.11417,1209_256
0.0611520707607269,0.6051834225654602,2.141395330429077,0.0687103420495987,0.33521568775177,2.0060126781463623,0.0444388277828693,0.8035294413566589,2.253065586090088,-6.400829315185547,2.8307156562805176,-1.2343231439590454,3.715336799621582,0.4088780283927917,-7.236811637878418,-0.8173360824584961,0.1796798110008239,-0.835982620716095,1.4140028953552246,0.8076984286308289,2,2.658663034439087,11.69184684753418,2608.0,151.4472198486328,230.22853088378903,309.0098571777344,0.0849567800760269,0.5440784096717834,2.03584098815918,17.23560905456543,0.3962686061859131,0.3946070671081543,0.3929455280303955,-0.0033230867702513,14.350509643554688,121.293,24.21825,1212_269
0.0595609806478023,0.4790441989898681,2.5191121101379395,0.0497501641511917,0.2098001837730407,2.374106884002685,0.0376683473587036,0.7585150599479675,2.1773312091827397,-6.151247501373291,3.241598129272461,0.1382443755865097,2.396079063415528,0.6980204582214355,-18.63604164123535,-2.3789570331573486,1.0373986959457395,-12.48479461669922,0.8991543650627136,-0.173339694738388,2,3.3499755859375,10.572549819946287,3015.0,75.80978393554688,189.3680877685547,302.9263916015625,0.0626527890563011,0.4434842765331268,2.417039394378662,38.98799514770508,0.3858266174793243,0.4148865938186645,0.4439465701580047,0.0581199415028095,13.922525405883787,121.08837,24.31662,1210_270
0.0301038119941949,0.6091057658195496,2.159778118133545,0.0055191782303154,0.3434545993804931,-2.966718912124634,0.0601837038993835,0.8025696873664856,1.8834428787231443,-6.174930572509766,2.783074855804444,0.4174415469169616,3.896837949752808,0.8971371054649353,-7.491389751434326,-1.999572992324829,1.1746068000793457,-1.316459059715271,0.757165253162384,0.7062408328056335,2,2.173062562942505,11.008648872375488,2327.0,172.9473419189453,313.4855651855469,454.0237731933594,0.0200254172086715,0.5534982085227966,2.007809400558472,43.497802734375,0.3950037062168121,0.3914793729782104,0.3879550099372864,-0.0070486823096871,13.181711196899414,121.2018,23.61753,1212_262
0.02523741312325,0.6540116667747498,1.7054495811462402,0.0323294326663017,0.3987741768360138,1.8190085887908936,0.0268411729484796,0.8046495318412781,1.8551324605941768,-6.346529483795166,2.6180760860443115,0.2870752215385437,2.401321649551392,0.9809330701828004,-19.10758781433105,-1.3334912061691284,0.9696820378303528,-12.761058807373049,0.6826068162918091,0.5008251667022705,2,2.9612088203430176,14.21165657043457,2950.0,93.98900604248048,226.7569274902344,359.5248413085937,0.042367123067379,0.5234110951423645,2.048328161239624,23.99026298522949,0.4000148177146911,0.4150015711784363,0.429988294839859,0.0299734752625226,17.17286491394043,121.14633,23.88346,1211_265
0.026385037228465,0.570176899433136,-2.4426965713500977,0.0349469780921936,0.2937711477279663,-1.8583940267562864,0.0389168970286846,0.7572652697563171,1.963449239730835,-6.288800239562988,2.582418441772461,0.2735032439231872,2.573002338409424,0.9994770288467408,-14.363473892211914,-2.292733192443848,1.3544509410858154,-8.074673652648926,1.080947756767273,0.9999824166297911,2,2.1894845962524414,11.19408893585205,2808.0,144.961181640625,250.31651306152344,355.6718444824219,0.0283584147691726,0.5211735963821411,2.507230281829834,20.612037658691406,0.3937315940856933,0.3943225741386413,0.3949135541915893,0.0011819843202829,13.383573532104492,121.35458,24.34746,1213_270
0.0561936125159263,0.494747132062912,2.6369636058807373,0.0445782206952571,0.2442882061004638,2.594122171401977,0.0627952143549919,0.6794818639755249,2.8829331398010254,-5.319511890411377,2.5404086112976074,-0.0877836942672729,2.3477861881256104,0.4518842995166778,-17.93916893005371,-1.2632899284362793,0.3848267495632171,-12.619658470153809,0.4726104438304901,0.9035570025444032,2,2.173062562942505,11.008648872375488,2666.0,172.9473419189453,313.4855651855469,454.0237731933594,0.0722716525197029,0.4862788617610931,2.4359705448150635,38.715450286865234,0.3950037062168121,0.3914793729782104,0.3879550099372864,-0.0070486823096871,13.181711196899414,121.19341,23.5604,1211_261
0.0371214561164379,0.5058937072753906,-2.6605794429779053,0.0736014097929,0.2541718780994415,2.0536365509033203,0.0704782903194427,0.7163546085357666,-1.6289328336715698,-6.22534704208374,2.671551465988159,-0.1561642587184906,2.3976147174835205,0.4046652317047119,-18.799362182617188,-2.148630857467652,0.2952435314655304,-12.574015617370604,0.451407790184021,0.9824231266975404,2,2.026527404785156,13.05771541595459,2319.0,221.55404663085935,350.08514404296875,478.61627197265625,0.0676845237612724,0.4538607001304626,2.612114429473877,50.21795654296875,0.403423011302948,0.3977937400341034,0.3921644389629364,-0.0112585620954632,15.084242820739746,121.3321,23.82862,1213_264
0.059459812939167,0.6703794598579407,2.116276979446411,0.0719673261046409,0.3897462487220764,1.9707889556884768,0.0433112643659114,0.8261873126029968,2.2395927906036377,-5.281823635101318,2.807668685913086,-0.0083097638562321,2.3142404556274414,0.5072752833366394,-19.491384506225582,-1.0806787014007568,0.2637420296669006,-14.209561347961426,0.2720517814159393,0.8336080312728882,2,3.3175699710845947,10.642196655273438,2416.0,74.9773941040039,179.96966552734375,284.9619445800781,0.0850584730505943,0.572766900062561,2.012587070465088,45.72761917114258,0.3227446973323822,0.3512084484100342,0.3796722292900085,0.0569275207817554,13.959766387939451,121.11848,24.39086,1211_271
0.0703922808170318,0.6018977165222168,2.0358805656433105,0.0668376311659812,0.3463394045829773,1.9774061441421509,0.0640928521752357,0.7806985378265381,1.822010159492493,-6.117375373840332,2.468591451644897,0.3294780552387237,3.505291223526001,0.8350179195404053,-7.711140632629394,-1.964023232460022,1.0631169080734253,-1.5937656164169312,0.7336388826370239,-0.1108960658311843,2,3.084095001220703,13.540885925292969,2352.0,60.66347885131836,202.18218994140625,343.7008972167969,0.0760054141283035,0.5286638736724854,1.9677196741104128,40.30379486083984,0.3609996736049652,0.4072262644767761,0.4534528851509094,0.0924532115459442,16.624980926513672,120.81755,23.56649,1208_261
0.041948776692152,0.6452687978744507,2.098162174224853,0.0567448548972606,0.3825428485870361,2.021239995956421,0.009377353824675,0.7921264171600342,2.052468776702881,-6.282085418701172,2.6383655071258545,-0.0263830684125423,3.595965623855591,0.6310616135597229,-7.493100166320801,-1.5725152492523191,0.907734513282776,-1.2110143899917605,0.9341176152229308,-0.1481713354587555,2,2.172800779342652,12.704118728637695,2486.0,217.39414978027344,271.58673095703125,325.779296875,0.0511255897581577,0.540330708026886,1.8554011583328247,23.98666763305664,0.4045973420143127,0.3959013521671295,0.3872053623199463,-0.017391974106431,14.876919746398926,121.4029,24.06703,1214_267
0.0773489698767662,0.5267077088356018,1.9354443550109863,0.1111933514475822,0.2696097195148468,1.814183235168457,0.0264271646738052,0.7122487425804138,2.4511725902557373,-6.454216003417969,2.631414890289306,1.231440544128418,5.366261959075928,0.8816618919372559,-6.270810127258301,-1.7282249927520752,1.2656899690628052,0.183405727148056,0.034249473363161,0.9044439196586608,2,2.6413302421569824,11.965877532958984,2517.0,103.48814392089844,227.5515594482422,351.6149597167969,0.0796556696295738,0.461668848991394,1.8965972661972048,37.30154800415039,0.3337695896625519,0.3524322211742401,0.3710948526859283,0.0373252518475055,14.607208251953123,120.89927,23.20313,1208_257
0.0599419735372066,0.4594825804233551,1.8848109245300293,0.0446818433701992,0.2232437282800674,1.9996665716171265,0.0960010737180709,0.572753369808197,1.7681403160095217,-8.254531860351562,3.064856767654419,0.0005761960055679083,6.92809009552002,0.6387079358100891,-5.565712928771973,-2.0193772315979004,0.7898892760276794,2.688819169998169,0.7893130779266357,0.6849351525306702,2,2.173062562942505,11.008648872375488,3194.0,172.9473419189453,313.4855651855469,454.0237731933594,0.0411547757685184,0.3669129908084869,2.0797033309936523,35.94966506958008,0.3950037062168121,0.3914793729782104,0.3879550099372864,-0.0070486823096871,13.181711196899414,121.15208,23.58772,1211_262
0.1130202859640121,0.4521480202674866,2.4211859703063965,0.1105364635586738,0.1771697103977203,2.315250873565674,0.0697879195213317,0.7457607984542847,2.151585102081299,-6.525743007659912,2.5713839530944824,-0.0460996441543102,3.303359031677246,0.6494304537773132,-9.049245834350586,-2.117410659790039,0.8569486141204834,-2.523503303527832,0.9030482769012452,0.8443893790245056,2,2.173062562942505,11.008648872375488,2558.0,172.9473419189453,313.4855651855469,454.0237731933594,0.0908366590738296,0.4168770909309387,2.373573064804077,33.72999954223633,0.3950037062168121,0.3914793729782104,0.3879550099372864,-0.0070486823096871,13.181711196899414,121.21736,23.62609,1212_262
0.0391356609761714,0.5935086011886597,1.1383450031280518,0.0498587600886821,0.3562594652175903,1.628389596939087,0.044306818395853,0.7065795660018921,0.9735361337661744,-5.85858678817749,2.779808759689331,-0.824058473110199,2.682065010070801,0.1144266426563263,-11.798364639282228,1.112344741821289,-0.4541391432285309,-5.939778327941895,0.3699193000793457,-0.9035053253173828,2,2.348651170730591,14.446325302124023,2559.0,148.5471649169922,256.09771728515625,363.6482849121094,0.0411825738847255,0.4928145706653595,1.4500765800476074,18.875965118408203,0.396653801202774,0.3922488689422607,0.3878439366817474,-0.0088098403066396,16.79497718811035,120.99832,22.95308,1209_255
0.0756771191954612,0.6211051344871521,2.0786519050598145,0.0695251002907753,0.3796447813510895,2.016331911087036,0.0766775161027908,0.768234372138977,1.969235897064209,-5.9856719970703125,2.4688713550567627,0.5133445262908936,2.561474084854126,0.997583031654358,-13.799348831176758,-1.6563613414764404,1.2855533361434937,-7.813676357269287,0.7722088098526001,-0.5128594636917114,2,2.421710968017578,10.618030548095703,3080.0,125.14056396484376,281.00213623046875,436.8636779785156,0.0866598561406135,0.5354681611061096,2.092862606048584,32.42637252807617,0.3801341652870178,0.3892140686511993,0.3982939422130584,0.0181597992777824,13.03974151611328,121.12445,23.59959,1211_262
0.0491195730865001,0.5405153036117554,1.9846199750900269,0.0265877190977334,0.289236307144165,2.144123315811157,0.0697364807128906,0.7423632144927979,1.8008595705032349,-7.001424312591553,2.564910650253296,0.2723928987979889,-2.271521806716919,0.3411042690277099,-3.768254041671753,-1.3736884593963623,0.4813935458660126,3.2331702709198,0.2090006619691848,-0.7799635529518127,2,2.725674867630005,11.636466979980469,2871.0,86.6368637084961,250.5428771972656,414.4488830566406,0.0661495998501777,0.5079917907714844,1.9475191831588743,62.4134407043457,0.3345568478107452,0.3643926680088043,0.3942284882068634,0.0596716552972793,14.362142562866213,120.96094,23.64771,1209_262
0.0268784146755933,0.5905237793922424,1.9534128904342647,0.0478588566184043,0.3208350539207458,1.9343019723892207,0.0178325753659009,0.7957439422607422,1.1338846683502195,-6.174995422363281,2.864450693130493,0.3049352467060089,2.390031337738037,0.5709591507911682,-18.97266387939453,-2.472351312637329,0.6961568593978882,-12.79766845703125,0.3912216126918793,-0.0838063284754753,2,2.283833265304565,11.681960105895996,2486.0,172.0917205810547,278.6646423339844,385.237548828125,0.0629233568906784,0.5342245101928711,1.8870007991790767,27.83338928222656,0.4033507704734802,0.4001184999942779,0.3968861997127533,-0.0064645675010979,13.96579360961914,121.29876,23.93304,1212_265
0.052398394793272,0.6213921904563904,1.967359185218811,0.0531649850308895,0.3497864902019501,1.867948293685913,0.0516101978719234,0.7735428214073181,1.985647201538086,-6.318488597869873,2.7043185234069824,-0.023222068324685,2.4456560611724854,0.331302672624588,-17.388917922973633,-2.030937910079956,0.4214250147342682,-11.070429801940918,0.4446470737457275,-0.9130039811134338,2,2.172800779342652,12.704118728637695,2642.0,217.39414978027344,271.58673095703125,325.779296875,0.0624871328473091,0.472452700138092,2.038650751113892,42.28228378295898,0.4045973420143127,0.3959013521671295,0.3872053623199463,-0.017391974106431,14.876919746398926,121.36463,24.08544,1213_267
0.0394901037216186,0.615385890007019,-1.793624758720398,0.0422950461506843,0.3560797870159149,-1.6138066053390503,0.0301393363624811,0.8074720501899719,1.9828033447265625,-6.030763149261475,3.265726089477539,-0.4867424964904785,2.3029873371124268,0.3480375111103058,-22.940189361572266,0.2013305872678756,0.00012805272126570344,-16.909425735473633,0.486870527267456,0.6328665018081665,2,3.1241278648376465,9.299466133117676,2511.0,91.31892395019533,203.7288360595703,316.1387634277344,0.034043401479721,0.5265342593193054,-1.2130117416381836,45.42190170288086,0.3352031111717224,0.3591205179691314,0.3830379247665405,0.0478348210453987,12.42359447479248,121.18826,24.41106,1211_271
0.0141307190060615,0.4780895709991455,1.9704265594482424,0.0107552716508507,0.1947908699512481,3.133288860321045,0.0493477247655391,0.7744031548500061,1.5512040853500366,-6.545280933380127,2.6340577602386475,0.920823335647583,2.900506019592285,1.0613540410995483,-10.87637424468994,-1.837177276611328,1.331056833267212,-4.331092834472656,0.4102335274219513,-0.9991804957389832,2,2.9612088203430176,14.21165657043457,2599.0,93.98900604248048,226.7569274902344,359.5248413085937,0.0293571576476097,0.433515727519989,2.683055877685547,49.53139114379883,0.4000148177146911,0.4150015711784363,0.429988294839859,0.0299734752625226,17.17286491394043,121.13253,23.88637,1211_265
0.0483218692243099,0.5146105289459229,-1.5180890560150146,0.0451118014752864,0.2339265793561935,-2.092195510864258,0.0558741465210914,0.761907696723938,-0.8271872401237488,-6.4588236808776855,3.424281597137451,-0.7216768264770508,2.2877228260040283,0.469060868024826,-25.528057098388672,2.889286518096924,-0.0399028547108173,-19.069232940673828,0.6817739605903625,-0.9487528204917908,2,2.014972686767578,12.44117832183838,2309.0,210.0760498046875,322.9810485839844,435.8860473632813,0.0431290902197361,0.4867678582668304,-1.432636260986328,32.08149337768555,0.4094034433364868,0.4027221500873565,0.3960408568382263,-0.0133625930175185,14.456151008605955,121.20706,23.4766,1212_260
0.0125604132190346,0.5509374737739563,1.2299002408981323,0.0308002363890409,0.2869759500026703,1.7423652410507202,0.0182648189365863,0.7518081665039062,0.5517109632492065,-6.441258907318115,3.871493577957153,1.0485422611236572,2.3354780673980717,1.4205389022827148,-22.194223403930664,-1.973882079124451,1.4345250129699707,-15.75296401977539,0.3859827518463135,-0.8093119859695435,2,2.544316291809082,10.904772758483888,3015.0,120.33082580566406,252.17369079589844,384.01654052734375,0.0240391865372657,0.4553413987159729,1.593545913696289,34.93478012084961,0.3741270899772644,0.3840312957763672,0.3939354717731476,0.0198083687573671,13.449089050292969,120.96651,23.3692,1209_259
0.0120682772248983,0.5708909630775452,-1.307827711105347,0.0045275068841874,0.3235329389572143,-2.675688982009888,0.0272553618997335,0.7158375978469849,-0.5926373600959778,-6.792076110839844,2.404132604598999,0.592818021774292,2.514689922332764,0.9125267267227172,-16.667455673217773,-2.084146738052368,1.298242688179016,-9.875380516052246,0.7054246068000793,-0.6654481291770935,2,2.2339820861816406,13.999323844909668,2880.0,174.869873046875,275.462158203125,376.054443359375,0.0097409868612885,0.4898306131362915,0.3505844175815582,38.72120666503906,0.3966240882873535,0.3929143249988556,0.38920459151268,-0.0074194981716573,16.233304977416992,121.12313,23.32093,1211_259
0.0239778831601142,0.5880438089370728,-2.265999555587769,0.024450471624732,0.3165495693683624,-2.942196846008301,0.0204865634441375,0.7364466190338135,-2.692937135696411,-5.757426738739014,2.8832623958587646,-0.8576288223266602,2.403275728225708,0.548923134803772,-17.254329681396484,-0.5443538427352905,-0.0300676096230745,-11.496903419494627,0.8275612592697144,0.2488132715225219,2,2.444610595703125,12.766955375671388,2256.0,142.4319305419922,248.8380889892578,355.2442626953125,0.0273900404572486,0.4848163425922394,2.338199615478516,17.925636291503906,0.3810377418994903,0.3814678192138672,0.381897896528244,0.0008601699955761433,15.211565971374512,121.03509,23.24913,1210_258
0.0256104730069637,0.6414340138435364,-2.1726675033569336,0.0211933478713035,0.388281762599945,3.027350425720215,0.0315357036888599,0.7799233794212341,-1.9060986042022705,-6.238633632659912,2.572953224182129,0.2226362228393554,2.77925181388855,0.4098748862743377,-11.401361465454102,-2.4471023082733154,0.4692325890064239,-5.1627278327941895,0.2465963810682296,-0.9847228527069092,2,2.0718908309936523,17.17185401916504,1796.0,239.38330078125,304.7763366699219,370.16937255859375,0.0228274799883365,0.5617784857749939,2.602780103683472,15.95980453491211,0.4130268096923828,0.3995238542556762,0.3860209286212921,-0.0270058996975421,19.243745803833008,121.17585,23.21982,1211_257
0.0397864431142807,0.5636668801307678,2.2074499130249023,0.033736702054739,0.3252099752426147,2.297457456588745,0.0396227911114692,0.7280884981155396,1.896822452545166,-7.357447147369385,2.8795928955078125,0.4919893443584442,2.532154321670532,0.7144816517829895,-17.773216247558594,-1.6039854288101196,0.8957669734954834,-10.415769577026367,0.4037776291370392,0.093365341424942,2,2.6092100143432617,10.263391494750977,3381.0,104.35279846191406,254.87066650390625,405.3885192871094,0.0230208747088909,0.43360635638237,2.883625030517578,33.81840133666992,0.3534437417984009,0.3734033703804016,0.3933630287647247,0.0399192832410335,12.872601509094238,120.96936,23.49162,1209_261
0.0209178011864423,0.6585047245025635,3.0248982906341557,0.0265096798539161,0.3969598710536957,-2.262375593185425,0.0525064431130886,0.7887752056121826,2.2107977867126465,-5.7143635749816895,2.963054656982422,-0.3933523893356323,2.9181551933288574,0.6021449565887451,-9.46157455444336,-2.321431398391724,0.5316384434700012,-3.74721097946167,0.9249908328056335,-0.0272260084748268,2,2.9961905479431152,10.733346939086914,2890.0,89.80081939697266,215.0853271484375,340.3698425292969,0.0335198417305946,0.580783486366272,2.774212121963501,37.89043426513672,0.3388412594795227,0.3634618818759918,0.3880824744701385,0.0492412261664867,13.729537963867188,121.23848,24.46567,1212_271
0.0528048910200595,0.6261858940124512,3.1171791553497314,0.0410078950226306,0.3450740873813629,3.05310606956482,0.0435022749006748,0.8358782529830933,-2.806125402450561,-6.003139495849609,2.2969770431518555,-0.5291653275489807,2.685734748840332,0.8720189929008484,-11.932727813720703,-1.769201397895813,0.700334906578064,-5.929587841033936,1.2295001745224,-0.6909700036048889,2,3.300032377243042,16.8581485748291,561.0,57.14727783203125,189.42144775390625,321.69561767578125,0.0482478402554988,0.610052227973938,2.8140480518341064,34.29334259033203,0.322169691324234,0.3644704818725586,0.4067713022232055,0.0846015959978103,20.158180236816406,120.90551,23.94718,1209_266
0.0302946791052818,0.6120928525924683,2.012723445892334,0.0336231216788291,0.3054205775260925,1.7663534879684448,0.0265473201870918,0.8194971084594727,2.316603660583496,-6.711175918579102,3.967218160629273,-0.315559983253479,2.3459880352020264,0.3919615447521209,-22.77941131591797,-2.1590890884399414,0.6613839864730835,-16.068235397338867,0.9769439697265624,-0.9975693225860596,2,3.320851802825928,13.6326904296875,1699.0,62.90180969238281,181.937744140625,300.9736633300781,0.0511134900152683,0.5804910063743591,1.985057711601257,47.319278717041016,0.3685406744480133,0.3990342915058136,0.4295278787612915,0.0609872229397296,16.953542709350586,121.01134,24.23827,1210_269
0.0039575076662003,0.611873984336853,-0.4070585370063782,0.0079010128974914,0.3313646018505096,-1.6151535511016846,0.0329278074204921,0.8285211324691772,1.3075227737426758,-6.35521125793457,3.06363582611084,0.7057414650917053,2.3943986892700195,1.0763009786605835,-19.323091506958008,-1.5273672342300415,0.8924359083175659,-12.967880249023438,0.1866944432258606,-0.493072509765625,2,2.8034884929656982,14.419296264648438,2581.0,79.85945129394531,245.91883850097656,411.9782409667969,0.0114669939503073,0.5211817622184753,1.5944021940231323,30.862817764282227,0.3106376826763153,0.3494958281517029,0.3883539736270904,0.0777163058519363,17.22278594970703,120.96107,23.70151,1209_263
0.0310298763215541,0.5665348172187805,2.5274829864501958,0.0148638216778635,0.2989262044429779,2.952624559402466,0.055255189538002,0.7953643202781677,1.9852877855300903,-6.837105751037598,2.9902148246765137,-0.7932435274124146,2.430443525314331,0.7287988662719727,-19.452211380004883,-0.552521288394928,0.2512862682342529,-12.615106582641602,1.0445297956466677,-0.4084059000015259,2,2.771151304244995,11.330280303955078,3050.0,81.25030517578125,229.94834899902344,378.6463928222656,0.0469375737011432,0.5249329209327698,2.184298515319824,40.41707229614258,0.3130253255367279,0.3490218222141266,0.3850182890892029,0.0719929859042167,14.101430892944336,120.94787,23.43542,1209_260
0.0226969476789236,0.5268232822418213,0.5228761434555054,0.0149345779791474,0.2340119928121566,1.461282730102539,0.0320019125938415,0.7198092341423035,-0.1865685135126114,-6.574344158172607,2.3091540336608887,-0.1816917210817337,2.630819082260132,0.3277990221977234,-13.873538970947266,-1.274563193321228,0.3482910990715027,-7.299194812774658,0.5299828052520752,-0.2715143859386444,2,1.8513718843460083,15.038819313049316,2377.0,265.8280639648437,311.2794189453125,356.7307434082031,0.0148288318887352,0.4830515086650848,1.444459080696106,34.11539840698242,0.4140434563159942,0.4046536386013031,0.3952637910842895,-0.0187796764075756,16.89019203186035,121.48446,24.12473,1214_268
0.0509810522198677,0.6365914344787598,2.122769832611084,0.0620881840586662,0.3538966178894043,2.122227668762207,0.0593161471188068,0.8018519282341003,1.8909826278686523,-6.138129234313965,3.306072235107422,0.903293788433075,2.342156171798706,0.8404313921928406,-20.82550430297852,-1.9514769315719604,0.6199777126312256,-14.68737506866455,-0.283316045999527,-0.7101678252220154,2,2.6348204612731934,14.579313278198242,1956.0,82.7851333618164,224.2146759033203,365.6442260742188,0.0678698346018791,0.5698429346084595,1.8346269130706787,37.68521118164063,0.3125784993171692,0.3408660292625427,0.3691535294055938,0.0565750338137149,17.214134216308594,120.83977,23.01935,1208_255
0.0562700070440769,0.6528952717781067,2.355029821395874,0.0520909093320369,0.3439628481864929,2.435596466064453,0.0586041510105133,0.8292480111122131,2.426775455474853,-5.724186420440674,3.03763747215271,0.3106178343296051,2.417396306991577,0.689617395401001,-16.653972625732422,-1.4468013048171997,0.5602337718009949,-10.929787635803224,0.2496159374713897,0.6746111512184143,2,3.360373020172119,15.58016586303711,1097.0,65.79979705810547,172.50840759277344,279.2170104980469,0.0736889839172363,0.5713668465614319,2.511498212814331,25.25301551818848,0.3713367581367492,0.3988272249698639,0.4263176918029785,0.0549809299409389,18.94053840637207,120.95765,24.13732,1209_268
0.0212102178484201,0.6308796405792236,2.6743009090423584,0.0296140164136886,0.3637705147266388,2.459272861480713,0.0209549628198146,0.8173523545265198,2.4191808700561523,-5.769857883453369,2.788737773895264,0.3107452392578125,2.5173964500427246,0.4073717892169952,-14.254609107971191,-2.476842164993286,0.517129123210907,-8.484750747680664,0.2063839137554168,0.6547366380691528,2,2.1118505001068115,14.625774383544922,2579.0,278.0994873046875,389.4148559570313,500.730224609375,0.0416847988963127,0.5403648018836975,2.1700680255889893,32.200435638427734,0.4114225804805755,0.4038065671920776,0.3961905539035797,-0.0152320424094796,16.737625122070312,121.25777,23.73899,1212_263
0.0063020028173923,0.632105827331543,-2.886725187301636,0.0109555181115865,0.3579426109790802,2.4043540954589844,0.0091882981359958,0.8333823680877686,3.039426803588867,-6.055335521697998,3.993698120117188,-0.2508158385753631,2.2509775161743164,0.306591659784317,-27.087926864624023,0.9558536410331726,-0.2350483834743499,-21.032590866088867,0.015767453238368,-0.4269609451293945,2,3.1563820838928223,9.87174129486084,2467.0,98.5210418701172,200.06163024902344,301.6022033691406,0.0141070336103439,0.5638315677642822,2.100466728210449,34.47570037841797,0.3763529062271118,0.3924854397773742,0.4086179435253143,0.0322650335729122,13.028122901916504,121.1701,24.32436,1211_270
0.0181811638176441,0.4756310284137726,-1.3754322528839111,0.0304406099021434,0.1990555673837661,-1.732571363449097,0.0379500053822994,0.7191237807273865,0.8329264521598816,-6.00637674331665,2.590034246444702,0.9029331207275392,-1.8632826805114744,1.0078332424163818,-5.140441417694092,-1.5898871421813965,1.1950135231018066,0.8659351468086243,0.2920804321765899,0.2563470304012298,2,2.231905221939087,15.298511505126951,2407.0,185.02606201171875,273.3480529785156,361.6700744628906,0.0022812297102063,0.4212347865104675,1.7984265089035034,46.68856048583984,0.4037903249263763,0.3949606716632843,0.3861310184001922,-0.0176593083888292,17.53041648864746,121.12311,23.22386,1211_258
0.0482546798884868,0.5946615934371948,1.2815276384353638,0.0700076147913932,0.3504561185836792,1.6085588932037354,0.0178522206842899,0.7607977390289307,0.7211185097694397,-6.072412967681885,2.578267335891724,0.0492863170802593,3.931035280227661,0.5980786085128784,-6.9027276039123535,-2.449005603790283,0.8390514254570007,-0.8303149342536926,0.7897651195526123,-0.3211848437786102,2,2.5297679901123047,11.50147533416748,2611.0,115.4732437133789,262.1791381835937,408.8850402832031,0.0574315525591373,0.5081354975700378,1.815218448638916,34.75092697143555,0.3640938401222229,0.3813138008117676,0.3985337615013122,0.0344399102032184,14.031243324279783,121.33474,24.48107,1213_272
0.0277687646448612,0.63492351770401,1.7638192176818848,0.0284245293587446,0.3588515520095825,1.9089299440383911,0.0336085818707942,0.8035444021224976,1.6088628768920898,-5.59850025177002,3.2877893447875977,-0.7029732465744019,2.286987066268921,0.2927574217319488,-22.367780685424805,0.0647611990571022,0.2391367405653,-16.7692813873291,0.942110002040863,0.8997686505317688,2,2.159665822982788,11.972312927246094,2352.0,184.29861450195312,261.7147521972656,339.13092041015625,0.0493091158568859,0.576602041721344,1.85110604763031,30.35613441467285,0.4067250192165375,0.4016572833061218,0.3965895175933838,-0.0101355127990245,14.13197898864746,121.36249,24.15196,1213_268
0.0445635132491588,0.5712635517120361,2.191847562789917,0.0523274652659893,0.2808474004268646,2.074723243713379,0.035686258226633,0.8017821907997131,2.6434977054595947,-5.866931438446045,2.744843006134033,-0.1992078721523285,2.3940296173095703,1.1066111326217651,-17.925081253051758,-1.8969672918319704,1.6339006423950195,-12.058150291442873,1.8331084251403809,-0.8498436212539673,2,3.264791250228882,11.13259220123291,2382.0,93.597900390625,185.9122772216797,278.2266540527344,0.0711543336510658,0.5480868816375732,2.247599601745605,36.5573844909668,0.3426709771156311,0.3578273952007293,0.3729837834835052,0.0303127896040678,14.397383689880373,121.17341,24.23686,1211_269
0.0357281789183616,0.6270325779914856,2.327155590057373,0.0358340851962566,0.3562191426753998,2.2595911026000977,0.0329335629940032,0.8075775504112244,2.025097370147705,-5.601805686950684,3.567812919616699,-0.0199788901954889,2.2590131759643555,0.4365322589874267,-24.30185317993164,-1.8954501152038572,-0.0337258502840995,-18.700048446655277,-0.013746959157288,0.994296133518219,2,2.658663034439087,11.69184684753418,2727.0,151.4472198486328,230.22853088378903,309.0098571777344,0.041991077363491,0.536151647567749,2.165194034576416,35.10025405883789,0.3962686061859131,0.3946070671081543,0.3929455280303955,-0.0033230867702513,14.350509643554688,121.33717,24.20244,1213_268
0.0708729997277259,0.6267480254173279,1.7005802392959597,0.0764124393463134,0.3636880218982696,1.8793684244155884,0.0615248121321201,0.7692945003509521,1.5786222219467163,-6.246387481689453,2.6432197093963623,0.2499478459358215,3.4571330547332764,0.9491205811500548,-6.411356925964356,-1.969772219657898,1.1155927181243896,-0.1649695634841919,0.8656449317932129,-0.1387937813997268,2,1.958767294883728,15.180088996887209,2418.0,276.918701171875,354.1003112792969,431.2819213867188,0.0829413458704948,0.5098202228546143,1.959019899368286,30.38912010192871,0.4104757010936737,0.4029900133609772,0.3955043256282806,-0.0149713670834898,17.138856887817383,121.38865,23.92866,1213_265
0.0355517975986003,0.4277829229831695,-2.5253348350524902,0.042411845177412,0.1793041080236435,-2.295490503311157,0.0720034390687942,0.657345712184906,2.2936506271362305,-6.687156200408936,2.521256685256958,-0.0596968792378902,-53.86688995361328,0.8204421997070312,-2.9065558910369877,-2.334162712097168,1.0664290189743042,3.7806005477905273,1.1261259317398071,0.8253191113471985,2,2.49420166015625,12.131412506103516,2877.0,131.708251953125,249.4044647216797,367.1006774902344,0.0380101166665554,0.4561040103435516,2.7741692066192627,38.3896713256836,0.3738244771957397,0.3798916041851043,0.385958731174469,0.0121342418715357,14.625614166259766,121.01875,23.31302,1210_259
0.0051079117693006,0.5870459675788879,1.3513197898864746,0.0052478285506367,0.3360802233219147,2.6606385707855225,0.0249569211155176,0.7605247497558594,1.005193829536438,-5.401551723480225,2.6804001331329346,-0.22382453083992,2.3465254306793213,0.7987424731254578,-18.258939743041992,-1.5094064474105835,0.6679935455322266,-12.85738754272461,0.8918180465698242,0.6140440702438354,2,2.531503438949585,12.429500579833984,2499.0,105.56375885009766,232.727294921875,359.89080810546875,0.0221107732504606,0.542456865310669,1.3814958333969116,29.38389587402344,0.3568580150604248,0.366548091173172,0.3762381672859192,0.0193801671266555,14.961003303527832,120.94752,22.99867,1209_255
0.0839820653200149,0.6254323720932007,1.8389244079589844,0.0873720943927764,0.3732569515705108,1.7834519147872925,0.0787634626030922,0.7249502539634705,1.8732153177261357,-6.58450984954834,2.858275890350342,-0.077999897301197,2.889641284942627,0.7088703513145447,-11.050702095031738,-2.639136552810669,0.8628421425819397,-4.46619176864624,0.9408420324325562,0.6716547608375549,2,2.173062562942505,11.008648872375488,2905.0,172.9473419189453,313.4855651855469,454.0237731933594,0.0851136222481727,0.5218610763549805,1.8906224966049197,20.61690330505371,0.3950037062168121,0.3914793729782104,0.3879550099372864,-0.0070486823096871,13.181711196899414,121.17645,23.59229,1211_262
0.0553409978747367,0.6958118081092834,2.2836031913757324,0.0542523749172687,0.4397835731506347,2.093947410583496,0.0522255897521972,0.8425788879394531,2.4076004028320312,-5.935876369476318,2.5780038833618164,0.4288364946842193,2.5364930629730225,0.4962782561779022,-14.17780876159668,-2.197474718093872,0.9183825254440308,-8.241931915283203,0.489546000957489,0.7054372429847717,2,2.9961905479431152,10.733346939086914,2495.0,89.80081939697266,215.0853271484375,340.3698425292969,0.0723304003477096,0.6276153326034546,2.32590126991272,26.155332565307617,0.3388412594795227,0.3634618818759918,0.3880824744701385,0.0492412261664867,13.729537963867188,121.20865,24.50966,1212_272
0.0447583086788654,0.6234870553016663,2.2367489337921143,0.0321883112192153,0.3572454154491424,2.173199415206909,0.0691420659422874,0.7712507247924805,2.0322461128234863,-6.228188991546631,2.546339988708496,-0.5339066982269287,3.1575207710266118,1.098655104637146,-9.0587797164917,-2.078277349472046,1.202178955078125,-2.8305904865264893,1.7360856533050537,0.9653518199920654,2,3.1563820838928223,9.87174129486084,2883.0,98.5210418701172,200.06163024902344,301.6022033691406,0.0677743628621101,0.4930241107940674,2.186084985733032,39.56560134887695,0.3763529062271118,0.3924854397773742,0.4086179435253143,0.0322650335729122,13.028122901916504,121.18851,24.34884,1211_270
0.1238737478852272,0.5696633458137512,1.9729596376419067,0.1129727661609649,0.3058842718601227,2.063310384750366,0.0892683640122413,0.7664546966552734,1.6307387351989746,-5.434201717376709,2.8640565872192383,-0.092243418097496,2.345866680145264,0.3778347969055176,-18.56140518188477,-1.4568718671798706,0.5698943138122559,-13.127202987670898,0.6621377468109131,-0.1187612041831016,2,2.173062562942505,11.008648872375488,2418.0,172.9473419189453,313.4855651855469,454.0237731933594,0.1501981317996978,0.5721608400344849,1.7026869058609009,38.23144912719727,0.3950037062168121,0.3914793729782104,0.3879550099372864,-0.0070486823096871,13.181711196899414,121.15967,23.64269,1211_262
0.0748859345912933,0.5984795093536377,2.3103690147399902,0.0724554061889648,0.3442493379116058,2.269605159759521,0.0464214533567428,0.7939989566802979,2.156233787536621,-7.112168312072754,2.788285732269287,-0.0512683130800724,2.961984634399414,0.8990045189857483,-11.18589973449707,-2.346684217453003,1.1451563835144043,-4.073731422424316,1.1964247226715088,-0.1345409601926803,2,2.5478336811065674,10.551860809326172,2922.0,123.09405517578124,279.28790283203125,435.4817504882813,0.0646407455205917,0.5818989276885986,2.396936655044556,12.510581016540527,0.381113052368164,0.3872546255588531,0.3933961987495422,0.0122831529006361,13.09969425201416,121.23233,23.75262,1212_263
0.0507204718887805,0.5057992935180664,2.378379821777344,0.0452795885503292,0.2160729467868805,2.3299710750579834,0.0533850267529487,0.7665333151817322,2.1594717502593994,-6.086947917938232,2.587244749069214,-0.1388177871704101,2.5492753982543945,0.5106691122055054,-14.457745552062988,-1.3175370693206787,0.2049793154001236,-8.370798110961914,0.3437971174716949,-0.136415809392929,2,2.9961905479431152,10.733346939086914,2325.0,89.80081939697266,215.0853271484375,340.3698425292969,0.082013763487339,0.4726826548576355,2.176452159881592,45.42081069946289,0.3388412594795227,0.3634618818759918,0.3880824744701385,0.0492412261664867,13.729537963867188,121.21058,24.47721,1212_271
0.0408673100173473,0.5264801979064941,1.7349706888198853,0.0477066673338413,0.2607007324695587,1.7938203811645508,0.0501015596091747,0.7255938649177551,2.211158037185669,-7.408270835876465,2.3169331550598145,0.464561402797699,2.587274074554444,0.6178532242774963,-16.449308395385742,-1.3534173965454102,0.5158938765525818,-9.041037559509276,0.0513324737548828,0.8377419114112854,2,3.4355335235595703,12.925209045410156,1967.0,56.93461990356445,187.60153198242188,318.2684631347656,0.0982730612158775,0.5319934487342834,2.2058756351470947,43.76984786987305,0.3301814496517181,0.3698651194572449,0.4095487892627716,0.079367347061634,16.360742568969727,120.98051,24.26133,1209_269
0.0330365449190139,0.5501288771629333,2.336343288421631,0.0586685761809349,0.2688513696193695,2.154329776763916,0.0105750234797596,0.7647300362586975,-1.454359531402588,-7.034689903259277,2.834301710128784,0.0596783682703971,2.584883689880371,0.6131055951118469,-15.678007125854492,-2.363733053207397,0.6495928168296814,-8.643317222595215,0.5899144411087036,0.3012767136096954,2,2.069796562194824,14.185953140258787,2125.0,139.78834533691406,313.0063171386719,486.2242736816406,0.0487428531050682,0.5019394755363464,2.071420907974243,3.8418514728546143,0.3838225603103637,0.3915182650089264,0.399213969707489,0.0153914056718349,16.255748748779297,121.39404,24.58724,1213_273
0.0427856333553791,0.5566977262496948,1.8100844621658323,0.0491512417793273,0.3200616240501404,1.8095203638076784,0.0437196381390094,0.7708675265312195,1.8184425830841064,-5.833340644836426,2.79397964477539,0.3518216013908386,2.3647713661193848,1.0944799184799194,-19.022750854492188,-1.8077991008758545,1.2684756517410278,-13.189410209655762,0.9166540503501892,0.396086186170578,2,2.549224138259888,12.264251708984377,2958.0,108.8914031982422,276.1357727050781,443.3801574707031,0.0741830915212631,0.5380637049674988,1.8064039945602417,16.744718551635742,0.3478085398674011,0.3668598532676697,0.3859111368656158,0.0381026118993759,14.813475608825684,121.09333,23.65263,1210_262
0.0485219843685627,0.6329230666160583,2.266472339630127,0.0335331112146377,0.34041827917099,2.2585349082946777,0.0414835475385189,0.819294810295105,2.382612705230713,-6.161192417144775,2.639298439025879,-0.3575096130371094,2.4376041889190674,0.7141320705413818,-17.40361976623535,-1.8217906951904297,0.7604363560676575,-11.242426872253418,1.1179460287094116,0.8504501581192017,2,3.308823585510254,12.17832374572754,2434.0,79.2593765258789,182.81700134277344,286.3746032714844,0.0563382133841514,0.5558371543884277,2.3491013050079346,41.95392227172852,0.3971173763275146,0.4235340058803558,0.449950635433197,0.0528332516551017,15.487147331237791,121.10084,24.16944,1211_268
0.015696320682764,0.521242082118988,-1.1243387460708618,0.0195332039147615,0.2534671425819397,-2.6872317790985107,0.0327936373651027,0.6859226822853088,-0.7597238421440125,-6.016054630279541,2.964402437210083,-0.1328333169221878,2.340468168258667,0.3815242052078247,-20.80872917175293,-2.040148973464966,0.656682550907135,-14.79267406463623,0.7895159125328064,0.5717487335205078,2,2.2339820861816406,13.999323844909668,2295.0,174.869873046875,275.462158203125,376.054443359375,0.0075015784241259,0.4461094737052917,-2.5892581939697266,29.46147918701172,0.3966240882873535,0.3929143249988556,0.38920459151268,-0.0074194981716573,16.233304977416992,121.12169,23.28861,1211_258
0.012757602147758,0.5555576086044312,2.5975887775421143,0.0256879031658172,0.2788043916225433,2.4562456607818604,0.0158890560269355,0.7333791255950928,0.996329426765442,-5.424209117889404,3.3300230503082275,-0.5107508301734924,2.283499002456665,0.4645660817623138,-21.99459457397461,0.0063851387239992,-0.7660555839538574,-16.570384979248047,-0.2553047835826874,0.9377878308296204,2,1.9230382442474363,15.113529205322266,2040.0,267.2466125488281,398.6565551757813,530.0665283203125,0.0142208011820912,0.4793192446231842,2.066713809967041,13.523911476135254,0.4076579809188843,0.4045942723751068,0.4015305340290069,-0.0061274515464901,17.03656768798828,121.5505,24.49774,1215_272
0.0313172154128551,0.4724931418895721,-2.583182573318481,0.0211779735982418,0.1737210601568222,-2.4905569553375244,0.0181003436446189,0.7652539014816284,-1.799264430999756,-6.070186138153076,2.5572729110717773,0.4204573631286621,3.246943473815918,1.067628026008606,-8.294854164123535,-1.3259577751159668,0.8245252370834351,-2.224668264389038,0.4040678739547729,-0.7094779014587402,2,2.5478336811065674,10.551860809326172,2190.0,123.09405517578124,279.28790283203125,435.4817504882813,0.0282170828431844,0.4523799121379852,3.1328463554382324,23.02808380126953,0.381113052368164,0.3872546255588531,0.3933961987495422,0.0122831529006361,13.09969425201416,121.23048,23.83957,1212_264
0.0567802302539348,0.6577717661857605,1.862665057182312,0.0631304085254669,0.401919811964035,1.8875322341918943,0.0509651489555835,0.8053827285766602,1.7815836668014526,-4.336521148681641,2.507275104522705,0.3370479345321655,2.280636787414551,0.3722281754016876,-17.72089195251465,-1.6061893701553345,0.7466732859611511,-13.384371757507324,0.4096253514289856,-0.9892146587371826,2,2.8203587532043457,11.13587760925293,2336.0,112.66934204101562,234.7359619140625,356.8025817871094,0.0672402903437614,0.5682600736618042,1.8398144245147705,28.554702758789062,0.3704681396484375,0.378923237323761,0.3873783051967621,0.0169101599603891,13.956235885620115,121.18771,23.90247,1211_265
0.0825901851058006,0.6199008226394653,2.2957303524017334,0.0818425416946411,0.3875891864299774,2.15661883354187,0.0597432553768157,0.7760518193244934,2.3834381103515625,-6.1163649559021,2.3961503505706787,-0.4188081622123718,6.270262718200684,0.4965308606624603,-3.646338939666748,-1.752266526222229,0.6958619952201843,2.4700262546539307,1.1146701574325562,-0.8272647261619568,2,2.734246253967285,11.503533363342283,2570.0,150.61700439453125,220.34942626953125,290.08184814453125,0.0656464025378227,0.5466570854187012,2.337563991546631,40.72648620605469,0.3891997337341308,0.3831722736358642,0.3771448135375976,-0.0120549136772751,14.23777961730957,121.30743,24.09026,1213_267
0.0244372580200433,0.5786669850349426,-2.744537830352783,0.0298937391489744,0.296194851398468,-3.0980539321899414,0.0068469834513962,0.7720921039581299,-1.787527561187744,-5.402530670166016,3.1305854320526123,-0.1148125678300857,2.285017967224121,0.2869662940502167,-21.597288131713867,-0.1037609875202179,-0.0787889063358306,-16.19475746154785,0.0360236652195453,-0.9192358255386353,2,2.3323144912719727,11.177535057067873,2682.0,156.71084594726562,313.1099853515625,469.5090942382813,0.0141827976331114,0.5006863474845886,2.832350492477417,34.91121292114258,0.3797320127487182,0.381810188293457,0.3838883638381958,0.0041563655249774,13.509849548339844,121.23979,23.73658,1212_263
0.0373723693192005,0.6476964354515076,1.9243043661117556,0.0419262386858463,0.3742005825042724,2.0767643451690674,0.0351363010704517,0.8074068427085876,1.6246317625045776,-5.273101806640625,2.8538265228271484,0.7960684895515442,2.388105869293213,0.9427498579025269,-16.322084426879883,-1.6814862489700315,1.1303317546844482,-11.04898166656494,0.3342632055282593,-0.965500831604004,2,2.6561813354492188,10.97948169708252,2601.0,152.32870483398438,226.12342834472656,299.91815185546875,0.052090510725975,0.558445155620575,1.9991570711135864,19.893016815185547,0.3958266079425812,0.3894788324832916,0.3831310272216797,-0.0126955742016434,13.635663032531738,121.29539,23.97388,1212_266
0.0786882266402244,0.4719488024711609,1.831053614616394,0.090363971889019,0.2324177324771881,1.8567533493041992,0.0534585714340209,0.7036505341529846,1.3682310581207275,-6.987888813018799,2.5980255603790283,0.2512924373149872,2.9454307556152344,0.8921548128128052,-11.094486236572266,-1.6342051029205322,1.237174153327942,-4.106597423553467,0.9858816862106324,0.9590854644775392,2,2.297961473464966,10.41774082183838,3455.0,149.2290496826172,285.5005187988281,421.77197265625,0.0524312406778335,0.4538537561893463,1.7307755947113037,32.15964889526367,0.3950676023960113,0.3954590857028961,0.3958505690097809,0.0007829577079974115,12.715702056884766,121.06688,23.52864,1210_261
0.1215598061680793,0.5556267499923706,1.923383116722107,0.1229365542531013,0.323801189661026,1.8230656385421755,0.1410118788480758,0.6565590500831604,1.945845127105713,-6.303458213806152,2.4147512912750244,0.6123315095901489,2.8124594688415527,0.7094374895095825,-11.206072807312012,-1.7183797359466553,0.815093457698822,-4.902614593505859,0.2027619779109954,0.9645553827285768,2,2.734246253967285,11.503533363342283,2838.0,150.61700439453125,220.34942626953125,290.08184814453125,0.1558509171009063,0.532366156578064,1.9336918592453003,17.13653564453125,0.3891997337341308,0.3831722736358642,0.3771448135375976,-0.0120549136772751,14.23777961730957,121.31185,24.09703,1213_267
0.057287223637104,0.6441947221755981,1.4092671871185305,0.058389700949192,0.3945290446281433,1.448511242866516,0.0590064823627471,0.7785954475402832,1.430171251296997,-5.955345153808594,3.385793447494507,-0.4875915348529815,2.272203207015991,0.5774574279785156,-24.72924423217773,2.6041042804718018,0.147765651345253,-18.77389907836914,0.6353572010993958,1.0,2,2.1547350883483887,11.89116382598877,3006.0,140.967529296875,278.4143371582031,415.8611755371094,0.0650226324796676,0.522838830947876,1.5979703664779663,44.63832092285156,0.3960951566696167,0.4005009531974792,0.4049067497253418,0.0088115893304348,14.045899391174316,121.41661,24.38221,1214_270
0.0194268524646759,0.6699668169021606,-2.627873420715332,0.0238488260656595,0.4055052995681762,-2.381091356277466,0.007522655185312,0.8231846690177917,-3.075727939605713,-6.898885250091553,3.0106351375579834,0.9161167144775392,2.359085321426392,0.6922626495361328,-22.54960250854492,-2.450430393218994,1.3354169130325315,-15.650716781616213,0.4193001687526703,-0.6039859652519226,2,2.1894845962524414,11.19408893585205,2602.0,144.961181640625,250.31651306152344,355.6718444824219,0.0243306178599596,0.5751155614852905,2.907686948776245,23.040721893310547,0.3937315940856933,0.3943225741386413,0.3949135541915893,0.0011819843202829,13.383573532104492,121.40892,24.25827,1214_269
0.0219947751611471,0.6558332443237305,1.6177817583084106,0.0347430855035781,0.4017027616500854,1.5670063495635986,0.0076644937507808,0.7849169373512268,0.7629435658454895,-6.387213230133057,2.927806854248047,-0.3993160724639892,2.375454425811768,0.7270705699920654,-20.351123809814453,-1.4012936353683472,0.6217606663703918,-13.963910102844238,1.021076798439026,-0.9548547267913818,2,2.8203587532043457,11.13587760925293,2868.0,112.66934204101562,234.7359619140625,356.8025817871094,0.0362411998212337,0.5753379464149475,1.5483605861663818,32.68098449707031,0.3704681396484375,0.378923237323761,0.3873783051967621,0.0169101599603891,13.956235885620115,121.18714,23.85852,1211_265
0.030005183070898,0.6580719947814941,1.3690001964569092,0.0318122915923595,0.3793976306915283,1.3217661380767822,0.0135622769594192,0.8012149333953857,1.3916995525360107,-5.484109401702881,2.725285768508911,0.1744823157787323,2.400103807449341,0.5080427527427673,-16.60165023803711,-1.983179807662964,0.7391490340232849,-11.117541313171388,0.564666748046875,-0.9992521405220032,2,3.360373020172119,15.58016586303711,1841.0,65.79979705810547,172.50840759277344,279.2170104980469,0.0370289534330368,0.5945366621017456,1.4666587114334106,20.588254928588867,0.3713367581367492,0.3988272249698639,0.4263176918029785,0.0549809299409389,18.94053840637207,121.03146,24.12925,1210_268
0.0653429850935936,0.5887095332145691,1.593777775764465,0.0680605694651603,0.3455756902694702,1.6561331748962402,0.0689157471060752,0.7619195580482483,1.724035382270813,-6.849238872528076,2.5104851722717285,0.4750489592552185,-8.35957145690918,0.9855874180793762,-2.797794342041016,-2.164309501647949,1.3081285953521729,4.0514445304870605,0.8330795764923096,0.7713482975959778,2,2.8034884929656982,14.419296264648438,2229.0,79.85945129394531,245.91883850097656,411.9782409667969,0.0824393033981323,0.5091456174850464,1.7102874517440796,51.43536758422852,0.3106376826763153,0.3494958281517029,0.3883539736270904,0.0777163058519363,17.22278594970703,120.95639,23.71248,1209_263
0.066557191312313,0.5836097598075867,-1.932437539100647,0.0974410474300384,0.3078415095806122,-1.566260576248169,0.0400430411100387,0.8082696795463562,2.8422048091888428,-6.0631513595581055,2.531060218811035,1.013882040977478,2.467879295349121,0.9169131517410278,-16.1622257232666,-2.2718820571899414,1.327672004699707,-10.099075317382812,0.3137899339199066,0.9980669021606444,2,2.544316291809082,10.904772758483888,2217.0,120.33082580566406,252.17369079589844,384.01654052734375,0.0154656674712896,0.6045140027999878,-2.323171377182007,23.84476661682129,0.3741270899772644,0.3840312957763672,0.3939354717731476,0.0198083687573671,13.449089050292969,121.04719,23.36903,1210_259
0.0289081875234842,0.6196683049201965,1.533698320388794,0.045322585850954,0.3775395154953003,1.6522403955459597,0.0079547055065631,0.7454995512962341,0.0087823932990431,-6.896268367767334,4.222006797790527,1.128948211669922,2.3177695274353027,0.9095402956008912,-24.81233024597168,-1.4432002305984497,1.2228189706802368,-17.91606330871582,0.0938707590103149,0.9981999397277832,2,1.80410897731781,11.9306001663208,3161.0,186.37608337402344,285.7513732910156,385.1266784667969,0.0354402735829353,0.4747118651866913,1.999322891235352,14.060588836669922,0.4041815102100372,0.4000404179096222,0.3958993554115295,-0.0082821575924754,13.73470973968506,121.46453,24.34783,1214_270
0.0242364108562469,0.5782360434532166,-1.599682092666626,0.0280190501362085,0.2780171632766723,-1.7780340909957886,0.0456702709197998,0.7934144735336304,1.362903714179993,-6.1532979011535645,2.4806578159332275,-0.4568993747234344,2.9670848846435547,0.5567052960395813,-9.747137069702148,-1.7016245126724243,0.6794781684875488,-3.593838930130005,1.1363775730133057,-0.9393697381019592,2,2.658663034439087,11.69184684753418,2670.0,151.4472198486328,230.22853088378903,309.0098571777344,0.0473844036459922,0.4489736557006836,2.204195976257324,37.73722839355469,0.3962686061859131,0.3946070671081543,0.3929455280303955,-0.0033230867702513,14.350509643554688,121.33873,24.15779,1213_268
0.0177060719579458,0.2440780848264694,-2.5220847129821777,0.0155296633020043,0.1043413653969764,-2.2501463890075684,0.0242392811924219,0.2353789359331131,2.183021545410156,-6.926912784576416,3.2968971729278564,-0.793786346912384,2.368692636489868,0.4080588519573211,-22.45551109313965,-1.3126981258392334,0.0008005944546312094,-15.52859878540039,0.7945868968963623,-0.209895983338356,2,2.014972686767578,12.44117832183838,2794.0,210.0760498046875,322.9810485839844,435.8860473632813,0.0186583288013935,0.166878655552864,2.2529611587524414,48.70846939086914,0.4094034433364868,0.4027221500873565,0.3960408568382263,-0.0133625930175185,14.456151008605955,121.15158,23.54251,1211_261
0.0555872470140457,0.6889095306396484,1.8606860637664795,0.0643337443470954,0.4157972931861877,1.8724905252456665,0.0383896827697753,0.8554852604866028,1.608226299285889,-5.7339372634887695,2.89943790435791,0.7753361463546753,2.325567483901977,0.8793402314186096,-20.40953826904297,-1.785233497619629,1.0136175155639648,-14.675600051879885,0.2382813543081283,0.7136505246162415,2,3.440337419509888,13.720617294311523,1378.0,57.51066207885742,171.33946228027344,285.1682434082031,0.0550972260534763,0.6170033812522888,1.788317084312439,34.113773345947266,0.3040823638439178,0.3409730792045593,0.3778637647628784,0.0737814009189605,17.16095542907715,120.98935,24.41648,1209_271
0.014635051600635,0.5001893639564514,-2.7191898822784424,0.0059528485871851,0.2106162458658218,-2.5319511890411377,0.017439005896449,0.7647026181221008,1.9911514520645144,-6.530830383300781,2.633888006210327,-0.0488432012498378,2.580137252807617,0.0928487330675125,-14.65415382385254,1.040441870689392,-0.0663398131728172,-8.123323440551758,-0.0174966100603342,-0.7998448014259338,2,3.231611728668213,15.514036178588867,1146.0,54.13985824584961,196.19583129882807,338.2518005371094,0.0221762731671333,0.5029509663581848,2.429713010787964,11.70895290374756,0.3108062446117401,0.3628529012203216,0.4148995280265808,0.1040932834148407,18.74564743041992,120.79032,23.67165,1207_263
0.0142145603895187,0.4857807457447052,2.9395477771759038,0.0450838841497898,0.2273360043764114,2.166225910186768,0.0084633855149149,0.7190123796463013,-2.7991397380828857,-6.465527057647705,2.75428318977356,-0.7258914113044739,3.028415441513061,0.5754755735397339,-9.891225814819336,-2.174155235290528,0.6547150611877441,-3.4256982803344727,1.3806065320968628,-0.0826068073511123,2,2.531503438949585,12.429500579833984,2366.0,105.56375885009766,232.727294921875,359.89080810546875,0.0417088903486728,0.4527645707130432,2.226903200149536,33.47542190551758,0.3568580150604248,0.366548091173172,0.3762381672859192,0.0193801671266555,14.961003303527832,120.85795,23.01267,1208_255
0.0536767803132534,0.6764288544654846,1.787875771522522,0.061558149755001,0.4163784086704254,1.9088976383209229,0.0488597601652145,0.8225315809249878,1.485239863395691,-4.874395370483398,2.643657922744751,-0.1829432100057602,2.3028273582458496,0.649226725101471,-18.562894821166992,-0.3903687596321106,-0.1209860444068908,-13.68850040435791,0.061957161873579,-0.936880111694336,2,2.8203587532043457,11.13587760925293,2789.0,112.66934204101562,234.7359619140625,356.8025817871094,0.0714322999119758,0.5993779301643372,1.78309428691864,32.83058547973633,0.3704681396484375,0.378923237323761,0.3873783051967621,0.0169101599603891,13.956235885620115,121.16798,23.85425,1211_265
0.0411400087177753,0.688855767250061,1.6437644958496094,0.0374542474746704,0.4415125548839569,1.6720010042190552,0.0402499064803123,0.8204341530799866,1.423778057098389,-5.86881160736084,2.627125024795532,0.3850344121456146,2.935567140579224,1.011297583580017,-9.579968452453612,-1.6116005182266235,1.3007558584213257,-3.711157321929932,0.9157214164733888,0.9659544229507446,2,2.6561813354492188,10.97948169708252,2878.0,152.32870483398438,226.12342834472656,299.91815185546875,0.0570576637983322,0.5407527685165405,1.821993827819824,31.42250633239746,0.3958266079425812,0.3894788324832916,0.3831310272216797,-0.0126955742016434,13.635663032531738,121.30662,23.9559,1213_266
0.0054785721004009,0.4484696686267853,-2.9371886253356934,0.0093343257904052,0.1509722173213958,3.124938726425171,0.0240666400641202,0.7286730408668518,1.155753254890442,-5.611880779266357,2.962639570236206,0.6036110520362854,2.310976982116699,0.7562859654426575,-20.67401885986328,-2.4078891277313232,0.9769267439842224,-15.062138557434082,0.373315691947937,0.4500370919704437,2,2.283833265304565,11.681960105895996,2406.0,172.0917205810547,278.6646423339844,385.237548828125,0.0226762071251869,0.4308603703975677,1.106592297554016,25.560466766357425,0.4033507704734802,0.4001184999942779,0.3968861997127533,-0.0064645675010979,13.96579360961914,121.25489,23.91403,1212_265
0.0502217076718807,0.6462339758872986,1.893146514892578,0.0502552203834056,0.3727677464485168,1.8064345121383667,0.0406153984367847,0.7871065735816956,2.0792901515960693,-5.768533706665039,2.7799389362335205,1.3647798299789429,4.26522159576416,1.369449019432068,-6.398303508758545,-1.7773292064666748,1.789700269699097,-0.6297699809074402,0.4249204397201538,-0.900647759437561,2,2.1894845962524414,11.19408893585205,2734.0,144.961181640625,250.31651306152344,355.6718444824219,0.0729208961129188,0.5640929341316223,2.038990020751953,29.96824836730957,0.3937315940856933,0.3943225741386413,0.3949135541915893,0.0011819843202829,13.383573532104492,121.39791,24.30195,1213_270
0.0894976183772087,0.5106245279312134,-2.611851453781128,0.0950915589928627,0.2161876708269119,-2.522899627685547,0.0518898405134677,0.7418577671051025,-2.491424798965454,-5.554293155670166,2.5256710052490234,-0.6422327756881714,2.451945781707764,0.4302414953708648,-15.175211906433104,2.887423515319824,0.1306654214859008,-9.620919227600098,0.7728981971740723,-0.8319191336631775,2,3.1986567974090576,16.04813003540039,864.0,74.91718292236328,180.93215942382807,286.9471130371094,0.057022538036108,0.5236899852752686,-2.6489627361297607,16.94112777709961,0.3391417264938354,0.3610991537570953,0.3830565512180328,0.0439148247241973,19.24678611755371,121.1503,24.66763,1211_274
0.0834874436259269,0.5983197689056396,1.7834961414337158,0.0774170979857444,0.3509260714054107,1.7721508741378784,0.0971973165869712,0.7391831874847412,1.8158955574035645,-6.484767913818359,2.9976959228515625,0.2701189517974853,2.35049057006836,0.972618281841278,-21.80782699584961,-1.6209092140197754,1.1668633222579956,-15.323060035705566,0.8967443108558655,0.5031999945640564,2,1.7103766202926636,12.333651542663574,2739.0,171.78765869140625,308.2449951171875,444.7023315429688,0.1109947934746742,0.5257229208946228,1.9223759174346924,27.234188079833984,0.4007917642593384,0.400727242231369,0.4006627202033996,-0.0001290414365939796,14.044028282165527,121.47238,24.38432,1214_270
0.0966376736760139,0.3353748619556427,1.9895716905593872,0.1011149883270263,0.1181228533387184,1.9654744863510127,0.0273764804005622,0.3174390792846679,1.4567617177963257,-8.635261535644531,2.869014978408813,0.579618513584137,2.999090671539306,0.4635487794876098,-13.437959671020508,-2.440935611724853,0.925250768661499,-4.802698135375977,0.345632255077362,0.1907349377870559,2,2.297961473464966,10.41774082183838,2325.0,149.2290496826172,285.5005187988281,421.77197265625,0.0916905403137207,0.2778480350971222,1.7498935461044312,19.212013244628903,0.3950676023960113,0.3954590857028961,0.3958505690097809,0.0007829577079974115,12.715702056884766,121.07331,23.46724,1210_260
0.0186544563621282,0.5934267640113831,-2.235232353210449,0.0160155072808265,0.3144323527812958,-2.1019465923309326,0.0053213187493383,0.7825788855552673,-2.3899757862091064,-6.707204341888428,2.9678235054016118,0.6884005069732666,2.439597845077514,0.6476337313652039,-18.647441864013672,-1.6825621128082275,0.8401519060134888,-11.940237045288086,0.1517514288425445,-0.7227911949157715,2,2.8203587532043457,11.13587760925293,2813.0,112.66934204101562,234.7359619140625,356.8025817871094,0.0201359577476978,0.4990422427654266,2.977309226989746,39.55326461791992,0.3704681396484375,0.378923237323761,0.3873783051967621,0.0169101599603891,13.956235885620115,121.1517,23.87683,1211_265
0.0550669990479946,0.5622283220291138,1.733828902244568,0.0270327161997556,0.2969392836093902,1.911959290504456,0.0991408601403236,0.7839794754981995,1.506032109260559,-6.3934326171875,2.4918785095214844,0.4154078662395477,-24.448322296142575,0.4337114989757538,-5.263380527496338,-1.8052598237991333,0.5996289849281311,1.1300522089004517,0.1842211037874221,-0.9257700443267822,2,2.297961473464966,10.41774082183838,2873.0,149.2290496826172,285.5005187988281,421.77197265625,0.0557256788015365,0.4966466724872589,1.7927252054214478,44.04255676269531,0.3950676023960113,0.3954590857028961,0.3958505690097809,0.0007829577079974115,12.715702056884766,121.06371,23.53927,1210_261
0.0700094029307365,0.64628005027771,1.9944000244140625,0.1053287833929061,0.3981802761554718,1.7919671535491943,0.0319552943110466,0.7956069707870483,2.7456610202789307,-6.346323013305664,2.5456717014312744,-0.3522331714630127,3.876951932907105,0.6719426512718201,-7.738163471221924,-2.138481616973877,0.5886064171791077,-1.3918403387069702,0.9408395886421204,-0.7411638498306274,2,3.308823585510254,12.17832374572754,2436.0,79.2593765258789,182.81700134277344,286.3746032714844,0.0707510635256767,0.5628946423530579,2.112123727798462,48.193729400634766,0.3971173763275146,0.4235340058803558,0.449950635433197,0.0528332516551017,15.487147331237791,121.08821,24.20929,1210_268
0.0389613732695579,0.5955881476402283,2.332238912582397,0.056728608906269,0.3117527663707733,1.989228367805481,0.0299445874989032,0.7436139583587646,1.7446036338806152,-5.509769439697266,2.8421881198883057,-0.3374017179012298,2.4136905670166016,0.2633969187736511,-16.15087890625,-2.341590642929077,0.3761099874973297,-10.641109466552734,0.7135117053985596,0.0542969182133674,2,2.734246253967285,11.503533363342283,2381.0,150.61700439453125,220.34942626953125,290.08184814453125,0.0858702808618545,0.5423902273178101,1.7909044027328491,38.10597229003906,0.3891997337341308,0.3831722736358642,0.3771448135375976,-0.0120549136772751,14.23777961730957,121.31861,24.13815,1213_268
0.0179904978722333,0.392020046710968,1.82858681678772,0.0200442355126142,0.1596879512071609,1.6283129453659058,0.0349444709718227,0.5460389256477356,1.9015464782714844,-7.863359451293945,2.653460741043091,0.81552654504776,-5.628818988800049,0.7166656851768494,-2.9513392448425293,-1.9312142133712769,1.0672791004180908,4.912020206451416,0.2517525255680084,0.5578678250312805,2,2.6092100143432617,10.263391494750977,3588.0,104.35279846191406,254.87066650390625,405.3885192871094,0.0349066630005836,0.3505778908729553,1.860637903213501,40.43741226196289,0.3534437417984009,0.3734033703804016,0.3933630287647247,0.0399192832410335,12.872601509094238,120.95808,23.48339,1209_260
0.0928944796323776,0.4892104268074035,-2.945878505706787,0.0801498219370842,0.2201582044363021,-2.9266316890716557,0.0735199749469757,0.7140655517578125,-3.092306137084961,-5.673766613006592,3.140761613845825,-0.047030996531248,2.3027801513671875,0.8736997246742249,-21.642396926879883,-1.7658720016479492,1.276421070098877,-15.96863079071045,1.3234519958496094,0.7163310050964355,2,2.6561813354492188,10.97948169708252,2816.0,152.32870483398438,226.12342834472656,299.91815185546875,0.0759577900171279,0.4626467227935791,-2.874380588531494,23.683692932128903,0.3958266079425812,0.3894788324832916,0.3831310272216797,-0.0126955742016434,13.635663032531738,121.29758,24.0356,1212_267
0.0318637192249298,0.5019651651382446,-2.436484813690185,0.039930023252964,0.205870047211647,2.969345808029175,0.0291759315878152,0.7297735810279846,-1.822568774223328,-6.704914093017578,2.571854591369629,0.5572892427444458,2.886842966079712,0.9278227090835572,-11.16557502746582,-1.602200984954834,1.1812440156936646,-4.460660934448242,0.6239547729492188,0.7444902062416077,2,1.9586703777313232,15.23414707183838,1080.0,153.91934204101562,310.2582397460937,466.59710693359375,0.0327882245182991,0.475396066904068,-2.8571994304656982,32.88578796386719,0.3948043286800384,0.3984136879444122,0.4020230174064636,0.007218693383038,17.19281768798828,121.50792,24.70851,1215_274
0.0656253099441528,0.5796032547950745,2.711115837097168,0.0680592879652977,0.3136358857154846,2.6905763149261475,0.0410097874701023,0.7677406668663025,2.460287570953369,-5.20445728302002,2.695175886154175,-0.7087445855140686,2.3143489360809326,0.919954478740692,-19.18695640563965,-0.3261601626873016,-0.4184289276599884,-13.982499122619627,0.2903156578540802,0.9982134103775024,2,2.715402841567993,10.686848640441896,3084.0,123.1164321899414,225.24398803710935,327.3715515136719,0.059054996818304,0.5038162469863892,2.551355123519897,23.17801284790039,0.3779411315917969,0.3849146962165832,0.3918882608413696,0.013947126455605,13.402251243591309,121.31137,24.25579,1213_269
0.0537924133241176,0.475064605474472,2.702843189239502,0.0300040785223245,0.1973488926887512,2.8597946166992188,0.0600324906408786,0.7688400745391846,2.064574241638184,-6.010944366455078,3.0826003551483154,0.5975465178489685,2.358750581741333,1.339195728302002,-19.769550323486328,-1.8076651096343996,1.6275569200515747,-13.758605003356934,1.0300103425979614,0.9542412161827089,2,2.734246253967285,11.503533363342283,2923.0,150.61700439453125,220.34942626953125,290.08184814453125,0.0486756265163421,0.481694221496582,2.2708115577697754,23.77476501464844,0.3891997337341308,0.3831722736358642,0.3771448135375976,-0.0120549136772751,14.23777961730957,121.30344,24.12982,1213_268
0.0517350584268569,0.6192976236343384,2.0493409633636475,0.0469363145530223,0.3417134582996368,1.865993618965149,0.0511496923863887,0.7987807989120483,2.0442473888397217,-5.67788553237915,2.5659985542297363,0.5247591137886047,2.515585660934448,1.1560535430908203,-13.988245964050291,-1.8074829578399656,1.4604973793029783,-8.310359954833984,0.9357382655143738,0.0248706378042697,2,2.1894845962524414,11.19408893585205,3028.0,144.961181640625,250.31651306152344,355.6718444824219,0.0687983855605125,0.5066573023796082,2.187711477279663,30.416046142578125,0.3937315940856933,0.3943225741386413,0.3949135541915893,0.0011819843202829,13.383573532104492,121.37678,24.27957,1213_269
0.0532435178756713,0.5636674165725708,2.037296295166016,0.0624259039759635,0.3163984417915344,2.065481185913086,0.0479989610612392,0.737395703792572,1.8053900003433228,-5.106439590454102,3.31400465965271,0.090765580534935,2.3481459617614746,0.6936168074607849,-17.271461486816406,-1.650028109550476,0.7794016003608704,-12.165020942687988,0.688636064529419,0.3312330245971679,2,2.421710968017578,10.618030548095703,3244.0,125.14056396484376,281.00213623046875,436.8636779785156,0.067061573266983,0.5039032697677612,1.951401710510254,40.15571212768555,0.3801341652870178,0.3892140686511993,0.3982939422130584,0.0181597992777824,13.03974151611328,121.09497,23.62182,1210_262
0.0633086040616035,0.5696520209312439,1.8065581321716309,0.074607253074646,0.3058110177516937,1.8810533285140991,0.0392027422785759,0.7103806734085083,1.5233477354049685,-5.136516571044922,2.455009937286377,0.681394636631012,2.478219509124756,0.3748674690723419,-13.533324241638184,-2.038888454437256,0.4687910676002502,-8.396807670593262,-0.2126035690307617,0.9089961647987366,2,2.173062562942505,11.008648872375488,2319.0,172.9473419189453,313.4855651855469,454.0237731933594,0.0789997801184654,0.4780469238758087,1.6929621696472168,35.41474914550781,0.3950037062168121,0.3914793729782104,0.3879550099372864,-0.0070486823096871,13.181711196899414,121.16863,23.56644,1211_261
0.0341341197490692,0.54489666223526,1.1004830598831177,0.0314042344689369,0.2752255797386169,1.4072868824005127,0.0388000681996345,0.7352540493011475,1.4066393375396729,-6.112185955047607,2.770832061767578,0.0414626598358154,2.3528707027435303,1.0357930660247805,-20.41481590270996,-2.3158509731292725,1.2234923839569092,-14.302630424499512,1.1820297241210938,-0.9569693207740784,2,2.5297679901123047,11.50147533416748,2755.0,115.4732437133789,262.1791381835937,408.8850402832031,0.0385870039463043,0.4051555693149566,1.81039035320282,32.687774658203125,0.3640938401222229,0.3813138008117676,0.3985337615013122,0.0344399102032184,14.031243324279783,121.26695,24.4683,1212_271
0.0709813237190246,0.6604851484298706,1.9299910068511963,0.0787259638309478,0.4123099744319916,2.1001038551330566,0.0719494447112083,0.8189957141876221,1.672999143600464,-4.729607582092285,3.0567612648010254,-0.4102852046489715,2.43744158744812,0.1555248349905014,-13.26484489440918,0.3960835635662079,-0.0943573415279388,-8.535237312316895,0.3159278631210327,0.8555622100830078,2,2.421710968017578,10.618030548095703,2665.0,125.14056396484376,281.00213623046875,436.8636779785156,0.0779485628008842,0.5879601240158081,1.6144261360168457,40.114295959472656,0.3801341652870178,0.3892140686511993,0.3982939422130584,0.0181597992777824,13.03974151611328,121.06834,23.55595,1210_261
0.0206618271768093,0.5427236557006836,3.088426113128662,0.0150807993486523,0.3301069736480713,2.424580812454224,0.0188425295054912,0.7465162873268127,2.7737131118774414,-4.572031021118164,4.414937973022461,0.6914408206939697,2.176102876663208,0.8232320547103882,-27.537708282470703,-1.504424810409546,0.9439055323600768,-22.96567726135254,0.2524646818637848,-0.9898549914360046,2,2.1894845962524414,11.19408893585205,3031.0,144.961181640625,250.31651306152344,355.6718444824219,0.0368548594415187,0.4468211829662323,2.508086681365967,37.59511947631836,0.3937315940856933,0.3943225741386413,0.3949135541915893,0.0011819843202829,13.383573532104492,121.42916,24.31307,1214_270
0.0224147979170084,0.6188786029815674,-2.718822717666626,0.0207583531737327,0.3236579298973083,-2.6033272743225098,0.0192137341946363,0.808364748954773,-3.1032235622406006,-6.471003532409668,2.682706117630005,-0.007329330779612,2.481876373291016,0.6667225360870361,-16.7291316986084,-1.4493567943572998,0.6887595057487488,-10.25812816619873,0.6960888504981995,-0.8744397163391113,2,1.80410897731781,11.9306001663208,2472.0,186.37608337402344,285.7513732910156,385.1266784667969,0.0287921391427516,0.5446956157684326,3.1326138973236084,24.5310001373291,0.4041815102100372,0.4000404179096222,0.3958993554115295,-0.0082821575924754,13.73470973968506,121.45904,24.32067,1214_270
0.0962722972035408,0.5805181860923767,-1.5665712356567385,0.109280377626419,0.3008310198783874,-1.4462913274765017,0.0166663490235805,0.7963499426841736,-1.9299508333206177,-6.208672523498535,2.3550167083740234,-0.178100973367691,2.5375664234161377,0.8674424886703491,-14.811174392700195,-1.505434513092041,0.9102036356925964,-8.60250186920166,1.08830463886261,0.3097509741783142,2,2.283833265304565,11.681960105895996,2444.0,172.0917205810547,278.6646423339844,385.237548828125,0.0503578186035156,0.5320095419883728,-1.1100118160247805,39.10302734375,0.4033507704734802,0.4001184999942779,0.3968861997127533,-0.0064645675010979,13.96579360961914,121.30359,23.91023,1213_265
0.1102240905165672,0.5103892683982849,2.213139295578003,0.1008491441607475,0.2528174221515655,2.2545766830444336,0.0829463899135589,0.6772281527519226,2.1033871173858643,-7.382114410400391,2.717758178710937,0.7669457793235779,2.908625602722168,0.6727582216262817,-12.015225410461426,-2.593865156173706,0.6571505069732666,-4.633111000061035,-0.1097953170537948,0.9843819737434388,2,2.173062562942505,11.008648872375488,2978.0,172.9473419189453,313.4855651855469,454.0237731933594,0.0908984169363975,0.4881620705127716,2.067593812942505,26.316883087158203,0.3950037062168121,0.3914793729782104,0.3879550099372864,-0.0070486823096871,13.181711196899414,121.24288,23.59214,1212_262
0.0137396454811096,0.6355640888214111,3.0585036277771,0.0081611545756459,0.3548192381858825,-2.607571840286255,0.038170538842678,0.8098332285881042,2.161815404891968,-6.175242900848389,3.705855131149292,0.4165544211864471,2.336392879486084,0.985878050327301,-21.249860763549805,-1.8006930351257324,0.9072862267494202,-15.074618339538574,0.490731805562973,0.799479067325592,2,2.6413302421569824,11.965877532958984,2517.0,103.48814392089844,227.5515594482422,351.6149597167969,0.0148410629481077,0.5112055540084839,1.297554850578308,40.29854965209961,0.3337695896625519,0.3524322211742401,0.3710948526859283,0.0373252518475055,14.607208251953123,120.89665,23.24757,1208_258
0.0821850299835205,0.6330813765525818,1.9960968494415283,0.0969665199518203,0.3744829297065735,2.0592737197875977,0.0445984005928039,0.7803398370742798,1.8882951736450195,-5.363839626312256,2.954695701599121,-0.1177752986550331,2.531606674194336,0.6697450280189514,-12.979642868041992,-1.8722152709960935,1.0203189849853516,-7.6158037185668945,1.1380943059921265,-0.8428519368171692,2,2.173062562942505,11.008648872375488,2882.0,172.9473419189453,313.4855651855469,454.0237731933594,0.0627279505133628,0.5473076701164246,1.86672043800354,23.27008628845215,0.3950037062168121,0.3914793729782104,0.3879550099372864,-0.0070486823096871,13.181711196899414,121.16977,23.59272,1211_262
0.0173504874110221,0.61668860912323,2.7393693923950195,0.0159727167338132,0.3294678330421448,3.120277404785156,0.0259805414825677,0.7997668981552124,1.7106257677078247,-6.3694939613342285,2.717402458190918,0.4459046423435211,2.4197540283203125,0.3944323062896728,-18.401235580444336,-2.147678852081299,0.4493769109249115,-12.03174114227295,0.0034722778946161,0.873517632484436,2,2.159665822982788,11.972312927246094,2545.0,184.29861450195312,261.7147521972656,339.13092041015625,0.0356596037745475,0.516456663608551,2.2880501747131348,23.30122756958008,0.4067250192165375,0.4016572833061218,0.3965895175933838,-0.0101355127990245,14.13197898864746,121.37154,24.23707,1213_269
0.0117659391835331,0.5714197754859924,1.6196403503417969,0.0226375497877597,0.2880575656890869,-1.9155690670013428,0.09064581990242,0.7999892234802246,1.237517237663269,-6.639403820037842,2.7139852046966557,0.6718159317970276,2.746631145477295,0.932333767414093,-12.4594144821167,-1.8702162504196167,1.1900943517684937,-5.820010662078857,0.5182784199714661,-0.8145917654037476,2,3.440337419509888,13.720617294311523,1803.0,57.51066207885742,171.33946228027344,285.1682434082031,0.0365356653928756,0.5301564931869507,1.5452018976211548,12.176836967468262,0.3040823638439178,0.3409730792045593,0.3778637647628784,0.0737814009189605,17.16095542907715,121.00808,24.4218,1210_271
0.0619520023465156,0.6306849122047424,1.7320700883865356,0.0543411262333393,0.3809347152709961,1.7174172401428225,0.0662537813186645,0.7787297964096069,1.8712092638015747,-6.822081089019775,2.5209100246429443,-0.1259350031614303,3.083928346633911,0.4605833888053894,-10.002422332763672,-2.0883913040161133,0.435773491859436,-3.1803412437438965,0.5617085099220276,0.1009384915232658,2,2.1894845962524414,11.19408893585205,2977.0,144.961181640625,250.31651306152344,355.6718444824219,0.0602478757500648,0.4886491596698761,2.046964168548584,16.089427947998047,0.3937315940856933,0.3943225741386413,0.3949135541915893,0.0011819843202829,13.383573532104492,121.44634,24.34659,1214_270
0.0461547635495662,0.6414040327072144,2.321698904037476,0.0458677001297473,0.3830657303333282,2.3372960090637207,0.0314097553491592,0.7988446950912476,2.0594944953918457,-5.305432796478272,3.129253387451172,-0.0047475900501012,2.297104358673096,0.9878637790679932,-20.495210647583008,-1.2288477420806885,0.8397182822227478,-15.189778327941896,0.8444658517837524,0.9848166108131408,2,2.658663034439087,11.69184684753418,2738.0,151.4472198486328,230.22853088378903,309.0098571777344,0.0545742958784103,0.5327584147453308,2.0281248092651367,32.22421646118164,0.3962686061859131,0.3946070671081543,0.3929455280303955,-0.0033230867702513,14.350509643554688,121.29091,24.20507,1212_268
0.0600164197385311,0.6095298528671265,2.3924050331115723,0.0623777545988559,0.338867723941803,2.371410369873047,0.0436019487679004,0.7828575372695923,2.3495194911956787,-5.09512186050415,2.746767044067383,0.4246311783790588,2.360595226287842,0.3063133358955383,-16.73970603942871,-1.941112041473389,0.430193692445755,-11.644583702087402,0.0055625205859541,0.6042311787605286,2,2.8203587532043457,11.13587760925293,2678.0,112.66934204101562,234.7359619140625,356.8025817871094,0.053386852145195,0.533634603023529,2.2828826904296875,16.96351432800293,0.3704681396484375,0.378923237323761,0.3873783051967621,0.0169101599603891,13.956235885620115,121.20528,23.85902,1212_265
0.0503924712538719,0.4528211951255798,2.736170768737793,0.0417676232755184,0.2106298357248306,2.7095913887023926,0.0630091801285743,0.7300423979759216,2.2378220558166504,-9.683226585388184,3.113105297088623,1.3171757459640503,8.994917869567871,1.3679795265197754,-6.685579299926758,-1.7360234260559082,1.761769413948059,2.9976470470428467,0.4445935785770416,0.7740193605422974,2,2.6413302421569824,11.965877532958984,2970.0,103.48814392089844,227.5515594482422,351.6149597167969,0.0731833577156066,0.4661230444908142,2.341299057006836,30.71087074279785,0.3337695896625519,0.3524322211742401,0.3710948526859283,0.0373252518475055,14.607208251953123,120.89275,23.17047,1208_257
0.0448412559926509,0.6503292322158813,2.8423995971679688,0.0488277301192283,0.3598981499671936,3.077467441558838,0.0507899783551692,0.8376173973083496,2.6255037784576416,-5.913690090179443,2.858125686645508,-0.1896412074565887,2.568735122680664,0.2072231024503708,-13.558598518371582,-2.743817090988159,0.3209208548069,-7.64490795135498,0.5105620622634888,0.5766630172729492,2,3.6230509281158447,16.944400787353516,637.0,54.79047775268555,149.85247802734375,244.9144744873047,0.0625294148921966,0.6159347891807556,2.612358331680298,19.96021270751953,0.2955279946327209,0.3290026783943176,0.3624773323535919,0.0669493526220321,20.56745147705078,121.04154,24.62247,1210_273
0.0253214910626411,0.4696395397186279,1.4789284467697144,0.0298014301806688,0.2552788257598877,1.472861886024475,0.0251432042568922,0.5349511504173279,1.8975564241409304,-6.430622577667236,2.712937355041504,0.3426109552383423,2.447317361831665,0.5400384068489075,-17.703800201416016,-1.523105263710022,0.5697760581970215,-11.273178100585938,0.227165088057518,-0.5984600782394409,2,1.80410897731781,11.9306001663208,3219.0,186.37608337402344,285.7513732910156,385.1266784667969,0.0393251441419124,0.3894775211811065,1.8836430311203003,29.53467559814453,0.4041815102100372,0.4000404179096222,0.3958993554115295,-0.0082821575924754,13.73470973968506,121.45109,24.3492,1214_270
0.05615109577775,0.5121734142303467,-1.901577830314636,0.0672308653593063,0.2560269832611084,-1.698544979095459,0.0179786011576652,0.764279842376709,2.247103214263916,-5.466996669769287,2.6653149127960205,-0.5357802510261536,2.337735652923584,0.7325844764709473,-19.03331184387207,-2.00329327583313,0.8785184621810913,-13.566314697265623,1.4142987728118896,-0.9191644191741944,2,2.3323144912719727,11.177535057067873,2778.0,156.71084594726562,313.1099853515625,469.5090942382813,0.0187693070620298,0.5067589282989502,-2.963226079940796,34.80886459350586,0.3797320127487182,0.381810188293457,0.3838883638381958,0.0041563655249774,13.509849548339844,121.23119,23.73614,1212_263
0.0461143590509891,0.5435765385627747,-0.2578186690807342,0.0221519898623228,0.2891839444637298,0.6952811479568481,0.108049564063549,0.7002225518226624,-0.5694177150726318,-6.713722229003906,2.5903940200805664,1.0417238473892212,2.564638376235962,0.5549079179763794,-15.336660385131836,-2.132953643798828,1.0393882989883425,-8.62293815612793,-0.00233561755158,0.9975889921188354,2,3.0194642543792725,16.36640167236328,2266.0,81.34423065185547,206.51541137695312,331.6866149902344,0.0481954962015152,0.4860044121742248,-0.1150108501315116,14.973631858825684,0.3090949058532715,0.3321293890476227,0.3551639020442962,0.0460689850151538,19.385866165161133,120.76085,22.59838,1207_251
0.0462396405637264,0.5192405581474304,2.427150249481201,0.0335238836705684,0.2474635243415832,2.5992438793182373,0.0334022901952266,0.7464778423309326,2.089059591293335,-5.5893378257751465,3.050224781036377,-0.0834319740533828,2.374412298202514,0.5514969825744629,-17.782325744628906,-0.913966953754425,0.2739007472991943,-12.192987442016602,0.357332706451416,0.3458523750305176,2,2.871215581893921,11.07790756225586,2661.0,72.20364379882812,225.73558044433597,379.26751708984375,0.0458255670964717,0.4665374457836151,2.071020603179932,32.08047103881836,0.2951046824455261,0.3397404849529266,0.3843762874603271,0.0892716124653816,13.949122428894045,120.91907,23.46866,1209_260
0.0338396467268466,0.5793818235397339,-2.8295488357543945,0.0392793901264667,0.3060574233531952,-2.6662511825561523,0.0251036752015352,0.7919787764549255,2.038275957107544,-6.158790111541748,2.615108728408813,0.6202397346496582,7.573784828186035,1.0777522325515747,-4.600033283233643,-1.7039296627044678,1.347254514694214,1.5587565898895264,0.7270147800445557,-0.9141507148742676,2,3.308823585510254,12.17832374572754,2575.0,79.2593765258789,182.81700134277344,286.3746032714844,0.0403086952865123,0.5056959390640259,2.7692534923553467,39.53301239013672,0.3971173763275146,0.4235340058803558,0.449950635433197,0.0528332516551017,15.487147331237791,121.05853,24.17205,1210_268
0.1180649399757385,0.4119207262992859,-1.5104265213012695,0.0867135375738143,0.1363916099071502,-1.5036510229110718,0.0552401207387447,0.6363534331321716,-1.8993192911148071,-6.230144500732422,2.5063867568969727,-0.0369848273694515,2.655181407928467,0.5527456998825073,-12.803227424621582,-1.545724630355835,0.4261890649795532,-6.573083400726318,0.4631738662719726,-0.7568350434303284,2,2.231905221939087,15.298511505126951,2644.0,185.02606201171875,273.3480529785156,361.6700744628906,0.0772024691104888,0.3414791822433471,-1.6663684844970703,25.03175926208496,0.4037903249263763,0.3949606716632843,0.3861310184001922,-0.0176593083888292,17.53041648864746,121.08489,23.23797,1210_258
0.0181277561932802,0.6057483553886414,1.2695629596710205,0.0142849283292889,0.3469773828983307,1.2921183109283447,0.0538651272654533,0.7760120034217834,1.630268096923828,-6.372002601623535,2.641697645187378,0.1253544241189956,3.08424711227417,0.4816530644893646,-9.46493148803711,-2.416020631790161,0.8434354662895203,-3.092928647994995,0.718080997467041,0.9917919635772704,2,2.5297679901123047,11.50147533416748,2337.0,115.4732437133789,262.1791381835937,408.8850402832031,0.0347007438540458,0.5267379283905029,1.507975459098816,10.973844528198242,0.3640938401222229,0.3813138008117676,0.3985337615013122,0.0344399102032184,14.031243324279783,121.27852,24.51411,1212_272
0.1953829973936081,0.5233340859413147,-2.350968360900879,0.1708684712648391,0.2176193743944168,-2.289773941040039,0.0990518629550933,0.78581303358078,-2.5102028846740723,-5.984890937805176,2.8853769302368164,-0.4157932698726654,2.377513885498047,0.6835075616836548,-18.917835235595703,1.0768964290618896,-0.7549259066581726,-12.932943344116213,-0.3391326665878296,-0.8534047603607178,2,2.1894845962524414,11.19408893585205,2236.0,144.961181640625,250.31651306152344,355.6718444824219,0.109163798391819,0.5429973006248474,-2.5861287117004395,35.35493087768555,0.3937315940856933,0.3943225741386413,0.3949135541915893,0.0011819843202829,13.383573532104492,121.43583,24.28755,1214_269
0.0368938595056533,0.6633681058883667,2.018300771713257,0.0632636100053787,0.428031176328659,1.7971173524856567,0.0286772903054952,0.7805472016334534,2.027284860610962,-6.211268901824951,2.724262237548828,-0.4914147853851318,2.4574618339538574,0.5161647796630859,-16.83693504333496,-2.6788036823272705,0.3663816154003143,-10.625665664672852,0.8577964305877686,0.9564448595046996,2,2.637838840484619,10.48031997680664,2643.0,118.45948791503906,250.9405059814453,383.4215393066406,0.0550741665065288,0.5874874591827393,1.954131841659546,27.24246597290039,0.364385724067688,0.3785281777381897,0.392670601606369,0.0282848700881004,13.118159294128418,121.28291,24.44046,1212_271
0.106519304215908,0.567100465297699,-2.1706013679504395,0.0883841961622238,0.2651684880256653,-2.0650711059570312,0.0569437108933925,0.7942683100700378,-2.271498680114746,-5.890443325042725,2.620654821395874,-0.4152280986309051,2.3556582927703857,0.3591924905776977,-19.50521850585937,1.0520751476287842,-0.3513276576995849,-13.614775657653809,0.0639004334807396,-0.9973846673965454,2,2.715402841567993,10.686848640441896,2208.0,123.1164321899414,225.24398803710935,327.3715515136719,0.0528354570269584,0.5346344709396362,-2.7245097160339355,15.833197593688965,0.3779411315917969,0.3849146962165832,0.3918882608413696,0.013947126455605,13.402251243591309,121.26391,24.31261,1212_270
0.0301180128008127,0.7374799847602844,2.1051576137542725,0.0370981730520725,0.4628841876983642,2.0253500938415527,0.0346581079065799,0.8631693720817566,2.4426538944244385,-7.052552700042725,3.0178029537200928,-0.0802394598722457,-10.681309700012209,1.0689767599105835,-3.951160430908203,-1.108871340751648,0.9180166721343994,3.101392269134521,0.9982560873031616,0.5777785181999207,2,2.9961905479431152,10.733346939086914,2270.0,89.80081939697266,215.0853271484375,340.3698425292969,0.0751583278179168,0.6322689652442932,2.1792123317718506,26.10121726989746,0.3388412594795227,0.3634618818759918,0.3880824744701385,0.0492412261664867,13.729537963867188,121.15702,24.46856,1211_271
0.0163199622184038,0.623530924320221,0.9797417521476746,0.0177509319037199,0.3623705208301544,1.445367455482483,0.0220176149159669,0.796217143535614,0.9321399331092834,-5.797889709472656,3.3676531314849854,0.1173889636993408,2.39480972290039,0.723938524723053,-17.75238609313965,-2.7472949028015137,0.7427588105201721,-11.954496383666992,0.6253698468208313,0.9751232862472534,2,2.297961473464966,10.41774082183838,2909.0,149.2290496826172,285.5005187988281,421.77197265625,0.0277502294629812,0.5268464684486389,1.5349282026290894,29.881092071533203,0.3950676023960113,0.3954590857028961,0.3958505690097809,0.0007829577079974115,12.715702056884766,121.10005,23.53826,1211_261
0.0067553822882473,0.5036847591400146,-2.8993735313415527,0.0263197850435972,0.2584774792194366,2.5626096725463867,0.0374730676412582,0.6448531746864319,-0.8826403617858887,-5.901549816131592,2.3653604984283447,0.6417400240898132,2.738445997238159,1.3548606634140017,-11.215794563293455,-1.7572282552719116,1.633334994316101,-5.314244270324707,0.9915950298309326,-0.392680287361145,2,2.2339820861816406,13.999323844909668,2767.0,174.869873046875,275.462158203125,376.054443359375,0.0100932475179433,0.467862069606781,2.4733142852783203,20.562938690185547,0.3966240882873535,0.3929143249988556,0.38920459151268,-0.0074194981716573,16.233304977416992,121.09364,23.31123,1210_259
0.030716985464096,0.4393104910850525,-2.4608139991760254,0.0567310117185115,0.1573329865932464,-1.998021960258484,0.0477832183241844,0.7339709997177124,1.6551592350006104,-6.557884693145752,2.308155298233032,0.3029401004314422,3.1165456771850586,1.02073872089386,-9.56605339050293,-1.820764660835266,1.4847320318222046,-3.0081686973571777,1.18179190158844,-0.6219637393951416,2,2.3323144912719727,11.177535057067873,2799.0,156.71084594726562,313.1099853515625,469.5090942382813,0.0276363044977188,0.4649780690670013,2.733046293258667,37.207275390625,0.3797320127487182,0.381810188293457,0.3838883638381958,0.0041563655249774,13.509849548339844,121.22236,23.74862,1212_263
0.0512753129005432,0.4553005397319793,2.5382096767425537,0.0301779601722955,0.1764505058526992,-3.0353989601135254,0.0903932824730873,0.7109427452087402,1.9962801933288572,-6.449764251708984,3.0827629566192627,0.6642940640449524,2.3052074909210205,1.5398184061050415,-24.215909957885746,-1.927816390991211,1.4287354946136477,-17.766145706176758,0.7644414305686951,-0.4266235530376434,2,2.173062562942505,11.008648872375488,2498.0,172.9473419189453,313.4855651855469,454.0237731933594,0.0679217875003814,0.427207201719284,2.2736012935638428,47.627079010009766,0.3950037062168121,0.3914793729782104,0.3879550099372864,-0.0070486823096871,13.181711196899414,121.23323,23.6468,1212_262
0.0822261050343513,0.6471363306045532,2.0247483253479004,0.0996807441115379,0.4079346358776092,1.994968056678772,0.0532920025289058,0.7753998041152954,2.033109664916992,-5.991967678070068,3.70654821395874,0.513286292552948,2.2732012271881104,0.6894041299819946,-24.750167846679688,-1.60557758808136,0.6400339007377625,-18.75819969177246,0.1267476379871368,-0.8395885229110718,2,2.297961473464966,10.41774082183838,3002.0,149.2290496826172,285.5005187988281,421.77197265625,0.0823013931512832,0.5312385559082031,1.8601120710372925,31.533281326293945,0.3950676023960113,0.3954590857028961,0.3958505690097809,0.0007829577079974115,12.715702056884766,121.13866,23.52443,1211_261
0.0512669496238231,0.5887513756752014,2.228099822998047,0.0516785569489002,0.3192501068115234,2.002316951751709,0.0651732087135315,0.7924948930740356,1.713001370429993,-5.970422744750977,2.5873074531555176,-0.8137190341949463,2.3753421306610107,0.7178745865821838,-19.02517509460449,-1.7951183319091797,0.5868428945541382,-13.0547513961792,1.4005619287490845,0.6769086122512817,2,3.1241278648376465,9.299466133117676,2797.0,91.31892395019533,203.7288360595703,316.1387634277344,0.0943681821227073,0.4967870414257049,1.8217707872390747,44.64295959472656,0.3352031111717224,0.3591205179691314,0.3830379247665405,0.0478348210453987,12.42359447479248,121.1899,24.38903,1211_270
0.0365282744169235,0.6596843600273132,1.783291935920715,0.0498923510313034,0.3831157684326172,1.750022053718567,0.0358498506247997,0.814098596572876,2.6183724403381348,-5.944998264312744,2.570448637008667,0.5859968662261963,2.476264715194702,0.93401437997818,-15.49441146850586,-2.140689849853516,1.119436502456665,-9.549412727355955,0.5334396958351135,0.8468198180198669,2,3.4355335235595703,12.925209045410156,2192.0,56.93461990356445,187.60153198242188,318.2684631347656,0.0517593696713447,0.5839933753013611,2.006747245788574,22.786842346191406,0.3301814496517181,0.3698651194572449,0.4095487892627716,0.079367347061634,16.360742568969727,120.99625,24.26655,1209_269
0.0487829260528087,0.5145919322967529,2.9757816791534424,0.0421783626079559,0.2553730607032776,2.9515955448150635,0.048781368881464,0.7253999710083008,2.687533140182495,-7.072145938873291,2.503651857376098,1.1825381517410278,3.203265428543091,1.611256718635559,-8.452310562133789,-1.8614394664764404,2.125250816345215,-1.3801649808883667,0.9427125453948976,-0.0531501546502113,2,2.871215581893921,11.07790756225586,2650.0,72.20364379882812,225.73558044433597,379.26751708984375,0.0472525134682655,0.5094693303108215,2.630906343460083,30.88309669494629,0.2951046824455261,0.3397404849529266,0.3843762874603271,0.0892716124653816,13.949122428894045,120.88045,23.46144,1208_260
0.026176692917943,0.5028347969055176,1.467479944229126,0.0158249754458665,0.232374906539917,1.9101642370224,0.0744304284453392,0.7442020177841187,1.6993722915649414,-6.157279968261719,2.137900829315185,0.5883842706680298,2.93806529045105,1.0320619344711304,-10.007845878601074,-2.04864239692688,1.4134451150894165,-3.850565910339356,0.8250608444213867,-0.7792581915855408,2,2.7040553092956543,12.075241088867188,2729.0,92.67414093017578,228.03225708007807,363.390380859375,0.0363107584416866,0.4567718803882599,1.4740489721298218,45.11169052124024,0.3219129145145416,0.3508005738258362,0.3796882033348083,0.057775292545557,14.779296875,120.87682,23.34407,1208_259
0.0144600626081228,0.6468673944473267,1.837115168571472,0.0219450369477272,0.373399555683136,1.839277267456055,0.0192440338432788,0.7927520871162415,1.565545916557312,-6.761627674102783,3.046613931655884,0.6493467688560486,2.430413007736206,0.4902860224246979,-19.12264060974121,-1.607627511024475,0.9871832728385924,-12.361014366149902,0.3378365337848663,0.8495243191719055,2,3.3499755859375,10.572549819946287,3166.0,75.80978393554688,189.3680877685547,302.9263916015625,0.0415746420621871,0.5126374363899231,1.9461647272109983,32.65238952636719,0.3858266174793243,0.4148865938186645,0.4439465701580047,0.0581199415028095,13.922525405883787,121.12441,24.34999,1211_270
0.0095751341432333,0.5389783978462219,1.3576635122299194,0.0424045473337173,0.3076056838035583,1.9399305582046509,0.0352519191801548,0.6788128614425659,-0.7115364074707031,-5.710773944854736,3.061049461364746,0.7905412912368774,2.2863199710845947,0.4550786912441253,-22.74688720703125,-2.1346795558929443,0.4387520849704742,-17.036113739013672,-0.3517892062664032,-0.8998446464538574,2,1.8579330444335935,14.206034660339355,2289.0,287.32196044921875,352.6876220703125,418.0532531738281,0.0246138386428356,0.4547041952610016,1.6762927770614624,33.43335723876953,0.4123501181602478,0.4053490757942199,0.3983480632305145,-0.0140020381659269,16.063968658447266,121.63363,24.27294,1216_269
0.0396558493375778,0.5732393860816956,2.506922006607056,0.0339936055243015,0.2861479222774505,2.5674874782562256,0.0243895649909973,0.7627495527267456,2.4090278148651123,-6.053301334381104,2.962910890579224,0.4901710748672485,2.553466796875,0.6891840100288391,-14.028924942016602,-2.3584654331207275,0.9485468864440918,-7.975623607635498,0.4583757817745209,-0.3922140300273895,2,2.2339820861816406,13.999323844909668,2135.0,174.869873046875,275.462158203125,376.054443359375,0.0352456383407115,0.4941672086715698,2.282271385192871,18.807233810424805,0.3966240882873535,0.3929143249988556,0.38920459151268,-0.0074194981716573,16.233304977416992,121.05263,23.34315,1210_259
0.0513628683984279,0.6274670958518982,-1.328079342842102,0.0757765471935272,0.3269070982933044,-1.2039597034454346,0.0193205326795578,0.8467162847518921,1.4839553833007812,-5.867835521697998,3.0317842960357666,-0.1908701360225677,2.2968497276306152,0.1795711368322372,-22.679859161376957,-0.1717641651630401,-0.036701176315546,-16.812023162841797,0.154168963432312,0.4612058699131012,2,2.1894845962524414,11.19408893585205,2358.0,144.961181640625,250.31651306152344,355.6718444824219,0.0162180811166763,0.55607670545578,-0.1550202369689941,30.754858016967773,0.3937315940856933,0.3943225741386413,0.3949135541915893,0.0011819843202829,13.383573532104492,121.39426,24.33214,1213_270
0.0656381472945213,0.5191946625709534,2.1946065425872803,0.0752663016319274,0.2713492512702942,2.196633815765381,0.0377180390059948,0.7024808526039124,1.2349952459335327,-5.270509243011475,2.795475482940674,0.720659077167511,2.534376621246338,1.0942692756652832,-12.725887298583984,-2.209105491638184,1.739327073097229,-7.455378532409668,1.0186680555343628,0.24607615172863,2,1.8513718843460083,15.038819313049316,2885.0,265.8280639648437,311.2794189453125,356.7307434082031,0.0592752434313297,0.4835743606090545,1.8070085048675537,26.83809471130371,0.4140434563159942,0.4046536386013031,0.3952637910842895,-0.0187796764075756,16.89019203186035,121.46262,24.10573,1214_267
0.0448551140725612,0.5796462893486023,2.527674913406372,0.0290313810110092,0.3010204136371612,2.4354352951049805,0.0580891110002994,0.7741689682006836,2.5128443241119385,-6.221374034881592,2.6652603149414062,-0.055192232131958,2.412508726119995,0.5282159447669983,-18.24668312072754,-1.2146116495132446,0.4125269949436188,-12.025308609008787,0.4677192270755768,-0.5013637542724609,2,3.1563820838928223,9.87174129486084,2696.0,98.5210418701172,200.06163024902344,301.6022033691406,0.0541060678660869,0.4968456029891968,2.343311071395874,40.7709846496582,0.3763529062271118,0.3924854397773742,0.4086179435253143,0.0322650335729122,13.028122901916504,121.16117,24.27719,1211_269
0.0345043130218982,0.5681697726249695,3.051941156387329,0.0424241833388805,0.2964098751544952,2.869293212890625,0.0140108605846762,0.7852804660797119,2.1787428855896,-5.337329387664795,2.963809967041016,-0.1017795875668525,2.3589084148406982,0.626461923122406,-17.55906105041504,-0.708243191242218,0.4539512693881988,-12.221731185913086,0.5557308793067932,-0.9169557094573976,2,2.544316291809082,10.904772758483888,2428.0,120.33082580566406,252.17369079589844,384.01654052734375,0.0255597401410341,0.5132315158843994,2.5789029598236084,26.345348358154297,0.3741270899772644,0.3840312957763672,0.3939354717731476,0.0198083687573671,13.449089050292969,121.03952,23.42682,1210_260
0.0676096156239509,0.5765987038612366,2.375004291534424,0.0647282302379608,0.2906050682067871,2.255935907363892,0.0514166243374347,0.8087092041969299,1.9830950498580933,-6.019815444946289,2.683058738708496,0.3671309947967529,2.4604852199554443,1.1057116985321045,-16.0632381439209,-1.5790410041809082,1.0753117799758911,-10.04342269897461,0.7081807851791382,0.9056540727615356,2,2.734246253967285,11.503533363342283,2964.0,150.61700439453125,220.34942626953125,290.08184814453125,0.0768011882901191,0.5397157073020935,2.118730306625366,21.017723083496094,0.3891997337341308,0.3831722736358642,0.3771448135375976,-0.0120549136772751,14.23777961730957,121.27693,24.12747,1212_268
0.0386739075183868,0.6238811612129211,1.860627293586731,0.0417779237031936,0.3746446073055267,1.8222684860229488,0.0337240621447563,0.7518774271011353,1.84132182598114,-6.037976264953613,3.113845109939575,-0.742451012134552,2.378053665161133,0.2731874585151672,-19.105684280395508,-0.9103842973709106,0.0834113955497741,-13.067708015441896,0.8258623480796814,-0.9999677538871764,2,2.2339820861816406,13.999323844909668,3195.0,174.869873046875,275.462158203125,376.054443359375,0.0376635119318962,0.4800159335136413,1.8449044227600095,36.03959274291992,0.3966240882873535,0.3929143249988556,0.38920459151268,-0.0074194981716573,16.233304977416992,121.05105,23.30461,1210_258
0.0284183472394943,0.7400580644607544,2.335004568099976,0.0345330983400344,0.4743064045906067,2.211775779724121,0.0284017361700534,0.8569157123565674,2.132587194442749,-5.76528787612915,2.8509774208068848,0.2205041348934173,2.328208446502685,0.1131212338805198,-20.48731803894043,-0.3288864195346832,0.0942432284355163,-14.722030639648438,-0.126260906457901,0.890034019947052,2,2.871215581893921,11.07790756225586,1549.0,72.20364379882812,225.73558044433597,379.26751708984375,0.0549183115363121,0.6450703740119934,1.7796727418899536,22.82183837890625,0.2951046824455261,0.3397404849529266,0.3843762874603271,0.0892716124653816,13.949122428894045,120.91717,23.53009,1209_261
0.0106520373374223,0.6213898062705994,-0.9362315535545348,0.0383738428354263,0.3930665850639343,1.7779934406280518,0.0185732282698154,0.765400230884552,-0.5678915977478027,-4.71408224105835,3.493835687637329,-0.0263876523822546,2.2530388832092285,0.1341371685266494,-21.035627365112305,-1.97585928440094,0.1339593678712844,-16.321544647216797,0.1603470146656036,-0.4920156002044678,2,2.1894845962524414,11.19408893585205,2605.0,144.961181640625,250.31651306152344,355.6718444824219,0.0291488952934741,0.5313743948936462,1.5029923915863037,38.9273567199707,0.3937315940856933,0.3943225741386413,0.3949135541915893,0.0011819843202829,13.383573532104492,121.43938,24.31545,1214_270
0.0385872013866901,0.5255573987960815,0.9724897742271424,0.0250763092190027,0.2912329435348511,1.0152822732925415,0.0563916936516761,0.7070412635803223,1.3587958812713623,-6.368648052215576,2.662537813186645,0.2198672592639923,2.4609687328338623,0.5958496928215027,-17.055328369140625,-1.6307860612869265,0.3827618658542633,-10.68667984008789,0.1628946214914322,0.4300403594970703,2,3.1241278648376465,9.299466133117676,3490.0,91.31892395019533,203.7288360595703,316.1387634277344,0.0512845925986766,0.4681012034416199,1.5566295385360718,40.75379943847656,0.3352031111717224,0.3591205179691314,0.3830379247665405,0.0478348210453987,12.42359447479248,121.23966,24.39904,1212_271
0.068359263241291,0.5952171087265015,2.487029790878296,0.0576138012111187,0.3370072245597839,2.4817280769348145,0.0881528556346893,0.7511789202690125,2.3419930934906006,-5.214784622192383,4.365091323852539,0.0468671433627605,2.220967054367065,0.5889289975166321,-25.69823837280273,-1.4615106582641602,1.0989019870758057,-20.48345375061035,1.0520347356796265,0.9987661838531494,2,2.297961473464966,10.41774082183838,2881.0,149.2290496826172,285.5005187988281,421.77197265625,0.0680470094084739,0.4829313457012176,2.326302051544189,39.14677810668945,0.3950676023960113,0.3954590857028961,0.3958505690097809,0.0007829577079974115,12.715702056884766,121.14988,23.53206,1211_261
0.0747508257627487,0.6456093788146973,1.6381407976150513,0.0748057514429092,0.3877387344837188,1.7469768524169922,0.06463473290205,0.791583240032196,1.3653391599655151,-5.896423816680908,2.522183656692505,1.0099903345108032,12.248507499694824,0.9162512421607972,-3.456864356994629,-1.6045960187911987,0.9989978671073914,2.4395596981048584,-0.0109924376010894,-0.5980352759361267,2,2.683704376220703,13.378213882446287,2757.0,104.1706314086914,264.9515380859375,425.732421875,0.0675777271389961,0.5180770754814148,1.8279049396514893,42.64989471435547,0.3516081571578979,0.3715384900569916,0.3914688229560852,0.0398606434464454,16.061918258666992,121.09566,23.84532,1210_264
0.0301072373986244,0.5055108070373535,1.5908327102661133,0.0115252761170268,0.238590732216835,-0.0944480970501899,0.0384743362665176,0.6839758157730103,1.616010308265686,-6.023355960845947,2.907228469848633,0.015630979090929,3.7032763957977295,1.040239930152893,-6.9733567237854,-1.9971392154693604,1.239581823348999,-0.9500006437301636,1.2239508628845217,0.7172937989234924,2,2.544316291809082,10.904772758483888,2786.0,120.33082580566406,252.17369079589844,384.01654052734375,0.0273642409592866,0.4664636850357055,1.4018386602401731,41.2503662109375,0.3741270899772644,0.3840312957763672,0.3939354717731476,0.0198083687573671,13.449089050292969,120.98931,23.39047,1209_259
0.0411148518323898,0.5937378406524658,3.0923845767974854,0.0370504558086395,0.3162514865398407,2.9537553787231445,0.0389250107109546,0.7978481650352478,-3.0833334922790527,-5.761256694793701,3.225046157836914,-0.4099183976650238,2.351560592651367,0.2276601791381836,-19.211015701293945,1.8659303188323972,-0.0964071229100227,-13.44975757598877,0.3135112822055816,-0.9377992153167723,2,2.9024200439453125,12.74722671508789,2349.0,63.86447525024414,223.64947509765625,383.4344482421875,0.0452083051204681,0.5411425232887268,2.545619010925293,16.035350799560547,0.362889677286148,0.4070804715156555,0.4512712657451629,0.0883815884590148,15.649646759033203,120.8158,23.50515,1208_261
0.07414460927248,0.6271375417709351,1.9334150552749636,0.0679032951593399,0.3615549206733703,1.9234061241149905,0.0680411159992218,0.8069337010383606,1.8849414587020876,-5.99608850479126,2.8168325424194336,0.3564744889736175,2.6380720138549805,0.5986343622207642,-12.602118492126465,-1.965903878211975,0.9729288816452026,-6.606029987335205,0.6164543628692627,-0.979369580745697,2,2.725674867630005,11.636466979980469,2510.0,86.6368637084961,250.5428771972656,414.4488830566406,0.0673677027225494,0.5489791631698608,1.9320051670074463,30.43864631652832,0.3345568478107452,0.3643926680088043,0.3942284882068634,0.0596716552972793,14.362142562866213,120.95918,23.63916,1209_262
0.0103894211351871,0.6409844756126404,-2.171330451965332,0.0153470188379287,0.3656604290008545,-2.074256181716919,0.0218040216714143,0.7972053289413452,1.5779368877410889,-5.779646873474121,2.5028650760650635,0.0709131434559822,2.59179425239563,0.8681702613830566,-12.898971557617188,-1.9011167287826536,0.8476978540420532,-7.119324684143066,0.7767847180366516,0.5840398073196411,2,2.6561813354492188,10.97948169708252,2865.0,152.32870483398438,226.12342834472656,299.91815185546875,0.0186629947274923,0.5442829132080078,2.8594226837158203,33.6972541809082,0.3958266079425812,0.3894788324832916,0.3831310272216797,-0.0126955742016434,13.635663032531738,121.2995,23.95604,1212_266
0.0291961003094911,0.624285876750946,2.618295431137085,0.0235867537558078,0.3645046353340149,2.342149019241333,0.0327034145593643,0.7723304629325867,2.921539306640625,-5.016484260559082,2.5515525341033936,-0.5424970984458923,2.4028308391571045,0.1994308531284332,-15.084858894348145,-2.7294793128967285,0.2813535034656524,-10.068374633789062,0.8238506317138672,0.1531692892313003,2,3.2297303676605225,15.121302604675291,1280.0,67.48041534423828,178.4970245361328,289.5136413574219,0.0326733030378818,0.5385741591453552,2.404808282852173,27.54803466796875,0.315464437007904,0.3457054793834686,0.3759465217590332,0.0604820698499679,18.35103416442871,121.12255,24.57104,1211_273
0.0512370057404041,0.6607894897460938,1.700927972793579,0.0481207557022571,0.4176756739616394,1.6615259647369385,0.051411785185337,0.8084203600883484,1.5841914415359497,-5.831984996795654,2.6455864906311035,0.4464217126369476,3.0710277557373047,1.0435949563980105,-9.111608505249023,-1.50420081615448,1.2939326763153076,-3.279623746871948,0.8475109338760376,-0.0617947503924369,2,2.421710968017578,10.618030548095703,3042.0,125.14056396484376,281.00213623046875,436.8636779785156,0.0463561117649078,0.561096727848053,1.827209949493408,45.71429061889648,0.3801341652870178,0.3892140686511993,0.3982939422130584,0.0181597992777824,13.03974151611328,121.10857,23.61961,1211_262
0.0427741259336471,0.6615651249885559,2.669516086578369,0.0357955731451511,0.388163685798645,2.619252443313598,0.0283537860959768,0.8161714673042297,2.0360569953918457,-6.533745765686035,2.7294421195983887,0.2929623425006866,2.474215030670166,1.0926969051361084,-17.130130767822266,-1.9472659826278689,1.593782663345337,-10.59638500213623,1.3008203506469729,0.980341374874115,2,2.6561813354492188,10.97948169708252,2973.0,152.32870483398438,226.12342834472656,299.91815185546875,0.0441749654710292,0.5727845430374146,2.2679457664489746,15.50437355041504,0.3958266079425812,0.3894788324832916,0.3831310272216797,-0.0126955742016434,13.635663032531738,121.29015,24.04668,1212_267
0.1296853572130203,0.5205358862876892,-1.6373082399368286,0.1398124992847442,0.2191229164600372,-1.6693289279937744,0.0274865236133337,0.7995343208312988,-1.0561319589614868,-6.496717929840088,2.670255422592163,-0.7014726996421814,3.0021889209747314,0.473295658826828,-10.097206115722656,-1.9294861555099487,0.5769821405410767,-3.6004884243011475,1.2784548997879028,-0.1536287069320678,2,2.231905221939087,15.298511505126951,2479.0,185.02606201171875,273.3480529785156,361.6700744628906,0.1351198852062225,0.4533209204673767,-1.6424099206924438,33.028282165527344,0.4037903249263763,0.3949606716632843,0.3861310184001922,-0.0176593083888292,17.53041648864746,121.08809,23.24202,1210_258
0.0701200291514396,0.5964832305908203,2.2286407947540283,0.0716012865304946,0.3442979753017425,2.169426202774048,0.0709185600280761,0.7621088027954102,2.4745240211486816,-6.135069847106934,2.73940110206604,0.6425105929374695,2.459632873535156,1.4779303073883057,-16.541627883911133,-1.8450844287872317,2.166857957839966,-10.4065580368042,1.5243474245071411,0.07077057659626,2,2.6561813354492188,10.97948169708252,2980.0,152.32870483398438,226.12342834472656,299.91815185546875,0.0766847059130668,0.5548635721206665,2.2169888019561768,36.088645935058594,0.3958266079425812,0.3894788324832916,0.3831310272216797,-0.0126955742016434,13.635663032531738,121.27849,24.04945,1212_267
0.0147799085825681,0.6484144330024719,0.9571396112442015,0.0054742987267673,0.3823960423469543,1.8676546812057493,0.0349543914198875,0.8122777938842773,1.3270936012268066,-5.436410427093506,2.7796995639801025,0.1981441080570221,2.359923839569092,0.3725578486919403,-17.89504051208496,-1.3075827360153198,0.5042901635169983,-12.458630561828612,0.3061460554599762,0.604634165763855,2,2.297961473464966,10.41774082183838,2848.0,149.2290496826172,285.5005187988281,421.77197265625,0.0350349210202693,0.5188281536102295,1.4614020586013794,25.718000411987305,0.3950676023960113,0.3954590857028961,0.3958505690097809,0.0007829577079974115,12.715702056884766,121.13184,23.53137,1211_261
0.0621347092092037,0.7010626792907715,1.3734744787216189,0.0806983932852745,0.4535759091377258,1.668113350868225,0.0329023078083992,0.8255530595779419,1.6529464721679688,-6.218424320220947,2.525395631790161,0.4541528820991516,2.9110944271087646,0.4312638938426971,-10.17320442199707,-1.7338119745254517,0.4962217211723327,-3.954780101776123,0.0420688316226005,-0.285976380109787,2,3.320851802825928,13.6326904296875,1599.0,62.90180969238281,181.937744140625,300.9736633300781,0.0620756410062313,0.6243265867233276,1.7610255479812622,21.06716728210449,0.3685406744480133,0.3990342915058136,0.4295278787612915,0.0609872229397296,16.953542709350586,120.95579,24.22327,1209_269
0.0568899139761924,0.5327557921409607,-2.515828847885132,0.040101770311594,0.2574632465839386,-2.4789462089538574,0.0301571395248174,0.7680701613426208,2.909230232238769,-6.463560581207275,3.8079833984375,-0.5102277994155884,2.2934091091156006,0.6370985507965088,-25.069549560546875,0.385438859462738,-0.5289958715438843,-18.60598945617676,-0.0187680888921022,0.8395482301712036,2,2.734246253967285,11.503533363342283,2414.0,150.61700439453125,220.34942626953125,290.08184814453125,0.0397463962435722,0.4970530271530151,-3.118710517883301,40.06095886230469,0.3891997337341308,0.3831722736358642,0.3771448135375976,-0.0120549136772751,14.23777961730957,121.31996,24.0644,1213_267
0.0672779008746147,0.6006960272789001,1.8364611864089968,0.0608765967190265,0.3374724090099334,1.7756277322769165,0.0252151284366846,0.7638952136039734,1.7957245111465454,-5.59285306930542,2.385991334915161,-0.4596605598926544,2.5464208126068115,0.2154968529939651,-13.267723083496094,-2.2191033363342285,0.2142039388418197,-7.674870014190674,0.673864483833313,-0.8393482565879822,2,2.1894845962524414,11.19408893585205,2706.0,144.961181640625,250.31651306152344,355.6718444824219,0.0601587556302547,0.5240930318832397,1.7947373390197754,41.94647216796875,0.3937315940856933,0.3943225741386413,0.3949135541915893,0.0011819843202829,13.383573532104492,121.36989,24.26169,1213_269
0.0751013085246086,0.5473218560218811,2.038543224334717,0.0723839178681373,0.3099550306797027,2.032355070114136,0.0356902107596397,0.6623647212982178,2.4110536575317383,-6.1810150146484375,2.453087568283081,0.2958580553531647,-1.7626129388809204,1.0429387092590332,-6.194738388061523,-1.802993893623352,1.092223882675171,-0.0137237329035997,0.7963658571243286,-0.9661153554916382,2,2.173062562942505,11.008648872375488,2762.0,172.9473419189453,313.4855651855469,454.0237731933594,0.0871812030673027,0.5421460270881653,1.9269328117370603,39.061893463134766,0.3950037062168121,0.3914793729782104,0.3879550099372864,-0.0070486823096871,13.181711196899414,121.20603,23.6053,1212_262
0.0208694394677877,0.5460337996482849,-1.3301280736923218,0.0171987898647785,0.2948252260684967,-1.1064828634262085,0.0081095630303025,0.7089256048202515,-3.067947626113892,-5.931512355804443,2.5553314685821533,0.3327730298042297,3.001683473587036,0.8710280656814575,-9.31665325164795,-1.883831262588501,0.9678401350975036,-3.385140895843506,0.6350671052932739,0.9445048570632936,2,2.348651170730591,14.446325302124023,2715.0,148.5471649169922,256.09771728515625,363.6482849121094,0.0192677527666091,0.4799124002456665,2.97318696975708,24.84726333618164,0.396653801202774,0.3922488689422607,0.3878439366817474,-0.0088098403066396,16.79497718811035,120.99719,22.97149,1209_255
0.0351843126118183,0.6238912343978882,2.264946460723877,0.0629660859704017,0.3598340451717376,2.0073800086975098,0.0180301647633314,0.780971884727478,-2.875826120376587,-6.242656707763672,2.817426919937134,-0.1150715053081512,2.3971400260925293,0.3092506229877472,-18.92880630493164,-1.7725244760513306,0.5262316465377808,-12.686148643493652,0.6413031220436096,0.2703152298927307,2,2.6413302421569824,11.965877532958984,2399.0,103.48814392089844,227.5515594482422,351.6149597167969,0.0552499704062938,0.5530807375907898,2.1577036380767822,29.31135368347168,0.3337695896625519,0.3524322211742401,0.3710948526859283,0.0373252518475055,14.607208251953123,120.92909,23.16864,1209_257
0.0407132878899574,0.5719850063323975,2.41040587425232,0.0452513732016086,0.2987987995147705,2.295070171356201,0.0243087634444236,0.81742924451828,2.69378399848938,-4.650252342224121,2.513263463973999,-0.3209627866744995,2.325730085372925,0.5699436068534851,-16.652448654174805,-1.8278591632843015,0.7383714914321899,-12.002197265625,1.0593342781066897,0.1969631165266037,2,3.4355335235595703,12.925209045410156,2665.0,56.93461990356445,187.60153198242188,318.2684631347656,0.0450624413788318,0.5233022570610046,2.5162153244018555,50.5189323425293,0.3301814496517181,0.3698651194572449,0.4095487892627716,0.079367347061634,16.360742568969727,121.0429,24.29159,1210_269
0.0671492740511894,0.5865605473518372,2.2936081886291504,0.0663591101765632,0.3240442872047424,2.292982816696167,0.0594812221825122,0.796514093875885,1.9915657043457031,-6.234610557556152,2.530550718307495,0.5949087738990784,2.956096649169922,0.9819999933242798,-9.9756498336792,-2.0107593536376958,1.36239755153656,-3.741039037704468,0.7674887776374817,0.8420225977897644,2,2.954500198364258,12.834919929504396,2902.0,63.53380584716797,221.7004547119141,379.86712646484375,0.0629699900746345,0.5568307042121887,2.021183013916016,21.83014869689941,0.3018417060375213,0.3525388836860657,0.4032360315322876,0.1013943180441856,15.789420127868652,120.94573,23.59767,1209_262
0.0162331908941268,0.5396952629089355,2.4260094165802,0.0135266678407788,0.2708881795406341,2.6765308380126958,0.0337775461375713,0.7301000952720642,1.9361165761947632,-5.728575706481934,3.1943023204803467,-0.1115662083029747,2.3534576892852783,0.5054866075515747,-19.058183670043945,-1.808285117149353,0.7633378505706787,-13.329608917236328,0.8749040365219116,-0.014304619282484,2,2.531503438949585,12.429500579833984,2578.0,105.56375885009766,232.727294921875,359.89080810546875,0.0439403876662254,0.5020138621330261,1.724803447723389,31.158002853393555,0.3568580150604248,0.366548091173172,0.3762381672859192,0.0193801671266555,14.961003303527832,120.91342,23.0431,1209_256
0.0452522039413452,0.6095622777938843,-1.2996084690093994,0.0132610369473695,0.3553453385829925,-1.551064133644104,0.0477817915380001,0.7746024131774902,-1.2918094396591189,-5.919079303741455,2.7103846073150635,-0.0103645920753479,3.197738647460937,0.9261480569839478,-8.59523868560791,-1.8389527797698972,1.3800594806671145,-2.676159143447876,1.3904240131378174,-0.4493399858474731,2,2.734246253967285,11.503533363342283,2355.0,150.61700439453125,220.34942626953125,290.08184814453125,0.0087230568751692,0.5076618194580078,-2.283630132675171,38.23395156860352,0.3891997337341308,0.3831722736358642,0.3771448135375976,-0.0120549136772751,14.23777961730957,121.32365,24.05187,1213_267
0.0666369497776031,0.6313138008117676,2.144861459732056,0.0677928775548935,0.3695484697818756,1.8371355533599851,0.0670152753591537,0.7875121831893921,2.5877485275268555,-5.755485534667969,2.640137195587158,0.0817729458212852,2.564337015151977,0.6757249236106873,-13.143603324890137,-1.5581469535827637,0.6738353371620178,-7.38811731338501,0.5920624136924744,-0.6943107843399048,2,2.789500951766968,15.20692253112793,1223.0,100.91606903076172,228.46923828125,356.0223999023437,0.0823641568422317,0.5918696522712708,2.26565170288086,13.683539390563965,0.3678078651428222,0.3823303580284118,0.3968528807163238,0.0290449913591146,17.996423721313477,121.26674,24.69491,1212_274
0.0219922251999378,0.4883835911750793,-1.9866206645965576,0.0129011971876025,0.2229055613279342,-2.154494285583496,0.0121319321915507,0.7171974778175354,-1.6752551794052124,-5.073280811309815,3.2773685455322266,-0.4199846982955932,2.2544195652008057,0.3302222490310669,-22.52731132507324,-0.2857464253902435,0.111994169652462,-17.454030990600586,0.5319788455963135,0.7610410451889038,2,2.444610595703125,12.766955375671388,2264.0,142.4319305419922,248.8380889892578,355.2442626953125,0.0133448895066976,0.4656295478343963,-3.100048780441284,33.60695266723633,0.3810377418994903,0.3814678192138672,0.381897896528244,0.0008601699955761433,15.211565971374512,120.95225,23.2391,1209_258
0.0420445203781127,0.6662605404853821,2.131852388381958,0.054955031722784,0.4116291105747223,2.248975276947021,0.0348873995244503,0.8025345802307129,1.5416343212127686,-4.551722049713135,2.849292516708374,-0.2769040465354919,2.314487934112549,0.2683181762695312,-16.90619468688965,-2.8695826530456543,0.1900871992111206,-12.354472160339355,0.4669912457466125,0.0788881629705429,2,2.544316291809082,10.904772758483888,2813.0,120.33082580566406,252.17369079589844,384.01654052734375,0.0368872284889221,0.5720848441123962,1.6784378290176392,11.924461364746094,0.3741270899772644,0.3840312957763672,0.3939354717731476,0.0198083687573671,13.449089050292969,121.01121,23.40612,1210_260
0.0081795863807201,0.5097893476486206,-1.1185930967330933,0.0024013428483158,0.2386740446090698,-0.7945143580436707,0.0398057103157043,0.7295551896095276,1.998671054840088,-6.436243057250977,2.598441362380981,-0.5917357206344604,4.130990982055664,0.5843292474746704,-5.1986260414123535,-1.5388545989990234,0.5085132718086243,1.2376166582107544,1.1002490520477295,-0.1234297677874565,2,2.9961905479431152,10.733346939086914,2635.0,89.80081939697266,215.0853271484375,340.3698425292969,0.0219214893877506,0.3904859125614166,2.8516409397125244,34.86967086791992,0.3388412594795227,0.3634618818759918,0.3880824744701385,0.0492412261664867,13.729537963867188,121.15628,24.45243,1211_271
0.0256705284118652,0.5807058215141296,-0.9551999568939208,0.041003618389368,0.306374728679657,-1.3271355628967283,0.0536400042474269,0.7800897359848022,1.5142700672149658,-7.246312618255615,2.5462875366210938,0.8353216052055359,2.693657875061035,0.5198202729225159,-14.24482250213623,-1.6606824398040771,0.7373535633087158,-6.998509883880615,-0.097968079149723,0.7752419114112854,2,2.5478336811065674,10.551860809326172,2769.0,123.09405517578124,279.28790283203125,435.4817504882813,0.0113765411078929,0.4922322630882263,-0.3871062695980072,17.230119705200195,0.381113052368164,0.3872546255588531,0.3933961987495422,0.0122831529006361,13.09969425201416,121.16024,23.84832,1211_264
0.026396507397294,0.5955110788345337,2.3796424865722656,0.0250544622540473,0.3185084462165832,2.609316110610962,0.0441389419138431,0.7829453349113464,2.1875247955322266,-5.910887241363525,2.689682006835937,-0.2164969146251678,2.549684524536133,0.6339820623397827,-13.730661392211914,-1.9916784763336184,0.7279149293899536,-7.8197736740112305,0.9444118142127992,-0.5526686906814575,2,2.5836305618286133,11.800631523132324,2485.0,105.93549346923828,229.4572906494141,352.97906494140625,0.041665144264698,0.5164190530776978,2.395057439804077,22.930269241333008,0.3456694483757019,0.3592888116836548,0.3729081749916076,0.0272387117147445,14.384262084960938,120.94854,23.13768,1209_257
0.0039275409653782,0.5018513798713684,1.804266333580017,0.019261160865426,0.2166994214057922,-2.0336155891418457,0.0823220834136009,0.7246057391166687,1.8590658903121948,-6.562560558319092,2.490187406539917,-0.3225091099739074,5.19677209854126,0.684284508228302,-4.072254657745361,-1.7855154275894165,0.8529366850852966,2.490305662155152,1.175445795059204,0.3953746855258941,2,3.3499755859375,10.572549819946287,2589.0,75.80978393554688,189.3680877685547,302.9263916015625,0.0242464132606983,0.4405741095542907,2.751439094543457,25.83959197998047,0.3858266174793243,0.4148865938186645,0.4439465701580047,0.0581199415028095,13.922525405883787,121.05106,24.31155,1210_270
0.0607815273106098,0.4418846666812897,-1.5324547290802002,0.0556771121919155,0.1444369405508041,-1.3054429292678833,0.0215742252767086,0.8045827746391296,2.2566349506378174,-6.16895866394043,2.5903916358947754,0.7147795557975769,2.7871367931365967,1.038386344909668,-11.11903476715088,-1.85224723815918,1.5268372297286987,-4.950075626373291,0.8120576739311218,-0.9973627924919128,2,2.544316291809082,10.904772758483888,2420.0,120.33082580566406,252.17369079589844,384.01654052734375,0.0362554900348186,0.4687162935733795,1.637975811958313,30.90085220336914,0.3741270899772644,0.3840312957763672,0.3939354717731476,0.0198083687573671,13.449089050292969,121.01093,23.37532,1210_259
0.0490402765572071,0.6080193519592285,-2.624996423721313,0.0581664331257343,0.317355215549469,-2.3542518615722656,0.0269881635904312,0.8126015067100525,2.705206871032715,-5.899576187133789,2.584954738616944,-0.9430497884750366,2.4791958332061768,0.3790295124053955,-15.384597778320312,2.3905131816864014,-0.1459249258041381,-9.485021591186523,0.7971248626708984,0.773335337638855,2,2.658663034439087,11.69184684753418,2549.0,151.4472198486328,230.22853088378903,309.0098571777344,0.0315692201256752,0.5709637999534607,-3.112715005874634,16.879859924316406,0.3962686061859131,0.3946070671081543,0.3929455280303955,-0.0033230867702513,14.350509643554688,121.30629,24.18336,1213_268
0.0528796054422855,0.6052588224411011,2.331169366836548,0.0480300746858119,0.3286016583442688,2.085866451263428,0.0809869095683097,0.7929511070251465,2.453497648239136,-6.446261882781982,2.991468906402588,-0.6250718235969543,2.3535633087158203,0.7931697368621826,-21.484832763671875,-0.6591686606407166,-0.2840330004692077,-15.03857135772705,0.3410388231277466,0.087673120200634,2,2.637838840484619,10.48031997680664,2749.0,118.45948791503906,250.9405059814453,383.4215393066406,0.0720891878008842,0.5138665437698364,2.426462888717652,22.054685592651367,0.364385724067688,0.3785281777381897,0.392670601606369,0.0282848700881004,13.118159294128418,121.26774,24.40793,1212_271
0.0367087349295616,0.6113714575767517,-3.124459743499756,0.0408866964280605,0.3521740436553955,2.630319595336914,0.0293106976896524,0.7598322033882141,-2.3020689487457275,-5.12293004989624,3.0123722553253174,-0.2914923727512359,2.273408889770508,0.7887827157974243,-21.316818237304688,-0.5332127809524536,0.165836289525032,-16.19388771057129,0.4573286473751068,-0.2154278606176376,2,2.3323144912719727,11.177535057067873,2586.0,156.71084594726562,313.1099853515625,469.5090942382813,0.037230622023344,0.5021809935569763,3.085936546325684,35.437347412109375,0.3797320127487182,0.381810188293457,0.3838883638381958,0.0041563655249774,13.509849548339844,121.23877,23.67718,1212_263
0.019598726183176,0.5309674739837646,2.8512697219848637,0.0202061515301466,0.2757058441638946,-3.081787109375,0.0296836625784635,0.7244890332221985,2.051363229751587,-5.440938472747803,2.7500650882720947,-1.0643688440322876,2.454680919647217,0.9271953105926514,-14.951892852783203,-1.8417261838912964,1.1465113162994385,-9.51095485687256,2.210880279541016,0.8304542303085327,2,2.5836305618286133,11.800631523132324,2929.0,105.93549346923828,229.4572906494141,352.97906494140625,0.0409669578075408,0.4634888470172882,2.25876784324646,29.134361267089844,0.3456694483757019,0.3592888116836548,0.3729081749916076,0.0272387117147445,14.384262084960938,120.88134,23.14499,1208_257
0.0434758700430393,0.5189136266708374,3.00827693939209,0.0279367305338382,0.2447367161512375,-3.091484546661377,0.0424805991351604,0.7626080513000488,2.722966432571411,-6.427666187286377,2.598149299621582,0.0330453999340534,8.95501708984375,1.1580651998519895,-6.279497623443604,-1.7522653341293335,1.3999921083450315,0.1481682509183883,1.3669466972351074,-0.4801366627216339,2,2.49420166015625,12.131412506103516,2902.0,131.708251953125,249.4044647216797,367.1006774902344,0.0571671947836875,0.4886674284934997,2.5799906253814697,46.90196228027344,0.3738244771957397,0.3798916041851043,0.385958731174469,0.0121342418715357,14.625614166259766,121.01522,23.33149,1210_259
0.0558543875813484,0.6758263111114502,2.1666033267974854,0.0695191174745559,0.4106660783290863,1.991937279701233,0.0584800168871879,0.8007473349571228,2.27380633354187,-5.676028728485107,2.612732172012329,0.277124285697937,2.903313398361206,0.5028038620948792,-9.29892921447754,-2.544926881790161,0.572077751159668,-3.6229000091552734,0.2949534654617309,-0.9984442591667176,2,3.1241278648376465,9.299466133117676,2305.0,91.31892395019533,203.7288360595703,316.1387634277344,0.0933162197470665,0.544973611831665,2.0669660568237305,27.327123641967773,0.3352031111717224,0.3591205179691314,0.3830379247665405,0.0478348210453987,12.42359447479248,121.23161,24.44174,1212_271
0.0694523975253105,0.5856859087944031,1.8218562602996824,0.0834730118513107,0.3304612636566162,1.828844666481018,0.0341268442571163,0.7780088186264038,2.161499261856079,-6.26056432723999,2.662079095840454,-0.563088059425354,2.4374101161956787,0.9696937203407288,-17.52907371520996,-1.1959190368652344,0.8393968939781189,-11.268508911132812,1.4024850130081177,0.9011467099189758,2,2.8203587532043457,11.13587760925293,2475.0,112.66934204101562,234.7359619140625,356.8025817871094,0.0519443377852439,0.5297649502754211,1.9948492050170896,17.31253433227539,0.3704681396484375,0.378923237323761,0.3873783051967621,0.0169101599603891,13.956235885620115,121.1809,23.90492,1211_265
0.0540066063404083,0.5387920141220093,2.591567277908325,0.0449442081153392,0.2756907045841217,2.595964908599853,0.0571182928979396,0.7481549978256226,2.4935317039489746,-6.090390682220459,2.614267110824585,0.2120040655136108,2.6063454151153564,1.1843020915985107,-13.32032585144043,-1.671474575996399,1.5304840803146362,-7.229935169219971,1.3184800148010254,-0.3419370055198669,2,2.734246253967285,11.503533363342283,3137.0,150.61700439453125,220.34942626953125,290.08184814453125,0.0620041377842426,0.5415051579475403,2.4698283672332764,17.202756881713867,0.3891997337341308,0.3831722736358642,0.3771448135375976,-0.0120549136772751,14.23777961730957,121.29025,24.0567,1212_267
0.0944120287895202,0.2306427806615829,2.515590190887451,0.0611347369849681,-0.0096317492425441,-2.4421091079711914,0.2800092101097107,0.4725961685180664,1.8163442611694336,-7.968024253845215,2.4965760707855225,0.0511414930224418,1.5292152166366575,0.3168301284313202,-6.249216556549072,-0.8730218410491943,0.4042047262191772,1.7188076972961426,0.3530632555484772,-0.9997973442077636,2,2.8034884929656982,14.419296264648438,2732.0,79.85945129394531,245.91883850097656,411.9782409667969,0.1371213495731353,0.3040177226066589,2.129169225692749,42.11211395263672,0.3106376826763153,0.3494958281517029,0.3883539736270904,0.0777163058519363,17.22278594970703,120.95955,23.65079,1209_262
0.057788785547018,0.633853018283844,2.1120312213897705,0.0632158517837524,0.3724749684333801,2.127571821212769,0.0396999381482601,0.7765600681304932,2.1971004009246826,-6.554994106292725,2.7348525524139404,-0.4931813776493072,2.440298318862915,0.345090240240097,-18.179664611816406,-1.7245081663131714,0.2871212065219879,-11.62467098236084,0.7803025841712952,-0.8897935152053833,2,2.6561813354492188,10.97948169708252,3070.0,152.32870483398438,226.12342834472656,299.91815185546875,0.0656201094388961,0.6004798412322998,1.9918447732925413,21.011327743530277,0.3958266079425812,0.3894788324832916,0.3831310272216797,-0.0126955742016434,13.635663032531738,121.28653,24.04912,1212_267
0.0189893245697021,0.6040260791778564,-1.7939937114715576,0.0165001638233661,0.3313347399234772,-2.1558845043182373,0.0236307587474584,0.8015241622924805,-0.8075650334358215,-6.347470760345459,2.571169376373291,-0.4676496386528015,2.407789707183838,0.191828653216362,-18.774328231811523,2.339251041412353,-0.049832310527563,-12.426856994628906,0.4178173243999481,-0.6927280426025391,2,2.6561813354492188,10.97948169708252,2529.0,152.32870483398438,226.12342834472656,299.91815185546875,0.0065609910525381,0.5439292788505554,-2.817877531051636,23.96583747863769,0.3958266079425812,0.3894788324832916,0.3831310272216797,-0.0126955742016434,13.635663032531738,121.2824,23.98743,1212_266
0.0650660991668701,0.5713825821876526,2.2051889896392822,0.0830980911850929,0.3163863122463226,2.1620328426361084,0.040939588099718,0.738176703453064,2.093400239944458,-5.810818672180176,2.5166120529174805,-0.1004490926861763,3.0495753288269043,0.8396172523498535,-9.094831466674805,-1.8721158504486084,1.2319624423980713,-3.284012794494629,1.332411527633667,0.762674868106842,2,2.3323144912719727,11.177535057067873,2502.0,156.71084594726562,313.1099853515625,469.5090942382813,0.0774108543992042,0.5019898414611816,2.000244379043579,35.22481918334961,0.3797320127487182,0.381810188293457,0.3838883638381958,0.0041563655249774,13.509849548339844,121.22319,23.6634,1212_262
0.0358407832682132,0.5325891375541687,-2.977177619934082,0.0350741185247898,0.2722453773021698,2.650491714477539,0.0342955105006694,0.7114105224609375,-2.5453145503997803,-6.099888324737549,3.2173471450805664,1.913627028465271,2.434762716293335,1.2546768188476562,-17.1162109375,-2.359565258026123,1.835050225257873,-11.016322135925291,-0.078576847910881,-0.9690171480178832,2,2.6413302421569824,11.965877532958984,2232.0,103.48814392089844,227.5515594482422,351.6149597167969,0.0361796915531158,0.4600335657596588,2.9450907707214355,35.36519241333008,0.3337695896625519,0.3524322211742401,0.3710948526859283,0.0373252518475055,14.607208251953123,120.94753,23.21985,1209_257
0.0422783941030502,0.5792096257209778,2.022308349609375,0.0525810569524765,0.3006606698036194,2.1661529541015625,0.0392672047019004,0.7945579290390015,1.9906929731369016,-5.604000568389893,2.545328140258789,0.9372934103012084,2.431602001190185,0.9339188933372498,-15.926539421081545,-2.158686399459839,1.4419018030166626,-10.322538375854492,0.5046083331108093,-0.7194333672523499,2,3.100015163421631,15.154279708862305,2275.0,56.87193298339844,217.13616943359372,377.4004211425781,0.0458834543824195,0.5076351165771484,2.190319776535034,22.099634170532227,0.3320161700248718,0.3857407867908478,0.4394654035568237,0.1074492260813713,18.254295349121094,120.92176,23.67125,1209_263
0.0563649907708168,0.6352668404579163,1.946055054664612,0.0548833981156349,0.3537022173404693,1.993685603141785,0.0487977415323257,0.804276704788208,1.786170482635498,-5.62606143951416,2.9391961097717285,0.378167986869812,2.3660151958465576,1.037566900253296,-18.21843910217285,-1.4180275201797483,1.2407306432724,-12.592376708984377,0.8625626564025879,0.2467748969793319,2,2.658663034439087,11.69184684753418,2906.0,151.4472198486328,230.22853088378903,309.0098571777344,0.072103276848793,0.5304957628250122,1.9134999513626096,20.951641082763672,0.3962686061859131,0.3946070671081543,0.3929455280303955,-0.0033230867702513,14.350509643554688,121.26296,24.17192,1212_268
0.0472529046237468,0.5141471028327942,-2.63566517829895,0.0386574864387512,0.2350087612867355,3.126771688461304,0.0684248134493827,0.7506933212280273,-2.13248610496521,-5.742927074432373,2.7261574268341064,0.5568664073944092,2.3381621837615967,1.078333020210266,-19.96705436706543,-1.673943281173706,1.350022554397583,-14.224126815795898,0.7931561470031738,0.993508517742157,2,2.5478336811065674,10.551860809326172,2291.0,123.09405517578124,279.28790283203125,435.4817504882813,0.0382666438817977,0.4968157708644867,-2.8576748371124268,34.84014892578125,0.381113052368164,0.3872546255588531,0.3933961987495422,0.0122831529006361,13.09969425201416,121.24876,23.8381,1212_264
0.0593945793807506,0.6349952816963196,1.797045350074768,0.0525539293885231,0.364806979894638,1.6741893291473389,0.0545705780386924,0.7901691198348999,1.858367085456848,-6.257490634918213,2.512325525283813,0.7499769926071167,2.9225258827209477,0.5221931338310242,-10.092081069946287,-1.9219958782196045,0.6623976826667786,-3.834590196609497,-0.0875793173909187,0.7131916880607605,2,2.172800779342652,12.704118728637695,2645.0,217.39414978027344,271.58673095703125,325.779296875,0.0467998869717121,0.5588861703872681,1.7393510341644287,23.21205711364746,0.4045973420143127,0.3959013521671295,0.3872053623199463,-0.017391974106431,14.876919746398926,121.42408,24.09877,1214_267
0.0426260530948638,0.3161204755306244,-2.989748239517212,0.0354513674974441,0.0804497003555297,-2.642777919769287,0.0511642359197139,0.6657528281211853,2.266833782196045,-6.033477306365967,2.3926889896392822,-0.2353851348161697,2.497954845428467,0.990633189678192,-15.316784858703612,-1.4829294681549072,0.7451114654541016,-9.283307075500488,0.98049658536911,-0.7885876297950745,2,2.49420166015625,12.131412506103516,2502.0,131.708251953125,249.4044647216797,367.1006774902344,0.0467822551727294,0.3486097753047943,2.533031702041626,29.71266746520996,0.3738244771957397,0.3798916041851043,0.385958731174469,0.0121342418715357,14.625614166259766,120.96316,23.34624,1209_259
0.0379844903945922,0.5904414653778076,1.0252289772033691,0.0286207552999258,0.2989728450775146,-0.3734402954578399,0.1035353317856788,0.7763440608978271,1.5245490074157717,-6.020124912261963,2.60790753364563,0.4301234781742096,2.5202221870422363,1.122093677520752,-14.779397010803224,-1.859742283821106,1.5241113901138306,-8.759271621704102,1.0939879417419434,0.8255457878112793,2,2.9961905479431152,10.733346939086914,2832.0,89.80081939697266,215.0853271484375,340.3698425292969,0.0410232506692409,0.5257191061973572,1.707209587097168,38.99307632446289,0.3388412594795227,0.3634618818759918,0.3880824744701385,0.0492412261664867,13.729537963867188,121.22604,24.47122,1212_271
0.0551773756742477,0.5113987922668457,-2.606478452682495,0.0473908185958862,0.2277020066976547,-2.618659019470215,0.0370774157345294,0.7403920888900757,-2.5100972652435303,-4.697652339935303,2.4511587619781494,0.5424931645393372,2.29457688331604,0.414631575345993,-18.3164005279541,-1.5681309700012207,0.458712100982666,-13.61874771118164,-0.0837810561060905,0.7885064482688904,2,2.6413302421569824,11.965877532958984,2001.0,103.48814392089844,227.5515594482422,351.6149597167969,0.0473126769065856,0.4871252775192261,2.8000974655151367,18.3500919342041,0.3337695896625519,0.3524322211742401,0.3710948526859283,0.0373252518475055,14.607208251953123,120.93534,23.17452,1209_257
0.0197219867259264,0.6114818453788757,1.8076118230819704,0.0405161641538143,0.3495170772075653,2.013298273086548,0.0089293150231242,0.7788307070732117,-2.793529748916626,-6.525022983551025,3.2059333324432373,0.0846107453107833,2.3340859413146973,0.3374421000480652,-22.8260498046875,-2.267662048339844,0.3384042680263519,-16.301025390625,0.2537935376167297,-0.9822188019752502,2,2.734246253967285,11.503533363342283,2748.0,150.61700439453125,220.34942626953125,290.08184814453125,0.0184808783233165,0.5044862031936646,2.00463604927063,40.08306884765625,0.3891997337341308,0.3831722736358642,0.3771448135375976,-0.0120549136772751,14.23777961730957,121.34635,24.08671,1213_267
0.0209258291870355,0.5422604084014893,2.7531654834747314,0.0232406686991453,0.2544519901275635,2.603553295135498,0.0137966740876436,0.7468262314796448,2.680649518966675,-6.153188228607178,2.687791585922241,0.1038684919476509,2.357945203781128,0.1289369463920593,-20.32113075256348,0.6483392119407654,-0.0216925404965877,-14.167943000793455,-0.1255610287189483,-0.5546088814735413,2,2.3323144912719727,11.177535057067873,2376.0,156.71084594726562,313.1099853515625,469.5090942382813,0.0235691033303737,0.4558579623699188,2.478736162185669,32.821441650390625,0.3797320127487182,0.381810188293457,0.3838883638381958,0.0041563655249774,13.509849548339844,121.24687,23.68502,1212_263
0.0191751215606927,0.4990889132022857,-2.6198031902313232,0.0261472314596176,0.2186513692140579,-1.985913038253784,0.0271441619843244,0.7650264501571655,2.057558059692383,-6.447944641113281,2.484707832336426,0.3369845151901245,2.8883540630340576,1.022982478141785,-10.765217781066896,-1.922378659248352,1.4655578136444092,-4.317273616790772,1.128573298454285,0.2028133124113083,2,2.531503438949585,12.429500579833984,2521.0,105.56375885009766,232.727294921875,359.89080810546875,0.028582364320755,0.4830389022827148,2.8181159496307373,20.44212532043457,0.3568580150604248,0.366548091173172,0.3762381672859192,0.0193801671266555,14.961003303527832,120.86044,23.00006,1208_255
0.0364451222121715,0.5983428955078125,2.4991769790649414,0.0346585698425769,0.325092613697052,2.3638803958892822,0.0289000254124403,0.7688106894493103,2.152040481567383,-5.563398838043213,2.490046977996826,0.7208315134048462,2.3707387447357178,0.7791976928710938,-17.816539764404297,-2.22581148147583,0.9772688150405884,-12.253140449523926,0.2564373016357422,0.9565200209617616,2,2.1547350883483887,11.89116382598877,2635.0,140.967529296875,278.4143371582031,415.8611755371094,0.039611455053091,0.5117979049682617,1.9056450128555296,31.19495964050293,0.3960951566696167,0.4005009531974792,0.4049067497253418,0.0088115893304348,14.045899391174316,121.35885,24.35679,1213_270
0.0483124628663063,0.5972384214401245,-3.031371593475342,0.0423243716359138,0.3054128885269165,3.119006395339966,0.0506720505654811,0.8063880205154419,-3.105234146118164,-6.337482929229736,2.67289137840271,0.4677044451236725,2.593764066696167,0.4313071966171264,-13.933719635009766,-2.223516702651977,0.6616103649139404,-7.596236705780029,0.1939058899879455,0.665220320224762,2,3.231611728668213,15.514036178588867,1104.0,54.13985824584961,196.19583129882807,338.2518005371094,0.0504519827663898,0.5971709489822388,2.678882122039795,31.13535499572754,0.3108062446117401,0.3628529012203216,0.4148995280265808,0.1040932834148407,18.74564743041992,120.84717,23.67093,1208_263
0.0544351153075695,0.5142249464988708,2.50600266456604,0.0385343134403228,0.2525509297847748,2.6071970462799072,0.0634974092245101,0.722848653793335,2.027695417404175,-5.807603359222412,2.5063629150390625,-0.1905024051666259,2.432687282562256,1.1353410482406616,-16.483823776245117,-1.763033151626587,1.5457507371902466,-10.676219940185549,1.7362531423568726,0.2057259529829025,2,3.308823585510254,12.17832374572754,3051.0,79.2593765258789,182.81700134277344,286.3746032714844,0.0754349753260612,0.451958954334259,2.188861131668091,31.453914642333984,0.3971173763275146,0.4235340058803558,0.449950635433197,0.0528332516551017,15.487147331237791,121.10525,24.19587,1211_268
0.0561127103865146,0.6294453144073486,2.380263328552246,0.0541528686881065,0.360842227935791,2.313692808151245,0.0585392862558364,0.7926959991455078,2.082167387008667,-5.903157234191895,2.5233263969421387,-1.0805578231811523,3.156609535217285,0.8703121542930603,-8.858713150024414,-1.6093027591705322,0.7482802867889404,-2.9555563926696777,1.8288381099700928,-0.6997822523117065,2,2.1894845962524414,11.19408893585205,2959.0,144.961181640625,250.31651306152344,355.6718444824219,0.0540395602583885,0.5032731890678406,2.4817540645599365,34.09330368041992,0.3937315940856933,0.3943225741386413,0.3949135541915893,0.0011819843202829,13.383573532104492,121.427,24.33825,1214_270
0.0230005010962486,0.5767427086830139,2.2541120052337646,0.0262681655585765,0.3013330996036529,2.7130770683288574,0.0638442784547805,0.7519186735153198,1.7719546556472778,-6.401815414428711,2.6028988361358643,-0.2979286313056946,2.849083423614502,0.9185627698898317,-11.128814697265623,-2.3651561737060547,1.093715786933899,-4.726999759674072,1.3916443586349487,-0.5071437954902649,2,1.9230382442474363,15.113529205322266,2140.0,267.2466125488281,398.6565551757813,530.0665283203125,0.0567724183201789,0.5173578858375549,2.1245903968811035,13.053698539733888,0.4076579809188843,0.4045942723751068,0.4015305340290069,-0.0061274515464901,17.03656768798828,121.58362,24.51427,1215_272
0.0633196011185646,0.5460659265518188,1.7211816310882568,0.0707659795880317,0.2737003266811371,1.8740562200546265,0.0415855161845684,0.7394922375679016,1.2809520959854126,-5.913356781005859,2.7041566371917725,0.8225191235542297,2.3953468799591064,1.148518681526184,-17.922809600830078,-2.027937889099121,1.4935672283172607,-12.00945281982422,0.6710481643676758,0.5803125500679016,2,2.549224138259888,12.264251708984377,2564.0,108.8914031982422,276.1357727050781,443.3801574707031,0.0590814128518104,0.4571263790130615,1.7376011610031128,37.043087005615234,0.3478085398674011,0.3668598532676697,0.3859111368656158,0.0381026118993759,14.813475608825684,121.11941,23.65257,1211_262
0.0175018962472677,0.4371404945850372,-2.2987635135650635,0.0091766444966197,0.1855306476354599,-2.7688567638397217,0.0387073829770088,0.6435917019844055,1.4301762580871582,-5.766566753387451,2.608049869537353,0.2811331152915954,2.394805192947388,1.2915194034576416,-17.629745483398438,-1.6633304357528689,1.4832100868225098,-11.863179206848145,1.202077031135559,-0.4557157456874847,2,2.421710968017578,10.618030548095703,3368.0,125.14056396484376,281.00213623046875,436.8636779785156,0.0593498907983303,0.4256029427051544,1.571825623512268,27.43890380859375,0.3801341652870178,0.3892140686511993,0.3982939422130584,0.0181597992777824,13.03974151611328,121.1227,23.62107,1211_262
0.082753449678421,0.4104605615139007,-2.1503138542175293,0.0899746119976043,0.1440807431936264,-1.937263250350952,0.0140588134527206,0.7488519549369812,-2.966652631759644,-6.855600833892822,2.933915615081787,-0.127649113535881,2.8210580348968506,0.3925582468509674,-12.107380867004396,-2.1226906776428223,0.5212879180908203,-5.251779556274414,0.6489370465278625,-0.5699364542961121,2,2.3323144912719727,11.177535057067873,2915.0,156.71084594726562,313.1099853515625,469.5090942382813,0.063154824078083,0.4090276956558227,-2.1363649368286133,11.169198036193848,0.3797320127487182,0.381810188293457,0.3838883638381958,0.0041563655249774,13.509849548339844,121.22874,23.73804,1212_263
0.0374181941151618,0.6725074052810669,1.334701418876648,0.0311134066432714,0.4404933154582977,1.1133569478988647,0.0590163506567478,0.8072741627693176,1.529793381690979,-6.8187689781188965,2.4775750637054443,-0.2885791957378387,2.988116979598999,1.5610090494155884,-10.703377723693848,-1.562555193901062,1.4722352027893066,-3.8846089839935294,1.7608143091201782,-0.9749446511268616,2,2.421710968017578,10.618030548095703,3110.0,125.14056396484376,281.00213623046875,436.8636779785156,0.0382274612784385,0.5811414122581482,1.541984796524048,39.32756805419922,0.3801341652870178,0.3892140686511993,0.3982939422130584,0.0181597992777824,13.03974151611328,121.12028,23.63618,1211_262
0.0195881761610507,0.5317415595054626,2.7604668140411377,0.0275242216885089,0.255605548620224,2.5737032890319824,0.0027890005148947,0.7168299555778503,2.887233257293701,-6.292869091033936,2.9577789306640625,0.3033848702907562,2.3874478340148926,0.9868770241737366,-19.395671844482425,-2.097253561019897,1.1586464643478394,-13.102802276611328,0.8552616238594055,0.2809568047523498,2,2.297961473464966,10.41774082183838,2564.0,149.2290496826172,285.5005187988281,421.77197265625,0.0226380005478858,0.4593161940574646,1.960626602172852,31.1601676940918,0.3950676023960113,0.3954590857028961,0.3958505690097809,0.0007829577079974115,12.715702056884766,121.14873,23.52067,1211_261
0.106853187084198,0.5002284646034241,1.6607110500335691,0.1049716025590896,0.2314409613609314,1.7216012477874756,0.0781413540244102,0.7150629162788391,1.5195293426513672,-6.369816780090332,2.852047204971313,-0.1399106979370117,2.4156668186187744,0.8579322695732117,-18.675630569458008,-2.41286563873291,1.1872658729553225,-12.305813789367676,1.327176570892334,0.8844418525695801,2,2.5297679901123047,11.50147533416748,2527.0,115.4732437133789,262.1791381835937,408.8850402832031,0.1155406534671783,0.4095064997673034,1.7006083726882937,44.63655471801758,0.3640938401222229,0.3813138008117676,0.3985337615013122,0.0344399102032184,14.031243324279783,121.26169,24.49213,1212_272
0.0231156833469867,0.5774611234664917,0.4064921140670776,0.0111411092802882,0.2989082336425781,-0.8416715264320374,0.0453368127346038,0.7670460343360901,0.9517688155174256,-6.222658634185791,2.794977903366089,0.1413346529006958,2.385056257247925,1.4032429456710815,-19.435863494873047,-1.5035706758499146,1.4551795721054075,-13.213204383850098,1.313844919204712,-0.869446337223053,2,2.283833265304565,11.681960105895996,2703.0,172.0917205810547,278.6646423339844,385.237548828125,0.0763783007860183,0.5283613204956055,1.4250125885009766,35.2562255859375,0.4033507704734802,0.4001184999942779,0.3968861997127533,-0.0064645675010979,13.96579360961914,121.30619,23.94978,1213_266
0.0891534462571144,0.6253002285957336,1.640804409980774,0.1068148389458656,0.3710048496723175,1.7596150636672974,0.0368892028927803,0.7632474899291992,1.397951602935791,-6.305291652679443,2.7390263080596924,0.5433192849159241,2.427029609680176,0.6711018085479736,-18.008567810058594,-2.20562481880188,0.7024393081665039,-11.703276634216309,0.1591199934482574,0.9738072752952576,2,2.173062562942505,11.008648872375488,2602.0,172.9473419189453,313.4855651855469,454.0237731933594,0.0961387977004051,0.5483567118644714,1.661758303642273,12.899377822875977,0.3950037062168121,0.3914793729782104,0.3879550099372864,-0.0070486823096871,13.181711196899414,121.22995,23.63817,1212_262
0.0106247728690505,0.6445608735084534,3.0349581241607666,0.0134484190493822,0.3538671731948852,2.330429077148437,0.0198052134364843,0.8386232256889343,2.103990077972412,-6.161634922027588,2.962721824645996,1.2826104164123535,2.3809781074523926,1.1118141412734983,-19.233549118041992,-1.4610188007354736,1.0921202898025513,-13.07191562652588,-0.190490111708641,-0.7951206564903259,2,3.3175699710845947,10.642196655273438,2366.0,74.9773941040039,179.96966552734375,284.9619445800781,0.0326474271714687,0.5535386204719543,1.9342107772827148,37.88305282592773,0.3227446973323822,0.3512084484100342,0.3796722292900085,0.0569275207817554,13.959766387939451,121.12771,24.38908,1211_270
0.0455340147018432,0.6348305940628052,1.893803358078003,0.0490409471094608,0.3670897483825683,1.983270525932312,0.034106895327568,0.8004369735717773,1.969722032546997,-4.759527206420898,2.9654014110565186,-0.1601838618516922,2.340139150619507,0.8004738092422485,-16.560260772705078,-2.15747594833374,1.149133563041687,-11.800732612609863,1.3093173503875732,-0.8968753814697266,2,2.159665822982788,11.972312927246094,2828.0,184.29861450195312,261.7147521972656,339.13092041015625,0.0540450364351272,0.5229090452194214,2.018465518951416,29.37550163269043,0.4067250192165375,0.4016572833061218,0.3965895175933838,-0.0101355127990245,14.13197898864746,121.35482,24.20466,1213_268
0.0807070359587669,0.5147813558578491,2.896052837371826,0.0592578947544097,0.2599951028823852,3.043221950531006,0.064477227628231,0.6810773015022278,2.860595703125,-5.880824565887451,2.958601713180542,0.0820818319916725,2.427015542984009,0.9260300993919371,-16.71686553955078,-1.7271448373794556,0.9949952960014344,-10.836040496826172,0.9129135012626648,0.708742082118988,2,2.173062562942505,11.008648872375488,2629.0,172.9473419189453,313.4855651855469,454.0237731933594,0.0501667559146881,0.5148349404335022,2.269127130508423,28.939516067504883,0.3950037062168121,0.3914793729782104,0.3879550099372864,-0.0070486823096871,13.181711196899414,121.18249,23.60322,1211_262
0.1436404436826706,0.558845043182373,-2.2445647716522217,0.1139727234840393,0.2755424082279205,-2.111287832260132,0.0772167816758155,0.8129297494888306,-2.404007196426392,-6.556201934814453,2.891077041625977,-0.4032188057899475,4.271113872528076,0.9031550288200378,-7.535643100738525,1.0659769773483276,-1.0971975326538086,-0.9794415235519408,-0.6939787268638611,0.5615329742431641,2,2.172800779342652,12.704118728637695,2214.0,217.39414978027344,271.58673095703125,325.779296875,0.0766938179731369,0.591367781162262,-2.503504037857056,46.72220993041992,0.4045973420143127,0.3959013521671295,0.3872053623199463,-0.017391974106431,14.876919746398926,121.35774,24.13259,1213_268
0.0227737892419099,0.5278143882751465,-1.4494904279708862,0.039901029318571,0.2354491353034973,-1.6069692373275757,0.051958329975605,0.7713416814804077,1.6086994409561155,-6.091443538665772,2.7146849632263184,0.2260557413101196,2.4454832077026367,0.4998725652694702,-16.805986404418945,-2.018209457397461,0.6012904047966003,-10.714543342590332,0.3752346932888031,0.2058580964803695,2,2.1547350883483887,11.89116382598877,2745.0,140.967529296875,278.4143371582031,415.8611755371094,0.0182954426854848,0.4423002004623413,-1.5355737209320068,32.30609130859375,0.3960951566696167,0.4005009531974792,0.4049067497253418,0.0088115893304348,14.045899391174316,121.36185,24.35604,1213_270
0.0493645034730434,0.5507288575172424,2.975454330444336,0.0398408398032188,0.2651554644107818,2.9307072162628174,0.0391214415431022,0.7472243309020996,2.9125797748565674,-5.715196132659912,3.9889168739318848,-0.6320750117301941,2.2366838455200195,0.5064007043838501,-26.692384719848636,1.7469390630722046,-0.3075723350048065,-20.97718811035156,0.3245026767253876,0.147847518324852,2,3.1241278648376465,9.299466133117676,2179.0,91.31892395019533,203.7288360595703,316.1387634277344,0.0556772276759147,0.5216743350028992,2.45698881149292,51.95735931396485,0.3352031111717224,0.3591205179691314,0.3830379247665405,0.0478348210453987,12.42359447479248,121.16354,24.40417,1211_271
0.0535840839147567,0.6317815184593201,1.8568021059036253,0.0505505949258804,0.3644063174724579,1.9739716053009035,0.0622729621827602,0.806049644947052,1.816351532936096,-5.644808292388916,2.4876177310943604,-0.1952734440565109,2.454572916030884,0.8528710603713989,-15.437504768371582,-2.0408167839050293,1.2569681406021118,-9.792696952819824,1.4522416591644287,0.7410311698913574,2,2.9024200439453125,12.74722671508789,2218.0,63.86447525024414,223.64947509765625,383.4344482421875,0.0682605430483818,0.5441973805427551,1.8719428777694704,24.94015884399414,0.362889677286148,0.4070804715156555,0.4512712657451629,0.0883815884590148,15.649646759033203,120.81143,23.47542,1208_260
0.0501702241599559,0.5310856103897095,2.6291346549987797,0.0419753454625606,0.2452162057161331,2.637932300567627,0.0516471490263938,0.7660393118858337,2.309910297393799,-5.90326738357544,2.400991201400757,-0.1695664227008819,6.8629069328308105,0.8649147748947144,-4.15623950958252,-2.146467685699463,1.2222836017608645,1.74702787399292,1.3918499946594238,-0.6931721568107605,2,2.49420166015625,12.131412506103516,2595.0,131.708251953125,249.4044647216797,367.1006774902344,0.053409419953823,0.4502994120121002,2.4762067794799805,37.35447692871094,0.3738244771957397,0.3798916041851043,0.385958731174469,0.0121342418715357,14.625614166259766,121.00572,23.32894,1210_259
0.0811298787593841,0.6278193593025208,1.3976391553878784,0.052408792078495,0.3626576662063598,1.3056176900863647,0.1132659241557121,0.805092990398407,1.4699631929397583,-6.235616207122803,2.7636559009552,0.3354822397232055,2.741307020187378,1.3254896402359009,-11.803614616394045,-1.329778075218201,1.2321327924728394,-5.567998886108398,0.8966505527496338,0.0418413579463958,2,3.1241278648376465,9.299466133117676,3042.0,91.31892395019533,203.7288360595703,316.1387634277344,0.0771864801645279,0.5578175783157349,1.5285654067993164,22.15672492980957,0.3352031111717224,0.3591205179691314,0.3830379247665405,0.0478348210453987,12.42359447479248,121.23231,24.42487,1212_271
0.0119615932926535,0.5935830473899841,-3.000730037689209,0.0167144760489463,0.2702994644641876,-1.86616849899292,0.0266269575804471,0.8160578608512878,2.2816030979156494,-6.906653881072998,2.675300359725952,0.3026489317417145,-7.738238334655762,0.9667428135871888,-2.1214311122894287,-1.7348432540893557,1.054294466972351,4.785223007202148,0.7516456246376038,0.26614910364151,2,3.3175699710845947,10.642196655273438,2269.0,74.9773941040039,179.96966552734375,284.9619445800781,0.030819084495306,0.4792424738407135,-3.094008207321167,43.57209014892578,0.3227446973323822,0.3512084484100342,0.3796722292900085,0.0569275207817554,13.959766387939451,121.10028,24.39643,1211_271
0.015967771410942,0.498198002576828,0.8543049097061157,0.0204417761415243,0.2257751226425171,-0.6526210308074951,0.062207642942667,0.6995022892951965,1.2728664875030518,-6.54649019241333,2.582368850708008,0.7454447746276855,2.94480299949646,0.973944902420044,-10.458829879760742,-1.8510562181472776,1.1340973377227783,-3.912339448928833,0.3886525928974151,0.6184601783752441,2,2.297961473464966,10.41774082183838,3145.0,149.2290496826172,285.5005187988281,421.77197265625,0.0403061546385288,0.3913834989070892,-0.8285696506500244,31.87580299377441,0.3950676023960113,0.3954590857028961,0.3958505690097809,0.0007829577079974115,12.715702056884766,121.11258,23.52685,1211_261
0.0675060153007507,0.5826894640922546,2.0105550289154053,0.0564543791115284,0.2804101407527923,2.0313520431518555,0.0694530457258224,0.7686659693717957,2.0156326293945312,-5.594634056091309,2.754668951034546,-0.4371668994426727,2.3455207347869877,0.132444143295288,-19.222644805908203,-2.3131678104400635,0.3856310844421386,-13.628010749816896,0.822797954082489,0.9338393211364746,2,3.1241278648376465,9.299466133117676,2328.0,91.31892395019533,203.7288360595703,316.1387634277344,0.0632383301854133,0.5219916701316833,2.0990781784057617,28.94599914550781,0.3352031111717224,0.3591205179691314,0.3830379247665405,0.0478348210453987,12.42359447479248,121.16584,24.44822,1211_271
0.0537917800247669,0.5820859670639038,2.4923670291900635,0.0675839632749557,0.316608190536499,2.383538722991944,0.0205416716635227,0.7962764501571655,1.8300819396972656,-6.060420036315918,2.6782469749450684,-0.0233074929565191,2.6415202617645264,0.9408051371574402,-12.569025993347168,-1.334601879119873,0.7107307314872742,-6.508605480194092,0.734038233757019,-0.969508707523346,2,2.5478336811065674,10.551860809326172,2603.0,123.09405517578124,279.28790283203125,435.4817504882813,0.0463732108473777,0.5444491505622864,2.099111557006836,30.841426849365234,0.381113052368164,0.3872546255588531,0.3933961987495422,0.0122831529006361,13.09969425201416,121.22122,23.76527,1212_264
0.0381519757211208,0.5750731229782104,2.402096509933472,0.0272106956690549,0.3174231350421905,2.509197950363159,0.0560535117983818,0.7745391726493835,2.0301101207733154,-6.554867267608643,2.53485369682312,0.3479079306125641,4.800181865692139,1.2858659029006958,-6.355644226074219,-2.065907716751098,1.579991102218628,0.1992231756448745,1.2320832014083862,-0.3549778461456299,2,2.49420166015625,12.131412506103516,2844.0,131.708251953125,249.4044647216797,367.1006774902344,0.0612681433558464,0.5233677625656128,2.1118407249450684,44.83792495727539,0.3738244771957397,0.3798916041851043,0.385958731174469,0.0121342418715357,14.625614166259766,120.97705,23.333,1209_259
0.0817093625664711,0.7267979383468628,1.9170480966567995,0.0835451483726501,0.4834546744823456,1.946413516998291,0.0839976966381073,0.8365452885627747,2.03932785987854,-5.2491230964660645,2.683368444442749,0.9674267768859864,2.5045714378356934,1.1060322523117063,-13.229905128479004,-2.361068725585937,1.4390450716018677,-7.980782508850098,0.4716182649135589,0.7003103494644165,2,2.9024200439453125,12.74722671508789,2567.0,63.86447525024414,223.64947509765625,383.4344482421875,0.1016420051455497,0.6124610304832458,2.048193454742432,23.475645065307617,0.362889677286148,0.4070804715156555,0.4512712657451629,0.0883815884590148,15.649646759033203,120.82451,23.4708,1208_260
0.0416172631084919,0.5872055888175964,-2.627638816833496,0.0331700295209884,0.3179218471050262,-2.790076494216919,0.0265080034732818,0.7549997568130493,-2.9468722343444824,-5.89524507522583,2.88408637046814,-0.1096009761095047,2.460509777069092,0.1894219070672989,-15.89665699005127,2.276549816131592,0.0086818318814039,-10.001412391662598,0.1182828024029731,0.1977165788412094,2,2.2339820861816406,13.999323844909668,2418.0,174.869873046875,275.462158203125,376.054443359375,0.0296358950436115,0.4495640099048614,3.0335853099823,28.57083320617676,0.3966240882873535,0.3929143249988556,0.38920459151268,-0.0074194981716573,16.233304977416992,121.07579,23.26278,1210_258
0.0728518217802047,0.6590295433998108,2.270136833190918,0.0848489925265312,0.3975974023342132,2.254063606262207,0.0487819276750087,0.7990343570709229,2.3016977310180664,-5.227644920349121,2.965942859649658,0.5800113677978516,2.627255916595459,1.1132148504257202,-11.241181373596191,-2.321915626525879,1.5762572288513184,-6.01353645324707,0.9962458610534668,0.5052624940872192,2,2.348651170730591,14.446325302124023,2853.0,148.5471649169922,256.09771728515625,363.6482849121094,0.0846909508109092,0.5517405271530151,2.267453670501709,21.15524101257324,0.396653801202774,0.3922488689422607,0.3878439366817474,-0.0088098403066396,16.79497718811035,120.99987,22.97509,1209_255
0.0901216343045234,0.5865358114242554,1.9440717697143557,0.0886163860559463,0.3334190249443054,2.0236310958862305,0.0672816187143325,0.7604616284370422,1.955793857574463,-5.041467666625977,2.526301383972168,0.8006002306938171,2.935128688812256,0.816153347492218,-8.268754005432129,-1.9222320318222048,0.9808420538902284,-3.227286100387573,0.1802418231964111,0.0488402806222438,2,2.2339820861816406,13.999323844909668,2907.0,174.869873046875,275.462158203125,376.054443359375,0.0830640420317649,0.5081090331077576,2.037872552871704,32.91935348510742,0.3966240882873535,0.3929143249988556,0.38920459151268,-0.0074194981716573,16.233304977416992,121.08137,23.30265,1210_258
0.0666985288262367,0.5243564248085022,2.6548104286193848,0.0499430373311042,0.2510529458522796,2.95564341545105,0.0635430738329887,0.7607045769691467,1.891808032989502,-6.182206153869629,2.937084674835205,0.1748691499233245,2.4027278423309326,0.7293626666069031,-18.514060974121094,-1.5322076082229614,0.6317189931869507,-12.331853866577148,0.4568498730659485,-0.9910836219787598,2,2.6561813354492188,10.97948169708252,3095.0,152.32870483398438,226.12342834472656,299.91815185546875,0.0445904061198234,0.5023662447929382,2.3710646629333496,17.557340621948242,0.3958266079425812,0.3894788324832916,0.3831310272216797,-0.0126955742016434,13.635663032531738,121.2765,23.95186,1212_266
0.0739527717232704,0.6091423034667969,-2.9755563735961914,0.0721184834837913,0.3131163120269775,-3.0861988067626958,0.0831691324710846,0.8186439871788025,-2.8054540157318115,-6.490609169006348,2.676398754119873,-0.368268758058548,2.725884437561035,0.3504358232021332,-12.401865005493164,-1.7579079866409302,0.3478239476680755,-5.911255359649658,0.7160927057266235,0.9997583627700806,3,3.431676387786865,16.953866958618164,404.0,51.9678840637207,185.14132690429688,318.31475830078125,0.0804382339119911,0.6079744696617126,3.105755567550659,5.528228282928467,0.2812078297138214,0.3329628705978393,0.3847179114818573,0.103510096669197,20.385543823242188,120.80287,23.78459,1208_264
0.0789228975772857,0.5638325214385986,-1.8039494752883911,0.0616550855338573,0.2761260867118835,-2.051659107208252,0.0571658462285995,0.8090640306472778,-1.5117260217666626,-5.978048324584961,2.283648729324341,-0.0960779637098312,2.4732658863067627,0.2136686891317367,-15.818708419799805,2.4087979793548584,0.0100226253271102,-9.840660095214844,0.1061005890369415,0.5751403570175171,3,2.884164571762085,18.43539047241211,582.0,157.74215698242188,201.9916839599609,246.2412109375,0.0516883954405784,0.5736849308013916,-2.119596242904663,18.16766929626465,0.3841102421283722,0.3632411956787109,0.3423721492290497,-0.0417381189763546,21.319555282592773,121.74057,24.97784,1217_277
0.0598744675517082,0.5478420257568359,-2.834900379180908,0.0493513457477092,0.253594309091568,-2.63362455368042,0.037972155958414,0.7941997051239014,-2.974499464035034,-6.351053237915039,2.918656826019287,0.2682878673076629,2.4537453651428223,1.134545087814331,-17.31715965270996,-1.608934760093689,1.2942376136779783,-10.966105461120604,1.0259498357772827,0.9466533064842224,3,3.146355628967285,15.30453109741211,1105.0,58.42212677001953,199.9085235595703,341.3949279785156,0.0421624556183815,0.593718409538269,3.0572259426116943,22.534029006958008,0.2931519448757171,0.3384490609169006,0.3837461769580841,0.0905942320823669,18.45088577270508,120.70728,23.55073,1207_261
0.0474629513919353,0.5481181740760803,-1.8901444673538208,0.0271624214947223,0.2558881044387817,-2.2065718173980717,0.0687542408704757,0.790557324886322,-1.3317686319351196,-5.572619438171387,2.3414149284362797,0.0995891392230987,2.4808907508850098,0.3431532979011535,-14.61716365814209,1.3094311952590942,-0.2847992479801178,-9.044544219970703,-0.3843883872032165,-0.9996243715286256,3,3.1427063941955566,18.869359970092773,46.0,174.28721618652344,199.5741729736328,224.86111450195312,0.0285148527473211,0.5471876859664917,-1.306491494178772,11.66903591156006,0.3869042098522186,0.3605849742889404,0.3342657685279846,-0.052638441324234,22.01206588745117,121.69552,25.09845,1216_278
0.0490524731576442,0.6335241198539734,-3.0456013679504395,0.034582570195198,0.3287508487701416,-2.796490430831909,0.0458756312727928,0.8443779349327087,2.9786376953125,-6.605191230773926,2.387550115585327,-0.0331369303166866,3.5660057067871094,0.969907283782959,-8.18902587890625,-1.3717960119247437,0.8944365382194519,-1.5838351249694824,0.9275734424591064,-0.8478438854217529,3,2.543362855911255,13.249361991882324,1345.0,110.24432373046876,260.39227294921875,410.5402221679688,0.0585790798068046,0.6106336712837219,2.811955213546753,35.78981018066406,0.367439717054367,0.3837614953517914,0.4000832438468933,0.0326435230672359,15.792724609375,121.34134,24.57236,1213_273
0.0509696081280708,0.5304729342460632,-2.672058582305908,0.0422437489032745,0.249621108174324,-3.133250951766968,0.0560053549706935,0.798046886920929,-2.2865350246429443,-6.122269630432129,2.555806875228882,-0.5820227265357971,2.5482122898101807,0.0541189722716808,-14.434224128723145,-0.0256244279444217,-0.2760102748870849,-8.311954498291016,0.3060124516487121,0.4287425875663757,3,2.664930820465088,17.785608291625977,170.0,163.70799255371094,250.04135131835935,336.37469482421875,0.0455493554472923,0.5701255798339844,-2.621795415878296,8.153928756713867,0.452890545129776,0.4385660290718078,0.4242415130138397,-0.028649017214775,20.450538635253903,121.03598,22.77229,1210_253
0.1025993153452873,0.4945544600486755,-2.9655025005340576,0.0948447808623313,0.1943397670984268,-2.6714203357696533,0.0896584168076515,0.7909032702445984,2.979184150695801,-5.329397201538086,2.709746599197388,0.0479307398200035,2.418715238571167,0.7675521969795227,-15.49893569946289,-0.608450174331665,0.1243418827652931,-10.169538497924805,0.0764111429452896,0.8814364671707153,3,3.300032377243042,16.8581485748291,782.0,57.14727783203125,189.42144775390625,321.69561767578125,0.0965110287070274,0.5640236139297485,3.008082151412964,23.354705810546875,0.322169691324234,0.3644704818725586,0.4067713022232055,0.0846015959978103,20.158180236816406,120.91597,23.8839,1209_265
0.0210935045033693,0.6220364570617676,1.9673333168029783,0.0250374674797058,0.3260805308818817,2.1880791187286377,0.0251811407506465,0.8055539727210999,1.6252667903900146,-5.531028747558594,2.923588514328003,0.1404151916503906,2.374073028564453,0.5857186317443848,-17.600801467895508,-2.310243844985962,0.5862350463867188,-12.069772720336914,0.4458198547363281,-0.4480736255645752,3,2.89008903503418,14.973302841186523,976.0,58.91925048828125,236.7748870849609,414.6305236816406,0.0466310754418373,0.5926734209060669,1.6874736547470093,29.465246200561523,0.300826221704483,0.3498997986316681,0.3989733755588531,0.0981471464037895,17.863391876220703,120.65688,23.52672,1206_261
0.0867872610688209,0.4932659864425659,-3.0533254146575928,0.0780965909361839,0.2195302695035934,-3.011259078979492,0.0846550315618515,0.7472407817840576,-2.803764820098877,-6.034895420074463,2.7063934803009038,-0.0817186683416366,2.513478994369507,0.8799248337745667,-14.888826370239258,-2.4444580078125,1.044297456741333,-8.853930473327637,1.1260161399841309,0.8345929384231567,3,3.307905673980713,17.74378204345703,183.0,55.961307525634766,205.4072723388672,354.8532409667969,0.093943290412426,0.5299087762832642,-2.979856491088867,13.67060661315918,0.3272016644477844,0.3681124448776245,0.4090232253074646,0.0818215832114219,21.051687240600582,120.57218,23.59035,1205_262
0.0224056635051965,0.2761201858520508,-2.749183893203736,0.0158750675618648,0.0961803272366523,-2.775429010391236,0.015571909956634,0.5614599585533142,2.7776360511779785,-6.914027214050293,2.494235038757324,0.2451471090316772,2.623753547668457,0.3703673481941223,-14.692803382873535,0.2395397126674652,0.0314466319978237,-7.778776168823242,-0.2137004882097244,-0.5277215242385864,3,3.5521910190582275,18.81465721130371,48.0,82.98213195800781,131.25482177734375,179.5275115966797,0.0229319836944341,0.3310498595237732,3.065579414367676,5.191644668579102,0.3542055189609527,0.3425928652286529,0.3309802114963531,-0.0232253056019544,22.36684799194336,121.4028,25.13758,1214_279
0.0417217463254928,0.5371482968330383,-2.251844882965088,0.032218974083662,0.2378049343824386,-1.928462505340576,0.0487862490117549,0.8011857271194458,-2.7703022956848145,-6.141224384307861,3.067183256149292,0.2485523968935012,2.5403530597686768,0.4559912085533142,-14.582597732543944,-2.3046417236328125,0.717696487903595,-8.441373825073242,0.4691440761089325,-0.5466750860214233,3,3.851844072341919,18.534385681152344,115.0,54.87374114990234,129.14141845703125,203.4091033935547,0.0564489550888538,0.5792935490608215,-2.5962064266204834,6.1718268394470215,0.3807213604450226,0.3965135216712951,0.4123056530952453,0.0315843001008033,22.386228561401367,121.01387,24.71283,1210_274
0.0756167843937873,0.4451103806495666,-1.9779061079025269,0.0751424729824066,0.168906107544899,-1.773168444633484,0.0629298910498619,0.7551715970039368,-2.7515289783477783,-6.421407699584961,2.773172616958618,0.1291436702013015,2.582289218902588,1.1900396347045898,-14.602935791015623,-1.2503132820129397,1.0964982509613037,-8.181528091430664,0.9673545360565186,-0.9832456707954408,3,3.7555224895477295,18.486316680908203,96.0,60.29365158081055,140.9459991455078,221.59835815429688,0.0655578002333641,0.4833865463733673,-2.426520586013794,3.445371627807617,0.3491438627243042,0.3773747384548187,0.4056056141853332,0.056461751461029,22.241840362548828,120.75693,24.52289,1207_272
0.0505836680531501,0.5487368106842041,-3.07606053352356,0.0424148961901664,0.2294719666242599,-2.86427903175354,0.0370413623750209,0.820200502872467,-2.996644973754883,-6.351263999938965,2.765735387802124,-0.2035827487707138,2.480443239212036,0.2197784632444381,-16.48891258239746,2.742586374282837,0.1044612824916839,-10.13764762878418,0.3080440461635589,0.9801769852638244,3,2.9427738189697266,17.820180892944336,316.0,50.916259765625,234.6679229736328,418.4195861816406,0.0515780970454216,0.5875463485717773,2.764070987701416,22.38817596435547,0.3741589486598968,0.4145773351192474,0.454995721578598,0.0808367878198623,20.762954711914062,120.59907,23.29888,1205_258
0.0881799906492233,0.4627653360366821,-2.923722267150879,0.0709265992045402,0.1952864378690719,-2.871822595596313,0.0952538326382637,0.7195896506309509,-2.695296049118042,-6.915339469909668,2.893829584121704,-1.4766168594360352,2.775254011154175,0.5836389660835266,-12.596749305725098,3.133400678634644,0.250370979309082,-5.68140983581543,1.7269878387451172,-0.5984600782394409,3,4.155770778656006,18.676631927490234,50.0,61.47438049316406,124.50324249267578,187.5321044921875,0.1133093535900116,0.4885812699794769,-2.6968913078308105,1.854334115982056,0.32184499502182,0.3493450284004211,0.3768450319766998,0.0550000593066215,22.8324031829834,120.55551,24.04576,1205_267
0.0723974257707595,0.5151354074478149,2.930232048034668,0.0633126571774482,0.2406328022480011,2.922142267227173,0.0459549576044082,0.7515861392021179,-3.0110881328582764,-5.1372809410095215,2.949650526046753,-0.3779014050960541,2.3678016662597656,0.5415557026863098,-16.645112991333008,-0.4299302995204925,-0.0014809577260166,-11.507831573486328,0.3764204382896423,0.4663305878639221,3,3.472304582595825,17.327836990356445,229.0,53.92553329467773,168.3818359375,282.8381652832031,0.0568453967571258,0.5440734028816223,2.972108840942383,10.283586502075195,0.2854683697223663,0.3272043764591217,0.3689404129981994,0.0834720283746719,20.800142288208008,120.75219,23.94595,1207_266
0.1275820732116699,0.4432912170886993,3.1352908611297607,0.100185289978981,0.1670593619346618,3.127985954284668,0.1154001280665397,0.7240744233131409,-2.982122898101806,-5.851527690887451,2.817249298095703,-0.5784768462181091,2.5251431465148926,0.5646908283233643,-14.396897315979004,-0.760125458240509,0.3442569971084595,-8.545370101928711,0.9227337837219238,0.7651325464248657,3,3.46696138381958,19.30820083618164,77.0,52.15351867675781,181.96653747558597,311.779541015625,0.116077996790409,0.4932300746440887,-3.076144933700561,4.21408748626709,0.2974051535129547,0.3480840027332306,0.3987628221511841,0.1013576835393905,22.775161743164062,120.3668,22.96656,1203_255
0.0261942576617002,0.5258082747459412,-2.7878613471984863,0.0200959239155054,0.213486835360527,-2.995652675628662,0.0488927364349365,0.787662923336029,-2.2495741844177246,-6.961072444915772,3.0750741958618164,0.3313354551792145,3.647619247436523,0.1047198548913002,-8.236259460449219,-1.337648868560791,0.2949833571910858,-1.2751867771148682,-0.0363521128892898,0.9995688796043396,3,2.884164571762085,18.43539047241211,164.0,157.74215698242188,201.9916839599609,246.2412109375,0.0347951501607894,0.5399292707443237,-2.22153115272522,17.568038940429688,0.3841102421283722,0.3632411956787109,0.3423721492290497,-0.0417381189763546,21.319555282592773,121.65798,24.97618,1216_277
0.0983355864882469,0.505325973033905,-3.128600835800171,0.0833716168999672,0.2358782440423965,-3.0324902534484863,0.0635018348693847,0.8356990814208984,3.062893867492676,-6.557323455810547,2.346152305603028,0.0442156456410884,2.614370584487915,0.3869754672050476,-14.01981258392334,-1.0913337469100952,0.3562665581703186,-7.462489128112793,0.3120509088039398,0.9843819737434388,3,2.723764419555664,14.623753547668455,796.0,81.50335693359375,221.2504425048828,360.9975280761719,0.0696323961019516,0.5790760517120361,2.997344255447388,4.029096603393555,0.3024863004684448,0.3398537039756775,0.3772211074829101,0.0747347995638847,17.347518920898438,120.7855,23.17982,1207_257
0.0642893686890602,0.5388167500495911,-2.8707499504089355,0.0605080053210258,0.2457400262355804,-2.712876081466675,0.0669122487306594,0.7950397729873657,-2.750803709030152,-4.751126289367676,2.6051595211029053,-0.3398314714431762,2.3434054851531982,0.7636286616325378,-16.27302360534668,1.4103126525878906,-0.7326869964599609,-11.521897315979004,-0.3928555250167846,0.3882866203784942,3,2.976447820663452,18.634151458740234,513.0,46.68815612792969,208.61204528808597,370.5359497070313,0.0778921842575073,0.5547298789024353,-2.847706794738769,17.460548400878906,0.3631727695465088,0.4080788791179657,0.452985018491745,0.0898122489452362,21.610599517822266,120.57946,23.09584,1205_256
0.0805329605937004,0.5721785426139832,2.629879713058472,0.0819234326481819,0.2882300317287445,2.7114861011505127,0.0536522343754768,0.7641909718513489,2.9039976596832275,-5.587493419647217,3.3908767700195312,0.3638888597488403,2.3148410320281982,0.1959925144910812,-20.36834144592285,-0.971695363521576,0.1373235285282135,-14.780848503112791,-0.2265653163194656,0.9771168231964112,3,3.146355628967285,15.30453109741211,1050.0,58.42212677001953,199.9085235595703,341.3949279785156,0.0888867676258087,0.5926665663719177,2.314668655395508,24.71571350097656,0.2931519448757171,0.3384490609169006,0.3837461769580841,0.0905942320823669,18.45088577270508,120.6871,23.55559,1206_261
0.1566977649927139,0.3936813473701477,-2.747920274734497,0.1383717060089111,0.1361149549484253,-2.614017963409424,0.1378910839557647,0.6786513924598694,-2.70823335647583,-6.262182235717773,2.910426378250122,-0.0507525317370891,2.4868388175964355,0.4182624816894531,-15.93068504333496,-0.5587186813354492,0.1162817701697349,-9.668501853942873,0.1670342981815338,-0.789945662021637,3,3.130266666412353,18.323156356811523,93.0,53.406494140625,200.52294921875,347.639404296875,0.1184749752283096,0.4416472911834717,-2.7626428604125977,8.812681198120117,0.3256750404834747,0.3720595836639404,0.4184441268444061,0.0927691012620925,21.45342254638672,120.4656,23.17135,1204_257
0.0738268420100212,0.5171470046043396,-1.869710683822632,0.0865450948476791,0.2383861988782882,-1.6728613376617432,0.0575024336576461,0.7359558343887329,-2.2511889934539795,-6.655448913574219,2.6938493251800537,0.2449437826871872,2.5586891174316406,0.9341268539428712,-15.47782039642334,-2.1633851528167725,1.367912769317627,-8.822371482849121,1.1229690313339231,-0.9997634887695312,3,3.390674352645874,17.48227310180664,530.0,63.73433303833008,169.23553466796875,274.7367248535156,0.0589252188801765,0.5134047865867615,-2.100565195083618,22.71656990051269,0.3484990894794464,0.3882829546928406,0.4280667901039123,0.0795676857233047,20.872947692871094,120.77406,24.22892,1207_269
0.0610970593988895,0.5839354395866394,-2.6074233055114746,0.0614639706909656,0.2910877466201782,-2.8299760818481445,0.0432141572237014,0.8209685683250427,-2.264722347259521,-6.309864521026611,2.895256280899048,0.2814629077911377,2.927487850189209,0.228338286280632,-10.263408660888672,-1.2165895700454712,0.1374654173851013,-3.953544139862061,-0.1439975053071975,-0.9962795376777648,3,2.304800033569336,19.95147705078125,270.0,469.141845703125,447.2096862792969,425.2774963378906,0.0277408622205257,0.579071581363678,-2.8147592544555664,19.146263122558597,0.4164982438087463,0.3970215022563934,0.3775447309017181,-0.0389535054564476,22.256277084350582,121.37031,23.38134,1213_259
0.0914608463644981,0.4827147126197815,-2.805877923965454,0.0808288380503654,0.1907303929328918,-2.654698133468628,0.086203709244728,0.7656976580619812,-2.9335641860961914,-6.365764617919922,2.798964500427246,-0.0563773587346077,2.6222479343414307,0.1466433256864547,-13.655487060546877,-2.549808979034424,0.3173142075538635,-7.289722442626953,0.3736915588378906,0.7561863660812378,3,3.536424160003662,19.509281158447266,40.0,49.74431610107422,177.6247100830078,305.5050964355469,0.0919300094246864,0.5214747786521912,-2.924443006515503,8.156580924987793,0.2678819298744201,0.3204320669174194,0.3729822337627411,0.1051002889871597,23.045703887939453,120.36293,22.85528,1203_253
0.0411267951130867,0.5589706897735596,-3.008621454238892,0.0360784977674484,0.2346111387014389,-2.7208123207092285,0.0427819602191448,0.8371224999427795,2.6222541332244877,-6.099812984466553,2.572072505950928,-0.2039481252431869,2.536675214767456,0.1113548427820205,-14.544069290161133,-1.5716466903686523,0.1729399412870407,-8.444256782531738,0.3768880665302276,-0.981822431087494,3,3.360373020172119,15.58016586303711,854.0,65.79979705810547,172.50840759277344,279.2170104980469,0.0581693053245544,0.57435142993927,2.4129583835601807,19.46661949157715,0.3713367581367492,0.3988272249698639,0.4263176918029785,0.0549809299409389,18.94053840637207,121.00769,24.07454,1210_267
0.169759914278984,0.4068651795387268,-2.616528987884521,0.1432233452796936,0.1251424849033355,-2.4952540397644043,0.1637883484363556,0.7076702117919922,-2.781068563461304,-5.007766246795654,3.0799567699432373,-0.5132758021354675,2.3313488960266118,1.2199251651763916,-17.537826538085938,-0.3880544602870941,-0.3037310242652893,-12.530059814453123,0.2095447927713394,0.413066416978836,3,3.536424160003662,19.509281158447266,60.0,49.74431610107422,177.6247100830078,305.5050964355469,0.1484007686376571,0.4692788124084472,-2.7265326976776123,16.65016746520996,0.2678819298744201,0.3204320669174194,0.3729822337627411,0.1051002889871597,23.045703887939453,120.40382,22.85065,1204_253
0.0708380341529846,0.4621713757514953,-2.874099016189575,0.0530879721045494,0.2094571441411972,-2.8259356021881104,0.0552920140326023,0.7417565584182739,3.0940518379211426,-6.095754623413086,2.831188678741455,-0.3878951072692871,2.466641426086426,0.5904861688613892,-16.102676391601562,-0.5902964472770691,0.0517246760427951,-10.006922721862791,0.439619779586792,-0.5740116834640503,3,3.3375635147094727,18.96676254272461,92.0,82.15528869628906,145.36007690429688,208.5648498535156,0.0589825026690959,0.5026177763938904,-3.090651750564575,8.995577812194824,0.3495785295963287,0.3447506427764892,0.3399227261543274,-0.0096557987853884,22.3043270111084,121.38982,24.9798,1213_277
0.0747624486684799,0.3035382032394409,2.20166563987732,0.0586921945214271,0.1088162958621978,2.1170647144317627,0.0507618673145771,0.5562784075737,2.759507894515991,-7.154201030731201,2.058587074279785,0.0271377265453338,3.846879243850708,0.9052271842956544,-8.514359474182129,-2.9802234172821045,0.9232482314109802,-1.3601586818695068,0.8961105346679688,0.4007494151592254,3,2.884164571762085,18.43539047241211,220.0,157.74215698242188,201.9916839599609,246.2412109375,0.0601186826825141,0.3640806972980499,2.38418197631836,10.861320495605469,0.3841102421283722,0.3632411956787109,0.3423721492290497,-0.0417381189763546,21.319555282592773,121.74523,25.02726,1217_278
0.1080277562141418,0.5246378779411316,3.0389962196350098,0.096168152987957,0.2365365922451019,2.9839046001434326,0.0960102826356887,0.7297493815422058,-3.1320009231567383,-5.697766304016113,2.706216096878052,0.3638575077056885,2.4928109645843506,0.3653292655944824,-14.575857162475586,-1.7608567476272583,0.4334781765937805,-8.878090858459473,0.0696206465363502,-0.8081739544868469,3,3.517057180404663,18.60057830810547,224.0,77.56583404541016,156.10394287109375,234.64205932617188,0.0975000411272049,0.5256797671318054,3.0332489013671875,17.20298194885254,0.3599413335323334,0.3888846933841705,0.4178280532360077,0.0578867197036743,22.11763572692871,120.72927,24.1914,1207_268
0.0357334017753601,0.657759428024292,2.068643808364868,0.0464570112526416,0.3568628430366516,2.075557947158813,0.0279023367911577,0.8420881032943726,1.4525150060653689,-6.46201229095459,2.9093780517578125,0.0325226746499538,2.4230411052703857,0.3864369392395019,-18.4515438079834,-1.788424730300903,0.5383340716362,-11.989531517028809,0.5058113932609558,-0.5947176218032837,3,3.507887363433838,17.99248695373535,543.0,74.3500747680664,142.27919006347656,210.2082977294922,0.0413661487400531,0.6114448308944702,2.091437101364136,8.990509033203125,0.3813820481300354,0.3820435404777527,0.3827050328254699,0.0013229865580797,21.50037384033203,121.34488,24.86632,1213_276
0.033490352332592,0.5625880360603333,-2.673203229904175,0.0221204739063978,0.276065856218338,-2.89763617515564,0.0485393553972244,0.7988426685333252,-2.11801815032959,-5.796276092529297,2.610058069229126,0.8578024506568909,2.444173574447632,0.9479193687438964,-15.977971076965332,-2.087309598922729,1.1886754035949707,-10.181694984436035,0.330872893333435,0.7035890817642212,3,3.3375635147094727,18.96676254272461,173.0,82.15528869628906,145.36007690429688,208.5648498535156,0.0346845537424087,0.5892797112464905,-2.6637158393859863,15.025376319885254,0.3495785295963287,0.3447506427764892,0.3399227261543274,-0.0096557987853884,22.3043270111084,121.36757,25.0079,1213_277
0.1132214590907096,0.5127411484718323,-2.40368914604187,0.0952587574720382,0.2251656651496887,-2.332350015640259,0.0852989256381988,0.7943388223648071,-2.6466526985168457,-6.089593410491943,2.704319715499878,0.4049304723739624,2.389539957046509,0.5315431356430054,-18.77985382080078,-1.3278539180755615,0.3966183066368103,-12.69025993347168,-0.0083121648058295,0.9270257353782654,3,3.851844072341919,18.534385681152344,84.0,54.87374114990234,129.14141845703125,203.4091033935547,0.0920805782079696,0.5540906190872192,-2.595088243484497,14.989283561706545,0.3807213604450226,0.3965135216712951,0.4123056530952453,0.0315843001008033,22.386228561401367,120.97984,24.72975,1209_274
0.1289004981517791,0.4509980678558349,-2.654437303543091,0.1109019145369529,0.1705285310745239,-2.576580286026001,0.1261337250471115,0.7352156639099121,-2.633688449859619,-5.074462890625,2.931317090988159,-0.1235655397176742,2.364774227142334,0.4134199619293213,-16.573152542114258,0.947021186351776,-0.6704910397529602,-11.498689651489258,-0.5469254851341248,0.9960404634475708,3,3.198816537857056,19.006488800048828,84.0,47.86428451538086,192.8312225341797,337.79815673828125,0.1136203706264495,0.4863583445549011,-2.71757435798645,19.57552719116211,0.3649422824382782,0.4101694226264953,0.4553965926170349,0.0904543250799179,22.205305099487305,120.46259,23.03302,1204_255
0.0731228068470954,0.5140600800514221,2.997486114501953,0.0588234588503837,0.2199200987815857,3.040247201919556,0.0782931670546531,0.7703073620796204,2.7398524284362797,-6.031178951263428,3.111705780029297,-0.1689799129962921,2.433239698410034,0.6896728277206421,-17.127717971801758,-1.0966979265213013,0.4001444578170776,-11.096539497375488,0.5691243410110474,0.2096907496452331,3,3.623258113861084,17.51212501525879,715.0,56.91460037231445,152.9578094482422,249.00100708007807,0.0764075741171836,0.5429905652999878,2.764182806015014,18.725662231445312,0.3122884333133697,0.3476895093917846,0.3830905854701996,0.070802129805088,21.13538360595703,120.84711,23.97712,1208_266
0.0502706468105316,0.6177053451538086,-2.548353910446167,0.0485509186983108,0.3219383955001831,3.112175703048706,0.0588727183640003,0.8063032031059265,-1.8861156702041624,-6.366913318634033,2.496273994445801,0.714464545249939,2.460355520248413,0.3781458437442779,-17.132343292236328,-1.384222388267517,0.6570577025413513,-10.765429496765137,-0.0574068129062652,0.9747398495674132,3,3.1972782611846924,19.222736358642575,45.0,180.50299072265625,202.263916015625,224.0248565673828,0.0184193551540374,0.5766323804855347,-2.8787834644317627,9.580279350280762,0.3985201418399811,0.3825290203094482,0.3665378987789154,-0.0319822430610656,22.42001342773437,121.90742,25.0608,1219_278
0.0272431671619415,0.6008426547050476,3.016789674758911,0.0356405787169933,0.3041495084762573,2.635570764541626,0.0275770016014575,0.821047842502594,-2.862475872039795,-6.509450435638428,2.9580113887786865,0.1015538126230239,2.378724813461304,0.1936529278755188,-20.35011482238769,0.1137213334441185,-0.0840335041284561,-13.840664863586426,-0.1855873167514801,0.6974777579307556,3,3.7555224895477295,18.486316680908203,257.0,60.29365158081055,140.9459991455078,221.59835815429688,0.0336379297077655,0.6080295443534851,2.7824227809906006,13.58384609222412,0.3491438627243042,0.3773747384548187,0.4056056141853332,0.056461751461029,22.241840362548828,120.83169,24.46165,1208_271
0.0414624847471714,0.5256415009498596,2.2995877265930176,0.0442787185311317,0.2407428175210952,2.1145834922790527,0.038247425109148,0.7739238739013672,-3.111130952835083,-5.871433258056641,2.5912654399871826,-0.7620146870613098,2.541978120803833,0.363539457321167,-14.024849891662598,-1.4649122953414917,0.2919983863830566,-8.153416633605957,1.0540131330490112,-0.6628184914588928,3,3.4145092964172363,15.75722599029541,890.0,49.589935302734375,178.8521728515625,308.1144104003906,0.0608823336660862,0.5611584782600403,2.702097177505493,28.597978591918945,0.3080262839794159,0.3493533432483673,0.3906803727149963,0.0826540887355804,19.171735763549805,120.89766,24.24546,1208_269
0.0295475255697965,0.5273020267486572,-2.064060688018799,0.0354709811508655,0.2246055603027343,-1.7778749465942385,0.029977086931467,0.7899514436721802,-2.652437925338745,-5.938485145568848,2.6258208751678467,0.3846782743930816,2.500950336456299,0.529120147228241,-14.95577907562256,-1.8778493404388428,0.5431697964668274,-9.017293930053713,0.1584915369749069,-0.8326229453086853,3,3.4101309776306152,17.584089279174805,774.0,64.46174621582031,158.90371704101562,253.345703125,0.0414958707988262,0.5360750555992126,-2.518566370010376,7.446987628936768,0.28717902302742,0.3273383975028991,0.3674977421760559,0.0803187191486358,20.994220733642575,120.84007,24.13323,1208_268
0.0599168948829174,0.650340735912323,-2.1948578357696533,0.0602795034646987,0.3433685004711151,-2.443908929824829,0.063473492860794,0.8422883152961731,-1.6951624155044556,-6.632784366607666,2.552668809890747,-0.1742041707038879,2.5250232219696045,0.7946637272834778,-16.14085578918457,1.418953537940979,-0.7259699702262878,-9.508071899414062,-0.5517657995223999,0.984544575214386,3,3.043546199798584,18.699539184570312,86.0,181.1603546142578,212.2261505126953,243.2919464111328,0.0203131884336471,0.5781787633895874,-2.5418953895568848,15.321398735046388,0.3919804096221924,0.3734546899795532,0.354928970336914,-0.0370514281094074,21.74308586120605,121.905,25.00778,1219_277
0.0269985701888799,0.6722844839096069,-3.0695955753326416,0.02493985183537,0.3787101805210113,2.1595299243927,0.0422931127250194,0.8484293818473816,-2.72683334350586,-6.17156457901001,2.7380146980285645,0.4058049023151397,2.3813464641571045,0.2838462889194488,-19.316125869750977,-1.2776150703430176,0.1079961881041526,-13.144560813903809,-0.2978087067604065,-0.9555110931396484,3,2.516248941421509,18.073076248168945,520.0,254.98553466796875,295.9626770019531,336.9398193359375,0.0350614823400974,0.6149905920028687,2.086566209793091,22.133638381958008,0.410852313041687,0.3937214910984039,0.3765906393527984,-0.0342616736888885,20.589326858520508,121.26112,23.24903,1212_258
0.0998977720737457,0.5174678564071655,-3.1199841499328613,0.0829513072967529,0.2328822910785675,-3.028934955596924,0.1173021122813224,0.7606137990951538,-2.9900002479553223,-5.527655124664307,2.931826114654541,-1.0349555015563965,2.3727471828460693,0.6383779048919678,-17.554786682128906,0.0428997464478015,-0.2773534953594208,-12.027132034301758,0.7576019763946533,-0.2143583595752716,3,3.198816537857056,19.006488800048828,148.0,47.86428451538086,192.8312225341797,337.79815673828125,0.1014176309108734,0.5214470624923706,-3.0563712120056152,19.786985397338867,0.3649422824382782,0.4101694226264953,0.4553965926170349,0.0904543250799179,22.205305099487305,120.48852,22.99354,1204_255
0.0286821275949478,0.6087570786476135,-2.1848418712615967,0.0286921467632055,0.3112431466579437,-2.521730661392212,0.0128683038055896,0.8497564792633057,-2.1408379077911377,-5.862763404846191,2.5289790630340576,0.5837869644165039,2.372853755950928,0.3754863739013672,-18.69622230529785,-1.86232328414917,0.4354080557823181,-12.83345890045166,-0.1483789384365081,0.9251974821090698,3,2.1498255729675293,18.3779411315918,293.0,330.52911376953125,359.7372741699219,388.9454040527344,0.0089503275230526,0.5986166000366211,-2.9393630027771,20.205368041992188,0.414887011051178,0.3971877098083496,0.3794883787631988,-0.0353986173868179,20.52776527404785,121.34491,23.3228,1213_259
0.0463564321398735,0.4455613195896148,-2.722107172012329,0.0403622761368751,0.174138069152832,-2.7552664279937744,0.0452038794755935,0.7393250465393066,-2.8552491664886475,-6.412116050720215,2.9728591442108154,0.1767292767763137,2.577313184738159,0.7223857045173645,-14.38599967956543,-1.4153082370758057,0.5739647150039673,-7.973884105682373,0.3972354233264923,-0.9673879742622375,3,3.472304582595825,17.327836990356445,207.0,53.92553329467773,168.3818359375,282.8381652832031,0.0394270420074462,0.4924899339675903,2.963808298110962,2.959068536758423,0.2854683697223663,0.3272043764591217,0.3689404129981994,0.0834720283746719,20.800142288208008,120.77265,23.92265,1207_265
0.0441865138709545,0.5753934383392334,2.6599459648132324,0.0526975430548191,0.2851465046405792,2.4275896549224854,0.0357973873615264,0.8205201625823975,-3.02268123626709,-6.135439872741699,2.7578251361846924,0.496506929397583,2.562978744506836,0.9045257568359376,-14.095314025878906,-1.7605260610580444,1.0078752040863037,-7.959874153137207,0.5113682150840759,0.3101756274700165,3,3.100015163421631,15.154279708862305,991.0,56.87193298339844,217.13616943359372,377.4004211425781,0.0507891625165939,0.5862908959388733,2.797755002975464,28.43388557434082,0.3320161700248718,0.3857407867908478,0.4394654035568237,0.1074492260813713,18.254295349121094,120.87827,23.71994,1208_263
0.06501355022192,0.5062676072120667,-2.470167398452759,0.065552718937397,0.21075239777565,-2.2104146480560303,0.0547339841723442,0.7336364984512329,-2.616569995880127,-6.354795932769775,2.705375909805298,0.3918465077877044,2.593743324279785,0.7760948538780212,-13.965803146362305,-1.6787371635437012,1.0613192319869995,-7.611007690429687,0.6694727540016174,0.4193883836269378,3,3.0388898849487305,17.631608963012695,275.0,54.56525039672852,248.0713806152344,441.5775146484375,0.0646858289837837,0.4610210359096527,-2.258625030517578,17.941234588623047,0.2857244312763214,0.3326608836650848,0.3795973062515259,0.0938728749752044,20.67049789428711,120.58482,23.47901,1205_260
0.0745098069310188,0.5131789445877075,2.8651351928710938,0.0561734065413475,0.2334146201610565,2.8135037422180176,0.0571443438529968,0.788478434085846,-3.1153252124786377,-5.658107280731201,2.728713035583496,-1.0405468940734863,2.557908535003662,0.1603837609291076,-13.126684188842772,-2.330979108810425,0.1176387295126915,-7.46857738494873,1.158185601234436,0.9831485152244568,3,3.623258113861084,17.51212501525879,474.0,56.91460037231445,152.9578094482422,249.00100708007807,0.0604835897684097,0.5457338690757751,3.10436749458313,18.63412857055664,0.3122884333133697,0.3476895093917846,0.3830905854701996,0.070802129805088,21.13538360595703,120.79066,23.96735,1207_266
0.066283032298088,0.507347047328949,-3.028789758682251,0.0491190217435359,0.2091093957424163,-3.1033172607421875,0.0866999626159668,0.723514974117279,-2.455566644668579,-6.215347290039063,2.552021026611328,0.1811156123876571,2.733778238296509,0.8589994311332703,-11.759313583374023,-1.6328740119934082,1.0040041208267212,-5.543966770172119,0.8228884935379028,0.9188839197158812,3,3.7344775199890137,18.091365814208984,167.0,55.81438827514648,150.23989868164062,244.66542053222656,0.0742532759904861,0.513017475605011,-2.831617832183838,17.898578643798828,0.3607007563114166,0.3928649127483368,0.4250290393829345,0.0643283054232597,21.82584381103516,120.70636,23.855,1207_265
0.141353577375412,0.4637050628662109,-2.827641487121582,0.1188082695007324,0.178823247551918,-2.751616239547729,0.1278171986341476,0.7441679835319519,-2.9303853511810303,-5.209118366241455,2.7526237964630127,-0.4520352482795715,2.4039323329925537,0.4201085865497589,-15.563284873962402,-0.0135111324489116,-0.3675792515277862,-10.354166984558104,0.0844559967517852,-0.8305457830429077,3,3.130266666412353,18.323156356811523,360.0,53.406494140625,200.52294921875,347.639404296875,0.1338808387517929,0.4847625195980072,-2.811418056488037,18.48548698425293,0.3256750404834747,0.3720595836639404,0.4184441268444061,0.0927691012620925,21.45342254638672,120.51035,23.22445,1205_258
0.0888089761137962,0.5229259133338928,-2.578131437301636,0.0746250823140144,0.2422362864017486,-2.613792181015014,0.0999571532011032,0.7609604597091675,-2.490377426147461,-5.437573432922363,2.886664390563965,0.1200460046529769,2.489444732666016,0.1870833784341812,-13.897231101989746,-0.784870982170105,0.1524922996759414,-8.459657669067383,0.0324462950229644,-0.9906858801841736,3,3.472304582595825,17.327836990356445,289.0,53.92553329467773,168.3818359375,282.8381652832031,0.0740759223699569,0.5459915399551392,-2.5548758506774902,23.84922790527344,0.2854683697223663,0.3272043764591217,0.3689404129981994,0.0834720283746719,20.800142288208008,120.78592,23.91026,1207_265
0.1061451807618141,0.4688064754009247,-2.942626953125,0.0885854810476303,0.1820024251937866,-2.7658650875091557,0.12309330701828,0.7359889149665833,-3.129480123519897,-6.303336143493652,2.925554037094116,0.066051498055458,2.800874710083008,0.7829791307449341,-11.307266235351562,-1.8462172746658323,0.7387852072715759,-5.003930568695068,0.672733724117279,0.7575535774230957,3,3.017175912857056,18.977781295776367,295.0,47.843223571777344,202.1314697265625,356.4197082519531,0.1222806870937347,0.4547657668590545,-2.9770236015319824,13.247450828552246,0.3219666182994842,0.3693627119064331,0.4167588055133819,0.0947921797633171,21.99495887756348,120.58378,23.02838,1205_255
0.0685086473822593,0.6351330280303955,2.474133253097534,0.0909265428781509,0.3631099760532379,2.230682373046875,0.0671464726328849,0.8182093501091003,-3.0264012813568115,-6.0037055015563965,2.273585319519043,-0.4215289056301117,2.692213535308838,0.3520405292510986,-11.92660427093506,-1.024347901344299,0.073454849421978,-5.92289924621582,0.4949837625026703,0.7316125631332397,3,2.976447820663452,18.634151458740234,621.0,46.68815612792969,208.61204528808597,370.5359497070313,0.0906244590878486,0.6285790801048279,2.5842270851135254,29.55288314819336,0.3631727695465088,0.4080788791179657,0.452985018491745,0.0898122489452362,21.610599517822266,120.61355,23.07003,1206_256
0.0348973348736763,0.5784310698509216,-2.37528133392334,0.0241397824138402,0.2966943085193634,-2.039583921432495,0.0567310340702533,0.8141545057296753,-2.271299362182617,-5.769087314605713,2.4968879222869877,-0.2243939042091369,2.417201042175293,0.5235291719436646,-16.829410552978516,-2.179982662200928,0.458784818649292,-11.06032371520996,0.683178722858429,0.9989265203475952,3,3.9133317470550537,18.818607330322266,121.0,60.602787017822266,126.9498519897461,193.2969207763672,0.0454372018575668,0.5896849036216736,-2.4386467933654785,14.44788646697998,0.4192266464233398,0.426893413066864,0.4345602095127105,0.0153335714712738,22.7319393157959,120.93702,24.66343,1209_274
0.1402007490396499,0.4529548585414886,-2.399857759475708,0.1163263693451881,0.1916037648916244,-2.3836073875427246,0.1410138458013534,0.710672914981842,-2.301565170288086,-6.420224666595459,2.756296396255493,0.1984679102897644,2.6487855911254883,0.7815940976142883,-13.287983894348145,-1.92403256893158,1.303805947303772,-6.8677592277526855,1.1053380966186523,0.9309700727462769,3,3.3766565322875977,16.774141311645508,172.0,54.54916763305664,178.91116333007812,303.2731628417969,0.1137586832046508,0.49895840883255,-2.3809759616851807,13.694408416748049,0.3024931252002716,0.3470537662506103,0.3916144073009491,0.0891212746500969,20.150798797607425,120.66337,23.70635,1206_263
0.0292558241635561,0.664043664932251,1.9977366924285889,0.0396492928266525,0.372203528881073,1.692471981048584,0.026173211634159,0.8578020930290222,2.392178058624268,-6.651145935058594,2.3114304542541504,-0.0798449739813804,2.669100046157837,0.566047191619873,-13.442336082458496,-2.1174159049987797,0.822453498840332,-6.791190147399902,0.9022985100746156,-0.9964773654937744,3,2.789500951766968,15.20692253112793,641.0,100.91606903076172,228.46923828125,356.0223999023437,0.0525348521769046,0.5967210531234741,1.7301398515701294,38.517845153808594,0.3678078651428222,0.3823303580284118,0.3968528807163238,0.0290449913591146,17.996423721313477,121.34902,24.71539,1213_274
0.0784240365028381,0.4316832423210144,-2.3739235401153564,0.0625718235969543,0.1804695129394531,-2.322794198989868,0.0616516768932342,0.7469682693481445,-1.9841464757919312,-8.023327827453613,2.5386977195739746,0.1739129871129989,3.10270619392395,0.2679223418235779,-11.515494346618652,2.796126127243042,0.080408290028572,-3.49216628074646,-0.0935046970844268,0.5868614912033081,3,3.1427063941955566,18.869359970092773,68.0,174.28721618652344,199.5741729736328,224.86111450195312,0.0632252991199493,0.4946396350860595,-2.1096925735473637,6.71342658996582,0.3869042098522186,0.3605849742889404,0.3342657685279846,-0.052638441324234,22.01206588745117,121.67525,25.06688,1216_278
0.0540443770587444,0.3745681643486023,2.841627359390259,0.0327806808054447,0.1401373594999313,2.9161622524261475,0.0890774130821228,0.5965254902839661,2.38191294670105,-6.90841817855835,3.1083192825317383,0.312621921300888,2.4563100337982178,0.917106032371521,-18.667116165161133,-2.0095510482788086,1.1782445907592771,-11.758697509765623,0.8656226992607117,-0.0344084091484546,3,3.440337419509888,13.720617294311523,921.0,57.51066207885742,171.33946228027344,285.1682434082031,0.0630809813737869,0.4043006896972656,2.4722414016723637,11.947060585021973,0.3040823638439178,0.3409730792045593,0.3778637647628784,0.0737814009189605,17.16095542907715,120.95264,24.38009,1209_270
0.1643963307142257,0.4300574064254761,-2.7765867710113525,0.1339896023273468,0.1433832794427871,-2.659911870956421,0.1413219273090362,0.7022542953491211,-2.7465498447418213,-6.583220481872559,2.951002836227417,-0.5174744725227356,2.5442757606506348,0.533501148223877,-15.682751655578612,-2.772961378097534,0.6409985423088074,-9.099531173706056,1.158473014831543,0.201264277100563,3,3.035642385482788,18.2084903717041,113.0,58.4616813659668,209.1888885498047,359.91607666015625,0.143334150314331,0.4618304073810577,-2.745149612426758,10.288387298583984,0.2859133183956146,0.3364288210868835,0.3869443535804748,0.1010310426354408,21.24413299560547,120.45056,23.30705,1204_258
0.0982639119029045,0.5527050495147705,-1.7617744207382202,0.0550031214952468,0.2735776603221893,-1.9743902683258057,0.1046835854649543,0.7838119864463806,-1.49980366230011,-5.867311954498291,2.4637272357940674,-0.3017049729824066,2.710291147232056,0.1269477903842926,-11.42519474029541,2.439836263656616,-0.0891586542129516,-5.557883262634277,0.2125463336706161,0.2982879281044006,3,3.1972782611846924,19.222736358642575,125.0,180.50299072265625,202.263916015625,224.0248565673828,0.0600579343736171,0.5578485131263733,-1.5684319734573364,14.157476425170898,0.3985201418399811,0.3825290203094482,0.3665378987789154,-0.0319822430610656,22.42001342773437,121.8516,25.05207,1218_278
0.0317773781716823,0.5569227933883667,-2.4680275917053223,0.0564726777374744,0.2755408585071563,-2.061975479125977,0.0041132844053208,0.8263723254203796,2.3899073600769043,-6.476535797119141,2.545883178710937,0.1889259219169616,2.982900857925415,0.2112642228603363,-10.113082885742188,-1.2740283012390137,0.2881165146827698,-3.636547088623047,0.0991905778646469,0.750289797782898,3,1.7123169898986816,14.95742893218994,384.0,170.1428985595703,357.6925354003906,545.2421264648438,0.0256405901163816,0.5796458721160889,2.4091382026672363,28.193870544433597,0.3989788293838501,0.40144944190979,0.4039200246334076,0.0049412031657993,16.66974639892578,121.51514,24.58765,1215_273
0.050773087888956,0.3926288187503814,-2.3048365116119385,0.0380779653787612,0.24627585709095,-2.445281505584717,0.0753100141882896,0.6291086673736572,-1.5114316940307615,-7.038517951965332,2.582242250442505,0.0902050957083702,2.6630935668945312,0.3678852617740631,-14.395750045776367,-0.1357233822345733,-0.496541827917099,-7.357231616973877,-0.5867469310760498,-0.9987220764160156,3,3.5521910190582275,18.81465721130371,13.0,82.98213195800781,131.25482177734375,179.5275115966797,0.0533898286521434,0.3848102986812591,-1.7743611335754397,6.77632999420166,0.3542055189609527,0.3425928652286529,0.3309802114963531,-0.0232253056019544,22.36684799194336,121.36803,25.13667,1213_279
0.1057155206799507,0.5768604278564453,3.03352689743042,0.1042076721787452,0.2831767797470093,3.113940954208374,0.0692100152373313,0.813546895980835,2.990264654159546,-6.198607921600342,2.6911299228668213,0.0693490132689476,2.561614990234375,0.8118987083435059,-14.26983642578125,-2.0461392402648926,1.0135880708694458,-8.07122802734375,0.94423907995224,-0.1314244121313095,3,3.623258113861084,17.51212501525879,665.0,56.91460037231445,152.9578094482422,249.00100708007807,0.0805208757519722,0.5880355834960938,3.036924362182617,27.439254760742188,0.3122884333133697,0.3476895093917846,0.3830905854701996,0.070802129805088,21.13538360595703,120.82313,24.03934,1208_267
0.0212751496583223,0.529452919960022,-2.5092861652374268,0.0211896747350692,0.2199420928955078,-2.052196741104126,0.0154144344851374,0.7703809142112732,2.4546782970428467,-6.00413990020752,2.77234148979187,0.3780221939086914,2.896446466445923,0.6502705216407776,-10.29783535003662,-2.021451711654663,0.7894140481948853,-4.29369592666626,0.4113918542861938,-0.5618090033531189,3,3.761698484420776,17.27412986755371,138.0,49.22698974609375,146.16769409179688,243.10841369628903,0.0269026309251785,0.5396048426628113,3.060105085372925,20.126052856445312,0.2613536715507507,0.3059214651584625,0.3504892587661743,0.0891355946660041,21.03582763671875,120.86137,24.5324,1208_272
0.122795358300209,0.4732691645622253,-2.462348699569702,0.1073386371135711,0.1779857724905014,-2.31217098236084,0.1167627945542335,0.7657952904701233,-2.6434574127197266,-5.98076868057251,2.7312204837799072,-0.8441758155822754,2.607452869415283,0.133765697479248,-12.954673767089844,0.3936938047409057,-0.217050090432167,-6.973905563354492,0.6271257400512695,-0.6458749175071716,3,3.472304582595825,17.327836990356445,208.0,53.92553329467773,168.3818359375,282.8381652832031,0.1240592077374458,0.4885463714599609,-2.484248638153076,20.756345748901367,0.2854683697223663,0.3272043764591217,0.3689404129981994,0.0834720283746719,20.800142288208008,120.75475,23.8776,1207_265
0.0382447876036167,0.5279081463813782,-1.8019002676010127,0.0457669049501419,0.2357290089130401,-1.6170233488082886,0.0212436523288488,0.8063858151435852,-1.512717366218567,-6.311316013336182,2.805011987686157,0.1027836576104164,2.452012300491333,0.3462047278881073,-17.185083389282227,-1.7750025987625122,0.3783484697341919,-10.873767852783203,0.2755647897720337,-0.99980890750885,3,3.9457814693450928,18.33111572265625,79.0,45.70473861694336,131.14260864257812,216.5804901123047,0.0332561917603015,0.5608530044555664,-1.865530252456665,10.133310317993164,0.3751466870307922,0.399324506521225,0.4235023558139801,0.0483556613326072,22.27689743041992,120.87981,24.56866,1208_272
0.0172138884663581,0.5433623194694519,1.0609861612319946,0.0107516832649707,0.2607738971710205,2.219842433929444,0.0360217094421386,0.7413878440856934,1.4500430822372437,-6.24143123626709,2.8019912242889404,-0.3450154662132263,2.827816963195801,0.4302985966205597,-11.04476261138916,-2.0940752029418945,0.595227062702179,-4.80333137512207,0.9402425289154052,-0.5571768879890442,3,3.3766565322875977,16.774141311645508,1173.0,54.54916763305664,178.91116333007812,303.2731628417969,0.0478783398866653,0.5343237519264221,1.7758443355560305,14.196261405944824,0.3024931252002716,0.3470537662506103,0.3916144073009491,0.0891212746500969,20.150798797607425,120.74978,23.65183,1207_262
0.0530006662011146,0.4757228791713714,-2.0196220874786377,0.0647400841116905,0.1654256582260131,-1.8874249458312988,0.0268947202712297,0.7511908411979675,-2.945381164550781,-5.857360363006592,2.812791109085083,-0.3692366778850555,2.31864070892334,0.3131855428218841,-21.32835960388184,-1.2067376375198364,0.2956926226615906,-15.470998764038086,0.6649292707443237,0.3944480419158935,3,3.4145092964172363,15.75722599029541,617.0,49.589935302734375,178.8521728515625,308.1144104003906,0.0453325249254703,0.5068108439445496,-2.280329465866089,28.8482723236084,0.3080262839794159,0.3493533432483673,0.3906803727149963,0.0826540887355804,19.171735763549805,120.87803,24.22304,1208_269
0.0525272637605667,0.5729851722717285,-3.1033647060394287,0.0436583310365676,0.2823147177696228,2.970553398132324,0.0702504217624664,0.8034369945526123,-2.874058246612549,-6.351629734039307,2.646419048309326,-0.2939715981483459,2.884394407272339,0.5157792568206787,-10.786628723144531,-1.8421084880828855,0.9211896657943726,-4.434998989105225,1.2151613235473633,0.1273489445447921,3,3.4145092964172363,15.75722599029541,494.0,49.589935302734375,178.8521728515625,308.1144104003906,0.0708579793572425,0.5746040940284729,-3.122821569442749,23.385236740112305,0.3080262839794159,0.3493533432483673,0.3906803727149963,0.0826540887355804,19.171735763549805,120.85269,24.22829,1208_269
0.0786852538585662,0.6179016828536987,-2.0189995765686035,0.082576110959053,0.3108352124691009,-1.9074854850769043,0.0728144645690918,0.8087935447692871,-2.1515581607818604,-6.599913597106934,2.7451040744781494,-0.0503433868288993,2.8683345317840576,0.2003505527973175,-11.212234497070312,2.1183249950408936,0.0485366359353065,-4.612320423126221,0.0988800227642059,0.8820516467094421,3,3.043546199798584,18.699539184570312,156.0,181.1603546142578,212.2261505126953,243.2919464111328,0.050043947994709,0.5450780987739563,-2.329586267471313,25.9111270904541,0.3919804096221924,0.3734546899795532,0.354928970336914,-0.0370514281094074,21.74308586120605,121.88353,25.01604,1218_277
0.0702857375144958,0.5064892172813416,-3.0033109188079834,0.0590760819613933,0.209317460656166,-2.991525650024414,0.0768029615283012,0.7629815340042114,-2.842601537704468,-6.410807132720947,2.609219074249268,-0.7326993346214294,2.6833479404449463,0.5309484004974365,-12.887578010559082,-2.209189891815185,0.5552718043327332,-6.476770877838135,1.2879711389541626,0.9843819737434388,3,3.0388898849487305,17.631608963012695,184.0,54.56525039672852,248.0713806152344,441.5775146484375,0.0820772722363472,0.5158852338790894,-2.952150344848633,4.039949417114258,0.2857244312763214,0.3326608836650848,0.3795973062515259,0.0938728749752044,20.67049789428711,120.55788,23.53792,1205_261
0.0782409906387329,0.4936912059783935,-2.519602060317993,0.062551163136959,0.1971016079187393,-2.3534181118011475,0.0952499136328697,0.7531046867370605,-2.5007052421569824,-5.753037452697754,3.22815203666687,1.0832842588424685,2.527174472808838,1.3106809854507446,-13.919706344604492,-1.763278603553772,1.5966931581497192,-8.166668891906738,0.5134088397026062,-0.981313705444336,3,3.130266666412353,18.323156356811523,228.0,53.406494140625,200.52294921875,347.639404296875,0.1018421053886413,0.4803556799888611,-2.490262269973755,17.618282318115234,0.3256750404834747,0.3720595836639404,0.4184441268444061,0.0927691012620925,21.45342254638672,120.45167,23.18754,1204_257
0.0814253836870193,0.530444324016571,2.890433549880981,0.0721969306468963,0.2463206499814987,2.955771446228028,0.1118466332554817,0.7447807788848877,2.938421726226806,-6.224077701568604,2.562710762023926,-0.2310953438282013,2.8854801654815674,0.6857823133468628,-10.371906280517578,-0.8472047448158264,0.3910304307937622,-4.147828578948975,0.6221258044242859,0.4781937897205353,3,3.696348428726196,19.92938804626465,169.0,34.917388916015625,164.1743621826172,293.43133544921875,0.101923294365406,0.5230498313903809,2.977506399154663,25.57318115234375,0.2724451124668121,0.3258855640888214,0.3793260455131531,0.1068809255957603,23.6257381439209,120.62387,22.47238,1206_249
0.032016571611166,0.5609986782073975,2.748663663864136,0.0214717518538236,0.2344133108854293,-2.580770492553711,0.0467474199831485,0.7921019196510315,2.6371500492095947,-5.568550109863281,2.7989401817321777,-0.0099535379558801,2.430490255355835,0.2007756531238556,-15.797852516174316,-0.8859858512878418,0.0596517473459243,-10.229302406311035,0.0696052834391594,-0.8600003719329834,3,3.4996252059936523,15.748254776000977,541.0,45.55721664428711,184.05142211914065,322.5456237792969,0.0398920625448226,0.5761492848396301,2.765106439590454,13.514151573181152,0.2716042697429657,0.3226505815982818,0.373696893453598,0.1020926162600517,19.247880935668945,120.8764,24.32468,1208_270
0.0678014159202575,0.4606965184211731,-2.491314172744751,0.0635057464241981,0.1662443876266479,-2.4141924381256104,0.0819107070565223,0.7297469973564148,-2.398231744766236,-5.303080558776856,2.8036348819732666,-0.3535906076431274,2.4292500019073486,0.2317137867212295,-15.210426330566406,-1.6172460317611694,0.0938239023089408,-9.90734577178955,0.4474144876003265,-0.9977557063102722,3,3.0848193168640137,18.56361389160156,86.0,60.95082092285156,226.845703125,392.7406005859375,0.0803073570132255,0.4583497941493988,-2.4652345180511475,10.043726921081545,0.338410347700119,0.3812448382377624,0.4240793585777282,0.0856690034270286,21.6484317779541,120.4785,23.39114,1204_259
0.0733502358198165,0.6290772557258606,2.5308384895324707,0.0744509845972061,0.34470134973526,2.531254291534424,0.052524659782648,0.8116791844367981,2.617567300796509,-6.2647809982299805,2.8907899856567383,-0.332010418176651,2.473331928253174,0.3983310461044311,-16.502426147460938,-1.4442888498306274,0.1250662505626678,-10.237646102905272,0.4570766687393188,-0.9282651543617249,3,3.431676387786865,16.953866958618164,505.0,51.9678840637207,185.14132690429688,318.31475830078125,0.0716471448540687,0.6049427390098572,2.338909149169922,18.20149803161621,0.2812078297138214,0.3329628705978393,0.3847179114818573,0.103510096669197,20.385543823242188,120.78263,23.75748,1207_263
0.0222259201109409,0.6068817377090454,-1.918667197227478,0.0186736714094877,0.3286501467227936,-1.9002249240875244,0.0339983664453029,0.8337010741233826,-2.047576665878296,-7.414670467376709,2.932978868484497,-0.1746732294559478,2.697793245315552,0.3320560157299042,-14.49632740020752,-0.8610995411872864,0.1638533771038055,-7.0816569328308105,0.3385266065597534,-0.5512663125991821,3,2.4533445835113525,19.128700256347656,224.0,227.9749298095703,300.40936279296875,372.8437805175781,0.0124915409833192,0.6283054351806641,-2.179459571838379,10.071362495422363,0.4096866846084595,0.3943033814430237,0.3789201080799103,-0.0307665690779685,21.58204460144043,121.09575,22.85051,1210_253
0.0832998156547546,0.5564149022102356,-2.4021925926208496,0.0676917657256126,0.2931547462940216,-2.4513614177703857,0.091990053653717,0.7778642177581787,-2.3004045486450195,-6.389290809631348,2.927358627319336,0.0165151692926883,2.518484115600586,0.4956301748752594,-15.64218044281006,-2.29109001159668,0.5637161135673523,-9.252889633178713,0.5472009778022766,-0.9926197528839112,3,3.961900949478149,18.78938102722168,101.0,68.22453308105469,119.72393798828124,171.2233428955078,0.0777681171894073,0.5599883198738098,-2.380228281021118,14.142327308654783,0.3017451167106628,0.3052920699119568,0.3088390231132507,0.007093908265233,22.75128173828125,120.96368,24.76377,1209_275
0.1052941158413887,0.4300496280193329,-1.8899831771850584,0.0925123915076255,0.1445404291152954,-1.9160523414611816,0.0516360700130462,0.7603096961975098,-2.130472421646118,-6.878779888153076,2.6449244022369385,0.1436536461114883,2.9661865234375,0.6200463771820068,-10.812057495117188,-2.9915497303009038,0.7229529023170471,-3.933277368545532,0.5792992115020752,-0.9955261945724488,3,1.7123169898986816,14.95742893218994,637.0,170.1428985595703,357.6925354003906,545.2421264648438,0.0972385108470916,0.439440906047821,-2.133261442184448,19.02596092224121,0.3989788293838501,0.40144944190979,0.4039200246334076,0.0049412031657993,16.66974639892578,121.5214,24.62458,1215_273
0.0595229268074035,0.5447973608970642,-2.8891501426696777,0.0439917556941509,0.2682963013648987,-2.6313118934631348,0.0666582435369491,0.765243649482727,-2.8746886253356934,-6.051798343658447,2.657332181930542,-0.428447276353836,2.4532392024993896,0.1208357810974121,-16.485733032226562,-1.3414318561553955,0.0739632099866867,-10.433935165405272,0.5024104714393616,-0.5984600782394409,3,2.87865948677063,18.881731033325195,177.0,127.76019287109376,188.555419921875,249.3506622314453,0.0484313108026981,0.556820273399353,2.967013359069824,14.52076816558838,0.3715210556983948,0.3540481626987457,0.3365752398967743,-0.034945823252201,21.76039123535156,121.5685,24.96231,1215_277
0.039437461644411,0.571687638759613,2.390098571777344,0.0457736551761627,0.2921697497367859,2.4250080585479736,0.0565564781427383,0.7918028831481934,2.9648287296295166,-5.460039615631104,2.701242685317993,0.3519904613494873,2.400457859039306,0.6375439763069153,-16.476655960083008,-1.272149682044983,0.6990833282470703,-11.016616821289062,0.347092866897583,0.7190893888473511,3,3.3582422733306885,16.72434425354004,744.0,57.22223281860352,170.46958923339844,283.7169494628906,0.064286470413208,0.5706040263175964,2.806750774383545,20.98033905029297,0.3153468668460846,0.3533408939838409,0.3913348913192749,0.0759880244731903,20.08258628845215,120.87873,24.11669,1208_267
0.0370539799332618,0.603375256061554,2.907118082046509,0.0447985678911209,0.3126510381698608,2.351228713989258,0.0412307046353817,0.8069103956222534,-3.0535802841186523,-6.913669109344482,2.358783006668091,0.7652760744094849,4.412517070770264,0.4261097013950348,-7.535254001617432,-2.057312250137329,0.5913636088371277,-0.6215853095054626,-0.1739124208688736,0.6188818216323853,3,3.208843946456909,18.59105491638184,395.0,83.44465637207031,194.07162475585935,304.6986083984375,0.0334667861461639,0.5942937135696411,2.4390571117401123,27.35041236877441,0.4150266051292419,0.4219680726528168,0.4289095103740692,0.0138829052448272,21.799898147583008,120.9191,22.47961,1209_249
0.0388984642922878,0.5666840076446533,-1.9945114850997925,0.0270303841680288,0.2647531032562256,-1.687126636505127,0.0365243926644325,0.7898944020271301,-2.3568036556243896,-5.899602890014648,2.708786725997925,-0.5295451283454895,2.4948112964630127,0.554711639881134,-14.939142227172852,-2.093106269836426,0.5964908599853516,-9.039539337158203,1.1260359287261963,-0.8784235715866089,3,3.851844072341919,18.534385681152344,130.0,54.87374114990234,129.14141845703125,203.4091033935547,0.0368799343705177,0.5894142389297485,-2.423403024673462,11.471185684204102,0.3807213604450226,0.3965135216712951,0.4123056530952453,0.0315843001008033,22.386228561401367,120.96694,24.69702,1209_274
0.0364949032664299,0.5712302327156067,-2.351309061050415,0.0195672493427991,0.2708388268947601,-2.247473955154419,0.0176224838942289,0.8302397727966309,-2.5844383239746094,-6.6190714836120605,2.8549416065216064,0.1019456833600997,2.3826048374176025,0.4430692791938782,-20.646440505981445,-0.8203078508377075,0.197893276810646,-14.027368545532228,0.0959475859999656,-0.9356583952903748,3,2.465463399887085,17.7332820892334,187.0,144.39791870117188,223.5814971923828,302.7650756835937,0.0174808781594038,0.5980473756790161,-1.8051321506500244,15.34612274169922,0.3876160979270935,0.383394718170166,0.3791733086109161,-0.0084427902474999,20.198745727539062,121.56729,24.94624,1215_277
0.095624104142189,0.561571478843689,-3.0241734981536865,0.0849320888519287,0.2656162083148956,-3.035365104675293,0.0746440887451171,0.8029723167419434,-2.732800245285034,-5.953868389129639,2.719027280807495,-0.1055728197097778,2.4334964752197266,0.0189138613641262,-16.79313087463379,-2.3342156410217285,0.0038942836690694,-10.839262008666992,0.1094671040773391,0.3823564350605011,3,2.81221866607666,17.611072540283203,420.0,63.26001739501953,213.8228302001953,364.3856201171875,0.0809714272618293,0.5757124423980713,-3.1193361282348637,37.93253326416016,0.2991456985473633,0.3392252922058105,0.3793049156665802,0.0801592171192169,20.423290252685547,120.65598,22.9551,1206_255
0.0701979100704193,0.4883125126361847,-2.364633798599243,0.0606641247868537,0.213162362575531,-2.240891933441162,0.0700314790010452,0.7365766763687134,-2.1215689182281494,-6.056458473205566,2.7747642993927,-0.5313815474510193,2.5470306873321533,0.666390061378479,-14.15788459777832,2.66588830947876,3.592058419599198e-05,-8.101426124572754,0.5314174294471741,1.0,3,3.805205583572388,20.38794708251953,36.0,52.62992477416992,168.18614196777344,283.74237060546875,0.0635022670030593,0.5431984066963196,-2.3089599609375,2.7802884578704834,0.2515523135662079,0.297661542892456,0.3437707424163818,0.0922184437513351,24.193153381347656,120.33529,22.94266,1203_254
0.1627133190631866,0.3303887546062469,-2.6663050651550293,0.1281347721815109,0.0468605160713195,-2.410072326660156,0.1475211232900619,0.6392176151275635,-3.1231062412261963,-6.260250568389893,2.726481676101685,-0.3293093144893646,2.5195062160491943,0.874919056892395,-15.357276916503906,-2.3253777027130127,1.3282135725021362,-9.097026824951172,1.6575229167938232,-0.7139028906822205,3,2.9159798622131348,18.055627822875977,309.0,52.42152786254883,215.23080444335935,378.0400695800781,0.1220789402723312,0.4024202525615692,-2.7995426654815674,17.750247955322266,0.3314946889877319,0.3765111565589905,0.421527624130249,0.0900329574942588,20.971607208251957,120.61731,23.18957,1206_257
0.0481995940208435,0.6172284483909607,-3.1040728092193604,0.0410085320472717,0.3212939202785492,-2.983971118927002,0.0295081567019224,0.8305277824401855,2.932239055633545,-6.951943874359131,2.6931989192962646,0.0727732703089714,2.6711080074310303,0.5741772055625916,-6.289155960083008,-2.009655714035034,0.6807926297187805,0.662787914276123,0.6080193519592285,-0.8909868001937866,3,3.440337419509888,13.720617294311523,976.0,57.51066207885742,171.33946228027344,285.1682434082031,0.0574419870972633,0.6041827201843262,2.6199536323547363,44.41066360473633,0.3040823638439178,0.3409730792045593,0.3778637647628784,0.0737814009189605,17.16095542907715,120.98972,24.38029,1209_270
0.0908237546682357,0.5564037561416626,2.8949546813964844,0.0760544538497924,0.2654200792312622,2.8735334873199463,0.0815971866250038,0.8108591437339783,3.017504930496216,-4.991150379180908,2.824131965637207,-0.023629080504179,2.5783498287200928,1.0276528596878052,-11.290122985839844,-1.323112726211548,0.8245348930358887,-6.298972129821777,0.8481639623641968,-0.8098490834236145,3,2.976447820663452,18.634151458740234,266.0,46.68815612792969,208.61204528808597,370.5359497070313,0.0947209522128105,0.551520049571991,2.853584289550781,18.33087921142578,0.3631727695465088,0.4080788791179657,0.452985018491745,0.0898122489452362,21.610599517822266,120.57308,23.06589,1205_256
0.0877733826637268,0.5397618412971497,-1.6165549755096436,0.0648413971066474,0.2588832676410675,-1.7268307209014893,0.0907225236296653,0.7820883393287659,-1.1298834085464478,-6.338699817657471,2.708181142807007,-0.4471236765384674,2.651369571685791,0.5711108446121216,-13.02811050415039,0.8082181811332703,-0.6501975059509277,-6.689410209655762,-0.2030738294124603,-0.6632408499717712,3,3.0688326358795166,18.90720558166504,221.0,210.93118286132807,224.5905303955078,238.24986267089844,0.0532924048602581,0.5579245090484619,-1.3042240142822266,12.877724647521973,0.3937760591506958,0.3686783909797668,0.3435807526111603,-0.0501952953636646,21.97603988647461,121.7758,25.05209,1217_278
0.0605399422347545,0.4879283010959625,-2.7670679092407227,0.0499797128140926,0.174711138010025,-2.3091108798980717,0.0660885572433471,0.7658426761627197,2.934279680252075,-6.571259498596191,2.890223979949951,-0.4829434156417846,3.443585157394409,0.7318817377090454,-8.138998985290527,-1.5016021728515625,0.906058430671692,-1.567739725112915,1.3890018463134766,-0.8623304963111877,3,3.3899173736572266,17.43638801574707,629.0,59.422245025634766,172.86642456054688,286.31060791015625,0.064806118607521,0.5121097564697266,-2.9279918670654297,20.967248916625977,0.3654010593891144,0.3969783186912536,0.4285556077957153,0.0631545633077621,20.826305389404297,120.86641,24.01411,1208_266
0.0424202233552932,0.4793390035629272,2.287528276443481,0.0357746332883834,0.2256769239902496,2.600466728210449,0.0245621856302022,0.7893196940422058,1.9855046272277832,-12.352010726928713,3.317713499069214,1.6146857738494873,4.116530895233154,0.4467354416847229,-12.418505668640137,-1.6775320768356323,0.4466623961925506,-0.0664950162172317,-1.1680233478546145,0.9412842988967896,3,2.534552574157715,17.9456844329834,238.0,163.43455505371094,226.65753173828125,289.8805236816406,0.0490624718368053,0.5547964572906494,1.9353127479553225,19.35916328430176,0.3894315361976623,0.3785663843154907,0.3677012622356415,-0.0217302646487951,20.48023796081543,121.7109,24.91386,1217_276
0.0608564391732215,0.5669882297515869,2.344698905944824,0.0582317002117633,0.2790907323360443,2.158635139465332,0.0516892708837986,0.783613383769989,2.6202259063720703,-6.042636394500732,2.858019590377808,-0.5467893481254578,2.731802463531494,0.5821254849433899,-11.56385612487793,-1.2394126653671265,0.431146889925003,-5.521219253540039,0.9779362082481384,0.0916797891259193,3,3.4996252059936523,15.748254776000977,478.0,45.55721664428711,184.05142211914065,322.5456237792969,0.06915083527565,0.5638502836227417,2.53376841545105,11.627785682678224,0.2716042697429657,0.3226505815982818,0.373696893453598,0.1020926162600517,19.247880935668945,120.87955,24.34986,1208_270
0.067338153719902,0.5768255591392517,2.990644931793213,0.0506447330117225,0.3137699365615845,2.7464518547058105,0.0610620342195034,0.7794916033744812,2.944319486618042,-6.5542731285095215,2.702040195465088,-0.1390383690595626,3.228923797607422,0.3013584911823272,-8.952695846557617,-3.10939884185791,0.0322748124599456,-2.3984224796295166,0.1713131666183471,0.967674434185028,3,2.2376880645751958,18.049280166625977,471.0,225.12164306640625,292.3650207519531,359.6083984375,0.0504734441637992,0.5510991215705872,-3.108835935592652,33.366634368896484,0.4098894298076629,0.3967747986316681,0.3836601376533508,-0.0262293089181184,20.28696823120117,121.23758,23.08388,1212_256
0.0451853759586811,0.5210349559783936,-2.479786872863769,0.0374057963490486,0.2404237240552902,-2.630409240722656,0.0351717099547386,0.7100154161453247,-2.840551853179932,-5.428309917449951,2.5962016582489014,-0.1497860848903656,2.421377897262573,0.4718932807445526,-15.783082962036133,1.464061617851257,-0.5369300842285156,-10.354772567749023,-0.3871440291404724,-0.9135977625846864,3,2.884164571762085,18.43539047241211,215.0,157.74215698242188,201.9916839599609,246.2412109375,0.0235026087611913,0.4961192309856415,-2.978429079055786,19.91122817993164,0.3841102421283722,0.3632411956787109,0.3423721492290497,-0.0417381189763546,21.319555282592773,121.74493,25.02882,1217_278
0.1045497357845306,0.4956369996070862,-2.6447536945343018,0.0911325216293335,0.1855224817991256,-2.4816837310791016,0.0937403887510299,0.7645787000656128,-2.641873359680176,-6.325555324554443,2.7819695472717285,-0.0130679514259099,2.463041067123413,0.4596873223781585,-16.8908748626709,-2.7193846702575684,0.6783348917961121,-10.565320014953612,0.6914028525352478,0.7893043756484985,3,3.5249390602111816,18.76150703430176,164.0,53.90999221801758,170.3107147216797,286.71142578125,0.0961030274629592,0.5638863444328308,-2.645970582962036,12.047656059265137,0.3140448331832886,0.3489052653312683,0.3837656676769256,0.0697208270430564,22.28644561767578,120.6204,23.72408,1206_263
0.0536342710256576,0.5325079560279846,3.048961639404297,0.0501671805977821,0.2708686888217926,2.9338090419769287,0.0495735295116901,0.7986844778060913,-2.3328630924224854,-5.823998928070068,2.8799889087677,-0.2087478190660476,2.4067952632904053,0.1162051856517791,-17.50286865234375,-2.397456407546997,0.1720305979251861,-11.678869247436523,0.3807784020900726,0.8203874230384827,3,3.043546199798584,18.699539184570312,84.0,181.1603546142578,212.2261505126953,243.2919464111328,0.0293401628732681,0.5259615182876587,2.8801231384277344,20.3143253326416,0.3919804096221924,0.3734546899795532,0.354928970336914,-0.0370514281094074,21.74308586120605,121.9288,25.00069,1219_277
0.0323764234781265,0.6713038086891174,-3.0676498413085938,0.0315701626241207,0.3699008524417877,3.124562740325928,0.0133678177371621,0.8877354860305786,-2.787764549255371,-6.644046783447266,2.6347804069519043,0.226960688829422,2.66321349143982,0.0792028978466987,-13.43777561187744,2.3537168502807617,-0.1113135144114494,-6.793729305267334,-0.338274210691452,0.1993956118822097,3,1.933869481086731,16.45801544189453,254.0,176.80929565429688,320.2375793457031,463.6658630371094,0.0397796295583248,0.6385242342948914,2.3179304599761963,17.755168914794922,0.4014587700366974,0.4029132127761841,0.4043676555156708,0.0029089017771184,18.391883850097656,121.58306,24.65644,1215_273
0.0382378660142421,0.6147162914276123,2.6045384407043457,0.0360471457242965,0.2962299883365631,2.5236661434173584,0.035148300230503,0.8625073432922363,2.4302978515625,-6.163636207580566,2.272825002670288,-0.3361278176307678,2.499946117401123,0.12467672675848,-15.63720703125,-0.3337815105915069,0.088167056441307,-9.473570823669434,0.4242948591709137,0.6937899589538574,3,2.543362855911255,13.249361991882324,1244.0,110.24432373046876,260.39227294921875,410.5402221679688,0.0655532777309417,0.6642652153968811,2.216900110244751,32.48270797729492,0.367439717054367,0.3837614953517914,0.4000832438468933,0.0326435230672359,15.792724609375,121.28539,24.60452,1212_273
0.0485197864472866,0.477018266916275,-2.2281618118286133,0.0372202135622501,0.260241150856018,-2.004101037979126,0.0386834479868412,0.6556129455566406,-2.3972575664520264,-6.412230491638184,2.824036121368408,0.8966936469078064,2.5431928634643555,0.4958032369613647,-15.142674446105955,-1.9532004594802856,0.6096223592758179,-8.730443954467773,-0.2870712578296661,-0.9032803773880004,3,3.96773910522461,18.508773803710938,136.0,54.5530891418457,117.06026458740234,179.56744384765625,0.0303076896816492,0.4915777444839477,-2.7051477432250977,6.774891376495361,0.2922995388507843,0.3075103461742401,0.3227211833000183,0.0304216407239437,22.476512908935547,121.13555,24.8452,1211_276
0.0548547133803367,0.600003719329834,-1.9913679361343384,0.03551035374403,0.3193279504776001,-3.0098063945770264,0.0803770944476127,0.7999224066734314,-1.7333239316940308,-6.850650787353516,2.6375415325164795,0.0397787652909755,2.7893497943878174,0.3575753569602966,-12.391111373901367,-2.589724063873291,0.1564382016658783,-5.540460586547852,0.1166594326496124,-0.997471570968628,3,3.043546199798584,18.699539184570312,84.0,181.1603546142578,212.2261505126953,243.2919464111328,0.0247288476675748,0.5583094954490662,-2.438145637512207,13.559054374694824,0.3919804096221924,0.3734546899795532,0.354928970336914,-0.0370514281094074,21.74308586120605,121.85634,25.03226,1218_278
0.1676656305789947,0.3425411283969879,-2.295263767242432,0.1248832046985626,0.1011081933975219,-2.330621719360352,0.1345453709363937,0.6335408091545105,-2.3586959838867188,-5.6228346824646,3.230977773666382,0.8118115067481995,2.381320714950561,1.10479474067688,-17.697145462036133,-1.5991291999816897,1.3464024066925049,-12.074311256408691,0.5345908403396606,-0.4964561760425567,3,2.4533445835113525,19.128700256347656,554.0,227.9749298095703,300.40936279296875,372.8437805175781,0.0848449617624282,0.398575097322464,-2.4202065467834477,36.22332763671875,0.4096866846084595,0.3943033814430237,0.3789201080799103,-0.0307665690779685,21.58204460144043,121.05695,22.89696,1210_254
0.0388968214392662,0.5433540344238281,-2.041762113571167,0.0406858623027801,0.2250179350376129,-1.6463249921798706,0.0263679362833499,0.8288683891296387,2.4698286056518555,-6.267549514770508,2.7837905883789062,0.4443587958812713,2.440926313400269,0.6181795597076416,-17.527851104736328,-2.5182900428771973,0.9106243252754213,-11.260300636291504,0.4662655293941498,0.8780657052993774,3,3.1342427730560303,16.56702423095703,1433.0,79.54261016845703,217.94874572753903,356.3548889160156,0.0345458798110485,0.5398562550544739,-3.0379772186279297,28.901498794555664,0.4166245460510254,0.4396136701107025,0.462602823972702,0.045978270471096,19.70126724243164,121.00551,23.86139,1210_265
0.0812443196773529,0.4941346645355224,-2.437835216522217,0.0824848338961601,0.1827390640974044,-2.1240389347076416,0.0646098554134368,0.7965869307518005,-2.962129592895508,-5.484296798706055,2.441257238388061,-0.3649778664112091,2.4870076179504395,0.3859715759754181,-14.10745906829834,-1.3598220348358154,0.1469167917966842,-8.623162269592285,0.5118946433067322,0.98293936252594,3,3.300032377243042,16.8581485748291,814.0,57.14727783203125,189.42144775390625,321.69561767578125,0.0787186473608017,0.5645478367805481,-2.901997804641724,19.35517883300781,0.322169691324234,0.3644704818725586,0.4067713022232055,0.0846015959978103,20.158180236816406,120.91249,23.86952,1209_265
0.1534331440925598,0.3764437437057495,-2.6587421894073486,0.1228020638227462,0.1120258346199989,-2.641831636428833,0.1331281214952469,0.6136087775230408,-2.565690040588379,-5.6929802894592285,2.67749571800232,0.0915311798453331,2.3973073959350586,0.3776123523712158,-17.280668258666992,-0.7681617736816406,0.0664443001151084,-11.587688446044922,-0.0250868834555149,0.2377237677574157,3,3.130266666412353,18.323156356811523,95.0,53.406494140625,200.52294921875,347.639404296875,0.1099519282579422,0.3987402617931366,-2.627127170562744,9.717978477478027,0.3256750404834747,0.3720595836639404,0.4184441268444061,0.0927691012620925,21.45342254638672,120.45671,23.22998,1204_258
0.0772491842508316,0.4703512787818908,-2.517163038253784,0.0651068091392517,0.1745793968439102,-2.3062002658843994,0.0963898450136184,0.7551465034484863,-2.5632426738739014,-5.576411247253418,2.810379266738892,-0.5171785950660706,2.3705594539642334,0.198871448636055,-17.9062557220459,3.016754150390625,0.0274176187813282,-12.329843521118164,0.5445961952209473,-0.998000979423523,3,3.475185871124268,19.071674346923828,104.0,57.33665466308594,184.8936004638672,312.4505310058594,0.091550588607788,0.5003282427787781,-2.573848962783813,12.95765495300293,0.3225462734699249,0.3646931648254394,0.406840056180954,0.0842937901616096,22.546859741210938,120.44463,23.23597,1204_258
0.0604273304343223,0.4963201880455017,-2.342978000640869,0.0622008480131626,0.2072126269340515,-2.021981954574585,0.0585693195462226,0.7538864612579346,-2.425718069076538,-6.174476146697998,2.6738715171813965,-0.2520630359649658,2.6264209747314453,0.4376346170902252,-13.095479011535645,-1.60952889919281,0.4372245073318481,-6.921002864837647,0.689287543296814,0.9987109303474426,3,3.770568370819092,20.183040618896484,37.0,54.55989837646485,169.58042907714844,284.6009826660156,0.0665202066302299,0.5484058856964111,-2.2505970001220703,3.5414443016052246,0.2539572119712829,0.2994982004165649,0.3450392186641693,0.0910820215940475,23.9536075592041,120.34362,22.96865,1203_255
0.0088730007410049,0.6465447545051575,-2.1445345878601074,0.013015242293477,0.3635613322257995,2.314337015151977,0.0313622765243053,0.8197954297065735,-1.2287782430648804,-6.494245529174805,2.530332088470459,-1.2350295782089231,2.59525203704834,0.2844891250133514,-14.331485748291016,2.099438190460205,-0.3888188302516937,-7.837240219116211,0.846210777759552,0.639906108379364,3,3.761698484420776,17.27412986755371,882.0,49.22698974609375,146.16769409179688,243.10841369628903,0.0133650489151477,0.6357139945030212,2.781581401824951,23.51929473876953,0.2613536715507507,0.3059214651584625,0.3504892587661743,0.0891355946660041,21.03582763671875,120.9337,24.49757,1209_272
0.0560855567455291,0.5537090301513672,3.102767944335937,0.0495444685220718,0.2537558674812317,-3.087831735610962,0.0474272370338439,0.7810496091842651,-2.968212604522705,-6.7765984535217285,2.796175956726074,-0.5995422601699829,2.699166774749756,0.4328167736530304,-13.223394393920898,-2.7310922145843506,0.5797067880630493,-6.446795463562012,1.1792490482330322,0.9843819737434388,3,3.3766565322875977,16.774141311645508,305.0,54.54916763305664,178.91116333007812,303.2731628417969,0.0553495064377784,0.5765830874443054,3.01725172996521,3.036832332611084,0.3024931252002716,0.3470537662506103,0.3916144073009491,0.0891212746500969,20.150798797607425,120.72877,23.7396,1207_263
0.018478263169527,0.5307764410972595,-1.65989089012146,0.0185331013053655,0.2506834864616394,2.455838441848755,0.0481833890080452,0.7862043380737305,-1.4103976488113403,-5.650423526763916,2.6001102924346924,-0.025180010125041,2.480246067047119,0.3410576283931732,-14.824402809143066,-1.9389474391937256,0.3948656618595123,-9.173979759216309,0.4200456738471985,-0.4030619859695434,3,1.792257308959961,19.95440673828125,365.0,488.8482360839844,536.0943603515625,583.3405151367188,0.0237499810755252,0.5495722889900208,-0.9103825092315674,23.86315155029297,0.4183005392551422,0.407353401184082,0.3964062333106994,-0.0218942854553461,21.74666404724121,121.53649,23.79739,1215_264
0.0590825229883194,0.6009451150894165,-2.933253288269043,0.0573103502392768,0.2973301112651825,-3.08065128326416,0.0374694317579269,0.8219078183174133,-2.257253408432007,-6.143523693084717,2.938951015472412,0.523753821849823,2.389120578765869,0.4687018394470215,-18.991792678833008,-1.9986579418182373,0.681108832359314,-12.84826946258545,0.1573550254106521,0.534064769744873,3,3.1972782611846924,19.222736358642575,68.0,180.50299072265625,202.263916015625,224.0248565673828,0.022180812433362,0.5717640519142151,2.730109930038452,16.54875373840332,0.3985201418399811,0.3825290203094482,0.3665378987789154,-0.0319822430610656,22.42001342773437,121.91037,25.05294,1219_278
0.0353692956268787,0.5246220827102661,3.133375883102417,0.0278654489666223,0.2389407753944397,3.0565459728240967,0.0226159114390611,0.8292903900146484,2.9807610511779785,-6.392427921295166,3.072396755218506,-0.3333168923854828,2.5833005905151367,0.7667495012283325,-14.583109855651855,-1.765400767326355,1.0086493492126465,-8.190681457519531,1.3419662714004517,-0.9639331698417664,3,2.789500951766968,15.20692253112793,700.0,100.91606903076172,228.46923828125,356.0223999023437,0.0403786711394786,0.6177846193313599,2.98825740814209,16.044946670532227,0.3678078651428222,0.3823303580284118,0.3968528807163238,0.0290449913591146,17.996423721313477,121.27075,24.71628,1212_274
0.0189193747937679,0.560603141784668,-1.661799430847168,0.0150745185092091,0.2837251126766205,-2.736113786697388,0.032284989953041,0.7850496172904968,-1.0477908849716189,-6.160824775695801,2.766202926635742,-0.0496263280510902,2.522876501083374,0.2184515297412872,-15.136248588562012,-0.5566926598548889,-0.153008222579956,-8.975423812866211,-0.1033818945288658,1.0,3,1.815124273300171,16.658456802368164,552.0,294.7264099121094,331.8277282714844,368.9290161132813,0.0197441391646862,0.5537315607070923,-1.4629653692245483,28.82769203186035,0.4152699112892151,0.4056293070316314,0.3959887325763702,-0.0192811544984579,18.473581314086918,121.53745,23.97759,1215_266
0.0265129469335079,0.5985629558563232,-1.9973716735839844,0.0195348598062992,0.303109735250473,-2.6963956356048584,0.0362264439463615,0.8148974180221558,-1.1374492645263672,-6.704488277435303,2.6297123432159424,0.2486283928155899,2.829946756362915,0.1737934648990631,-11.64620304107666,-1.919575572013855,0.3693835139274597,-4.941715240478516,0.1207551285624504,-0.9976966381072998,3,1.933869481086731,16.45801544189453,595.0,176.80929565429688,320.2375793457031,463.6658630371094,0.0077681271359324,0.59516841173172,-2.8814139366149902,15.932756423950195,0.4014587700366974,0.4029132127761841,0.4043676555156708,0.0029089017771184,18.391883850097656,121.57125,24.66899,1215_274
0.183311715722084,0.3818264007568359,-2.797957181930542,0.1490852683782577,0.1143261566758155,-2.6471800804138184,0.1699794828891754,0.6837884187698364,-2.9851555824279785,-5.542423248291016,2.6523208618164062,-0.2122055739164352,2.397538900375366,0.0722705274820327,-16.76383399963379,-2.482564926147461,0.1417601406574249,-11.221410751342772,0.3539657294750213,0.7761998772621155,3,3.46696138381958,19.30820083618164,82.0,52.15351867675781,181.96653747558597,311.779541015625,0.1514670550823211,0.4414928555488586,-2.842990636825561,6.815160274505615,0.2974051535129547,0.3480840027332306,0.3987628221511841,0.1013576835393905,22.775161743164062,120.41468,23.00303,1204_255
0.0346599481999874,0.5695009827613831,-2.9198946952819824,0.0408215336501598,0.2925335466861725,2.587208747863769,0.0502368248999118,0.8028161525726318,-1.8138020038604736,-6.175786018371582,2.902604579925537,-0.2327512055635452,2.3887221813201904,0.4550450444221496,-19.029630661010746,2.709359884262085,0.2641472816467285,-12.85384464263916,0.4968984723091125,-0.9129958748817444,3,2.0477983951568604,18.21605110168457,157.0,361.236083984375,408.7077331542969,456.1793823242188,0.0227748434990644,0.6141518950462341,-2.608898878097534,12.375333786010742,0.4180116653442383,0.4061999320983886,0.394388198852539,-0.0236234609037637,20.26384925842285,121.50379,23.94326,1215_266
0.0571006946265697,0.5510470271110535,-2.9356460571289062,0.0493708290159702,0.2475040555000305,-3.0865702629089355,0.0517587326467037,0.7705616354942322,-2.6364493370056152,-6.057680130004883,2.6012163162231445,0.0758073553442955,2.9078845977783203,0.7380812168121338,-9.97023582458496,-1.8486570119857788,1.0195013284683228,-3.912555456161499,0.9436939358711244,0.6875092387199402,3,3.6836612224578857,19.071422576904297,128.0,79.35621643066406,142.66598510742188,205.97576904296875,0.0493622459471225,0.5187100768089294,-3.080467462539673,15.043013572692873,0.386377602815628,0.399432510137558,0.4124874174594879,0.0261098016053438,22.75508499145508,120.73704,24.47822,1207_271
0.0428922921419143,0.6159520149230957,-1.7624081373214722,0.0256936810910701,0.332491785287857,-2.25631046295166,0.0644265711307525,0.8179770708084106,-1.1834386587142944,-6.425976753234863,2.536505460739136,0.0325304977595806,2.3999643325805664,0.3479448854923248,-19.361764907836918,0.3695248663425445,-0.3843616247177124,-12.935789108276367,-0.4168921113014221,0.9742192625999452,3,3.0688326358795166,18.90720558166504,191.0,210.93118286132807,224.5905303955078,238.24986267089844,0.0282945279031991,0.604480504989624,-1.1096299886703491,17.403114318847656,0.3937760591506958,0.3686783909797668,0.3435807526111603,-0.0501952953636646,21.97603988647461,121.84529,25.05085,1218_278
0.0930811390280723,0.5629971027374268,-2.9529995918273926,0.0865136682987213,0.2986800372600555,-3.1164796352386475,0.0778166353702545,0.7604088187217712,-2.735294818878174,-6.236776828765869,2.630385637283325,-1.2301188707351685,2.6039347648620605,0.2158242762088775,-13.655191421508787,-2.8815407752990723,0.1218011677265167,-7.41841459274292,1.3519200086593628,-0.5984600782394409,3,3.9133317470550537,18.818607330322266,114.0,60.602787017822266,126.9498519897461,193.2969207763672,0.0664317235350608,0.5198056697845459,-3.1057636737823486,2.7802884578704834,0.4192266464233398,0.426893413066864,0.4345602095127105,0.0153335714712738,22.7319393157959,120.94834,24.70226,1209_274
0.1337705850601196,0.3743474781513214,-2.863452672958374,0.0977460965514183,0.0850999653339386,-2.653557300567627,0.1541340500116348,0.6365806460380554,-2.7900869846343994,-5.422627925872803,2.866530179977417,-0.1251444667577743,2.4784023761749268,0.5746118426322937,-14.129680633544922,-0.945340633392334,0.688148021697998,-8.707052230834961,0.8132924437522888,0.3664567768573761,3,3.46696138381958,19.30820083618164,81.0,52.15351867675781,181.96653747558597,311.779541015625,0.1173086389899253,0.3939140141010284,-2.9242446422576904,26.414609909057617,0.2974051535129547,0.3480840027332306,0.3987628221511841,0.1013576835393905,22.775161743164062,120.42868,23.00772,1204_255
0.13299161195755,0.4222583174705505,-2.706749439239502,0.1156877055764198,0.1614343672990799,-2.524209260940552,0.0902325361967086,0.6225171685218811,-2.720967531204224,-6.57302188873291,2.498786687850952,0.0752802416682243,2.6206276416778564,0.2647475004196167,-14.01274299621582,0.6796165108680725,-0.1127570420503616,-7.439720630645752,-0.1880372762680053,0.8200450539588928,3,3.559274196624756,18.266847610473636,457.0,104.32279205322266,144.1713409423828,184.01988220214844,0.085229754447937,0.4584522545337677,-2.879415988922119,4.4903998374938965,0.3511385023593902,0.32760950922966,0.3040805160999298,-0.0470579750835895,21.826122283935547,121.61941,25.17825,1216_279
0.0622860193252563,0.5846865177154541,-2.7213685512542725,0.0462105870246887,0.304697185754776,-2.880948066711426,0.0593158118426799,0.8058964610099792,-2.552783727645874,-6.400801181793213,2.706911087036133,0.0896880403161048,2.4754958152771,0.3147720992565155,-16.838844299316406,-2.601809501647949,0.4142040312290191,-10.438043594360352,0.3245159983634949,-0.4480736255645752,3,2.884164571762085,18.43539047241211,370.0,157.74215698242188,201.9916839599609,246.2412109375,0.0483825393021106,0.5729935765266418,-2.9404611587524414,20.565940856933597,0.3841102421283722,0.3632411956787109,0.3423721492290497,-0.0417381189763546,21.319555282592773,121.66552,25.03626,1216_278
0.0647898167371749,0.566184937953949,-2.201897144317627,0.0485345795750618,0.289002925157547,-2.152536392211914,0.0608731061220169,0.7798765897750854,-2.4394073486328125,-6.308544635772705,2.693925380706787,-0.3385443091392517,2.494274139404297,0.4598621726036072,-16.111337661743164,-2.1089651584625244,0.3904426097869873,-9.8027925491333,0.728986918926239,0.9996442198753356,3,3.851844072341919,18.534385681152344,133.0,54.87374114990234,129.14141845703125,203.4091033935547,0.0517207980155944,0.5739262104034424,-2.4447214603424072,18.667949676513672,0.3807213604450226,0.3965135216712951,0.4123056530952453,0.0315843001008033,22.386228561401367,120.97284,24.70365,1209_274
0.0888054445385932,0.2323965579271316,-2.253619432449341,0.076670728623867,0.0733583718538284,-2.2260560989379883,0.0571826659142971,0.584542453289032,-2.0011792182922363,-6.424163818359375,2.928598165512085,0.4518440365791321,2.48308539390564,0.9066740870475768,-16.58294677734375,-2.0783560276031494,1.042522430419922,-10.15878200531006,0.590678334236145,0.9987554550170898,3,3.307905673980713,17.74378204345703,370.0,55.961307525634766,205.4072723388672,354.8532409667969,0.0486651808023452,0.3595167994499206,-2.6661832332611084,16.080257415771484,0.3272016644477844,0.3681124448776245,0.4090232253074646,0.0818215832114219,21.051687240600582,120.63372,23.63831,1206_262
0.0678123459219932,0.5016968250274658,-2.8822884559631348,0.0465380884706974,0.2272232621908188,-2.974210023880005,0.0936990231275558,0.7224305272102356,-2.6435163021087646,-6.1325788497924805,2.612764596939087,0.0248296353965997,2.6503591537475586,0.5158123970031738,-12.660372734069824,-1.48781156539917,0.4904462397098541,-6.5277934074401855,0.4656166136264801,0.8539698719978333,3,3.923053026199341,17.998424530029297,158.0,59.354888916015625,135.54983520507812,211.74478149414065,0.0925454795360565,0.4989933669567108,-2.6984574794769287,28.82257080078125,0.3676483333110809,0.3985034823417663,0.4293586015701294,0.0617102496325969,21.92147827148437,120.70574,24.02932,1207_266
0.0614291317760944,0.5937711000442505,-3.020500421524048,0.0567471869289875,0.2879184186458587,-2.7734553813934326,0.0493741407990455,0.8294680714607239,2.8793537616729736,-7.165241241455078,2.528507947921753,-0.5063753724098206,4.090885162353516,0.7249580025672913,-7.97713565826416,-2.8138973712921143,0.5769928693771362,-0.8118946552276611,1.083368182182312,-0.2697057127952575,3,2.9159798622131348,18.055627822875977,648.0,52.42152786254883,215.23080444335935,378.0400695800781,0.0696058124303817,0.6014256477355957,2.9152536392211914,33.16090393066406,0.3314946889877319,0.3765111565589905,0.421527624130249,0.0900329574942588,20.971607208251957,120.63341,23.19138,1206_257
0.0248066298663616,0.6077696084976196,-2.367830753326416,0.0195298306643962,0.3044174909591675,-1.5912405252456665,0.0361494645476341,0.8430528044700623,-2.7530460357666016,-6.838471412658691,2.942471027374268,0.5427200794219971,2.4978151321411133,0.6427816152572632,-17.233667373657227,-2.627610445022583,0.8600026369094849,-10.395195960998535,0.3172825574874878,-0.4360773265361786,3,3.2297303676605225,15.121302604675291,608.0,67.48041534423828,178.4970245361328,289.5136413574219,0.04665969312191,0.6350331902503967,2.47945237159729,20.232257843017575,0.315464437007904,0.3457054793834686,0.3759465217590332,0.0604820698499679,18.35103416442871,121.11401,24.58324,1211_273
0.0263281669467687,0.5895044207572937,-2.8084053993225098,0.0159415025264024,0.3127977848052978,-2.8371806144714355,0.0345712192356586,0.8534352779388428,-2.422088146209717,-6.565526962280273,2.676166534423828,0.3640858232975006,2.418729782104492,0.8120706677436829,-19.15313720703125,-2.7569780349731445,0.6207858920097351,-12.587610244750977,0.2567000389099121,0.8927657604217529,3,3.507887363433838,17.99248695373535,139.0,74.3500747680664,142.27919006347656,210.2082977294922,0.0290741994976997,0.6053040623664856,-2.6882097721099854,21.49725151062012,0.3813820481300354,0.3820435404777527,0.3827050328254699,0.0013229865580797,21.50037384033203,121.26494,24.86663,1212_276
0.0859912261366844,0.4910321831703186,-2.934624195098877,0.0681214854121208,0.2028025984764099,-2.726625680923462,0.0800344496965408,0.7550143599510193,-3.1239144802093506,-5.796637058258057,2.6201159954071045,0.2845822870731354,2.554776430130005,0.5856564044952393,-13.489128112792969,-2.3392679691314697,0.6600368022918701,-7.692491054534912,0.3754545450210571,-0.9942553639411926,3,3.46696138381958,19.30820083618164,107.0,52.15351867675781,181.96653747558597,311.779541015625,0.0909266769886016,0.5023946762084961,-2.9654102325439453,16.776023864746094,0.2974051535129547,0.3480840027332306,0.3987628221511841,0.1013576835393905,22.775161743164062,120.3839,22.97563,1203_255
0.0396731458604335,0.5672963261604309,-2.6752469539642334,0.0238790214061737,0.2861002087593078,-2.7963454723358154,0.0515673272311687,0.7819390296936035,-2.49426007270813,-6.181556224822998,2.629507780075073,0.3453236520290375,2.849220037460327,0.2800587117671966,-10.626554489135742,-2.34518837928772,0.1365434229373932,-4.444998264312744,-0.2087802290916443,0.2628753781318664,3,2.884164571762085,18.43539047241211,462.0,157.74215698242188,201.9916839599609,246.2412109375,0.0544730722904205,0.5421403646469116,-2.5970616340637207,36.86880874633789,0.3841102421283722,0.3632411956787109,0.3423721492290497,-0.0417381189763546,21.319555282592773,121.65706,24.96123,1216_277
0.0153146302327513,0.568153977394104,-2.3589367866516118,0.0143364472314715,0.2629573345184326,-1.4319998025894165,0.0257718786597251,0.8067761659622192,-2.6313164234161377,-5.977390289306641,2.638613224029541,0.4297648668289184,2.532919645309448,0.8084017038345337,-14.44395637512207,-1.4996007680892944,0.7834139466285706,-8.46656608581543,0.3536491096019745,-0.7077112793922424,3,3.9457814693450928,18.33111572265625,113.0,45.70473861694336,131.14260864257812,216.5804901123047,0.026767386123538,0.6005058884620667,-2.9842495918273926,14.85041046142578,0.3751466870307922,0.399324506521225,0.4235023558139801,0.0483556613326072,22.27689743041992,120.87347,24.5613,1208_272
0.0363857112824916,0.5862894058227539,-2.437176465988159,0.037374310195446,0.2762233316898346,-2.194982051849365,0.0289629008620977,0.8382079005241394,2.659116268157959,-6.639806270599365,2.286480665206909,-0.2490449845790863,3.4487407207489014,0.2045492380857467,-8.431657791137695,-2.2501983642578125,0.35025554895401,-1.7918521165847778,0.5993005037307739,-0.5152062773704529,3,3.622556447982788,16.67483901977539,677.0,43.419960021972656,168.43553161621094,293.4511108398437,0.0312189869582653,0.591614305973053,3.1332733631134038,18.19907760620117,0.2714203000068664,0.3231411278247833,0.3748619556427002,0.1034416556358337,20.29739570617676,120.89714,24.40153,1208_271
0.0301607735455036,0.4132955074310303,3.123929500579834,0.0191901214420795,0.1843067109584808,-2.7666680812835693,0.0466771349310874,0.6747462153434753,-0.1938121020793914,-6.430293083190918,2.535639762878418,-1.5670936107635498,2.469174861907959,0.7090606093406677,-16.978960037231445,0.4292379915714264,-0.8258094787597656,-10.548666000366213,0.7412840723991394,0.5539440512657166,3,3.967008590698242,18.164051055908203,213.0,69.13614654541016,117.86893463134766,166.6017303466797,0.0142922084778547,0.4181548058986664,-1.3443411588668823,7.6507744789123535,0.3448285162448883,0.3408359587192535,0.3368434011936188,-0.0079851411283016,22.131059646606445,121.14496,24.89342,1211_276
0.0302854981273412,0.6084439158439636,-2.9318342208862305,0.0215359311550855,0.3292737305164337,-3.123382091522217,0.0378873348236084,0.7942973971366882,-2.201011657714844,-5.847493171691895,2.40437912940979,0.2796277403831482,2.4582767486572266,0.5357885956764221,-15.75286865234375,-1.013907790184021,0.4214613437652588,-9.905376434326172,0.1418335884809494,-0.8122307658195496,3,3.5521910190582275,18.81465721130371,117.0,82.98213195800781,131.25482177734375,179.5275115966797,0.0235786419361829,0.5926963686943054,-3.121856689453125,6.164514064788818,0.3542055189609527,0.3425928652286529,0.3309802114963531,-0.0232253056019544,22.36684799194336,121.38477,25.1232,1213_279
0.0160762835294008,0.5824153423309326,-1.3631882667541504,0.00832434091717,0.3236258625984192,-2.584185838699341,0.026813818141818,0.8015866875648499,-1.7752981185913086,-6.250333786010742,2.3583829402923584,-0.1222360953688621,2.5570428371429443,0.4789457619190216,-14.519730567932127,-0.4837387204170227,-0.1767898947000503,-8.269396781921387,-0.0545538030564785,0.3491939604282379,3,2.2545065879821777,18.83504867553711,195.0,259.6513671875,299.4261474609375,339.200927734375,0.0049582971259951,0.5791112184524536,-2.240786552429199,20.97236442565918,0.2978495955467224,0.2820957899093628,0.2663419544696808,-0.0315076261758804,21.089555740356445,121.5585,24.00825,1215_266
0.0167659241706132,0.5759050846099854,-1.0109963417053225,0.0277605839073658,0.2493892759084701,-0.4276354312896728,0.0307746063917875,0.8287085294723511,-2.462088108062744,-6.588074684143066,2.5103492736816406,-0.2908101677894592,2.9468579292297363,0.6770706176757812,-11.049520492553713,-1.564742088317871,0.7256178855895996,-4.4614458084106445,1.016427993774414,-0.5079377889633179,3,2.789500951766968,15.20692253112793,962.0,100.91606903076172,228.46923828125,356.0223999023437,0.0247487649321556,0.5945883989334106,-2.9034595489501958,26.69203186035156,0.3678078651428222,0.3823303580284118,0.3968528807163238,0.0290449913591146,17.996423721313477,121.34598,24.67469,1213_274
0.0821977108716964,0.4445642828941345,-2.503619909286499,0.0817472487688064,0.1842029243707656,-2.432124614715576,0.0674691125750541,0.7243474721908569,-2.694451093673706,-6.321126937866211,2.8606457710266118,-0.9963653683662416,2.742586612701416,0.2555139660835266,-11.930217742919922,-2.3690171241760254,0.1800295114517212,-5.609090328216553,1.176394820213318,-0.4854479432106018,3,3.307905673980713,17.74378204345703,307.0,55.961307525634766,205.4072723388672,354.8532409667969,0.0722264796495437,0.4958259165287018,-2.672515869140625,16.905712127685547,0.3272016644477844,0.3681124448776245,0.4090232253074646,0.0818215832114219,21.051687240600582,120.62367,23.63781,1206_262
0.1019041910767555,0.506831169128418,2.9595630168914795,0.0918594747781753,0.2281609773635864,2.87412691116333,0.0801541954278945,0.7612977623939514,3.018930435180664,-6.219656944274902,2.6882669925689697,-0.1134984716773033,2.496824264526367,0.7681667804718018,-15.753788948059082,-2.3066906929016118,0.9302401542663574,-9.53413200378418,1.043738603591919,-0.696461021900177,3,3.7344775199890137,18.091365814208984,222.0,55.81438827514648,150.23989868164062,244.66542053222656,0.0750693753361702,0.516371488571167,3.082533836364746,12.297541618347168,0.3607007563114166,0.3928649127483368,0.4250290393829345,0.0643283054232597,21.82584381103516,120.72372,23.92438,1207_265
0.272415429353714,0.3187266886234283,-2.820122003555298,0.2135411649942398,0.0544507801532745,-2.7500650882720947,0.2241107374429702,0.6663036346435547,-2.8239431381225586,-4.905137062072754,2.5399718284606934,-0.6144255995750427,2.3474037647247314,0.4789659082889557,-16.711931228637695,0.509405255317688,-0.5743481516838074,-11.80679416656494,0.0400774590671062,-0.6522437930107117,3,3.536424160003662,19.509281158447266,74.0,49.74431610107422,177.6247100830078,305.5050964355469,0.1761962473392486,0.4168533682823181,-2.812357187271118,12.857224464416504,0.2678819298744201,0.3204320669174194,0.3729822337627411,0.1051002889871597,23.045703887939453,120.40237,22.87801,1204_254
0.1150565966963768,0.4660609662532806,-2.752239942550659,0.0957566499710083,0.1905020028352737,-2.7091057300567627,0.0941410288214683,0.7494891285896301,-2.711768627166748,-5.473538875579834,2.7255654335021973,-0.3711517453193664,2.515521764755249,0.5931769609451294,-13.456350326538086,-0.6088280081748962,0.1680153012275695,-7.98281192779541,0.539167046546936,-0.7087511420249939,3,3.130266666412353,18.323156356811523,85.0,53.406494140625,200.52294921875,347.639404296875,0.087809570133686,0.5065232515335083,-2.686283588409424,8.165958404541016,0.3256750404834747,0.3720595836639404,0.4184441268444061,0.0927691012620925,21.45342254638672,120.46729,23.16859,1204_257
0.029807835817337,0.538233757019043,-2.6131577491760254,0.0132020181044936,0.2509995698928833,-2.3111166954040527,0.051752645522356,0.7617023587226868,-2.3399364948272705,-7.001501083374023,2.6595916748046875,-0.1370332390069961,2.670525550842285,0.6716359257698059,-14.124202728271484,-1.5136688947677612,0.6637281775474548,-7.122701644897461,0.8007614612579346,0.9879745841026306,3,3.2065553665161133,18.937353134155277,60.0,62.10618209838867,222.9270172119141,383.7478637695313,0.0431086234748363,0.5412678122520447,-2.698967695236206,3.551974296569824,0.3181902766227722,0.3598491847515106,0.4015080630779266,0.0833177864551544,22.14390754699707,120.49673,23.5148,1204_261
0.0525516271591186,0.5602120757102966,-3.1342885494232178,0.0388011634349823,0.2638424932956695,-3.091970682144165,0.0499157235026359,0.8090304136276245,2.997532367706299,-6.241987228393555,2.2606959342956543,-1.0740339756011963,2.794018507003784,0.2450406402349472,-11.244080543518066,0.0496658571064472,-0.2057897895574569,-5.002093315124512,0.8682441711425781,0.9998694062232972,3,3.3582422733306885,16.72434425354004,514.0,57.22223281860352,170.46958923339844,283.7169494628906,0.0581926219165325,0.5694131255149841,2.89402174949646,26.16223907470703,0.3153468668460846,0.3533408939838409,0.3913348913192749,0.0759880244731903,20.08258628845215,120.86873,24.08302,1208_267
0.0607837848365306,0.5261273980140686,2.210432767868042,0.0629579424858093,0.2720085978507995,1.9512978792190552,0.0734869986772537,0.7374396920204163,2.361834526062012,-6.327601432800293,2.726912498474121,0.1937545090913772,2.6574625968933105,0.0473011136054992,-12.954448699951172,-2.370433807373047,0.0162152592092752,-6.626846790313721,-0.1775392442941665,0.5310187935829163,3,3.4145092964172363,15.75722599029541,778.0,49.589935302734375,178.8521728515625,308.1144104003906,0.0682519674301147,0.5368130207061768,2.1295344829559326,17.959331512451172,0.3080262839794159,0.3493533432483673,0.3906803727149963,0.0826540887355804,19.171735763549805,120.88236,24.21014,1208_269
0.0779670029878616,0.4972025454044342,-3.026935338973999,0.0668189600110054,0.2119112312793731,-2.964437961578369,0.079789899289608,0.7662613987922668,-2.94092345237732,-6.118062973022461,2.834258556365967,0.1708355396986007,2.4889514446258545,0.7960991859436035,-15.746095657348633,-1.933566689491272,0.916210412979126,-9.628032684326172,0.745374858379364,-0.1631108820438385,3,3.035642385482788,18.2084903717041,102.0,58.4616813659668,209.1888885498047,359.91607666015625,0.078497290611267,0.5101875066757202,-3.049697160720825,6.842833995819092,0.2859133183956146,0.3364288210868835,0.3869443535804748,0.1010310426354408,21.24413299560547,120.46157,23.25098,1204_258
0.0717739686369896,0.33108851313591,2.938812494277954,0.0481875650584697,0.1151812002062797,2.948335886001587,0.071952223777771,0.5053941011428833,3.1090705394744877,-7.001040458679199,3.1001102924346924,-0.2386890351772308,2.5914831161499023,0.7468981742858887,-15.427817344665527,-2.120813608169556,1.0568867921829224,-8.426776885986328,1.295575737953186,-0.4480736255645752,3,3.376675605773926,19.084545135498047,43.0,63.56798553466797,190.3538055419922,317.1396179199219,0.052908070385456,0.3667188882827759,2.92103123664856,1.009876012802124,0.2922510206699371,0.3357942998409271,0.3793375790119171,0.0870865434408187,22.461219787597656,120.42457,23.3176,1204_259
0.0383075252175331,0.6677066087722778,1.491589903831482,0.0423652753233909,0.3808738887310028,1.2544898986816406,0.0309381280094385,0.8510752320289612,1.5785739421844482,-6.738863468170166,2.4944632053375244,-0.1005291044712066,2.711467027664185,0.2839420437812805,-13.049522399902344,-1.7626409530639648,0.4060094058513641,-6.31065845489502,0.5065385103225708,-0.0827354118227958,3,3.0459649562835693,13.154682159423828,1328.0,82.10057830810547,209.77593994140625,337.4513244628906,0.0619912184774875,0.6424014568328857,2.0692367553710938,29.891845703125,0.3342304229736328,0.3605354726314544,0.3868405520915985,0.052610132843256,16.200647354125977,121.16313,24.57692,1211_273
0.0826094225049018,0.5144010782241821,-3.067408800125122,0.0746390968561172,0.2165824174880981,-3.004133701324463,0.0937604159116745,0.7510675191879272,-2.8343048095703125,-6.637064456939697,3.062971830368042,-0.0279967244714498,2.718461751937866,1.0404294729232788,-12.810046195983888,-2.257553577423096,1.2409789562225342,-6.172981262207031,1.2689757347106934,-0.183853268623352,3,3.923053026199341,17.998424530029297,238.0,59.354888916015625,135.54983520507812,211.74478149414065,0.0995850041508674,0.5367223620414734,-2.9999032020568848,21.01082992553711,0.3676483333110809,0.3985034823417663,0.4293586015701294,0.0617102496325969,21.92147827148437,120.74279,24.04299,1207_267
0.0593961738049984,0.4130545556545257,-2.0969042778015137,0.0520360693335533,0.1505535691976547,-1.8760133981704712,0.0726735964417457,0.7066715359687805,-1.9304862022399905,-5.760984897613525,2.623425245285034,-0.0920754000544548,2.436089038848877,0.5478692650794983,-16.135528564453125,-0.8380885720252991,0.1864486634731292,-10.37454319000244,0.2785240709781647,-0.1271138191223144,3,2.914681911468506,17.836544036865234,199.0,99.85794067382812,181.39308166503903,262.92822265625,0.0601265504956245,0.4821799695491791,-2.0759778022766118,28.60686492919922,0.3708197474479675,0.3716736137866974,0.3725275099277496,0.0017077435040846,20.7512264251709,121.35848,24.86044,1213_276
0.0574916116893291,0.595956027507782,-2.8705296516418457,0.0577794648706913,0.305279403924942,-3.116454839706421,0.0506018437445163,0.8333750367164612,-2.50844955444336,-6.437173366546631,2.384213447570801,-0.6051210761070251,2.604952335357666,0.3039167523384094,-14.000107765197754,0.2092848569154739,-0.2710443437099457,-7.562933921813965,0.3340767323970794,0.2110206484794616,3,3.043546199798584,18.699539184570312,55.0,181.1603546142578,212.2261505126953,243.2919464111328,0.0346592999994754,0.5846164226531982,3.1161534786224365,20.435136795043945,0.3919804096221924,0.3734546899795532,0.354928970336914,-0.0370514281094074,21.74308586120605,121.92875,25.01099,1219_277
0.0724925622344017,0.5810800194740295,-2.484933376312256,0.0583068542182445,0.2828937768936157,-2.348840951919556,0.0573529601097106,0.8116690516471863,-2.6608963012695312,-5.651374816894531,2.995455265045166,0.037530992180109,2.420424461364746,0.255320280790329,-16.41332244873047,-2.030910015106201,0.3773916661739349,-10.761947631835938,0.3398606479167938,-0.9986706376075744,3,3.3375635147094727,18.96676254272461,281.0,82.15528869628906,145.36007690429688,208.5648498535156,0.0630523189902305,0.5688267350196838,-2.8588674068450928,11.663095474243164,0.3495785295963287,0.3447506427764892,0.3399227261543274,-0.0096557987853884,22.3043270111084,121.38772,24.99263,1213_277
0.0492698214948177,0.6416698694229126,3.043910264968872,0.0366640836000442,0.3501254022121429,2.857254266738892,0.0659237951040268,0.8551501035690308,3.0492305755615234,-6.1737823486328125,2.430795431137085,0.346410721540451,2.521148920059204,0.2277797758579254,-15.037843704223633,1.7181123495101929,0.0122886840254068,-8.86406135559082,-0.3341220319271087,0.7485409379005432,3,2.2021937370300293,19.13119506835937,277.0,433.8624572753906,459.585205078125,485.3079528808594,0.054684542119503,0.6105883121490479,2.716072559356689,18.579334259033203,0.4170536696910858,0.4040979743003845,0.3911423087120056,-0.0259113647043705,21.33338928222656,121.40625,23.64124,1214_262
0.0696938931941986,0.5238376259803772,-2.437134265899658,0.0524089261889457,0.2310204058885574,-2.661336660385132,0.0476425699889659,0.788772463798523,-2.1833956241607666,-5.871531486511231,2.6056113243103027,-0.2042383402585983,2.4759509563446045,0.4674971103668213,-15.413775444030762,-0.029504369944334,-0.276787132024765,-9.542243957519531,-0.072548784315586,0.3360644876956939,3,2.884164571762085,18.43539047241211,419.0,157.74215698242188,201.9916839599609,246.2412109375,0.0481567569077014,0.5551639199256897,-2.5865066051483154,13.549446105957031,0.3841102421283722,0.3632411956787109,0.3423721492290497,-0.0417381189763546,21.319555282592773,121.73082,24.96503,1217_277
0.0528473109006881,0.5265293121337891,-2.91459059715271,0.0470039397478103,0.2040103375911712,-2.4592559337615967,0.0607713758945465,0.8086848855018616,2.9102230072021484,-5.851779937744141,2.6064207553863525,0.4389968514442444,2.564777374267578,0.8970379829406738,-13.421342849731444,-1.8891655206680296,1.071526050567627,-7.569563388824463,0.6325292587280273,1.0,3,2.9159798622131348,18.055627822875977,536.0,52.42152786254883,215.23080444335935,378.0400695800781,0.0594925992190837,0.541671633720398,-3.1385433673858643,18.775115966796875,0.3314946889877319,0.3765111565589905,0.421527624130249,0.0900329574942588,20.971607208251957,120.63212,23.20072,1206_257
0.1897279620170593,0.4166253507137298,-2.979776620864868,0.1644420623779297,0.131035640835762,-2.8489787578582764,0.1183546781539917,0.7197373509407043,3.103187799453736,-6.7857208251953125,2.658097743988037,-0.1143503710627555,2.863610982894897,1.0387511253356934,-11.75373649597168,-2.0910468101501465,1.3375184535980225,-4.968015670776367,1.451868772506714,-0.7142122387886047,3,2.976447820663452,18.634151458740234,341.0,46.68815612792969,208.61204528808597,370.5359497070313,0.109123595058918,0.4470435678958893,-3.028155565261841,14.037004470825195,0.3631727695465088,0.4080788791179657,0.452985018491745,0.0898122489452362,21.610599517822266,120.59888,23.07946,1205_256
0.0771311447024345,0.4932826161384582,-2.0598080158233643,0.0612811036407947,0.2178366929292678,-2.223283290863037,0.0670356601476669,0.7621908187866211,-1.7298027276992798,-6.376460552215576,2.763298988342285,-0.1081119701266288,2.573829174041748,0.2975783944129944,-14.422082901000977,-2.2909059524536133,0.2241270244121551,-8.045622825622559,0.3322390019893646,-0.607802152633667,3,3.1427063941955566,18.869359970092773,27.0,174.28721618652344,199.5741729736328,224.86111450195312,0.0441964380443096,0.5346779823303223,-2.035522699356079,4.193405151367188,0.3869042098522186,0.3605849742889404,0.3342657685279846,-0.052638441324234,22.01206588745117,121.6896,25.11218,1216_279
0.0808600857853889,0.493088036775589,-3.068471908569336,0.0788660421967506,0.2035135626792907,-3.027761936187744,0.0565827637910842,0.75204998254776,2.9150538444519043,-6.726298332214356,2.424563407897949,0.2648531496524811,3.526873826980591,0.5162843465805054,-8.204517364501953,-2.096703052520752,0.7540932297706604,-1.4782192707061768,0.4892400503158569,-0.9575097560882568,3,3.623258113861084,17.51212501525879,504.0,56.91460037231445,152.9578094482422,249.00100708007807,0.0688865855336189,0.5196816921234131,3.072061061859131,28.1154727935791,0.3122884333133697,0.3476895093917846,0.3830905854701996,0.070802129805088,21.13538360595703,120.81671,24.04476,1208_267
0.0355399623513221,0.6294070482254028,-2.760089874267578,0.0283563714474439,0.3367403447628021,2.8622286319732666,0.0320841521024704,0.8529054522514343,-2.6762704849243164,-5.203512191772461,3.790535688400269,-1.1184241771697998,2.2164454460144043,0.4813364744186401,-26.32391357421875,-0.1062749847769737,-0.6919693350791931,-21.12040138244629,0.4264547526836395,0.4201433956623077,3,1.815124273300171,16.658456802368164,593.0,294.7264099121094,331.8277282714844,368.9290161132813,0.0218999907374382,0.5907922983169556,-3.0868911743164062,27.789587020874023,0.4152699112892151,0.4056293070316314,0.3959887325763702,-0.0192811544984579,18.473581314086918,121.47731,23.9641,1214_266
0.039113376289606,0.5314032435417175,3.096200704574585,0.0288604330271482,0.2439800351858139,-3.110358715057373,0.051702331751585,0.7829792499542236,-2.765631437301636,-5.991477489471436,2.854787826538086,-0.1247050389647483,2.5132851600646973,0.4200911521911621,-14.856006622314451,-2.608487367630005,0.499893844127655,-8.864529609680176,0.6245989203453064,0.0222421362996101,3,3.489329099655152,17.53377914428711,424.0,57.757659912109375,174.90133666992188,292.0450134277344,0.0563719719648361,0.5398814678192139,-2.9781625270843506,13.105466842651367,0.3419527411460876,0.384996086359024,0.428039401769638,0.0860866382718086,21.02310943603516,120.81211,24.29346,1208_269
0.0993746146559715,0.4965439736843109,3.016361951828003,0.0862164348363876,0.2395569086074829,2.9414494037628174,0.0991647467017173,0.7157064080238342,-2.724334716796875,-6.278683662414551,2.69918155670166,0.2468457221984863,2.8204376697540283,1.077085256576538,-11.009119033813477,-1.1321481466293335,0.9216691851615906,-4.730435371398926,0.6748234629631042,-0.9469740986824036,3,3.770568370819092,20.183040618896484,61.0,54.55989837646485,169.58042907714844,284.6009826660156,0.0879144892096519,0.4961474239826202,-3.0509979724884038,6.766196250915527,0.2539572119712829,0.2994982004165649,0.3450392186641693,0.0910820215940475,23.9536075592041,120.34468,22.9629,1203_255
0.0431229062378406,0.5608333945274353,3.03389310836792,0.0331196263432502,0.2553263008594513,-3.0138752460479736,0.0219554416835308,0.7955207228660583,2.81233024597168,-6.907839775085449,2.634462833404541,-0.492949366569519,3.057236671447754,0.7339931130409241,-10.249314308166504,-1.0322011709213257,0.3258768022060394,-3.341474771499634,0.8188261985778809,0.907637357711792,3,3.761698484420776,17.27412986755371,328.0,49.22698974609375,146.16769409179688,243.10841369628903,0.0323933809995651,0.5599051117897034,2.839228630065918,17.527935028076172,0.2613536715507507,0.3059214651584625,0.3504892587661743,0.0891355946660041,21.03582763671875,120.8514,24.48969,1208_272
0.08172607421875,0.5154601335525513,-2.6723575592041016,0.0658901259303093,0.2227388322353363,-2.7649130821228027,0.0741527676582336,0.7278046011924744,-2.5814802646636963,-5.774026393890381,2.3675005435943604,-0.0996816530823707,2.5342071056365967,0.9988229274749756,-13.897119522094728,-1.510665774345398,0.959917426109314,-8.123093605041504,1.0595990419387815,0.9843819737434388,3,3.6836612224578857,19.071422576904297,116.0,79.35621643066406,142.66598510742188,205.97576904296875,0.0661190748214721,0.512632429599762,-2.8803799152374268,7.098743915557861,0.386377602815628,0.399432510137558,0.4124874174594879,0.0261098016053438,22.75508499145508,120.74519,24.50771,1207_272
0.0560054033994674,0.5057249665260315,-2.318347692489624,0.0715876519680023,0.1688481420278549,-1.932206630706787,0.0424845740199089,0.8212164640426636,2.882887125015259,-5.531569480895996,2.887369155883789,-0.1915954202413559,2.3131704330444336,0.3073278367519378,-20.434194564819336,-1.128291368484497,0.1067093536257743,-14.902624130249023,0.2983047664165497,-0.9202209711074828,3,2.789500951766968,15.20692253112793,910.0,100.91606903076172,228.46923828125,356.0223999023437,0.0436135381460189,0.5666578412055969,-3.0523409843444824,33.39824676513672,0.3678078651428222,0.3823303580284118,0.3968528807163238,0.0290449913591146,17.996423721313477,121.34869,24.70989,1213_274
0.0756629481911659,0.462245911359787,-2.335618734359741,0.056517232209444,0.2391145527362823,-2.1951284408569336,0.0717098489403724,0.6922076344490051,-2.2979743480682373,-7.558939456939697,2.7552924156188965,-0.4771797657012939,2.614781379699707,0.4177747964859009,-16.229595184326172,-0.6739376187324524,0.2589252591133117,-8.670655250549316,0.7361050248146057,1.0,3,3.9457814693450928,18.33111572265625,6.0,45.70473861694336,131.14260864257812,216.5804901123047,0.0618001706898212,0.4569052457809448,-2.288116455078125,1.854334115982056,0.3751466870307922,0.399324506521225,0.4235023558139801,0.0483556613326072,22.27689743041992,120.87505,24.6477,1208_273
0.0721259042620658,0.5156802535057068,-1.7472336292266846,0.1090608164668083,0.1933983117341995,-1.5186253786087036,0.0322493314743042,0.812044084072113,2.783851623535156,-6.264563083648682,2.501704692840576,0.0501714162528514,2.415785074234009,0.6368910074234009,-18.28374671936035,-1.517328858375549,0.6367395520210266,-12.019184112548828,0.5865681767463684,-0.8952707052230835,3,3.622556447982788,16.67483901977539,368.0,43.419960021972656,168.43553161621094,293.4511108398437,0.0322195366024971,0.5375721454620361,-2.236649990081787,11.04883861541748,0.2714203000068664,0.3231411278247833,0.3748619556427002,0.1034416556358337,20.29739570617676,120.85647,24.36175,1208_270
0.0797802880406379,0.4831295609474182,-2.424612283706665,0.0743492767214775,0.180814042687416,-2.32950210571289,0.0573582611978054,0.7444766759872437,-2.4310619831085205,-6.355072021484375,2.754585027694702,-0.5070914626121521,2.483126640319824,0.5997774004936218,-16.348499298095703,-2.628536939620972,0.8965659737586975,-9.993426322937012,1.4036574363708496,-0.9902121424674988,3,3.307905673980713,17.74378204345703,250.0,55.961307525634766,205.4072723388672,354.8532409667969,0.0635392889380455,0.4726620018482208,-2.6150031089782715,11.1415376663208,0.3272016644477844,0.3681124448776245,0.4090232253074646,0.0818215832114219,21.051687240600582,120.56713,23.56488,1205_261
0.1196215748786926,0.3614411354064941,-2.835178136825561,0.0834129899740219,0.0703682228922844,-2.579378843307495,0.1642209738492965,0.654548704624176,2.893296003341675,-6.094909191131592,2.677067756652832,0.0686663091182708,2.4924750328063965,0.669671356678009,-15.546862602233888,-1.419550895690918,0.490676611661911,-9.451952934265137,0.4220103025436401,0.99322909116745,3,3.130266666412353,18.323156356811523,187.0,53.406494140625,200.52294921875,347.639404296875,0.1300238519906997,0.4000870883464813,-2.9203569889068604,10.15398406982422,0.3256750404834747,0.3720595836639404,0.4184441268444061,0.0927691012620925,21.45342254638672,120.48884,23.22218,1204_258
0.0833325833082199,0.5227933526039124,-2.9559242725372314,0.0669277012348175,0.2399315983057022,-2.9628562927246094,0.0891527831554412,0.766873300075531,-2.924158811569214,-5.772424697875977,2.823447227478028,0.5647361278533936,2.397603750228882,0.6112271547317505,-17.38429069519043,-2.1216859817504883,0.6431695818901062,-11.611865043640137,0.078433446586132,0.9195896983146667,3,3.472304582595825,17.327836990356445,236.0,53.92553329467773,168.3818359375,282.8381652832031,0.0848364233970642,0.5255274772644043,-3.013213634490967,17.516738891601562,0.2854683697223663,0.3272043764591217,0.3689404129981994,0.0834720283746719,20.800142288208008,120.75797,23.92699,1207_265
0.0845251679420471,0.4817131161689758,-2.2489867210388184,0.0651289969682693,0.1988915205001831,-2.079991340637207,0.0813784599304199,0.7575230598449707,-2.461741209030152,-5.283461570739746,2.635777473449707,0.515188992023468,2.47151255607605,0.8685495853424072,-14.009559631347656,-1.6542783975601196,1.325218677520752,-8.72609806060791,0.8100297451019287,-0.8736574649810791,3,3.6836612224578857,19.071422576904297,72.0,79.35621643066406,142.66598510742188,205.97576904296875,0.0901080295443534,0.5200252532958984,-2.457048177719116,12.950242042541504,0.386377602815628,0.399432510137558,0.4124874174594879,0.0261098016053438,22.75508499145508,120.72969,24.51265,1207_272
0.0950594395399093,0.5471949577331543,-3.0974745750427246,0.0789713263511657,0.2437402307987213,-3.1270434856414795,0.0998253747820854,0.7895156741142273,-2.852572202682495,-5.700283050537109,2.405475854873657,0.4702605903148651,2.7166364192962646,0.6302090883255005,-11.181048393249512,-1.073338747024536,0.5702457427978516,-5.480764865875244,0.0999851748347282,0.980400323867798,3,3.3899173736572266,17.43638801574707,480.0,59.422245025634766,172.86642456054688,286.31060791015625,0.1040382906794548,0.5891219973564148,3.045545816421509,27.762924194335938,0.3654010593891144,0.3969783186912536,0.4285556077957153,0.0631545633077621,20.826305389404297,120.86689,23.99071,1208_266
0.0752845779061317,0.5294924378395081,3.117539405822754,0.0590691119432449,0.2423060685396194,-3.135093927383423,0.095110110938549,0.8028725385665894,3.120255470275879,-6.421590328216553,2.4104104042053223,-1.0339232683181765,2.8929636478424072,0.2051308751106262,-10.723118782043455,-2.563148021697998,0.1121566221117973,-4.301528453826904,1.1460798978805542,0.7960980534553528,3,2.810887098312378,17.49132537841797,614.0,65.46480560302734,219.4438323974609,373.4228820800781,0.0845198556780815,0.5751335620880127,2.941706657409668,15.976289749145508,0.3867454528808594,0.4197625815868377,0.4527797102928161,0.0660342648625373,20.30221176147461,120.73174,23.13968,1207_257
0.0658850371837616,0.5396868586540222,-2.467003583908081,0.0607537999749183,0.2469523102045059,-2.3118045330047607,0.040926095098257,0.7825167775154114,-2.6431117057800293,-6.799438953399658,2.726979970932007,-0.08323435485363,2.905890226364136,0.979678511619568,-11.293951034545898,-1.7310364246368408,1.3732264041900637,-4.494512557983398,1.45646071434021,-0.9843395352363586,3,3.2297303676605225,15.121302604675291,1500.0,67.48041534423828,178.4970245361328,289.5136413574219,0.0622453689575195,0.5633113384246826,-2.949082374572754,44.828269958496094,0.315464437007904,0.3457054793834686,0.3759465217590332,0.0604820698499679,18.35103416442871,121.13467,24.564,1211_272
0.0910267904400825,0.4056727588176727,-2.938140153884888,0.0812970399856567,0.1473560929298401,-2.798358678817749,0.0987993851304054,0.6495499014854431,2.8886542320251465,-6.005750179290772,2.3179893493652344,-0.747926652431488,2.6092917919158936,0.457439124584198,-13.058584213256836,-0.3590579032897949,-0.0883833393454551,-7.0528340339660645,0.6595432758331299,-0.1831693798303604,3,4.05863094329834,19.14146423339844,88.0,71.04948425292969,129.05300903320312,187.0565185546875,0.0931906998157501,0.4479723572731018,-3.0571138858795166,12.044144630432127,0.3049240410327911,0.3294205665588379,0.3539170920848846,0.0489930361509323,23.200096130371094,120.57714,24.06663,1205_267
0.0411651022732257,0.5644465088844299,2.594280242919922,0.0337423905730247,0.2967299818992615,2.323870182037353,0.0548684671521186,0.8124229311943054,-2.644897699356079,-5.972733497619629,2.454670190811157,-0.3368306756019592,2.8259127140045166,0.1294563114643097,-10.484370231628418,-1.239696979522705,0.0219762045890092,-4.511636257171631,0.3588068783283233,-0.0220333002507686,3,3.507887363433838,17.99248695373535,148.0,74.3500747680664,142.27919006347656,210.2082977294922,0.046541228890419,0.61625736951828,2.9545586109161377,25.932655334472656,0.3813820481300354,0.3820435404777527,0.3827050328254699,0.0013229865580797,21.50037384033203,121.29764,24.88043,1212_276
0.0485726185142993,0.5158911347389221,2.987537145614624,0.0344274267554283,0.2023154199123382,2.98437237739563,0.034092541784048,0.7817369103431702,2.501720666885376,-6.041438579559326,2.895643472671509,0.1474453657865524,2.765611410140991,0.6268067359924316,-11.338809967041016,-2.664993524551392,0.833936333656311,-5.2973713874816895,0.6864909529685974,0.9843819737434388,3,3.4996252059936523,15.748254776000977,679.0,45.55721664428711,184.05142211914065,322.5456237792969,0.0575691238045692,0.5332848429679871,2.4973015785217285,13.000319480895996,0.2716042697429657,0.3226505815982818,0.373696893453598,0.1020926162600517,19.247880935668945,120.90883,24.28688,1209_269
0.1071673557162284,0.4968430399894714,-2.5267767906188965,0.0926976650953292,0.2278933525085449,-2.5301575660705566,0.0701290518045425,0.7703902721405029,-2.481689453125,-5.802743434906006,2.7216596603393555,-0.1105715706944465,2.434459686279297,0.2672220170497894,-16.37135887145996,-2.511577844619751,0.1429366916418075,-10.568615913391112,0.2535082697868347,0.9020887613296508,3,3.489329099655152,17.53377914428711,283.0,57.757659912109375,174.90133666992188,292.0450134277344,0.0741890743374824,0.5394468903541565,-2.6347501277923584,22.94655036926269,0.3419527411460876,0.384996086359024,0.428039401769638,0.0860866382718086,21.02310943603516,120.76872,24.34302,1207_270
0.0324248783290386,0.5495131015777588,-1.410268783569336,0.0163015574216842,0.2604185342788696,-1.2535650730133057,0.0187241546809673,0.7877050042152405,-1.6399210691452026,-5.996984481811523,2.7122528553009038,-0.4643818438053131,2.5133166313171387,0.5794997811317444,-14.914082527160645,2.593043327331543,0.1909916996955871,-8.917098045349121,0.6553735733032227,-0.2248325496912002,3,3.2297303676605225,15.121302604675291,1015.0,67.48041534423828,178.4970245361328,289.5136413574219,0.0241148676723241,0.5510391592979431,-3.006178617477417,20.06291961669922,0.315464437007904,0.3457054793834686,0.3759465217590332,0.0604820698499679,18.35103416442871,121.14497,24.6206,1211_273
0.103242814540863,0.4778743982315063,-2.321748733520508,0.090787872672081,0.1953152120113372,-2.165607452392578,0.1331341564655304,0.7291783690452576,-2.388624906539917,-6.2088727951049805,2.131638288497925,0.1442211121320724,2.56851863861084,1.1949801445007324,-14.323654174804688,-1.97453773021698,1.6571427583694458,-8.114781379699707,1.512921690940857,-0.8424766063690186,3,3.475185871124268,19.071674346923828,91.0,57.33665466308594,184.8936004638672,312.4505310058594,0.1178231462836265,0.5167713165283203,-2.383018970489502,11.924354553222656,0.3225462734699249,0.3646931648254394,0.406840056180954,0.0842937901616096,22.546859741210938,120.44515,23.22969,1204_258
0.0692203268408775,0.4879324734210968,-2.220568418502808,0.0486428700387477,0.1894141584634781,-2.325214385986328,0.0769543200731277,0.7896971106529236,-1.777671456336975,-5.826579570770264,2.8310842514038086,-0.6490509510040283,2.5524649620056152,0.4493811726570129,-13.49809741973877,-0.0249607786536216,-0.0977328568696975,-7.671517848968506,0.5513181090354919,-0.1668837070465088,3,3.2247886657714844,18.84999656677246,230.0,122.95281219482422,165.93994140625,208.9270782470703,0.0542211942374706,0.5441341400146484,-1.8934191465377808,3.5845589637756348,0.3678008019924164,0.3444279730319977,0.321055144071579,-0.0467456541955471,22.074785232543945,121.63747,25.10434,1216_278
0.0613978952169418,0.5428194403648376,-2.293715715408325,0.0583874844014644,0.2421776503324508,-2.050851345062256,0.056839857250452,0.7997341752052307,-2.421778917312622,-6.437767505645752,2.8282196521759038,0.2617701888084411,2.497816324234009,0.4193175137042999,-16.220155715942383,-2.580418348312378,0.5723217129707336,-9.782387733459473,0.3105515539646148,0.8268021941184998,3,3.633659839630127,18.12575912475586,206.0,58.33971786499024,158.65438842773438,258.96905517578125,0.0561083517968654,0.5602687001228333,-2.594261646270752,17.23904037475586,0.3859069049358368,0.4172644019126892,0.4486218988895416,0.0627149790525436,21.759418487548828,120.81574,24.44567,1208_271
0.0376118421554565,0.5366581082344055,-3.109443426132202,0.0309180244803428,0.237013503909111,-3.0359857082366943,0.053327240049839,0.7679263353347778,3.093285322189331,-6.075875282287598,2.820669412612915,1.471351146697998,2.665367126464844,1.1081442832946775,-12.431403160095217,-1.7923312187194824,1.553197741508484,-6.355528354644775,0.0818465575575828,-0.9742120504379272,3,3.633659839630127,18.12575912475586,411.0,58.33971786499024,158.65438842773438,258.96905517578125,0.0577552691102027,0.5462348461151123,3.0158803462982178,19.03848648071289,0.3859069049358368,0.4172644019126892,0.4486218988895416,0.0627149790525436,21.759418487548828,120.82213,24.36053,1208_270
0.021124493330717,0.5112378001213074,2.510626554489136,0.0042059901170432,0.2023464739322662,0.4377608895301819,0.038861233741045,0.7753831744194031,3.109893321990967,-6.090211391448975,2.879658460617065,-1.13112473487854,4.384762287139893,0.1848281770944595,-5.776966094970703,-2.340995073318481,0.1517604738473892,0.3132449686527252,1.2828853130340576,-0.8919086456298828,3,3.440337419509888,13.720617294311523,730.0,57.51066207885742,171.33946228027344,285.1682434082031,0.048231616616249,0.5753461122512817,2.62532901763916,31.464305877685547,0.3040823638439178,0.3409730792045593,0.3778637647628784,0.0737814009189605,17.16095542907715,120.96102,24.36309,1209_270
0.0939880236983299,0.5814825296401978,-2.994506359100342,0.085377387702465,0.3028572201728821,3.116921186447144,0.0844288617372512,0.8210175633430481,-2.7357840538024902,-5.7709503173828125,2.6203315258026123,-1.2230453491210938,2.6656301021575928,0.300347626209259,-11.819987297058104,1.5237351655960083,-0.4495009183883667,-6.049036502838135,0.7735443711280823,0.0731265991926193,3,2.4604251384735107,20.19606208801269,313.0,272.51141357421875,326.191650390625,379.8719177246094,0.0659069493412971,0.5815847516059875,-3.062331199645996,20.22177505493164,0.4120537042617798,0.3917125463485718,0.3713713884353637,-0.040682315826416,22.65648651123047,121.15727,22.88075,1211_254
0.0306802969425916,0.6605522036552429,2.3918910026550293,0.0384334586560726,0.3825182020664215,2.072740316390991,0.0219404175877571,0.8543492555618286,-2.7222440242767334,-5.848346710205078,2.7263660430908203,-0.6091213822364807,2.405754327774048,0.2962138056755066,-17.49730110168457,-1.4330283403396606,0.3948052227497101,-11.648954391479492,1.0039266347885132,0.7713104486465454,3,3.507887363433838,17.99248695373535,114.0,74.3500747680664,142.27919006347656,210.2082977294922,0.0341023877263069,0.648957371711731,2.402524948120117,20.613508224487305,0.3813820481300354,0.3820435404777527,0.3827050328254699,0.0013229865580797,21.50037384033203,121.2774,24.88917,1212_276
0.0218488052487373,0.6221365332603455,3.036772489547729,0.0255399402230978,0.3297623097896576,2.5627682209014893,0.0172355528920888,0.8441342711448669,-2.822840452194214,-6.035506725311279,2.6456727981567383,-0.2648192048072815,2.474759578704834,0.2326347529888153,-15.904833793640137,-0.1211660280823707,-0.1699341088533401,-9.8693265914917,0.0948850959539413,0.5232074856758118,3,2.304800033569336,19.95147705078125,210.0,469.141845703125,447.2096862792969,425.2774963378906,0.0253750588744878,0.5860368609428406,2.085289239883423,12.044970512390137,0.4164982438087463,0.3970215022563934,0.3775447309017181,-0.0389535054564476,22.256277084350582,121.36527,23.39369,1213_259
0.0582113936543464,0.5503518581390381,-2.3091976642608643,0.0430539697408676,0.2536679804325104,-2.111191511154175,0.0537263713777065,0.81231290102005,-2.5639116764068604,-5.401947975158691,2.6882009506225586,-0.8515686392784119,2.302910089492798,0.8039681315422058,-20.57316780090332,-0.2034958153963089,-0.4983789920806885,-15.171219825744627,0.3531896471977234,0.0578664690256118,3,3.139757871627808,16.75804328918457,300.0,89.64180755615234,187.15087890625,284.6599426269531,0.0598141811788082,0.5934081077575684,-2.5601847171783447,18.74015235900879,0.3587158322334289,0.370412528514862,0.3821092247962951,0.0233933795243501,19.89780044555664,121.30849,24.82283,1213_275
0.0516730807721614,0.575934648513794,-3.0242345333099365,0.042486660182476,0.2943054735660553,-2.946038007736206,0.0617765672504901,0.8082831501960754,-2.957724332809448,-6.070916175842285,3.108395338058472,1.0726197957992554,2.4174718856811523,0.8964639902114868,-17.573213577270508,-1.4697948694229126,1.0696038007736206,-11.502297401428224,-0.003015945199877,-0.4489611685276031,3,3.3375635147094727,18.96676254272461,69.0,82.15528869628906,145.36007690429688,208.5648498535156,0.05300934612751,0.5666351318359375,2.9598164558410645,27.28933525085449,0.3495785295963287,0.3447506427764892,0.3399227261543274,-0.0096557987853884,22.3043270111084,121.37879,24.96395,1213_277
0.0590658113360405,0.5222418904304504,-2.393134117126465,0.0609129890799522,0.2137385904788971,-2.424851655960083,0.0435919649899005,0.7759456038475037,-2.578310966491699,-4.596147537231445,2.6788644790649414,0.2071214616298675,2.5078604221343994,0.3758892714977264,-11.56672477722168,-1.5766055583953855,0.7430789470672607,-6.970577716827393,0.5359575152397156,-0.99591863155365,3,3.390674352645874,17.48227310180664,510.0,63.73433303833008,169.23553466796875,274.7367248535156,0.0576862208545208,0.5548547506332397,-2.757568359375,20.50609397888184,0.3484990894794464,0.3882829546928406,0.4280667901039123,0.0795676857233047,20.872947692871094,120.8208,24.16547,1208_268
0.2202809751033783,0.4600523710250854,-3.086193084716797,0.1904607862234115,0.174528881907463,-2.9846906661987305,0.1641522943973541,0.7286784052848816,3.073354721069336,-5.7965989112854,2.9438469409942627,0.1208976060152053,2.429030656814575,0.141233429312706,-16.452594757080078,-1.824631690979004,0.4355156421661377,-10.655996322631836,0.3146180212497711,0.9252955317497252,3,3.2455151081085205,19.396120071411133,108.0,45.309226989746094,186.3233337402344,327.33746337890625,0.1586088836193084,0.4929077327251434,3.121376037597656,7.594735145568848,0.2840933203697204,0.3382332324981689,0.3923731446266174,0.1082798317074775,22.64163589477539,120.4568,22.86197,1204_254
0.0607089400291442,0.5620629787445068,2.9577462673187256,0.059289701282978,0.2727388143539428,3.100684881210327,0.0503420829772949,0.7887256741523743,2.6130831241607666,-5.608141899108887,2.746274709701538,-0.2697290778160095,2.455876588821411,0.6091246008872986,-15.341622352600098,-2.147595167160034,0.7588319778442383,-9.733480453491213,1.028560996055603,-0.9232363104820251,3,3.4101309776306152,17.584089279174805,869.0,64.46174621582031,158.90371704101562,253.345703125,0.0620656237006187,0.5725530385971069,2.761803388595581,14.19886589050293,0.28717902302742,0.3273383975028991,0.3674977421760559,0.0803187191486358,20.994220733642575,120.8344,24.12272,1208_268
0.0595831871032714,0.5566967129707336,3.082223415374756,0.0532937012612819,0.2478917688131332,-2.916425466537476,0.0554167628288269,0.8390446901321411,2.7440414428710938,-6.117788314819336,2.831880569458008,-0.744990885257721,2.8922042846679688,0.3925449252128601,-10.229665756225586,0.1136829778552055,-0.3475713729858398,-4.111876964569092,0.3974195122718811,-0.2676557600498199,3,3.084095001220703,13.540885925292969,982.0,60.66347885131836,202.18218994140625,343.7008972167969,0.0715856328606605,0.6245594620704651,2.8513474464416504,32.25831985473633,0.3609996736049652,0.4072262644767761,0.4534528851509094,0.0924532115459442,16.624980926513672,120.76662,23.58214,1207_262
0.0143326614052057,0.6075107455253601,3.0084619522094727,0.0184739641845226,0.306056410074234,2.137862205505371,0.0198674425482749,0.8545552492141724,-2.185359001159668,-6.530574321746826,3.1044013500213623,-0.293712854385376,2.4074835777282715,0.4411775767803192,-19.435531616210938,-2.8219776153564453,0.2325153052806854,-12.904955863952637,0.526228129863739,0.171382188796997,3,3.2394375801086426,11.319122314453123,1182.0,89.87744903564453,178.81129455566406,267.7451477050781,0.015772957354784,0.6036018133163452,2.7319085597991943,29.918169021606445,0.360202431678772,0.3669494688510895,0.373696506023407,0.013494074344635,14.55855941772461,121.16776,24.0364,1211_267
0.0597229152917861,0.4834180176258087,-2.141862154006958,0.0473376139998436,0.2106340080499649,-2.051138162612915,0.0780250951647758,0.7436152100563049,-2.1823761463165283,-6.122461795806885,2.7423112392425537,-0.2896814942359924,2.5474112033843994,0.3633216023445129,-14.435957908630373,-2.3401668071746826,0.3136990964412689,-8.313496589660645,0.603380560874939,0.4503425657749176,3,3.312476873397827,19.258201599121094,35.0,68.66063690185547,200.98252868652344,333.3044128417969,0.0712747573852539,0.5378313064575195,-2.046720504760742,2.957632064819336,0.3861434757709503,0.4202443361282348,0.4543451964855194,0.0682017132639885,22.5706787109375,120.43331,23.37827,1204_259
0.1421032845973968,0.4277571439743042,-3.068514823913574,0.1037226915359497,0.1439940184354782,-3.091057300567627,0.0970997735857963,0.7365983724594116,3.1226963996887207,-6.203821182250977,2.710254907608032,-0.460625946521759,2.5537798404693604,0.2429500818252563,-14.439632415771484,-1.280771017074585,0.1941300481557846,-8.235811233520508,0.6547560095787048,-0.9194766879081726,3,3.472304582595825,17.327836990356445,249.0,53.92553329467773,168.3818359375,282.8381652832031,0.1071827486157417,0.4669711887836456,3.086057662963867,18.11819839477539,0.2854683697223663,0.3272043764591217,0.3689404129981994,0.0834720283746719,20.800142288208008,120.76268,23.85917,1207_265
0.0569201856851577,0.5658059120178223,2.5208535194396973,0.0529300309717655,0.2914409339427948,2.360618829727173,0.050406664609909,0.7812844514846802,3.072065830230713,-6.457209587097168,3.4413833618164062,0.4728761911392212,2.7711880207061768,0.5483493208885193,-11.859631538391112,-1.1616569757461548,0.5971198081970215,-5.402421951293945,0.1242436468601226,0.99307119846344,3,3.722911834716797,19.798412322998047,66.0,46.478851318359375,172.9737091064453,299.46856689453125,0.0570724457502365,0.5655186176300049,2.723116159439087,15.295811653137209,0.2464741617441177,0.3014064729213714,0.3563387989997864,0.109864629805088,23.52132225036621,120.40985,22.84503,1204_253
0.0223068818449974,0.5746721029281616,-1.630853533744812,0.0026315471623092,0.2856115400791168,1.3700109720230105,0.0336997620761394,0.8315786719322205,-1.7419987916946411,-5.705397129058838,2.453355550765991,0.4075899422168731,2.4584662914276123,0.5401434302330017,-15.418275833129885,-0.97857928276062,0.2590046525001526,-9.712878227233888,-0.1485853046178817,1.0,3,2.1498255729675293,18.3779411315918,263.0,330.52911376953125,359.7372741699219,388.9454040527344,0.001719229388982,0.5952900052070618,-3.0050220489501958,19.602388381958008,0.414887011051178,0.3971877098083496,0.3794883787631988,-0.0353986173868179,20.52776527404785,121.31298,23.25072,1213_258
0.1084712371230125,0.4815678000450134,-2.5213842391967773,0.1060285493731498,0.1624040901660919,-2.332113265991211,0.0811469331383705,0.7931036949157715,-2.904785394668579,-5.593301773071289,3.1111299991607666,-0.4800470471382141,2.411621570587158,0.2793048322200775,-16.524791717529297,-0.5793150663375854,0.0159995760768651,-10.931488990783691,0.496046632528305,0.5570189952850342,3,3.3899173736572266,17.43638801574707,528.0,59.422245025634766,172.86642456054688,286.31060791015625,0.0851393938064575,0.5571272373199463,-2.704599142074585,15.853666305541992,0.3654010593891144,0.3969783186912536,0.4285556077957153,0.0631545633077621,20.826305389404297,120.92807,24.00275,1209_266
0.0796284675598144,0.5559110641479492,-2.2473695278167725,0.0564907379448413,0.290499746799469,-2.519286155700684,0.0723583772778511,0.8029056191444397,-1.7584643363952637,-6.8113789558410645,2.609309196472168,0.2211931645870208,2.7676303386688232,0.391498863697052,-12.462746620178224,0.3168829977512359,-0.2099446505308151,-5.651367664337158,-0.4311378002166748,0.9843819737434388,3,3.7005341053009033,18.395124435424805,79.0,93.43971252441406,135.31130981445312,177.18289184570312,0.0432114452123642,0.5737631320953369,-2.0549490451812744,7.142548561096191,0.3543336391448974,0.3337959945201874,0.3132583796977997,-0.0410752594470977,22.095659255981445,121.53635,25.27543,1215_280
0.0408407337963581,0.5482550263404846,-2.476722240447998,0.0398552902042865,0.2396912723779678,-2.2978880405426025,0.0236115846782922,0.808218777179718,-2.405045747756958,-5.713467121124268,2.6358368396759038,-0.4142893552780151,2.47230863571167,0.3765227496623993,-15.105036735534668,-1.6427136659622192,0.3755781352519989,-9.39157009124756,0.7898675203323364,-0.5963962078094482,3,3.761698484420776,17.27412986755371,198.0,49.22698974609375,146.16769409179688,243.10841369628903,0.0313094854354858,0.5627900958061218,-2.701719045639038,17.33395004272461,0.2613536715507507,0.3059214651584625,0.3504892587661743,0.0891355946660041,21.03582763671875,120.85031,24.50588,1208_272
0.0164724253118038,0.5299314856529236,3.1397199630737305,0.0328950136899948,0.2325709015130996,-2.695225477218628,0.0501130335032939,0.755551278591156,0.4009000957012176,-6.796110153198242,2.828488826751709,0.4178724586963653,2.608241081237793,0.6871134638786316,-14.779800415039062,-2.7701878547668457,0.997239112854004,-7.98369026184082,0.5793666243553162,0.8358399271965027,3,3.5463650226593018,14.9248628616333,1203.0,58.24824523925781,156.75405883789062,255.25987243652344,0.0065424866043031,0.5313641428947449,2.547338962554932,15.034697532653809,0.2951065003871918,0.329371303319931,0.3636361062526703,0.0685296058654785,18.471227645874023,120.96286,24.47962,1209_271
0.0250835828483104,0.5906540751457214,-2.1124379634857178,0.0321930311620235,0.3476940989494324,2.468663692474365,0.0569977164268493,0.8267111778259277,-1.3230247497558594,-6.141016960144043,2.615219831466675,-0.7241398096084595,2.457983493804932,0.3026562929153442,-16.577268600463867,-0.178529679775238,-0.2565734684467315,-10.43625259399414,0.4675663113594055,-0.7203521132469177,3,2.1364450454711914,16.600730895996094,302.0,160.01002502441406,269.4100646972656,378.81005859375,0.0188182517886161,0.6056138277053833,-1.5380234718322754,20.23601531982422,0.3945161402225494,0.3951852321624756,0.3958543241024017,0.0013382064644247,18.73717498779297,121.64638,24.75187,1216_275
0.0550095774233341,0.4816887080669403,-2.356985330581665,0.0465135611593723,0.2582293450832367,-2.437758207321167,0.0522308982908725,0.7940143942832947,-2.190149068832397,-5.9501166343688965,2.6040163040161133,0.0729292407631874,2.428250789642334,0.237351506948471,-17.016904830932617,0.3424797058105469,-0.1068566888570785,-11.066787719726562,-0.1797859370708465,-0.8925319314002991,3,3.043546199798584,18.699539184570312,41.0,181.1603546142578,212.2261505126953,243.2919464111328,0.036697007715702,0.4894314706325531,-2.9394843578338623,21.52207374572754,0.3919804096221924,0.3734546899795532,0.354928970336914,-0.0370514281094074,21.74308586120605,121.87266,25.02413,1218_278
0.0384208932518959,0.670462429523468,3.0719780921936035,0.033786118030548,0.3802448213100433,2.8212921619415283,0.035116609185934,0.8693246245384216,-2.797656774520874,-6.056640625,2.753026962280273,0.3382030129432678,2.4336581230163574,0.3636523783206939,-17.088468551635742,-1.30573308467865,0.2629345059394836,-11.03182888031006,-0.0752684995532035,0.6724955439567566,3,2.2376880645751958,18.049280166625977,838.0,225.12164306640625,292.3650207519531,359.6083984375,0.0430969111621379,0.6362243294715881,2.640324831008911,13.95644187927246,0.4098894298076629,0.3967747986316681,0.3836601376533508,-0.0262293089181184,20.28696823120117,121.15997,23.11042,1211_256
0.0498020201921463,0.476010799407959,-2.628267526626587,0.0488942936062812,0.1728791743516922,-1.958730936050415,0.0607599094510078,0.786484956741333,2.9219231605529785,-5.985503196716309,3.0491178035736084,0.1434443891048431,2.3518435955047607,0.3228512108325958,-20.016036987304688,2.5971477031707764,-0.0441275276243686,-14.030532836914062,-0.1875719130039215,-0.3788748979568481,3,3.622556447982788,16.67483901977539,721.0,43.419960021972656,168.43553161621094,293.4511108398437,0.0561744384467601,0.5722042322158813,3.0012669563293457,16.2127742767334,0.2714203000068664,0.3231411278247833,0.3748619556427002,0.1034416556358337,20.29739570617676,120.91431,24.38371,1209_270
0.032603919506073,0.548352062702179,2.72101092338562,0.0259910356253385,0.300821989774704,2.7500240802764893,0.0283694732934236,0.7370883822441101,2.0969905853271484,-6.929859161376953,2.991898536682129,-0.1207492873072624,2.6659975051879883,0.8456448316574097,-14.053183555603027,-1.698810338973999,0.8516251444816589,-7.123323917388916,0.972374439239502,0.9451634287834167,3,3.633659839630127,18.12575912475586,394.0,58.33971786499024,158.65438842773438,258.96905517578125,0.0492029041051864,0.5462225079536438,2.2324769496917725,7.112558841705322,0.3859069049358368,0.4172644019126892,0.4486218988895416,0.0627149790525436,21.759418487548828,120.75428,24.41339,1207_271
0.0375714413821697,0.5896539688110352,2.130908489227295,0.0372297801077365,0.3128133118152618,1.657019019126892,0.056387148797512,0.8089016079902649,2.6282403469085693,-6.753350734710693,2.477583408355713,-0.2770527005195617,2.543151378631592,0.3326570689678192,-15.967985153198242,-1.5583161115646362,0.5506321787834167,-9.21463394165039,0.8276848793029785,0.8213096857070923,3,3.622556447982788,16.67483901977539,412.0,43.419960021972656,168.43553161621094,293.4511108398437,0.057554192841053,0.6039289832115173,2.380589485168457,17.238037109375,0.2714203000068664,0.3231411278247833,0.3748619556427002,0.1034416556358337,20.29739570617676,120.87969,24.37949,1208_270
0.1261221021413803,0.4881699085235595,3.132465362548828,0.1004095375537872,0.2023569345474243,3.113130807876587,0.1068555191159248,0.6725047826766968,-2.921088457107544,-8.359212875366211,3.122364282608032,0.3358843028545379,2.8212037086486816,0.5277025699615479,-14.578659057617188,-2.622314929962158,0.9935470819473268,-6.219446659088135,0.6576628088951111,0.7089947462081909,3,3.4827606678009038,19.1938533782959,74.0,54.204925537109375,183.6466522216797,313.08837890625,0.0673104748129844,0.4448201656341553,3.0888168811798096,3.838839054107666,0.2747484147548675,0.3243363797664642,0.3739243447780609,0.0991759225726127,22.67661476135254,120.41218,23.12132,1204_256
0.0882232338190078,0.5157319903373718,-3.118492364883423,0.0750168040394783,0.244482159614563,-3.112250328063965,0.083021730184555,0.7678151726722717,-2.8614747524261475,-6.088536739349365,2.5422935485839844,0.080792598426342,2.4945857524871826,1.0019781589508057,-15.436036109924316,-0.5946290493011475,0.0532526969909668,-9.347498893737791,-0.0275399014353752,0.2299695014953613,3,3.5249390602111816,18.76150703430176,175.0,53.90999221801758,170.3107147216797,286.71142578125,0.0829205065965652,0.5253775119781494,-3.1122443675994877,10.289411544799805,0.3140448331832886,0.3489052653312683,0.3837656676769256,0.0697208270430564,22.28644561767578,120.60811,23.6617,1206_262
0.0340922959148883,0.5946143865585327,-2.07129454612732,0.019049447029829,0.3127432763576507,-2.6409289836883545,0.0497472696006298,0.8159259557723999,-1.3431143760681152,-6.109527111053467,2.631748676300049,-0.6094825267791748,2.603496789932251,0.686677873134613,-13.316988945007324,-0.3976677656173706,-0.2285766750574112,-7.207461357116699,0.3809058368206024,-0.9885634779930116,3,2.4604251384735107,20.19606208801269,392.0,272.51141357421875,326.191650390625,379.8719177246094,0.0153858792036771,0.6003691554069519,-1.1549665927886963,11.69262409210205,0.4120537042617798,0.3917125463485718,0.3713713884353637,-0.040682315826416,22.65648651123047,121.23341,22.93968,1212_254
0.0459678694605827,0.5426986813545227,-2.420872688293457,0.0316356569528579,0.2528350949287414,-2.0076346397399902,0.0775828436017036,0.7828274965286255,-2.56129789352417,-6.226780891418457,2.700744152069092,0.0869056582450866,2.8789939880371094,0.6608457565307617,-10.530722618103027,-1.2330387830734253,0.4901508092880249,-4.30394172668457,0.4032451510429382,-0.4650313258171081,3,3.851844072341919,18.534385681152344,80.0,54.87374114990234,129.14141845703125,203.4091033935547,0.0567793548107147,0.5671676993370056,-2.7322263717651367,12.881717681884766,0.3807213604450226,0.3965135216712951,0.4123056530952453,0.0315843001008033,22.386228561401367,120.96416,24.74494,1209_274
0.1125515773892402,0.448870986700058,-2.359835386276245,0.1031805947422981,0.1547007411718368,-2.18494200706482,0.0837727934122085,0.7711718678474426,-2.784165859222412,-5.706416130065918,2.572283744812012,-0.2404281944036483,2.5821726322174072,0.5622754693031311,-12.827140808105469,-1.1587255001068115,0.4861240684986114,-7.120724678039551,0.7265522480010986,-0.4002598822116852,3,2.976447820663452,18.634151458740234,307.0,46.68815612792969,208.61204528808597,370.5359497070313,0.1138353943824768,0.4810729324817657,-2.4418342113494877,14.290982246398926,0.3631727695465088,0.4080788791179657,0.452985018491745,0.0898122489452362,21.610599517822266,120.59899,23.08836,1205_256
0.0119672110304236,0.5606220364570618,-2.7435526847839355,0.0029758303426206,0.2478612214326858,-1.5108463764190674,0.0165499579161405,0.8116052746772766,-2.7495572566986084,-6.442808628082275,2.525100946426392,-0.6522583961486816,2.904970169067383,0.7719411849975586,-10.700852394104004,-1.1455397605895996,0.3337244093418121,-4.25804328918457,0.9859828352928162,0.4931771457195282,3,3.7555224895477295,18.486316680908203,285.0,60.29365158081055,140.9459991455078,221.59835815429688,0.0338088497519493,0.611696720123291,3.056884765625,31.940967559814453,0.3491438627243042,0.3773747384548187,0.4056056141853332,0.056461751461029,22.241840362548828,120.83274,24.4555,1208_271
0.0521534271538257,0.5053855180740356,-2.360870122909546,0.0316446237266063,0.2376983165740966,-2.798389673233032,0.0503993742167949,0.7749324440956116,-1.7110450267791748,-5.760717391967773,2.722740650177002,-0.108680821955204,2.473771572113037,0.4624804556369781,-15.098089218139648,2.7534756660461426,0.2050454020500183,-9.337371826171877,0.3137262165546417,-0.958068549633026,3,2.884164571762085,18.43539047241211,234.0,157.74215698242188,201.9916839599609,246.2412109375,0.0295784045010805,0.5132478475570679,-2.226613759994507,10.293582916259766,0.3841102421283722,0.3632411956787109,0.3423721492290497,-0.0417381189763546,21.319555282592773,121.73529,25.03076,1217_278
0.0491985082626342,0.4995488822460174,3.0826756954193115,0.0403869971632957,0.2156201899051666,-2.702215671539306,0.0445515289902687,0.7833681106567383,-3.087521314620972,-5.43006706237793,3.140214443206787,-0.5239973068237305,2.354109287261963,0.3000927865505218,-18.173480987548828,-0.8179337978363037,0.2194813042879104,-12.743414878845217,0.7434785962104797,0.4144996404647827,3,3.139757871627808,16.75804328918457,354.0,89.64180755615234,187.15087890625,284.6599426269531,0.0424925796687603,0.5537965297698975,2.749551296234131,14.709497451782228,0.3587158322334289,0.370412528514862,0.3821092247962951,0.0233933795243501,19.89780044555664,121.333,24.84015,1213_276
0.1100391298532486,0.4273276031017303,-2.702919006347656,0.1055999398231506,0.1543292254209518,-2.5686676502227783,0.0554616190493106,0.751729428768158,3.135514974594116,-6.46052885055542,2.7798352241516118,0.0682076588273048,2.628568172454834,0.7292729616165161,-13.617122650146484,-2.316412210464477,1.1368883848190308,-7.1565937995910645,1.068680763244629,-0.6377183198928833,3,3.307905673980713,17.74378204345703,319.0,55.961307525634766,205.4072723388672,354.8532409667969,0.0658022910356521,0.5073087811470032,3.049973726272583,5.526471138000488,0.3272016644477844,0.3681124448776245,0.4090232253074646,0.0818215832114219,21.051687240600582,120.64854,23.64565,1206_262
0.0696808472275734,0.375933974981308,-2.0745699405670166,0.0533783212304115,0.1596200913190841,-2.055134057998657,0.0862206742167472,0.6302581429481506,-2.279757499694824,-5.697783470153809,2.430893421173096,0.4644798934459686,2.4473915100097656,0.8024623990058899,-15.658616065979004,-2.0071945190429688,1.152198076248169,-9.960832595825195,0.6877181529998779,-0.0308916997164487,3,2.914681911468506,17.836544036865234,146.0,99.85794067382812,181.39308166503903,262.92822265625,0.0578731037676334,0.4256917238235473,-2.134039640426636,8.860186576843262,0.3708197474479675,0.3716736137866974,0.3725275099277496,0.0017077435040846,20.7512264251709,121.36839,24.8648,1213_276
0.0478952638804912,0.5699572563171387,-2.671787738800049,0.0451671406626701,0.2933862805366516,-3.0805952548980717,0.0380566455423831,0.7819509506225586,-2.030552387237549,-5.988197326660156,3.0908408164978027,-0.816545307636261,2.382612705230713,0.5806110501289368,-18.66475486755371,-0.2491729408502578,-0.5124531984329224,-12.676557540893556,0.304092139005661,-0.6699122190475464,3,3.307905673980713,17.74378204345703,536.0,55.961307525634766,205.4072723388672,354.8532409667969,0.0456370264291763,0.5835248231887817,-2.80322003364563,16.947572708129883,0.3272016644477844,0.3681124448776245,0.4090232253074646,0.0818215832114219,21.051687240600582,120.60239,23.58876,1206_262
0.0823426768183708,0.6497929692268372,3.0345780849456787,0.0889783725142479,0.3711699247360229,2.876071691513061,0.0452973507344722,0.8479872345924377,-2.8248515129089355,-7.395174026489258,2.716552734375,0.546899676322937,-24.1812686920166,0.9803281426429749,-7.186453342437744,-1.872758746147156,1.215659499168396,0.2087204903364181,0.668759822845459,0.0075152958743274,3,2.89008903503418,14.973302841186523,1060.0,58.91925048828125,236.7748870849609,414.6305236816406,0.067176379263401,0.6396404504776001,2.938096523284912,19.45437431335449,0.300826221704483,0.3498997986316681,0.3989733755588531,0.0981471464037895,17.863391876220703,120.73504,23.52368,1207_261
0.0390791408717632,0.5738884806632996,2.8995440006256104,0.0409021414816379,0.295560747385025,2.742647409439087,0.0296103619039058,0.79116290807724,3.075408697128296,-6.444127082824707,2.6302449703216557,-0.4337334036827087,2.6592118740081787,0.3535534739494324,-13.34697151184082,-1.2382516860961914,0.0151502378284931,-6.902844429016113,0.4488836526870727,-0.7259502410888672,3,3.0388898849487305,17.631608963012695,825.0,54.56525039672852,248.0713806152344,441.5775146484375,0.0540690571069717,0.5761773586273193,2.462153434753418,14.5530424118042,0.2857244312763214,0.3326608836650848,0.3795973062515259,0.0938728749752044,20.67049789428711,120.63047,23.5388,1206_261
0.0923308655619621,0.5315349698066711,-3.0575311183929443,0.0854019001126289,0.2532169818878174,-3.1017496585845947,0.0911361128091812,0.7541330456733704,-2.924773693084717,-5.42759370803833,2.3628060817718506,-0.0365216843783855,2.468613624572754,0.5728598237037659,-14.331174850463867,-1.5964494943618774,0.8020527958869934,-8.903581619262695,0.8385744690895081,-0.7841973304748535,3,3.0388898849487305,17.631608963012695,151.0,54.56525039672852,248.0713806152344,441.5775146484375,0.1004238352179527,0.5302948355674744,-3.057677745819092,13.956806182861328,0.2857244312763214,0.3326608836650848,0.3795973062515259,0.0938728749752044,20.67049789428711,120.55247,23.54032,1205_261
0.0211283918470144,0.6118081212043762,2.106018304824829,0.0195432156324386,0.3272506594657898,2.108060598373413,0.0112531147897243,0.8270525336265564,2.044438600540161,-6.197704315185547,3.1550323963165283,0.5269008874893188,2.3662304878234863,0.8759775161743164,-20.08781623840332,-1.455864429473877,0.7544381618499756,-13.890111923217772,0.2275373041629791,-0.3731925785541534,3,3.622556447982788,16.67483901977539,1162.0,43.419960021972656,168.43553161621094,293.4511108398437,0.0294681377708911,0.5944874882698059,2.396836757659912,31.31489562988281,0.2714203000068664,0.3231411278247833,0.3748619556427002,0.1034416556358337,20.29739570617676,120.9325,24.37741,1209_270
0.0311650596559047,0.599973201751709,2.769904375076294,0.0357538163661956,0.3316583931446075,2.453014850616455,0.0551934540271759,0.8196350336074829,-2.853276252746582,-5.868922710418701,2.327980756759644,-0.1562827974557876,2.450000047683716,0.1230593398213386,-16.15999984741211,-2.1735918521881104,0.0713319405913353,-10.29107666015625,0.2276147305965423,-0.0043648346327245,3,3.390674352645874,17.48227310180664,494.0,63.73433303833008,169.23553466796875,274.7367248535156,0.0553282275795936,0.6302652359008789,2.7982542514801025,7.493760108947754,0.3484990894794464,0.3882829546928406,0.4280667901039123,0.0795676857233047,20.872947692871094,120.83313,24.16245,1208_268
0.0257582496851682,0.5820353031158447,-2.0785107612609863,0.0246668979525566,0.2695530951023102,-2.085960626602173,0.0224949065595865,0.8082302212715149,-1.5054951906204224,-6.20202112197876,3.04779052734375,-0.9906721711158752,2.369089841842652,0.775723934173584,-19.9476318359375,-0.0697729662060737,-0.6506168842315674,-13.745610237121582,0.3400552868843078,0.8636794090270996,3,3.761698484420776,17.27412986755371,317.0,49.22698974609375,146.16769409179688,243.10841369628903,0.0154544776305556,0.5847295522689819,-3.095250606536865,36.81857299804688,0.2613536715507507,0.3059214651584625,0.3504892587661743,0.0891355946660041,21.03582763671875,120.88775,24.47721,1208_271
0.0057664983905851,0.5814819931983948,-1.4975711107254028,0.0055170943960547,0.2945665121078491,3.0531609058380127,0.0144324889406561,0.7914044857025146,-1.272378921508789,-6.980138301849365,2.85710072517395,-0.6128446459770203,3.459491014480591,0.4687075316905975,-8.682753562927246,-0.5821682810783386,0.0048106745816767,-1.7026153802871704,0.6176552772521973,-0.2938513457775116,3,3.633659839630127,18.12575912475586,578.0,58.33971786499024,158.65438842773438,258.96905517578125,0.0320267379283905,0.5836312174797058,-3.019686698913574,30.54157829284668,0.3859069049358368,0.4172644019126892,0.4486218988895416,0.0627149790525436,21.759418487548828,120.84145,24.44148,1208_271
0.0352317430078983,0.6368709206581116,-2.807671546936035,0.0324788279831409,0.3553641736507416,3.130244016647339,0.0417678356170654,0.8309769630432129,-2.108603000640869,-6.148446083068848,2.592242479324341,-0.6168748736381531,2.8836047649383545,0.1589687764644622,-10.33752727508545,0.036755371838808,-0.1353429704904556,-4.189081192016602,0.4815318882465362,-0.4475801885128021,3,2.884164571762085,18.43539047241211,269.0,157.74215698242188,201.9916839599609,246.2412109375,0.0279754754155874,0.6108216643333435,3.050029993057251,15.321528434753418,0.3841102421283722,0.3632411956787109,0.3423721492290497,-0.0417381189763546,21.319555282592773,121.70318,25.018,1217_277
0.1907525956630706,0.2504791617393493,-1.5237971544265747,0.1484897136688232,0.0269838776439428,-1.469864010810852,0.1140182241797447,0.5608412027359009,-1.5130535364151,-6.132590770721436,2.9314417839050293,-0.1608478277921676,2.3923375606536865,0.4752599000930786,-18.823974609375,-0.58588707447052,0.0471122190356254,-12.691384315490724,0.2079600393772125,-0.9753224849700928,3,3.761698484420776,17.27412986755371,632.0,49.22698974609375,146.16769409179688,243.10841369628903,0.094322882592678,0.380572497844696,-1.5759460926055908,21.870079040527344,0.2613536715507507,0.3059214651584625,0.3504892587661743,0.0891355946660041,21.03582763671875,120.93578,24.47517,1209_271
0.0730265155434608,0.6067494750022888,-3.135940790176392,0.0638884082436561,0.3226401507854461,3.025010824203491,0.0603248588740825,0.8443077802658081,-2.820058822631836,-5.944433212280273,2.607662439346313,0.2304082959890365,2.515876054763794,0.1863491833209991,-14.63912582397461,-1.352331519126892,0.1244158521294593,-8.694692611694336,-0.1059924438595771,-0.666993260383606,3,2.4533445835113525,19.128700256347656,359.0,227.9749298095703,300.40936279296875,372.8437805175781,0.0570015721023082,0.6429968476295471,-3.0452888011932373,25.69376564025879,0.4096866846084595,0.3943033814430237,0.3789201080799103,-0.0307665690779685,21.58204460144043,121.08217,22.86099,1210_254
0.0376876629889011,0.5739749670028687,-2.340765953063965,0.0261495877057313,0.279706209897995,-2.30910587310791,0.0480629205703735,0.8204572796821594,-2.712359666824341,-6.019266128540039,2.503575801849365,-0.4131324887275696,2.5456461906433105,0.5353546738624573,-14.22448444366455,-1.1302196979522705,0.3106582164764404,-8.205218315124512,0.72379070520401,0.9986009001731871,3,2.914681911468506,17.836544036865234,190.0,99.85794067382812,181.39308166503903,262.92822265625,0.0414165668189525,0.5831658244132996,-2.905157804489136,19.80556297302246,0.3708197474479675,0.3716736137866974,0.3725275099277496,0.0017077435040846,20.7512264251709,121.38305,24.88128,1213_276
0.0316915102303028,0.5827301740646362,-2.817260980606079,0.0171528980135917,0.2745546102523803,-2.8084142208099365,0.0235845930874347,0.8447220325469971,-2.591782569885254,-6.240572929382324,2.849595069885254,-0.8607460260391235,2.429586887359619,0.3735359609127044,-17.65281105041504,0.3360296785831451,-0.5640329122543335,-11.412238121032717,0.29671311378479,0.9720956087112428,3,2.465463399887085,17.7332820892334,180.0,144.39791870117188,223.5814971923828,302.7650756835937,0.0115435784682631,0.5882531404495239,2.837122201919556,26.976608276367188,0.3876160979270935,0.383394718170166,0.3791733086109161,-0.0084427902474999,20.198745727539062,121.56537,24.94715,1215_277
0.061752937734127,0.5811588764190674,-2.947500705718994,0.0466610714793205,0.3160918354988098,3.129920482635498,0.0498971305787563,0.8113008737564087,2.8813066482543945,-6.750452518463135,2.877342462539673,-0.0224065799266099,2.7059504985809326,0.328566700220108,-13.08941650390625,-3.0601048469543457,0.099814623594284,-6.338964462280273,0.1222212016582489,0.1586180180311203,3,3.5463650226593018,14.9248628616333,640.0,58.24824523925781,156.75405883789062,255.25987243652344,0.064771331846714,0.5915574431419373,2.68097186088562,14.255130767822266,0.2951065003871918,0.329371303319931,0.3636361062526703,0.0685296058654785,18.471227645874023,120.95695,24.52695,1209_272
0.1302601546049118,0.483253926038742,3.130884885787964,0.1181572154164314,0.1929328143596649,3.057429313659668,0.0859761387109756,0.7082142233848572,-2.962836265563965,-5.248569965362549,2.880462169647217,0.3244358003139496,2.4695160388946533,0.1402811855077743,-13.997296333312988,1.0744189023971558,-0.1858149915933609,-8.748726844787598,-0.5102508068084717,1.0,3,3.633659839630127,18.12575912475586,188.0,58.33971786499024,158.65438842773438,258.96905517578125,0.0657268539071083,0.4011820256710052,-3.00728440284729,1.854334115982056,0.3859069049358368,0.4172644019126892,0.4486218988895416,0.0627149790525436,21.759418487548828,120.8139,24.44456,1208_271
0.0617325231432914,0.4576704204082489,2.5837650299072266,0.062779001891613,0.1965712457895279,2.585047483444214,0.0391218438744545,0.6622235774993896,2.821845769882202,-6.116609573364258,3.682241678237915,-0.1549604833126068,2.3670339584350586,0.6468468308448792,-19.679941177368164,-1.5358942747116089,0.7683966755867004,-13.563331604003906,0.9233571887016296,-0.8835621476173401,3,2.89008903503418,14.973302841186523,1668.0,58.91925048828125,236.7748870849609,414.6305236816406,0.0563424825668334,0.4900186955928802,2.4116885662078857,37.6006088256836,0.300826221704483,0.3498997986316681,0.3989733755588531,0.0981471464037895,17.863391876220703,120.72945,23.49344,1207_261
0.0813911706209182,0.5736807584762573,2.878149509429932,0.0734769478440284,0.2886863350868225,2.9251062870025635,0.0951902046799659,0.7794323563575745,-3.1351113319396973,-5.076266288757324,2.5361666679382324,-0.6068939566612244,2.3915083408355717,0.4553206861019134,-15.648231506347656,-0.5044633746147156,-0.2871343195438385,-10.571965217590332,0.3197596371173858,-0.0958959087729454,3,3.198816537857056,19.006488800048828,451.0,47.86428451538086,192.8312225341797,337.79815673828125,0.0941154658794403,0.5435708165168762,2.9905500411987305,18.6873779296875,0.3649422824382782,0.4101694226264953,0.4553965926170349,0.0904543250799179,22.205305099487305,120.53133,23.04457,1205_256
0.0954197570681572,0.5668283700942993,2.5697736740112305,0.0787361934781074,0.3035323917865753,2.485848903656006,0.1028076782822609,0.7697181105613708,-3.115382194519043,-6.5965681076049805,2.634359359741211,0.2442224472761154,2.847663402557373,0.6050678491592407,-5.797708511352539,-1.7468628883361816,0.8448382616043091,0.7988594770431519,0.6006157994270325,-0.9949191808700562,3,3.472304582595825,17.327836990356445,511.0,53.92553329467773,168.3818359375,282.8381652832031,0.1150641143321991,0.5837063193321228,2.899465560913086,44.08112716674805,0.2854683697223663,0.3272043764591217,0.3689404129981994,0.0834720283746719,20.800142288208008,120.82021,23.90914,1208_265
0.0903620570898056,0.476149708032608,-2.95072865486145,0.0788568928837776,0.1896528005599975,-2.739250659942627,0.0673173889517784,0.7430169582366943,2.811197280883789,-5.689426422119141,3.046015977859497,-0.7525279521942139,2.311128616333008,0.2061890810728073,-21.06570053100586,-2.560157299041748,0.1574783623218536,-15.37627410888672,0.91000634431839,0.7704651355743408,3,2.89008903503418,14.973302841186523,1040.0,58.91925048828125,236.7748870849609,414.6305236816406,0.0495038926601409,0.5339781045913696,2.9323439598083496,21.189617156982425,0.300826221704483,0.3498997986316681,0.3989733755588531,0.0981471464037895,17.863391876220703,120.67566,23.5397,1206_261
0.1374819278717041,0.423930823802948,-2.1635921001434326,0.1228382885456085,0.1317576617002487,-1.9101167917251587,0.090486817061901,0.7394140362739563,-2.935945987701416,-5.741468906402588,2.6309597492218018,-0.0097394837066531,2.362461805343628,0.7157171368598938,-18.69977188110352,-0.9672765731811525,0.4081435203552246,-12.95830249786377,0.4178830087184906,0.8025403022766113,3,3.622556447982788,16.67483901977539,430.0,43.419960021972656,168.43553161621094,293.4511108398437,0.0810755789279937,0.4897818565368652,-2.600677728652954,19.28286361694336,0.2714203000068664,0.3231411278247833,0.3748619556427002,0.1034416556358337,20.29739570617676,120.86079,24.35454,1208_270
0.01445700135082,0.5632030367851257,2.1441304683685303,0.0293875336647033,0.2368665337562561,1.4522746801376345,0.0254656616598367,0.8318410515785217,-2.4631147384643555,-5.683290004730225,2.6417930126190186,-0.6473910212516785,2.378086566925049,0.1502533107995987,-18.139877319335938,1.2764201164245603,-0.184316873550415,-12.456587791442873,0.4630741477012634,0.4241564273834228,3,3.139757871627808,16.75804328918457,428.0,89.64180755615234,187.15087890625,284.6599426269531,0.0250519886612892,0.6051830649375916,2.6018059253692627,28.382020950317383,0.3587158322334289,0.370412528514862,0.3821092247962951,0.0233933795243501,19.89780044555664,121.33766,24.78877,1213_275
0.0370304025709629,0.6310582756996155,-2.871506929397583,0.0457002110779285,0.3405447602272033,2.80787205696106,0.0374570153653621,0.8283867239952087,-1.7323273420333862,-6.310791492462158,2.9408106803894043,0.7033175230026245,2.5464022159576416,0.6799893379211426,-14.785615921020508,-1.80036461353302,0.788844645023346,-8.474823951721191,0.0855271741747856,-0.933716356754303,3,3.043546199798584,18.699539184570312,298.0,181.1603546142578,212.2261505126953,243.2919464111328,0.0135979410260915,0.5921895503997803,2.127678155899048,16.27393913269043,0.3919804096221924,0.3734546899795532,0.354928970336914,-0.0370514281094074,21.74308586120605,121.90156,24.99863,1219_277
0.0384481884539127,0.5776145458221436,-2.4996135234832764,0.0257993321865797,0.2896815836429596,-2.3690311908721924,0.0548452362418174,0.8054997324943542,-2.3627371788024902,-5.276448249816895,2.7793173789978027,-0.9061463475227356,2.332688808441162,0.1348449438810348,-18.543363571166992,-1.437099814414978,-0.165528655052185,-13.26691436767578,0.7406176924705505,-0.3976483941078186,3,3.139757871627808,16.75804328918457,352.0,89.64180755615234,187.15087890625,284.6599426269531,0.0372871868312358,0.6002684235572815,-2.855565071105957,8.572257995605469,0.3587158322334289,0.370412528514862,0.3821092247962951,0.0233933795243501,19.89780044555664,121.31793,24.83908,1213_275
0.0611050352454185,0.5444663763046265,-2.1183090209960938,0.0580580420792102,0.2549808025360107,-2.09147572517395,0.0338742546737194,0.8170287013053894,-2.083648204803467,-5.697011947631836,2.8240253925323486,-0.086624652147293,2.346567392349243,0.1401298195123672,-19.40956687927246,1.5064365863800049,-0.2423904091119766,-13.712553977966309,-0.1557657569646835,0.6606001257896423,3,2.1094894409179688,17.447561264038086,71.0,247.87489318847656,365.1600341796875,482.4451599121094,0.0206567794084548,0.6081860661506653,-2.627750873565674,25.484886169433597,0.4076743721961975,0.4052214324474334,0.402768462896347,-0.0049058832228183,19.55705070495605,121.74966,24.62443,1217_273
0.0368664264678955,0.5114595293998718,-2.2485687732696533,0.0443433113396167,0.1886592954397201,-1.8023334741592407,0.0316395424306392,0.7995002865791321,-2.9973156452178955,-5.185368537902832,2.5666093826293945,-1.359381914138794,2.573105573654175,0.5756357312202454,-11.91285228729248,-1.6181694269180298,0.3292719721794128,-6.727484226226807,1.6886539459228516,-0.1313905566930771,3,3.4996252059936523,15.748254776000977,708.0,45.55721664428711,184.05142211914065,322.5456237792969,0.0360288545489311,0.5704519748687744,-2.90348482131958,30.83209991455078,0.2716042697429657,0.3226505815982818,0.373696893453598,0.1020926162600517,19.247880935668945,120.94345,24.33367,1209_270
0.0464763417840004,0.5812338590621948,-2.926707029342652,0.0546771138906478,0.2797595858573913,-2.786189079284668,0.030011786147952,0.8336796760559082,2.947575330734253,-5.732530117034912,3.0264413356781006,-0.8284960985183716,2.3363585472106934,0.1671759784221649,-19.889802932739254,0.4045555889606476,-0.2309260815382003,-14.157272338867188,0.5975700616836548,0.7983517646789551,3,3.146355628967285,15.30453109741211,1376.0,58.42212677001953,199.9085235595703,341.3949279785156,0.0488991253077983,0.6121239066123962,2.959078073501587,20.139657974243164,0.2931519448757171,0.3384490609169006,0.3837461769580841,0.0905942320823669,18.45088577270508,120.71819,23.61625,1207_262
0.0740530714392662,0.5066336393356323,-2.443819284439087,0.0609923154115676,0.2342104911804199,-2.5033483505249023,0.1059432923793792,0.7262684106826782,-2.2541160583496094,-6.442274570465088,2.812896013259888,-0.1536279618740081,2.6390161514282227,0.792159914970398,-13.426607131958008,-1.7489169836044312,0.9663215279579164,-6.984333038330078,1.119949460029602,-0.4041773080825805,3,3.312476873397827,19.258201599121094,34.0,68.66063690185547,200.98252868652344,333.3044128417969,0.0835229381918907,0.5405561327934265,-2.2968571186065674,5.122972011566162,0.3861434757709503,0.4202443361282348,0.4543451964855194,0.0682017132639885,22.5706787109375,120.43287,23.37893,1204_259
0.0626153722405433,0.5211061835289001,2.9647750854492188,0.0577796660363674,0.250720739364624,2.852160692214966,0.0492822341620922,0.7850444316864014,2.8848190307617188,-7.48697566986084,2.6744816303253174,-0.774448573589325,2.8028228282928467,0.2598046362400055,-13.389543533325195,-1.952115535736084,0.2255555838346481,-5.902568340301514,1.0000041723251345,0.9212865829467772,3,3.623258113861084,17.51212501525879,290.0,56.91460037231445,152.9578094482422,249.00100708007807,0.0671959146857261,0.5455515384674072,2.9990234375,13.154428482055664,0.3122884333133697,0.3476895093917846,0.3830905854701996,0.070802129805088,21.13538360595703,120.77032,23.95994,1207_266
0.0300592705607414,0.5941639542579651,-2.553510427474976,0.0242754686623811,0.2836653590202331,-2.4254045486450195,0.0402855761349201,0.8247893452644348,-2.9156486988067627,-5.889404296875,2.77836275100708,0.0655002668499946,2.3707544803619385,0.4685978293418884,-18.899703979492188,-1.1895650625228882,0.2006886005401611,-13.010299682617188,0.1351883262395858,0.9914615750312804,3,2.8177852630615234,15.830331802368164,1231.0,57.76335906982422,240.7035217285156,423.6436767578125,0.0594418197870254,0.5857882499694824,-3.091787099838257,24.149503707885746,0.3422378003597259,0.3890015184879303,0.4357652068138122,0.0935274139046669,18.648117065429688,120.72148,23.40945,1207_260
0.0384214781224727,0.50879967212677,-2.1651060581207275,0.0391394533216953,0.2469922453165054,-2.341814517974853,0.0489495731890201,0.7876165509223938,-1.3734995126724243,-6.144705772399902,2.6014623641967773,-0.2109753936529159,2.522538661956787,0.332571417093277,-15.03184413909912,1.6139222383499146,-0.1749509572982788,-8.887138366699219,0.0360244289040565,0.6612922549247742,3,3.043546199798584,18.699539184570312,27.0,181.1603546142578,212.2261505126953,243.2919464111328,0.0207247715443372,0.5439651012420654,-1.9458074569702148,5.805346488952637,0.3919804096221924,0.3734546899795532,0.354928970336914,-0.0370514281094074,21.74308586120605,121.87709,25.02244,1218_278
0.0540371611714363,0.4975660145282745,-2.3138515949249268,0.067837968468666,0.165322721004486,-2.0276541709899902,0.0407630130648613,0.7996266484260559,2.879079818725586,-5.857575416564941,3.043210983276367,-0.4240290820598602,2.2914187908172607,0.1046133935451507,-22.999187469482425,-1.1570478677749634,0.1170047968626022,-17.141613006591797,0.5410338640213013,-0.6847573518753052,3,3.2297303676605225,15.121302604675291,1016.0,67.48041534423828,178.4970245361328,289.5136413574219,0.0494199581444263,0.5803859829902649,2.9231069087982178,40.93486785888672,0.315464437007904,0.3457054793834686,0.3759465217590332,0.0604820698499679,18.35103416442871,121.13692,24.59158,1211_273
0.032243400812149,0.5820379257202148,-2.5768957138061523,0.0344772860407829,0.2787594199180603,-2.2876574993133545,0.0349312536418437,0.8329225778579712,-2.76199722290039,-6.774295330047607,3.233672380447388,0.1481761187314987,5.6051859855651855,0.7059258222579956,-6.336614608764648,-1.0972198247909546,0.4402231872081756,0.437680572271347,0.2920470535755157,-0.0843774601817131,3,3.6230509281158447,16.944400787353516,391.0,54.79047775268555,149.85247802734375,244.9144744873047,0.0466986075043678,0.6261270046234131,-3.111078977584839,20.21971893310547,0.2955279946327209,0.3290026783943176,0.3624773323535919,0.0669493526220321,20.56745147705078,121.02823,24.60354,1210_273
0.0997505336999893,0.4831459820270538,-1.8533732891082764,0.0739030241966247,0.2121376991271972,-1.9233919382095337,0.1333851516246795,0.7662158012390137,-1.5803499221801758,-6.197377681732178,2.394570589065552,0.1171580404043197,2.507582187652588,0.4193648099899292,-15.40502643585205,-0.4459066092967987,0.1503363102674484,-9.207648277282717,0.0331782661378383,0.8860640525817871,3,3.559274196624756,18.266847610473636,19.0,104.32279205322266,144.1713409423828,184.01988220214844,0.0932506099343299,0.5357013940811157,-1.702286720275879,2.962682247161865,0.3511385023593902,0.32760950922966,0.3040805160999298,-0.0470579750835895,21.826122283935547,121.63701,25.21618,1216_280
0.0976488217711448,0.4794939458370209,-2.33441424369812,0.0764856934547424,0.2125805467367172,-2.318690299987793,0.0829295292496681,0.7279707789421082,-2.3211493492126465,-5.956771373748779,2.447662591934204,-0.9786857962608336,2.5957725048065186,0.5486598014831543,-13.19401741027832,1.5573248863220217,-0.6282809376716614,-7.237246036529541,0.3504048883914947,0.1705249398946762,3,3.0688326358795166,18.90720558166504,237.0,210.93118286132807,224.5905303955078,238.24986267089844,0.0519641153514385,0.4824146032333374,-2.3954460620880127,11.159778594970703,0.3937760591506958,0.3686783909797668,0.3435807526111603,-0.0501952953636646,21.97603988647461,121.79906,25.08572,1217_278
0.053533487021923,0.6639640927314758,2.179011106491089,0.0697905197739601,0.3961211740970611,2.055551052093506,0.0324851796030998,0.824891209602356,1.7826826572418213,-6.229487895965576,2.393301486968994,0.0059838076122105,2.921555995941162,0.4202940165996551,-10.067638397216797,-2.103940725326538,0.5277106761932373,-3.8381505012512207,0.5217268466949463,-0.7387691736221313,3,3.2297303676605225,15.121302604675291,827.0,67.48041534423828,178.4970245361328,289.5136413574219,0.0829391479492187,0.601050615310669,2.2361624240875244,38.97018051147461,0.315464437007904,0.3457054793834686,0.3759465217590332,0.0604820698499679,18.35103416442871,121.14812,24.60623,1211_273
0.0768771842122078,0.5518717169761658,-2.7537858486175537,0.0712159126996994,0.2484941482543945,-2.6707217693328857,0.0674484297633171,0.8193065524101257,-2.8816239833831787,-6.484328746795654,2.7394165992736816,-0.7882157564163208,2.5536258220672607,0.3992524743080139,-15.101214408874512,-1.3382511138916016,0.2082758098840713,-8.616886138916016,0.996491551399231,0.2734637260437011,3,3.604175329208374,18.02573776245117,408.0,52.9125862121582,165.75840759277344,278.6042175292969,0.0729535296559333,0.595208466053009,-2.922975778579712,17.333778381347656,0.2946670949459076,0.335453599691391,0.3762401044368744,0.0815730020403862,21.629913330078125,120.73155,23.77632,1207_264
0.0597484447062015,0.5528786182403564,-2.1746785640716557,0.0338670387864112,0.2700988948345184,-2.3203012943267822,0.0834159031510353,0.7834633588790894,-2.3044822216033936,-6.301444053649902,2.8008005619049072,0.4450061023235321,2.67566180229187,0.2472863793373108,-12.69349479675293,0.3476791083812713,-0.1256665289402008,-6.392050743103027,-0.5706726312637329,-0.8849714398384094,3,2.3456685543060303,19.274553298950195,330.0,383.5420227050781,384.7339172363281,385.92584228515625,0.0581465288996696,0.5625643134117126,-2.377157211303711,3.8391311168670654,0.4150131642818451,0.3945037722587585,0.373994380235672,-0.0410187765955925,21.620222091674805,121.35381,23.26956,1213_258
0.0787552818655967,0.4882303178310394,-2.640566825866699,0.0698811560869216,0.19024758040905,-2.56104063987732,0.0806331560015678,0.7567941546440125,-2.6327662467956543,-5.791266918182373,2.767119884490967,-0.4018263220787048,2.476980686187744,0.4959604442119598,-15.124626159667969,2.762946367263794,-0.1248051077127456,-9.333358764648438,0.2770212292671203,1.0,3,3.46696138381958,19.30820083618164,64.0,52.15351867675781,181.96653747558597,311.779541015625,0.0880823358893394,0.5228649973869324,-2.7348265647888184,8.28909969329834,0.2974051535129547,0.3480840027332306,0.3987628221511841,0.1013576835393905,22.775161743164062,120.36211,23.04421,1203_256
0.0853463560342788,0.5016816854476929,-2.8058226108551025,0.0788191333413124,0.199243813753128,-2.673513650894165,0.0764122828841209,0.7824407815933228,-3.0923542976379395,-6.590163707733154,2.715605497360229,-0.553025484085083,2.6857354640960693,0.1169533431529998,-13.06893253326416,-1.491706371307373,0.1978028863668441,-6.478769302368164,0.7508283257484436,-0.1125960052013397,3,3.431676387786865,16.953866958618164,429.0,51.9678840637207,185.14132690429688,318.31475830078125,0.0875493437051773,0.570563018321991,3.0519144535064697,7.576661109924316,0.2812078297138214,0.3329628705978393,0.3847179114818573,0.103510096669197,20.385543823242188,120.80086,23.78465,1208_264
